step,temperature,best_hpwl,current_hpwl,accepted_moves,boltzmann_prob,elapsed_time_sec
1.0,10.0,184.0,205.0,354.0,0.9048374180359595,1.71661376953125e-05
2.0,9.99,163.0,216.0,351.0,0.9047468482529377,0.0014920234680175781
3.0,9.98001,163.0,210.0,354.0,0.9046561968886792,0.0029380321502685547
4.0,9.97002999,163.0,218.0,357.0,0.9045654638787952,0.004352092742919922
5.0,9.96005996001,163.0,207.0,344.0,0.9044746491588648,0.005801200866699219
6.0,9.95009990004999,163.0,199.0,329.0,0.904383752664434,0.0072171688079833984
7.0,9.940149800149939,163.0,218.0,352.0,0.9042927743310167,0.008620023727416992
8.0,9.93020965034979,163.0,247.0,338.0,0.9042017140940946,0.01001119613647461
9.0,9.92027944069944,163.0,228.0,333.0,0.9041105718891163,0.011456966400146484
10.0,9.910359161258741,163.0,230.0,382.0,0.9040193476514986,0.012861251831054688
11.0,9.900448802097483,163.0,195.0,328.0,0.9039280413166257,0.01427912712097168
12.0,9.890548353295385,163.0,210.0,359.0,0.9038366528198497,0.015707015991210938
13.0,9.88065780494209,163.0,217.0,335.0,0.9037451820964901,0.017132043838500977
14.0,9.870777147137147,163.0,203.0,360.0,0.9036536290818343,0.0184781551361084
15.0,9.86090636999001,163.0,204.0,338.0,0.9035619937111373,0.019842147827148438
16.0,9.85104546362002,163.0,185.0,356.0,0.9034702759196221,0.021186113357543945
17.0,9.8411944181564,163.0,218.0,345.0,0.9033784756424792,0.022552967071533203
18.0,9.831353223738244,163.0,191.0,339.0,0.9032865928148672,0.023899078369140625
19.0,9.821521870514506,163.0,222.0,336.0,0.9031946273719123,0.025259017944335938
20.0,9.81170034864399,163.0,221.0,339.0,0.9031025792487087,0.026647090911865234
21.0,9.801888648295346,163.0,207.0,324.0,0.9030104483803185,0.028036117553710938
22.0,9.79208675964705,163.0,212.0,357.0,0.9029182347017718,0.02939319610595703
23.0,9.782294672887403,163.0,205.0,341.0,0.9028259381480663,0.030767202377319336
24.0,9.772512378214515,163.0,220.0,361.0,0.9027335586541682,0.03209495544433594
25.0,9.7627398658363,163.0,237.0,332.0,0.9026410961550111,0.033477067947387695
26.0,9.752977125970464,163.0,217.0,323.0,0.9025485505854971,0.03482532501220703
27.0,9.743224148844494,163.0,224.0,356.0,0.9024559218804963,0.03623795509338379
28.0,9.73348092469565,163.0,203.0,327.0,0.9023632099748465,0.037580013275146484
29.0,9.723747443770954,163.0,229.0,321.0,0.902270414803354,0.03890514373779297
30.0,9.714023696327184,163.0,202.0,336.0,0.9021775363007932,0.04022407531738281
31.0,9.704309672630856,163.0,212.0,329.0,0.9020845744019065,0.04163312911987305
32.0,9.694605362958225,163.0,195.0,338.0,0.9019915290414043,0.04297208786010742
33.0,9.684910757595267,163.0,229.0,346.0,0.9018984001539658,0.04434013366699219
34.0,9.675225846837671,163.0,214.0,325.0,0.9018051876742379,0.04568314552307129
35.0,9.665550620990834,163.0,231.0,345.0,0.901711891536836,0.04709815979003906
36.0,9.655885070369843,163.0,219.0,331.0,0.9016185116763438,0.04847097396850586
37.0,9.646229185299473,163.0,196.0,316.0,0.901525048027313,0.04983711242675781
38.0,9.636582956114173,163.0,223.0,339.0,0.9014315005242642,0.05119824409484863
39.0,9.62694637315806,163.0,231.0,344.0,0.9013378691016861,0.05256795883178711
40.0,9.617319426784901,163.0,205.0,334.0,0.9012441536940357,0.05390214920043945
41.0,9.607702107358117,163.0,204.0,328.0,0.9011503542357384,0.05523204803466797
42.0,9.598094405250759,163.0,202.0,344.0,0.9010564706611884,0.0565791130065918
43.0,9.588496310845509,163.0,197.0,343.0,0.9009625029047481,0.05792522430419922
44.0,9.578907814534663,163.0,209.0,304.0,0.9008684509007485,0.059281110763549805
45.0,9.569328906720129,163.0,195.0,315.0,0.9007743145834891,0.06062793731689453
46.0,9.55975957781341,163.0,235.0,351.0,0.9006800938872381,0.061964988708496094
47.0,9.550199818235596,163.0,215.0,353.0,0.9005857887462322,0.06331110000610352
48.0,9.54064961841736,163.0,218.0,344.0,0.9004913990946766,0.0648031234741211
49.0,9.531108968798943,163.0,211.0,332.0,0.9003969248667455,0.06616592407226562
50.0,9.521577859830144,163.0,202.0,299.0,0.9003023659965814,0.06752610206604004
51.0,9.512056281970313,163.0,224.0,319.0,0.900207722418296,0.0688629150390625
52.0,9.502544225688343,163.0,211.0,332.0,0.9001129940659692,0.07019519805908203
53.0,9.493041681462655,163.0,194.0,319.0,0.9000181808736503,0.07152295112609863
54.0,9.483548639781192,163.0,219.0,288.0,0.8999232827753565,0.07284712791442871
55.0,9.47406509114141,163.0,196.0,322.0,0.8998282997050749,0.07417798042297363
56.0,9.464591026050268,163.0,180.0,326.0,0.8997332315967607,0.07555103302001953
57.0,9.455126435024217,163.0,207.0,316.0,0.8996380783843384,0.0768430233001709
58.0,9.445671308589192,163.0,217.0,329.0,0.8995428400017011,0.0781559944152832
59.0,9.436225637280604,163.0,223.0,315.0,0.8994475163827113,0.0794520378112793
60.0,9.426789411643323,163.0,223.0,332.0,0.8993521074612001,0.08076310157775879
61.0,9.41736262223168,163.0,216.0,334.0,0.8992566131709677,0.08207011222839355
62.0,9.407945259609448,163.0,228.0,338.0,0.8991610334457835,0.08341026306152344
63.0,9.39853731434984,163.0,200.0,331.0,0.8990653682193858,0.08481001853942871
64.0,9.38913877703549,163.0,211.0,308.0,0.8989696174254821,0.08617711067199707
65.0,9.379749638258454,163.0,199.0,338.0,0.8988737809977492,0.08746099472045898
66.0,9.370369888620196,163.0,225.0,332.0,0.8987778588698327,0.08876204490661621
67.0,9.360999518731576,163.0,210.0,331.0,0.8986818509753478,0.0900411605834961
68.0,9.351638519212845,163.0,213.0,336.0,0.8985857572478786,0.09131121635437012
69.0,9.342286880693631,163.0,193.0,330.0,0.8984895776209788,0.09257912635803223
70.0,9.332944593812938,163.0,221.0,323.0,0.8983933120281711,0.09385418891906738
71.0,9.323611649219124,163.0,201.0,323.0,0.8982969604029476,0.09512495994567871
72.0,9.314288037569906,163.0,217.0,308.0,0.89820052267877,0.09638595581054688
73.0,9.304973749532335,163.0,233.0,293.0,0.8981039987890691,0.09766817092895508
74.0,9.295668775782802,160.0,200.0,303.0,0.8980073886672453,0.09894704818725586
75.0,9.28637310700702,160.0,203.0,293.0,0.8979106922466684,0.10018610954284668
76.0,9.277086733900012,160.0,224.0,313.0,0.8978139094606776,0.10146307945251465
77.0,9.267809647166112,160.0,238.0,314.0,0.897717040242582,0.10280489921569824
78.0,9.258541837518946,160.0,207.0,330.0,0.8976200845256598,0.10411906242370605
79.0,9.249283295681426,160.0,214.0,337.0,0.8975230422431588,0.10544419288635254
80.0,9.240034012385745,160.0,195.0,310.0,0.897425913328297,0.10670804977416992
81.0,9.23079397837336,160.0,195.0,327.0,0.8973286977142614,0.10800313949584961
82.0,9.221563184394986,160.0,213.0,304.0,0.897231395334209,0.10927891731262207
83.0,9.21234162121059,160.0,225.0,320.0,0.8971340061212666,0.11054730415344238
84.0,9.20312927958938,160.0,212.0,295.0,0.8970365300085305,0.11179518699645996
85.0,9.19392615030979,160.0,186.0,311.0,0.8969389669290669,0.1130681037902832
86.0,9.18473222415948,160.0,207.0,314.0,0.8968413168159121,0.11429905891418457
87.0,9.17554749193532,160.0,216.0,311.0,0.8967435796020717,0.11558914184570312
88.0,9.166371944443386,160.0,220.0,321.0,0.8966457552205218,0.11686491966247559
89.0,9.157205572498942,160.0,210.0,313.0,0.8965478436042079,0.11815118789672852
90.0,9.148048366926442,160.0,200.0,285.0,0.8964498446860459,0.11945605278015137
91.0,9.138900318559516,160.0,212.0,300.0,0.8963517583989214,0.1207280158996582
92.0,9.129761418240957,160.0,202.0,315.0,0.8962535846756903,0.12198805809020996
93.0,9.120631656822717,160.0,216.0,305.0,0.8961553234491781,0.12326908111572266
94.0,9.111511025165894,160.0,242.0,275.0,0.896056974652181,0.12456607818603516
95.0,9.102399514140728,160.0,198.0,332.0,0.895958538217465,0.1258401870727539
96.0,9.093297114626587,160.0,202.0,298.0,0.895860014077766,0.12711310386657715
97.0,9.08420381751196,160.0,190.0,308.0,0.8957614021657909,0.1283740997314453
98.0,9.075119613694449,160.0,205.0,338.0,0.8956627024142161,0.1296062469482422
99.0,9.066044494080755,160.0,201.0,292.0,0.8955639147556885,0.13086199760437012
100.0,9.056978449586675,160.0,196.0,320.0,0.8954650391228255,0.13213419914245605
101.0,9.047921471137087,160.0,199.0,300.0,0.8953660754482147,0.13339591026306152
102.0,9.03887354966595,160.0,196.0,294.0,0.895267023664414,0.1346721649169922
103.0,9.029834676116284,160.0,229.0,296.0,0.8951678837039518,0.13598108291625977
104.0,9.020804841440167,160.0,214.0,291.0,0.8950686554993272,0.1372671127319336
105.0,9.011784036598728,160.0,213.0,309.0,0.8949693389830096,0.1385500431060791
106.0,9.00277225256213,160.0,238.0,277.0,0.8948699340874385,0.1398451328277588
107.0,8.993769480309567,160.0,229.0,288.0,0.8947704407450249,0.1411292552947998
108.0,8.984775710829258,160.0,185.0,289.0,0.8946708588881496,0.14234709739685059
109.0,8.975790935118429,160.0,217.0,285.0,0.8945711884491643,0.14357924461364746
110.0,8.966815144183311,160.0,205.0,291.0,0.8944714293603915,0.14479827880859375
111.0,8.957848329039127,160.0,191.0,280.0,0.8943715815541243,0.14609003067016602
112.0,8.948890480710087,160.0,198.0,307.0,0.8942716449626267,0.14734315872192383
113.0,8.939941590229378,160.0,207.0,276.0,0.8941716195181333,0.14867305755615234
114.0,8.931001648639148,160.0,208.0,285.0,0.8940715051528495,0.14992928504943848
115.0,8.922070646990509,160.0,215.0,281.0,0.8939713017989519,0.15117907524108887
116.0,8.913148576343518,160.0,209.0,279.0,0.8938710093885877,0.15239715576171875
117.0,8.904235427767174,160.0,207.0,290.0,0.8937706278538751,0.1535961627960205
118.0,8.895331192339407,160.0,172.0,283.0,0.8936701571269032,0.15485620498657227
119.0,8.886435861147067,160.0,220.0,276.0,0.8935695971397325,0.15611791610717773
120.0,8.87754942528592,160.0,207.0,296.0,0.8934689478243942,0.15736007690429688
121.0,8.868671875860635,160.0,207.0,287.0,0.8933682091128906,0.15863323211669922
122.0,8.859803203984773,160.0,209.0,310.0,0.8932673809371954,0.1598529815673828
123.0,8.850943400780789,160.0,193.0,281.0,0.8931664632292532,0.16117024421691895
124.0,8.842092457380009,160.0,223.0,288.0,0.89306545592098,0.16239213943481445
125.0,8.833250364922629,160.0,209.0,270.0,0.8929643589442628,0.16359210014343262
126.0,8.824417114557706,160.0,204.0,289.0,0.8928631722309603,0.1648249626159668
127.0,8.815592697443149,160.0,224.0,300.0,0.8927618957129024,0.16605305671691895
128.0,8.806777104745706,160.0,211.0,298.0,0.8926605293218901,0.16731691360473633
129.0,8.79797032764096,160.0,207.0,269.0,0.892559072989696,0.16856122016906738
130.0,8.78917235731332,160.0,241.0,281.0,0.8924575266480642,0.16983914375305176
131.0,8.780383184956007,160.0,217.0,296.0,0.8923558902287104,0.17105412483215332
132.0,8.771602801771051,160.0,219.0,294.0,0.8922541636633216,0.17224407196044922
133.0,8.76283119896928,160.0,225.0,300.0,0.8921523468835563,0.17348814010620117
134.0,8.75406836777031,160.0,206.0,299.0,0.892050439821045,0.17469525337219238
135.0,8.74531429940254,160.0,201.0,280.0,0.8919484424073897,0.17589306831359863
136.0,8.736568985103139,160.0,204.0,288.0,0.8918463545741638,0.17710208892822266
137.0,8.727832416118035,160.0,199.0,306.0,0.891744176252913,0.17835521697998047
138.0,8.719104583701917,160.0,231.0,298.0,0.8916419073751543,0.1795821189880371
139.0,8.710385479118214,160.0,204.0,294.0,0.8915395478723765,0.18082714080810547
140.0,8.701675093639096,160.0,210.0,292.0,0.8914370976760408,0.1820662021636963
141.0,8.692973418545456,160.0,217.0,280.0,0.8913345567175798,0.18332791328430176
142.0,8.68428044512691,160.0,199.0,278.0,0.8912319249283982,0.1845560073852539
143.0,8.675596164681783,160.0,223.0,277.0,0.8911292022398727,0.185791015625
144.0,8.666920568517101,160.0,220.0,277.0,0.891026388583352,0.18698525428771973
145.0,8.658253647948584,160.0,205.0,290.0,0.8909234838901571,0.18819618225097656
146.0,8.649595394300635,160.0,199.0,300.0,0.8908204880915807,0.18938589096069336
147.0,8.640945798906333,160.0,208.0,295.0,0.890717401118888,0.19057703018188477
148.0,8.632304853107428,160.0,191.0,291.0,0.8906142229033163,0.19177913665771484
149.0,8.623672548254321,160.0,202.0,275.0,0.890510953376075,0.19298100471496582
150.0,8.615048875706067,160.0,214.0,299.0,0.890407592468346,0.19421100616455078
151.0,8.606433826830362,160.0,218.0,262.0,0.8903041401112836,0.19540715217590332
152.0,8.59782739300353,160.0,203.0,275.0,0.890200596236014,0.19663619995117188
153.0,8.589229565610527,160.0,197.0,283.0,0.8900969607736364,0.19784998893737793
154.0,8.580640336044917,160.0,187.0,299.0,0.8899932336552221,0.1990361213684082
155.0,8.572059695708871,160.0,188.0,250.0,0.8898894148118152,0.2002561092376709
156.0,8.563487636013162,160.0,202.0,291.0,0.8897855041744318,0.20146512985229492
157.0,8.554924148377149,160.0,197.0,281.0,0.8896815016740613,0.2027130126953125
158.0,8.546369224228771,160.0,200.0,261.0,0.8895774072416653,0.20393800735473633
159.0,8.537822855004542,160.0,227.0,266.0,0.8894732208081781,0.20514512062072754
160.0,8.529285032149538,160.0,216.0,292.0,0.889368942304507,0.2065269947052002
161.0,8.520755747117388,160.0,206.0,280.0,0.8892645716615317,0.20775604248046875
162.0,8.51223499137027,160.0,225.0,258.0,0.8891601088101049,0.20898723602294922
163.0,8.5037227563789,160.0,232.0,269.0,0.8890555536810523,0.21015405654907227
164.0,8.495219033622522,160.0,223.0,276.0,0.8889509062051723,0.21127700805664062
165.0,8.486723814588899,160.0,223.0,276.0,0.8888461663132362,0.2124340534210205
166.0,8.47823709077431,160.0,232.0,307.0,0.8887413339359888,0.21362090110778809
167.0,8.469758853683537,160.0,213.0,269.0,0.8886364090041471,0.21478819847106934
168.0,8.461289094829853,160.0,214.0,277.0,0.888531391448402,0.2159731388092041
169.0,8.452827805735023,160.0,206.0,295.0,0.888426281199417,0.21718597412109375
170.0,8.444374977929288,160.0,206.0,259.0,0.8883210781878291,0.2183370590209961
171.0,8.435930602951359,160.0,227.0,251.0,0.8882157823442485,0.2194809913635254
172.0,8.427494672348407,160.0,216.0,267.0,0.8881103935992584,0.2206439971923828
173.0,8.419067177676059,160.0,211.0,275.0,0.8880049118834156,0.2218000888824463
174.0,8.410648110498382,160.0,213.0,279.0,0.8878993371272501,0.2229630947113037
175.0,8.402237462387884,160.0,230.0,290.0,0.8877936692612655,0.22411894798278809
176.0,8.393835224925496,160.0,221.0,279.0,0.8876879082159387,0.22522211074829102
177.0,8.38544138970057,160.0,169.0,255.0,0.8875820539217203,0.22638201713562012
178.0,8.37705594831087,160.0,207.0,272.0,0.8874761063090342,0.2275393009185791
179.0,8.36867889236256,160.0,210.0,258.0,0.8873700653082781,0.22870230674743652
180.0,8.360310213470198,160.0,181.0,274.0,0.8872639308498232,0.22983813285827637
181.0,8.351949903256727,160.0,206.0,264.0,0.8871577028640146,0.23097896575927734
182.0,8.34359795335347,160.0,228.0,270.0,0.8870513812811711,0.23212623596191406
183.0,8.335254355400117,157.0,218.0,254.0,0.8869449660315851,0.23335814476013184
184.0,8.326919101044718,157.0,196.0,271.0,0.8868384570455231,0.23451995849609375
185.0,8.318592181943673,157.0,197.0,269.0,0.8867318542532254,0.23566508293151855
186.0,8.31027358976173,157.0,203.0,262.0,0.8866251575849061,0.23680710792541504
187.0,8.301963316171967,157.0,232.0,272.0,0.8865183669707536,0.23790621757507324
188.0,8.293661352855796,157.0,204.0,280.0,0.88641148234093,0.2390272617340088
189.0,8.285367691502941,157.0,206.0,264.0,0.8863045036255719,0.24014997482299805
190.0,8.277082323811438,157.0,215.0,272.0,0.8861974307547895,0.24126410484313965
191.0,8.268805241487627,157.0,199.0,238.0,0.8860902636586678,0.24239420890808105
192.0,8.26053643624614,157.0,210.0,266.0,0.8859830022672656,0.2435901165008545
193.0,8.252275899809893,157.0,215.0,273.0,0.885875646510616,0.2447652816772461
194.0,8.244023623910083,157.0,199.0,277.0,0.8857681963187267,0.24602794647216797
195.0,8.235779600286174,157.0,202.0,269.0,0.8856606516215798,0.24722027778625488
196.0,8.227543820685888,157.0,225.0,267.0,0.8855530123491315,0.2483830451965332
197.0,8.219316276865202,157.0,197.0,260.0,0.8854452784313127,0.24952125549316406
198.0,8.211096960588337,157.0,209.0,285.0,0.8853374497980291,0.2506680488586426
199.0,8.202885863627749,157.0,237.0,248.0,0.8852295263791604,0.2518131732940674
200.0,8.19468297776412,157.0,210.0,256.0,0.8851215081045615,0.25300121307373047
201.0,8.186488294786356,157.0,222.0,250.0,0.8850133949040616,0.25410914421081543
202.0,8.17830180649157,157.0,218.0,278.0,0.884905186707465,0.25522398948669434
203.0,8.170123504685078,157.0,198.0,242.0,0.8847968834445505,0.25637292861938477
204.0,8.161953381180393,157.0,218.0,240.0,0.884688485045072,0.25753021240234375
205.0,8.153791427799213,157.0,214.0,265.0,0.8845799914387582,0.2587251663208008
206.0,8.145637636371413,157.0,186.0,245.0,0.8844714025553125,0.2598600387573242
207.0,8.137491998735042,157.0,231.0,256.0,0.8843627183244138,0.26097607612609863
208.0,8.129354506736307,157.0,200.0,251.0,0.8842539386757158,0.2620871067047119
209.0,8.12122515222957,157.0,219.0,282.0,0.8841450635388471,0.2632272243499756
210.0,8.11310392707734,157.0,204.0,249.0,0.8840360928434119,0.264362096786499
211.0,8.104990823150263,157.0,205.0,264.0,0.8839270265189894,0.26549291610717773
212.0,8.096885832327112,157.0,219.0,266.0,0.8838178644951338,0.2666192054748535
213.0,8.088788946494786,157.0,204.0,248.0,0.8837086067013753,0.26775598526000977
214.0,8.080700157548291,157.0,195.0,273.0,0.8835992530672188,0.2689180374145508
215.0,8.072619457390743,157.0,233.0,258.0,0.8834898035221451,0.27006006240844727
216.0,8.064546837933353,157.0,206.0,257.0,0.8833802579956102,0.27114105224609375
217.0,8.056482291095419,157.0,221.0,270.0,0.8832706164170457,0.2722339630126953
218.0,8.048425808804323,157.0,178.0,259.0,0.8831608787158589,0.2733330726623535
219.0,8.04037738299552,157.0,216.0,255.0,0.8830510448214328,0.2744262218475342
220.0,8.032337005612524,157.0,190.0,262.0,0.8829411146631259,0.2755298614501953
221.0,8.024304668606911,157.0,232.0,268.0,0.8828310881702724,0.27666497230529785
222.0,8.016280363938304,157.0,191.0,249.0,0.8827209652721828,0.2778151035308838
223.0,8.008264083574366,157.0,213.0,248.0,0.8826107458981428,0.2788991928100586
224.0,8.000255819490791,157.0,210.0,250.0,0.8825004299774145,0.28002405166625977
225.0,7.9922555636713,157.0,200.0,283.0,0.882390017439236,0.28113412857055664
226.0,7.984263308107629,157.0,184.0,257.0,0.882279508212821,0.28228020668029785
227.0,7.976279044799521,157.0,243.0,245.0,0.8821689022273597,0.283444881439209
228.0,7.968302765754721,157.0,233.0,236.0,0.8820581994120181,0.284512996673584
229.0,7.960334462988967,157.0,196.0,255.0,0.881947399695939,0.2855861186981201
230.0,7.952374128525978,157.0,210.0,260.0,0.8818365030082409,0.28666019439697266
231.0,7.944421754397452,157.0,198.0,258.0,0.8817255092780187,0.28778791427612305
232.0,7.936477332643054,157.0,177.0,226.0,0.8816144184343438,0.28887510299682617
233.0,7.928540855310412,157.0,181.0,233.0,0.8815032304062641,0.2900071144104004
234.0,7.920612314455101,157.0,209.0,254.0,0.8813919451228037,0.291126012802124
235.0,7.912691702140646,157.0,205.0,249.0,0.8812805625129636,0.2922201156616211
236.0,7.904779010438505,157.0,215.0,239.0,0.8811690825057211,0.2933349609375
237.0,7.896874231428066,157.0,205.0,263.0,0.8810575050300303,0.2944471836090088
238.0,7.888977357196638,157.0,207.0,246.0,0.880945830014822,0.2955620288848877
239.0,7.881088379839442,157.0,203.0,259.0,0.8808340573890038,0.29665207862854004
240.0,7.873207291459602,157.0,219.0,240.0,0.8807221870814601,0.2978072166442871
241.0,7.8653340841681425,157.0,224.0,265.0,0.8806102190210521,0.29892516136169434
242.0,7.857468750083974,157.0,199.0,240.0,0.8804981531366182,0.30001091957092285
243.0,7.849611281333891,157.0,211.0,257.0,0.8803859893569734,0.3011131286621094
244.0,7.8417616700525565,157.0,213.0,239.0,0.8802737276109104,0.302232027053833
245.0,7.833919908382504,157.0,228.0,247.0,0.8801613678271982,0.30333805084228516
246.0,7.826085988474122,157.0,198.0,231.0,0.8800489099345837,0.3044400215148926
247.0,7.818259902485648,157.0,194.0,241.0,0.8799363538617908,0.30553603172302246
248.0,7.810441642583163,157.0,229.0,227.0,0.8798236995375206,0.3066380023956299
249.0,7.80263120094058,157.0,231.0,235.0,0.8797109468904515,0.3077108860015869
250.0,7.794828569739639,157.0,203.0,240.0,0.8795980958492395,0.3087890148162842
251.0,7.7870337411699,157.0,201.0,249.0,0.8794851463425183,0.30988311767578125
252.0,7.7792467074287295,157.0,222.0,239.0,0.8793720982988986,0.3110179901123047
253.0,7.771467460721301,157.0,236.0,252.0,0.8792589516469691,0.31215620040893555
254.0,7.763695993260579,157.0,204.0,234.0,0.879145706315296,0.3132290840148926
255.0,7.755932297267318,157.0,210.0,249.0,0.8790323622324234,0.3142991065979004
256.0,7.748176364970051,157.0,206.0,256.0,0.8789189193268729,0.31542015075683594
257.0,7.7404281886050805,157.0,221.0,264.0,0.8788053775271443,0.31653809547424316
258.0,7.732687760416476,157.0,185.0,234.0,0.878691736761715,0.31760501861572266
259.0,7.724955072656059,157.0,225.0,221.0,0.8785779969590405,0.31865596771240234
260.0,7.717230117583403,157.0,221.0,242.0,0.8784641580475543,0.3197469711303711
261.0,7.70951288746582,157.0,216.0,255.0,0.8783502199556681,0.3208272457122803
262.0,7.701803374578354,157.0,229.0,239.0,0.8782361826117716,0.3218960762023926
263.0,7.694101571203776,157.0,199.0,215.0,0.8781220459442328,0.3229532241821289
264.0,7.686407469632572,157.0,220.0,261.0,0.8780078098813981,0.3240339756011963
265.0,7.678721062162939,157.0,225.0,222.0,0.877893474351592,0.3251349925994873
266.0,7.671042341100776,157.0,206.0,255.0,0.8777790392831175,0.32619524002075195
267.0,7.663371298759675,157.0,190.0,249.0,0.8776645046042563,0.32729005813598633
268.0,7.655707927460916,157.0,212.0,223.0,0.8775498702432681,0.32834911346435547
269.0,7.648052219533454,157.0,203.0,246.0,0.8774351361283919,0.3293890953063965
270.0,7.640404167313921,157.0,226.0,234.0,0.8773203021878447,0.3304581642150879
271.0,7.632763763146607,157.0,208.0,249.0,0.8772053683498227,0.3315601348876953
272.0,7.62513099938346,157.0,199.0,235.0,0.8770903345425005,0.33261895179748535
273.0,7.617505868384076,157.0,194.0,251.0,0.876975200694032,0.3336920738220215
274.0,7.609888362515692,157.0,221.0,239.0,0.8768599667325496,0.33475518226623535
275.0,7.602278474153176,157.0,196.0,228.0,0.876744632586165,0.3360781669616699
276.0,7.594676195679023,157.0,212.0,214.0,0.8766291981829686,0.3371901512145996
277.0,7.587081519483344,157.0,206.0,242.0,0.8765136634510302,0.33825206756591797
278.0,7.57949443796386,157.0,212.0,229.0,0.8763980283183987,0.3393268585205078
279.0,7.571914943525896,157.0,204.0,231.0,0.8762822927131023,0.3403811454772949
280.0,7.56434302858237,157.0,213.0,251.0,0.8761664565631484,0.3414340019226074
281.0,7.5567786855537875,157.0,217.0,234.0,0.8760505197965237,0.3424859046936035
282.0,7.549221906868234,157.0,218.0,222.0,0.8759344823411945,0.343533992767334
283.0,7.541672684961366,157.0,229.0,226.0,0.8758183441251067,0.344897985458374
284.0,7.534131012276404,157.0,193.0,231.0,0.8757021050761855,0.3460421562194824
285.0,7.526596881264128,157.0,205.0,217.0,0.8755857651223358,0.3471081256866455
286.0,7.519070284382864,157.0,204.0,241.0,0.8754693241914424,0.34816813468933105
287.0,7.511551214098481,157.0,229.0,244.0,0.8753527822113697,0.34923529624938965
288.0,7.504039662884383,157.0,189.0,204.0,0.875236139109962,0.3503570556640625
289.0,7.496535623221498,157.0,226.0,226.0,0.8751193948150435,0.3514668941497803
290.0,7.489039087598276,157.0,220.0,244.0,0.8750025492544182,0.352628231048584
291.0,7.481550048510678,157.0,187.0,226.0,0.8748856023558705,0.353715181350708
292.0,7.474068498462167,157.0,207.0,221.0,0.8747685540471647,0.354769229888916
293.0,7.466594429963704,157.0,219.0,230.0,0.8746514042560453,0.35581111907958984
294.0,7.4591278355337405,157.0,204.0,216.0,0.8745341529102368,0.35689592361450195
295.0,7.451668707698206,157.0,200.0,235.0,0.8744167999374446,0.35794496536254883
296.0,7.444217038990508,157.0,220.0,247.0,0.8742993452653539,0.3590362071990967
297.0,7.436772821951517,157.0,192.0,234.0,0.8741817888216307,0.36006808280944824
298.0,7.4293360491295655,157.0,211.0,245.0,0.8740641305339213,0.36111903190612793
299.0,7.4219067130804355,157.0,210.0,234.0,0.8739463703298528,0.36214494705200195
300.0,7.414484806367355,157.0,208.0,221.0,0.8738285081370328,0.3631401062011719
301.0,7.407070321560988,157.0,203.0,242.0,0.8737105438830498,0.3641500473022461
302.0,7.399663251239427,157.0,185.0,243.0,0.8735924774954729,0.3651461601257324
303.0,7.392263587988188,157.0,186.0,211.0,0.8734743089018521,0.3661470413208008
304.0,7.3848713244001996,157.0,220.0,236.0,0.8733560380297185,0.36716794967651367
305.0,7.377486453075799,157.0,201.0,234.0,0.8732376648065842,0.3682072162628174
306.0,7.370108966622723,157.0,209.0,239.0,0.873119189159942,0.36925506591796875
307.0,7.3627388576561,157.0,199.0,216.0,0.8730006110172663,0.37030696868896484
308.0,7.355376118798444,157.0,213.0,197.0,0.8728819303060127,0.37134504318237305
309.0,7.348020742679645,157.0,230.0,205.0,0.8727631469536178,0.3723461627960205
310.0,7.340672721936965,157.0,211.0,229.0,0.8726442608874998,0.373380184173584
311.0,7.333332049215028,157.0,200.0,204.0,0.8725252720350581,0.3743901252746582
312.0,7.325998717165813,157.0,181.0,241.0,0.8724061803236741,0.3754251003265381
313.0,7.3186727184486475,157.0,203.0,214.0,0.8722869856807103,0.37644100189208984
314.0,7.311354045730199,157.0,225.0,228.0,0.8721676880335109,0.37745213508605957
315.0,7.304042691684469,157.0,199.0,238.0,0.872048287309402,0.3784761428833008
316.0,7.296738648992784,157.0,190.0,229.0,0.8719287834356915,0.3795130252838135
317.0,7.2894419103437915,157.0,209.0,192.0,0.871809176339669,0.38053393363952637
318.0,7.2821524684334475,157.0,209.0,222.0,0.8716894659486064,0.3815500736236572
319.0,7.274870315965014,157.0,201.0,214.0,0.8715696521897571,0.3826301097869873
320.0,7.267595445649049,157.0,197.0,191.0,0.871449734990357,0.3836212158203125
321.0,7.2603278502034,157.0,228.0,237.0,0.8713297142776241,0.38463401794433594
322.0,7.253067522353197,157.0,232.0,192.0,0.8712095899787584,0.3856501579284668
323.0,7.245814454830843,157.0,208.0,221.0,0.8710893620209426,0.38666701316833496
324.0,7.2385686403760126,157.0,191.0,221.0,0.8709690303313413,0.3877110481262207
325.0,7.231330071735637,157.0,222.0,218.0,0.8708485948371021,0.388721227645874
326.0,7.2240987416639015,157.0,216.0,222.0,0.8707280554653548,0.38973522186279297
327.0,7.216874642922238,157.0,208.0,218.0,0.8706074121432119,0.39075803756713867
328.0,7.209657768279316,157.0,209.0,218.0,0.8704866647977685,0.39180898666381836
329.0,7.202448110511036,157.0,197.0,191.0,0.8703658133561026,0.3928360939025879
330.0,7.195245662400525,157.0,214.0,204.0,0.8702448577452752,0.39388608932495117
331.0,7.1880504167381245,157.0,220.0,194.0,0.8701237978923296,0.39490723609924316
332.0,7.180862366321386,157.0,204.0,209.0,0.8700026337242928,0.3959050178527832
333.0,7.1736815039550645,157.0,196.0,207.0,0.8698813651681745,0.3969101905822754
334.0,7.166507822451109,157.0,236.0,210.0,0.8697599921509674,0.39792299270629883
335.0,7.159341314628658,157.0,192.0,205.0,0.869638514599648,0.3989219665527344
336.0,7.152181973314029,157.0,223.0,223.0,0.8695169324411754,0.39991331100463867
337.0,7.145029791340715,157.0,230.0,222.0,0.8693952456024927,0.4009230136871338
338.0,7.137884761549374,157.0,219.0,199.0,0.8692734540105259,0.4019162654876709
339.0,7.130746876787825,157.0,181.0,216.0,0.8691515575921849,0.40297794342041016
340.0,7.123616129911037,157.0,195.0,215.0,0.8690295562743631,0.40400099754333496
341.0,7.116492513781126,157.0,197.0,215.0,0.8689074499839374,0.40502023696899414
342.0,7.109376021267345,157.0,187.0,218.0,0.868785238647769,0.4060220718383789
343.0,7.102266645246078,157.0,213.0,213.0,0.8686629221927022,0.40704989433288574
344.0,7.095164378600832,157.0,192.0,188.0,0.8685405005455659,0.40805602073669434
345.0,7.088069214222231,157.0,226.0,230.0,0.8684179736331726,0.40904808044433594
346.0,7.080981145008009,157.0,233.0,203.0,0.868295341382319,0.41003894805908203
347.0,7.073900163863001,157.0,227.0,223.0,0.8681726037197859,0.41106510162353516
348.0,7.066826263699138,157.0,188.0,207.0,0.8680497605723383,0.41207218170166016
349.0,7.059759437435439,157.0,201.0,208.0,0.8679268118667258,0.4130730628967285
350.0,7.052699677998003,157.0,228.0,211.0,0.8678037575296822,0.4140620231628418
351.0,7.045646978320005,157.0,192.0,233.0,0.8676805974879256,0.41509127616882324
352.0,7.038601331341685,157.0,201.0,192.0,0.8675573316681588,0.4160912036895752
353.0,7.031562730010343,157.0,201.0,191.0,0.8674339599970696,0.41713619232177734
354.0,7.024531167280332,157.0,229.0,211.0,0.8673104824013299,0.4181210994720459
355.0,7.017506636113052,157.0,183.0,173.0,0.8671868988075968,0.4191300868988037
356.0,7.010489129476939,157.0,173.0,195.0,0.8670632091425121,0.42011213302612305
357.0,7.0034786403474625,157.0,197.0,199.0,0.8669394133327027,0.4211142063140869
358.0,6.996475161707115,157.0,202.0,211.0,0.8668155113047805,0.4220900535583496
359.0,6.989478686545407,157.0,213.0,227.0,0.8666915029853425,0.4230802059173584
360.0,6.982489207858862,157.0,212.0,213.0,0.8665673883009708,0.4240880012512207
361.0,6.975506718651003,157.0,216.0,208.0,0.866443167178233,0.4251561164855957
362.0,6.968531211932352,157.0,211.0,209.0,0.866318839543682,0.4261481761932373
363.0,6.961562680720419,157.0,225.0,209.0,0.8661944053238562,0.4271731376647949
364.0,6.954601118039699,157.0,204.0,214.0,0.8660698644452793,0.42815709114074707
365.0,6.947646516921659,157.0,182.0,195.0,0.865945216834461,0.42913198471069336
366.0,6.940698870404737,157.0,202.0,199.0,0.8658204624178963,0.43010926246643066
367.0,6.933758171534333,157.0,238.0,208.0,0.8656956011220663,0.43108510971069336
368.0,6.926824413362798,157.0,201.0,198.0,0.8655706328734379,0.4320521354675293
369.0,6.919897588949436,157.0,222.0,212.0,0.865445557598464,0.4331181049346924
370.0,6.912977691360486,157.0,201.0,218.0,0.8653203752235832,0.43416309356689453
371.0,6.906064713669125,157.0,230.0,214.0,0.8651950856752207,0.4352290630340576
372.0,6.899158648955456,157.0,208.0,202.0,0.8650696888797877,0.4362621307373047
373.0,6.892259490306501,157.0,196.0,193.0,0.8649441847636817,0.43722009658813477
374.0,6.885367230816195,157.0,198.0,200.0,0.8648185732532866,0.4381749629974365
375.0,6.878481863585379,157.0,197.0,211.0,0.8646928542749727,0.4391331672668457
376.0,6.871603381721794,157.0,206.0,216.0,0.8645670277550969,0.440136194229126
377.0,6.864731778340072,157.0,208.0,197.0,0.8644410936200027,0.44111108779907227
378.0,6.857867046561732,157.0,198.0,212.0,0.8643150517960204,0.4420962333679199
379.0,6.85100917951517,157.0,187.0,198.0,0.8641889022094671,0.4430210590362549
380.0,6.844158170335655,157.0,197.0,197.0,0.8640626447866468,0.44399309158325195
381.0,6.8373140121653195,157.0,198.0,200.0,0.8639362794538505,0.4449598789215088
382.0,6.830476698153154,157.0,192.0,186.0,0.8638098061373563,0.44593095779418945
383.0,6.823646221455001,157.0,214.0,196.0,0.8636832247634291,0.44689202308654785
384.0,6.816822575233546,157.0,190.0,206.0,0.8635565352583215,0.44785618782043457
385.0,6.810005752658313,157.0,174.0,187.0,0.8634297375482735,0.4488072395324707
386.0,6.803195746905654,157.0,224.0,194.0,0.8633028315595119,0.4497692584991455
387.0,6.796392551158749,157.0,201.0,173.0,0.8631758172182517,0.45069313049316406
388.0,6.78959615860759,157.0,224.0,195.0,0.863048694450695,0.45163893699645996
389.0,6.782806562448982,157.0,213.0,192.0,0.862921463183032,0.45260119438171387
390.0,6.776023755886533,157.0,190.0,201.0,0.8627941233414402,0.45354604721069336
391.0,6.769247732130647,157.0,228.0,189.0,0.8626666748520856,0.45447802543640137
392.0,6.762478484398516,157.0,203.0,197.0,0.8625391176411215,0.4554259777069092
393.0,6.755716005914117,157.0,206.0,212.0,0.8624114516346896,0.45635008811950684
394.0,6.748960289908203,157.0,199.0,182.0,0.8622836767589196,0.4572930335998535
395.0,6.742211329618295,157.0,206.0,205.0,0.8621557929399297,0.45827722549438477
396.0,6.735469118288676,157.0,208.0,171.0,0.862027800103826,0.45918893814086914
397.0,6.728733649170387,157.0,213.0,171.0,0.8618996981767034,0.4601280689239502
398.0,6.722004915521216,157.0,185.0,168.0,0.8617714870846449,0.4610741138458252
399.0,6.715282910605695,157.0,212.0,205.0,0.8616431667537224,0.46198391914367676
400.0,6.708567627695089,157.0,208.0,206.0,0.8615147371099965,0.4629230499267578
401.0,6.701859060067394,157.0,235.0,210.0,0.8613861980795162,0.4638841152191162
402.0,6.695157201007327,157.0,166.0,197.0,0.8612575495883198,0.46482205390930176
403.0,6.68846204380632,157.0,206.0,177.0,0.8611287915624342,0.4657480716705322
404.0,6.6817735817625135,157.0,214.0,203.0,0.8609999239278756,0.46668410301208496
405.0,6.675091808180751,157.0,232.0,170.0,0.8608709466106492,0.46761012077331543
406.0,6.66841671637257,157.0,218.0,195.0,0.8607418595367494,0.4685690402984619
407.0,6.661748299656197,157.0,231.0,196.0,0.8606126626321602,0.46953487396240234
408.0,6.655086551356541,157.0,192.0,183.0,0.8604833558228546,0.47046899795532227
409.0,6.648431464805184,157.0,220.0,195.0,0.8603539390347954,0.4714071750640869
410.0,6.641783033340379,157.0,175.0,162.0,0.860224412193935,0.47231507301330566
411.0,6.635141250307038,157.0,202.0,205.0,0.8600947752262152,0.4732191562652588
412.0,6.628506109056731,157.0,199.0,181.0,0.859965028057568,0.47412610054016113
413.0,6.6218776029476745,157.0,215.0,179.0,0.8598351706139151,0.4750549793243408
414.0,6.615255725344727,157.0,236.0,192.0,0.859705202821168,0.4759690761566162
415.0,6.608640469619382,157.0,220.0,188.0,0.8595751246052287,0.4768941402435303
416.0,6.602031829149762,157.0,194.0,204.0,0.8594449358919888,0.4778621196746826
417.0,6.595429797320612,157.0,201.0,167.0,0.8593146366073308,0.47878408432006836
418.0,6.588834367523292,157.0,186.0,179.0,0.859184226677127,0.47969913482666016
419.0,6.582245533155769,157.0,223.0,192.0,0.8590537060272405,0.48060107231140137
420.0,6.575663287622613,157.0,211.0,191.0,0.8589230745835249,0.4815061092376709
421.0,6.5690876243349905,157.0,216.0,195.0,0.8587923322718244,0.4824092388153076
422.0,6.562518536710655,157.0,211.0,186.0,0.8586614790179738,0.4833080768585205
423.0,6.555956018173944,157.0,217.0,183.0,0.858530514747799,0.4842381477355957
424.0,6.549400062155771,157.0,195.0,190.0,0.8583994393871167,0.4852321147918701
425.0,6.542850662093615,157.0,209.0,182.0,0.8582682528617347,0.486163854598999
426.0,6.536307811431522,157.0,211.0,197.0,0.8581369550974518,0.48709607124328613
427.0,6.529771503620091,157.0,197.0,169.0,0.8580055460200582,0.4880099296569824
428.0,6.523241732116471,157.0,212.0,188.0,0.8578740255553353,0.48891520500183105
429.0,6.5167184903843545,157.0,221.0,190.0,0.8577423936290561,0.4898228645324707
430.0,6.51020177189397,157.0,203.0,179.0,0.8576106501669849,0.4907670021057129
431.0,6.5036915701220765,157.0,221.0,190.0,0.8574787950948777,0.4917001724243164
432.0,6.497187878551954,157.0,181.0,164.0,0.8573468283384823,0.49259519577026367
433.0,6.490690690673402,157.0,207.0,182.0,0.8572147498235382,0.4935140609741211
434.0,6.484199999982729,157.0,217.0,175.0,0.857082559475777,0.4944303035736084
435.0,6.477715799982746,157.0,209.0,165.0,0.8569502572209222,0.49535107612609863
436.0,6.471238084182763,157.0,215.0,181.0,0.8568178429846894,0.4962501525878906
437.0,6.46476684609858,157.0,210.0,185.0,0.8566853166927865,0.4971439838409424
438.0,6.458302079252481,157.0,214.0,182.0,0.8565526782709136,0.49803709983825684
439.0,6.451843777173228,157.0,188.0,199.0,0.8564199276447634,0.49894118309020996
440.0,6.4453919333960545,157.0,206.0,154.0,0.8562870647400209,0.4999542236328125
441.0,6.438946541462658,157.0,213.0,200.0,0.8561540894823639,0.5008881092071533
442.0,6.432507594921196,157.0,214.0,176.0,0.8560210017974631,0.5018112659454346
443.0,6.426075087326275,157.0,185.0,191.0,0.8558878016109814,0.5027060508728027
444.0,6.419649012238949,157.0,213.0,148.0,0.8557544888485753,0.5036048889160156
445.0,6.41322936322671,157.0,190.0,182.0,0.855621063435894,0.5045020580291748
446.0,6.406816133863484,157.0,205.0,179.0,0.8554875252985799,0.5053870677947998
447.0,6.40040931772962,157.0,193.0,200.0,0.8553538743622685,0.5062682628631592
448.0,6.394008908411891,157.0,197.0,173.0,0.855220110552589,0.5071971416473389
449.0,6.387614899503479,157.0,194.0,161.0,0.8550862337951637,0.5081472396850586
450.0,6.381227284603975,157.0,207.0,168.0,0.8549522440156084,0.5090560913085938
451.0,6.374846057319371,157.0,209.0,179.0,0.854818141139533,0.5099492073059082
452.0,6.368471211262052,157.0,224.0,183.0,0.8546839250925408,0.5108621120452881
453.0,6.36210274005079,157.0,193.0,168.0,0.8545495958002288,0.5117712020874023
454.0,6.355740637310739,157.0,186.0,163.0,0.8544151531881884,0.512667179107666
455.0,6.3493848966734285,157.0,205.0,164.0,0.8542805971820048,0.5135622024536133
456.0,6.343035511776755,157.0,203.0,163.0,0.8541459277072573,0.5144832134246826
457.0,6.336692476264978,157.0,195.0,184.0,0.8540111446895198,0.5153951644897461
458.0,6.330355783788713,157.0,218.0,179.0,0.8538762480543601,0.5163822174072266
459.0,6.324025428004925,157.0,175.0,170.0,0.8537412377273411,0.5172872543334961
460.0,6.31770140257692,157.0,218.0,188.0,0.8536061136340197,0.5181741714477539
461.0,6.311383701174343,157.0,178.0,179.0,0.853470875699948,0.5191030502319336
462.0,6.305072317473169,157.0,197.0,174.0,0.8533355238506724,0.5200459957122803
463.0,6.2987672451556955,157.0,198.0,173.0,0.8532000580117345,0.5209290981292725
464.0,6.29246847791054,157.0,220.0,180.0,0.8530644781086711,0.5218312740325928
465.0,6.286176009432629,157.0,191.0,185.0,0.8529287840670139,0.5228221416473389
466.0,6.279889833423196,157.0,202.0,166.0,0.8527929758122896,0.5237228870391846
467.0,6.273609943589773,157.0,218.0,178.0,0.8526570532700208,0.5246860980987549
468.0,6.267336333646183,157.0,191.0,189.0,0.8525210163657251,0.525597095489502
469.0,6.261068997312536,157.0,176.0,176.0,0.8523848650249158,0.5264492034912109
470.0,6.254807928315224,157.0,237.0,154.0,0.8522485991731021,0.5273170471191406
471.0,6.248553120386909,157.0,201.0,151.0,0.8521122187357885,0.5281751155853271
472.0,6.242304567266522,157.0,208.0,149.0,0.8519757236384757,0.5290160179138184
473.0,6.236062262699255,157.0,206.0,161.0,0.8518391138066604,0.5298559665679932
474.0,6.229826200436555,157.0,197.0,173.0,0.8517023891658354,0.5307011604309082
475.0,6.223596374236119,157.0,215.0,182.0,0.8515655496414894,0.531548261642456
476.0,6.217372777861883,157.0,176.0,186.0,0.851428595159108,0.5323822498321533
477.0,6.21115540508402,157.0,200.0,153.0,0.8512915256441727,0.5332300662994385
478.0,6.204944249678936,157.0,173.0,163.0,0.8511543410221618,0.5340909957885742
479.0,6.198739305429258,157.0,192.0,168.0,0.8510170412185503,0.534980058670044
480.0,6.192540566123828,157.0,173.0,146.0,0.8508796261588097,0.5359411239624023
481.0,6.186348025557704,157.0,212.0,172.0,0.8507420957684088,0.5367841720581055
482.0,6.180161677532147,157.0,210.0,165.0,0.850604449972813,0.5376360416412354
483.0,6.1739815158546145,157.0,170.0,166.0,0.850466688697485,0.5384891033172607
484.0,6.16780753433876,157.0,215.0,179.0,0.8503288118678847,0.5393168926239014
485.0,6.161639726804421,157.0,196.0,158.0,0.8501908194094692,0.5401351451873779
486.0,6.155478087077617,157.0,194.0,146.0,0.8500527112476931,0.5409791469573975
487.0,6.149322608990539,157.0,190.0,167.0,0.8499144873080088,0.5418200492858887
488.0,6.143173286381548,157.0,222.0,146.0,0.8497761475158659,0.5426630973815918
489.0,6.137030113095166,157.0,211.0,151.0,0.8496376917967122,0.5434880256652832
490.0,6.130893082982071,157.0,213.0,172.0,0.8494991200759933,0.5443601608276367
491.0,6.124762189899089,157.0,211.0,172.0,0.8493604322791526,0.5452179908752441
492.0,6.1186374277091895,157.0,234.0,184.0,0.8492216283316317,0.5460820198059082
493.0,6.11251879028148,157.0,190.0,171.0,0.8490827081588705,0.5469491481781006
494.0,6.106406271491198,157.0,180.0,169.0,0.8489436716863075,0.5478100776672363
495.0,6.100299865219707,157.0,206.0,174.0,0.8488045188393791,0.5486829280853271
496.0,6.094199565354487,157.0,186.0,136.0,0.8486652495435208,0.5495240688323975
497.0,6.088105365789133,152.0,192.0,134.0,0.8485258637241665,0.5503652095794678
498.0,6.082017260423344,152.0,237.0,164.0,0.8483863613067489,0.5512349605560303
499.0,6.07593524316292,152.0,205.0,167.0,0.8482467422167,0.5520670413970947
500.0,6.069859307919757,152.0,203.0,136.0,0.8481070063794504,0.5529482364654541
501.0,6.063789448611837,152.0,208.0,160.0,0.8479671537204301,0.5538151264190674
502.0,6.057725659163226,152.0,214.0,169.0,0.8478271841650682,0.5546801090240479
503.0,6.051667933504063,152.0,205.0,151.0,0.8476870976387935,0.5555100440979004
504.0,6.045616265570558,152.0,233.0,175.0,0.847546894067034,0.5563712120056152
505.0,6.039570649304988,152.0,198.0,162.0,0.8474065733752174,0.5572149753570557
506.0,6.033531078655683,152.0,199.0,190.0,0.8472661354887715,0.5580840110778809
507.0,6.027497547577027,152.0,192.0,143.0,0.8471255803331235,0.5589070320129395
508.0,6.02147005002945,152.0,225.0,171.0,0.8469849078337007,0.5597140789031982
509.0,6.01544857997942,152.0,219.0,172.0,0.8468441179159308,0.5605330467224121
510.0,6.009433131399441,152.0,198.0,167.0,0.8467032105052414,0.5613551139831543
511.0,6.003423698268041,152.0,198.0,153.0,0.8465621855270606,0.5621521472930908
512.0,5.997420274569773,152.0,195.0,156.0,0.8464210429068169,0.5629620552062988
513.0,5.9914228542952035,152.0,207.0,154.0,0.8462797825699393,0.5637660026550293
514.0,5.985431431440908,152.0,185.0,139.0,0.8461384044418577,0.5645830631256104
515.0,5.979446000009467,152.0,199.0,167.0,0.8459969084480029,0.5654010772705078
516.0,5.973466554009458,152.0,203.0,153.0,0.8458552945138063,0.5662131309509277
517.0,5.967493087455448,152.0,203.0,150.0,0.8457135625647005,0.5670320987701416
518.0,5.961525594367993,152.0,205.0,159.0,0.8455717125261195,0.5678930282592773
519.0,5.955564068773625,152.0,167.0,165.0,0.8454297443234985,0.5687270164489746
520.0,5.949608504704851,152.0,237.0,170.0,0.8452876578822739,0.5695610046386719
521.0,5.943658896200146,152.0,197.0,146.0,0.845145453127884,0.570385217666626
522.0,5.937715237303946,152.0,199.0,147.0,0.8450031299857688,0.571209192276001
523.0,5.931777522066642,152.0,190.0,175.0,0.8448606883813695,0.5720491409301758
524.0,5.925845744544575,152.0,185.0,144.0,0.8447181282401299,0.5728702545166016
525.0,5.91991989880003,152.0,211.0,173.0,0.8445754494874957,0.5736770629882812
526.0,5.91399997890123,152.0,195.0,157.0,0.8444326520489146,0.5745489597320557
527.0,5.908085978922329,152.0,216.0,145.0,0.8442897358498366,0.5753951072692871
528.0,5.902177892943406,152.0,171.0,136.0,0.8441467008157142,0.5762450695037842
529.0,5.8962757150504626,152.0,190.0,163.0,0.8440035468720025,0.5770571231842041
530.0,5.890379439335412,152.0,196.0,158.0,0.8438602739441593,0.5779321193695068
531.0,5.884489059896077,152.0,204.0,149.0,0.843716881957645,0.5787582397460938
532.0,5.878604570836181,152.0,179.0,142.0,0.843573370837923,0.5795891284942627
533.0,5.872725966265345,152.0,200.0,149.0,0.8434297405104599,0.580402135848999
534.0,5.86685324029908,152.0,184.0,157.0,0.8432859909007252,0.5812411308288574
535.0,5.860986387058781,152.0,191.0,138.0,0.8431421219341919,0.5820682048797607
536.0,5.855125400671723,152.0,195.0,162.0,0.8429981335363365,0.5828762054443359
537.0,5.849270275271051,152.0,186.0,179.0,0.8428540256326386,0.5837008953094482
538.0,5.84342100499578,152.0,219.0,155.0,0.842709798148582,0.5845181941986084
539.0,5.837577583990784,152.0,205.0,145.0,0.8425654510096542,0.5853550434112549
540.0,5.831740006406793,152.0,225.0,161.0,0.8424209841413463,0.5862400531768799
541.0,5.825908266400386,152.0,188.0,172.0,0.8422763974691538,0.587022066116333
542.0,5.820082358133986,152.0,200.0,142.0,0.8421316909185765,0.5878031253814697
543.0,5.814262275775852,152.0,182.0,160.0,0.841986864415118,0.5885889530181885
544.0,5.808448013500076,152.0,200.0,167.0,0.8418419178842869,0.5893712043762207
545.0,5.802639565486576,152.0,203.0,162.0,0.8416968512515959,0.5901491641998291
546.0,5.796836925921089,152.0,190.0,145.0,0.8415516644425627,0.5910120010375977
547.0,5.791040088995168,152.0,198.0,142.0,0.8414063573827099,0.5918493270874023
548.0,5.785249048906173,152.0,207.0,169.0,0.8412609299975649,0.5926508903503418
549.0,5.779463799857266,152.0,182.0,135.0,0.84111538221266,0.5934410095214844
550.0,5.773684336057409,152.0,199.0,161.0,0.8409697139535334,0.5942351818084717
551.0,5.767910651721351,152.0,194.0,142.0,0.8408239251457278,0.595067024230957
552.0,5.7621427410696295,152.0,185.0,148.0,0.8406780157147921,0.5958719253540039
553.0,5.75638059832856,152.0,208.0,156.0,0.8405319855862803,0.5967011451721191
554.0,5.750624217730231,152.0,199.0,158.0,0.8403858346857526,0.5975310802459717
555.0,5.7448735935125015,152.0,214.0,139.0,0.8402395629387746,0.5983521938323975
556.0,5.739128719918989,152.0,186.0,141.0,0.8400931702709183,0.5992271900177002
557.0,5.73338959119907,152.0,201.0,138.0,0.8399466566077619,0.5999999046325684
558.0,5.7276562016078705,152.0,202.0,171.0,0.8398000218748894,0.600797176361084
559.0,5.7219285454062625,152.0,205.0,151.0,0.8396532659978918,0.6016120910644531
560.0,5.716206616860856,152.0,209.0,147.0,0.8395063889023662,0.6023862361907959
561.0,5.710490410243995,152.0,209.0,155.0,0.8393593905139165,0.6031701564788818
562.0,5.704779919833752,152.0,212.0,145.0,0.8392122707581536,0.6040060520172119
563.0,5.699075139913918,152.0,215.0,151.0,0.8390650295606952,0.6047651767730713
564.0,5.693376064774005,152.0,218.0,137.0,0.8389176668471661,0.6055431365966797
565.0,5.687682688709231,152.0,195.0,140.0,0.8387701825431982,0.606328010559082
566.0,5.6819950060205215,152.0,184.0,153.0,0.8386225765744311,0.6071200370788574
567.0,5.676313011014501,152.0,217.0,137.0,0.8384748488665114,0.6079139709472656
568.0,5.670636698003486,152.0,181.0,130.0,0.8383269993450937,0.608726978302002
569.0,5.664966061305483,152.0,187.0,135.0,0.8381790279358404,0.6095049381256104
570.0,5.659301095244178,152.0,196.0,180.0,0.8380309345644215,0.610377311706543
571.0,5.653641794148934,152.0,200.0,138.0,0.8378827191565152,0.6111888885498047
572.0,5.647988152354785,152.0,207.0,145.0,0.8377343816378079,0.611983060836792
573.0,5.642340164202429,152.0,220.0,148.0,0.8375859219339943,0.6127820014953613
574.0,5.636697824038227,152.0,194.0,151.0,0.8374373399707774,0.6136538982391357
575.0,5.631061126214188,152.0,223.0,145.0,0.837288635673869,0.6144461631774902
576.0,5.625430065087974,152.0,195.0,164.0,0.8371398089689897,0.6152031421661377
577.0,5.619804635022886,152.0,186.0,139.0,0.8369908597818684,0.6159882545471191
578.0,5.614184830387863,152.0,220.0,122.0,0.8368417880382437,0.6168241500854492
579.0,5.608570645557475,152.0,207.0,156.0,0.836692593663863,0.617584228515625
580.0,5.602962074911918,152.0,208.0,158.0,0.8365432765844828,0.6183552742004395
581.0,5.597359112837006,152.0,202.0,167.0,0.8363938367258695,0.6191248893737793
582.0,5.591761753724169,152.0,225.0,144.0,0.8362442740137986,0.6199231147766113
583.0,5.586169991970445,152.0,189.0,129.0,0.8360945883740557,0.6206960678100586
584.0,5.5805838219784745,152.0,196.0,129.0,0.8359447797324359,0.6214680671691895
585.0,5.575003238156496,152.0,193.0,161.0,0.8357948480147444,0.6222310066223145
586.0,5.569428234918339,152.0,217.0,156.0,0.8356447931467965,0.6229958534240723
587.0,5.563858806683421,152.0,180.0,144.0,0.835494615054418,0.6238360404968262
588.0,5.558294947876738,152.0,191.0,119.0,0.8353443136634447,0.6246240139007568
589.0,5.5527366529288615,152.0,203.0,154.0,0.8351938888997233,0.6253879070281982
590.0,5.547183916275933,152.0,174.0,154.0,0.835043340689111,0.6261522769927979
591.0,5.541636732359657,152.0,203.0,138.0,0.8348926689574759,0.6269049644470215
592.0,5.536095095627298,152.0,215.0,149.0,0.834741873630697,0.6277101039886475
593.0,5.53055900053167,152.0,213.0,163.0,0.8345909546346645,0.6284840106964111
594.0,5.525028441531139,152.0,204.0,143.0,0.8344399118952799,0.6292550563812256
595.0,5.519503413089607,152.0,204.0,154.0,0.834288745338456,0.6300048828125
596.0,5.513983909676518,152.0,164.0,121.0,0.8341374548901171,0.6307692527770996
597.0,5.508469925766841,152.0,204.0,128.0,0.8339860404761996,0.6315271854400635
598.0,5.502961455841074,152.0,210.0,131.0,0.8338345020226512,0.6323182582855225
599.0,5.497458494385233,152.0,207.0,124.0,0.8336828394554319,0.6330752372741699
600.0,5.4919610358908475,152.0,208.0,140.0,0.8335310527005138,0.6338350772857666
601.0,5.4864690748549565,152.0,206.0,155.0,0.833379141683881,0.6345920562744141
602.0,5.480982605780102,152.0,202.0,151.0,0.8332271063315307,0.6353530883789062
603.0,5.475501623174321,152.0,213.0,149.0,0.8330749465694719,0.6361551284790039
604.0,5.470026121551147,152.0,189.0,137.0,0.8329226623237267,0.6369380950927734
605.0,5.464556095429596,152.0,228.0,133.0,0.8327702535203302,0.6377160549163818
606.0,5.459091539334167,152.0,210.0,140.0,0.8326177200853302,0.6384849548339844
607.0,5.453632447794832,152.0,194.0,131.0,0.8324650619447876,0.6392781734466553
608.0,5.448178815347037,152.0,181.0,104.0,0.8323122790247772,0.6400601863861084
609.0,5.4427306365316905,152.0,175.0,126.0,0.8321593712513866,0.6408209800720215
610.0,5.437287905895158,152.0,209.0,148.0,0.8320063385507173,0.6415882110595703
611.0,5.431850617989263,152.0,204.0,112.0,0.8318531808488845,0.6423561573028564
612.0,5.426418767371274,152.0,180.0,132.0,0.8316998980720174,0.6431212425231934
613.0,5.420992348603903,152.0,202.0,132.0,0.8315464901462591,0.6439101696014404
614.0,5.415571356255299,152.0,213.0,136.0,0.831392956997767,0.6446802616119385
615.0,5.410155784899044,152.0,198.0,131.0,0.8312392985527128,0.6454389095306396
616.0,5.404745629114145,152.0,196.0,125.0,0.8310855147372829,0.6462061405181885
617.0,5.3993408834850305,152.0,199.0,132.0,0.8309316054776779,0.6469669342041016
618.0,5.393941542601546,152.0,177.0,136.0,0.8307775707001136,0.6477391719818115
619.0,5.388547601058944,152.0,214.0,131.0,0.8306234103308208,0.6484861373901367
620.0,5.383159053457885,152.0,201.0,142.0,0.830469124296045,0.6492300033569336
621.0,5.377775894404428,152.0,218.0,136.0,0.8303147125220475,0.6499571800231934
622.0,5.372398118510024,152.0,191.0,119.0,0.8301601749351045,0.6506762504577637
623.0,5.3670257203915135,152.0,198.0,144.0,0.8300055114615081,0.6513803005218506
624.0,5.361658694671122,152.0,191.0,126.0,0.829850722027566,0.6521022319793701
625.0,5.356297035976451,152.0,211.0,118.0,0.829695806559602,0.6528172492980957
626.0,5.350940738940475,152.0,192.0,138.0,0.8295407649839552,0.6535570621490479
627.0,5.345589798201535,152.0,188.0,125.0,0.8293855972269819,0.6542892456054688
628.0,5.340244208403333,152.0,215.0,143.0,0.829230303215054,0.6550061702728271
629.0,5.33490396419493,152.0,197.0,134.0,0.8290748828745602,0.6557230949401855
630.0,5.329569060230735,152.0,204.0,157.0,0.8289193361319057,0.65643310546875
631.0,5.324239491170505,152.0,174.0,138.0,0.8287636629135127,0.6571781635284424
632.0,5.318915251679334,152.0,182.0,125.0,0.8286078631458199,0.6579430103302002
633.0,5.313596336427654,152.0,174.0,122.0,0.8284519367552838,0.6586651802062988
634.0,5.308282740091227,152.0,199.0,119.0,0.8282958836683776,0.6593949794769287
635.0,5.3029744573511355,152.0,168.0,125.0,0.8281397038115922,0.6601231098175049
636.0,5.297671482893785,152.0,212.0,121.0,0.827983397111436,0.6608521938323975
637.0,5.292373811410891,152.0,199.0,117.0,0.8278269634944352,0.6615889072418213
638.0,5.28708143759948,152.0,195.0,141.0,0.8276704028871337,0.6623179912567139
639.0,5.28179435616188,152.0,210.0,129.0,0.8275137152160936,0.6630370616912842
640.0,5.276512561805718,152.0,195.0,121.0,0.8273569004078953,0.6637611389160156
641.0,5.271236049243912,152.0,198.0,147.0,0.8271999583891374,0.6644899845123291
642.0,5.265964813194668,152.0,207.0,116.0,0.8270428890864373,0.6651971340179443
643.0,5.260698848381474,152.0,198.0,116.0,0.8268856924264306,0.6659350395202637
644.0,5.255438149533092,152.0,185.0,102.0,0.8267283683357723,0.6667141914367676
645.0,5.25018271138356,152.0,203.0,100.0,0.826570916741136,0.6674458980560303
646.0,5.244932528672176,152.0,201.0,125.0,0.8264133375692146,0.6681840419769287
647.0,5.239687596143503,152.0,179.0,110.0,0.8262556307467205,0.6689450740814209
648.0,5.23444790854736,152.0,187.0,106.0,0.8260977962003853,0.66969895362854
649.0,5.229213460638813,152.0,233.0,117.0,0.8259398338569605,0.6704330444335938
650.0,5.2239842471781746,152.0,205.0,127.0,0.8257817436432171,0.6711552143096924
651.0,5.218760262930997,152.0,198.0,140.0,0.8256235254859465,0.6718902587890625
652.0,5.213541502668066,152.0,182.0,125.0,0.8254651793119598,0.672619104385376
653.0,5.208327961165398,152.0,191.0,125.0,0.8253067050480889,0.6733481884002686
654.0,5.203119633204232,152.0,188.0,127.0,0.8251481026211855,0.6740882396697998
655.0,5.197916513571028,152.0,187.0,126.0,0.8249893719581226,0.6748430728912354
656.0,5.192718597057457,152.0,192.0,126.0,0.8248305129857936,0.6755690574645996
657.0,5.1875258784603995,152.0,186.0,129.0,0.8246715256311128,0.6762852668762207
658.0,5.182338352581939,152.0,186.0,126.0,0.8245124098210159,0.6769700050354004
659.0,5.177156014229357,152.0,222.0,148.0,0.8243531654824596,0.6777153015136719
660.0,5.171978858215128,152.0,189.0,137.0,0.8241937925424223,0.6784391403198242
661.0,5.166806879356913,152.0,200.0,123.0,0.8240342909279038,0.679192066192627
662.0,5.161640072477556,152.0,181.0,125.0,0.8238746605659258,0.6799201965332031
663.0,5.156478432405078,152.0,196.0,124.0,0.8237149013835319,0.680645227432251
664.0,5.151321953972673,152.0,194.0,135.0,0.8235550133077878,0.6813852787017822
665.0,5.1461706320187,152.0,202.0,116.0,0.8233949962657814,0.6821150779724121
666.0,5.141024461386682,152.0,187.0,138.0,0.8232348501846233,0.6828908920288086
667.0,5.135883436925295,152.0,217.0,121.0,0.8230745749914463,0.683631181716919
668.0,5.130747553488369,152.0,195.0,135.0,0.8229141706134064,0.6843419075012207
669.0,5.125616805934881,152.0,169.0,113.0,0.8227536369776822,0.6850550174713135
670.0,5.120491189128946,152.0,193.0,142.0,0.8225929740114757,0.6857950687408447
671.0,5.115370697939817,152.0,200.0,120.0,0.8224321816420119,0.6865122318267822
672.0,5.110255327241877,152.0,186.0,125.0,0.8222712597965395,0.6872241497039795
673.0,5.1051450719146345,152.0,187.0,120.0,0.8221102084023306,0.6879310607910156
674.0,5.10003992684272,152.0,188.0,122.0,0.8219490273866812,0.6886651515960693
675.0,5.094939886915877,152.0,184.0,103.0,0.8217877166769113,0.6893999576568604
676.0,5.089844947028961,152.0,197.0,127.0,0.821626276200365,0.6901061534881592
677.0,5.084755102081933,152.0,198.0,112.0,0.8214647058844106,0.6908259391784668
678.0,5.07967034697985,152.0,179.0,125.0,0.8213030056564408,0.6915240287780762
679.0,5.07459067663287,152.0,187.0,132.0,0.8211411754438732,0.6922259330749512
680.0,5.069516085956238,152.0,176.0,131.0,0.8209792151741502,0.6929671764373779
681.0,5.064446569870282,152.0,177.0,112.0,0.820817124774739,0.6936628818511963
682.0,5.059382123300412,152.0,204.0,120.0,0.8206549041731319,0.6943700313568115
683.0,5.054322741177112,152.0,202.0,102.0,0.8204925532968467,0.6950681209564209
684.0,5.049268418435934,152.0,191.0,131.0,0.8203300720734267,0.6957550048828125
685.0,5.044219150017499,151.0,185.0,83.0,0.8201674604304408,0.696444034576416
686.0,5.039174930867482,151.0,185.0,117.0,0.8200047182954837,0.6971440315246582
687.0,5.034135755936615,151.0,195.0,135.0,0.8198418455961762,0.6978380680084229
688.0,5.029101620180678,151.0,202.0,113.0,0.8196788422601653,0.6985471248626709
689.0,5.024072518560497,151.0,198.0,118.0,0.8195157082151243,0.6992471218109131
690.0,5.0190484460419365,151.0,183.0,112.0,0.8193524433887532,0.6999790668487549
691.0,5.014029397595895,151.0,186.0,123.0,0.8191890477087787,0.7007169723510742
692.0,5.009015368198299,151.0,209.0,114.0,0.8190255211029539,0.7014341354370117
693.0,5.004006352830101,151.0,178.0,119.0,0.8188618634990597,0.702146053314209
694.0,4.999002346477271,151.0,191.0,112.0,0.8186980748249039,0.7028441429138184
695.0,4.994003344130793,151.0,199.0,122.0,0.8185341550083215,0.7035260200500488
696.0,4.989009340786662,151.0,229.0,118.0,0.8183701039771756,0.7042410373687744
697.0,4.984020331445875,151.0,192.0,138.0,0.8182059216593567,0.7049169540405273
698.0,4.979036311114429,151.0,212.0,119.0,0.8180416079827835,0.7055971622467041
699.0,4.9740572748033145,151.0,185.0,119.0,0.8178771628754025,0.7062802314758301
700.0,4.969083217528511,151.0,189.0,97.0,0.8177125862651888,0.7069921493530273
701.0,4.964114134310982,151.0,205.0,115.0,0.8175478780801461,0.7077481746673584
702.0,4.959150020176671,151.0,215.0,139.0,0.8173830382483063,0.7084589004516602
703.0,4.954190870156494,151.0,198.0,134.0,0.8172180666977304,0.7091572284698486
704.0,4.949236679286337,151.0,189.0,118.0,0.8170529633565088,0.7098240852355957
705.0,4.944287442607051,151.0,183.0,110.0,0.8168877281527603,0.7104921340942383
706.0,4.939343155164444,151.0,190.0,115.0,0.816722361014634,0.7112009525299072
707.0,4.93440381200928,151.0,195.0,126.0,0.8165568618703078,0.7118692398071289
708.0,4.929469408197271,151.0,189.0,107.0,0.8163912306479898,0.7125492095947266
709.0,4.924539938789073,151.0,181.0,134.0,0.8162254672759178,0.7132351398468018
710.0,4.919615398850285,151.0,181.0,81.0,0.8160595716823599,0.713939905166626
711.0,4.914695783451434,151.0,191.0,98.0,0.8158935437956143,0.7146401405334473
712.0,4.909781087667983,151.0,206.0,127.0,0.8157273835440099,0.7153310775756836
713.0,4.904871306580315,151.0,203.0,91.0,0.815561090855906,0.7160301208496094
714.0,4.899966435273734,151.0,186.0,118.0,0.815394665659693,0.7167301177978516
715.0,4.89506646883846,151.0,218.0,119.0,0.8152281078837922,0.7173941135406494
716.0,4.890171402369622,151.0,196.0,115.0,0.8150614174566562,0.7180681228637695
717.0,4.885281230967252,151.0,202.0,102.0,0.8148945943067687,0.7187309265136719
718.0,4.880395949736285,151.0,203.0,110.0,0.8147276383626454,0.7194201946258545
719.0,4.875515553786549,151.0,192.0,118.0,0.8145605495528334,0.7200870513916016
720.0,4.870640038232763,151.0,201.0,122.0,0.814393327805912,0.7207601070404053
721.0,4.86576939819453,151.0,204.0,115.0,0.8142259730504927,0.7214241027832031
722.0,4.860903628796335,151.0,200.0,110.0,0.8140584852152188,0.7220752239227295
723.0,4.856042725167539,151.0,201.0,103.0,0.8138908642287669,0.7227730751037598
724.0,4.851186682442371,151.0,192.0,120.0,0.8137231100198457,0.7234699726104736
725.0,4.846335495759929,151.0,202.0,100.0,0.8135552225171967,0.7241482734680176
726.0,4.841489160264169,151.0,181.0,115.0,0.8133872016495952,0.7248082160949707
727.0,4.836647671103905,151.0,189.0,116.0,0.8132190473458489,0.7254960536956787
728.0,4.8318110234328016,151.0,187.0,105.0,0.8130507595347994,0.7261731624603271
729.0,4.826979212409369,151.0,189.0,87.0,0.8128823381453221,0.7268631458282471
730.0,4.8221522331969595,151.0,193.0,110.0,0.8127137831063258,0.7275309562683105
731.0,4.817330080963763,151.0,214.0,117.0,0.8125450943467534,0.7281949520111084
732.0,4.812512750882799,151.0,176.0,113.0,0.8123762717955822,0.728856086730957
733.0,4.8077002381319165,151.0,186.0,103.0,0.8122073153818238,0.7295210361480713
734.0,4.802892537893785,151.0,201.0,104.0,0.8120382250345244,0.7301969528198242
735.0,4.7980896453558906,151.0,195.0,130.0,0.8118690006827648,0.7308762073516846
736.0,4.7932915557105344,151.0,199.0,104.0,0.811699642255661,0.7315592765808105
737.0,4.788498264154824,151.0,179.0,112.0,0.8115301496823641,0.7322440147399902
738.0,4.783709765890669,151.0,191.0,116.0,0.8113605228920605,0.7329971790313721
739.0,4.778926056124779,151.0,195.0,116.0,0.8111907618139721,0.7336640357971191
740.0,4.774147130068654,151.0,198.0,114.0,0.8110208663773565,0.7343401908874512
741.0,4.769372982938585,151.0,210.0,103.0,0.8108508365115074,0.7350189685821533
742.0,4.764603609955647,151.0,189.0,107.0,0.8106806721457543,0.7356841564178467
743.0,4.7598390063456915,151.0,205.0,97.0,0.8105103732094635,0.736335039138794
744.0,4.755079167339345,151.0,193.0,115.0,0.8103399396320374,0.7369961738586426
745.0,4.750324088172006,151.0,188.0,110.0,0.8101693713429153,0.7376549243927002
746.0,4.745573764083834,151.0,211.0,106.0,0.8099986682715732,0.7383100986480713
747.0,4.74082819031975,151.0,178.0,107.0,0.8098278303475244,0.7389650344848633
748.0,4.73608736212943,151.0,196.0,117.0,0.8096568575003191,0.7396180629730225
749.0,4.7313512747673006,151.0,193.0,110.0,0.8094857496595457,0.7402811050415039
750.0,4.7266199234925335,151.0,189.0,104.0,0.8093145067548295,0.7409310340881348
751.0,4.721893303569041,151.0,195.0,120.0,0.8091431287158343,0.7415740489959717
752.0,4.717171410265472,151.0,201.0,100.0,0.8089716154722614,0.7422571182250977
753.0,4.712454238855206,151.0,170.0,109.0,0.8087999669538506,0.742908239364624
754.0,4.707741784616351,151.0,189.0,105.0,0.8086281830903804,0.7435851097106934
755.0,4.703034042831734,151.0,177.0,99.0,0.8084562638116678,0.7442491054534912
756.0,4.6983310087889025,151.0,170.0,110.0,0.8082842090475684,0.7448959350585938
757.0,4.693632677780114,151.0,194.0,78.0,0.8081120187279772,0.7455551624298096
758.0,4.688939045102334,151.0,200.0,124.0,0.8079396927828284,0.7462220191955566
759.0,4.684250106057232,151.0,197.0,112.0,0.8077672311420954,0.7468671798706055
760.0,4.679565855951175,151.0,216.0,88.0,0.8075946337357915,0.7475509643554688
761.0,4.674886290095224,151.0,165.0,93.0,0.8074219004939699,0.7482240200042725
762.0,4.670211403805129,151.0,204.0,105.0,0.8072490313467235,0.7489080429077148
763.0,4.6655411924013235,151.0,180.0,112.0,0.807076026224186,0.7495410442352295
764.0,4.660875651208922,151.0,200.0,100.0,0.8069028850565311,0.7501912117004395
765.0,4.6562147755577135,151.0,188.0,110.0,0.8067296077739733,0.750845193862915
766.0,4.6515585607821555,151.0,191.0,98.0,0.806556194306768,0.7515020370483398
767.0,4.646907002221373,151.0,201.0,97.0,0.8063826445852117,0.7521500587463379
768.0,4.642260095219152,151.0,174.0,105.0,0.806208958539642,0.752842903137207
769.0,4.637617835123933,151.0,197.0,94.0,0.8060351361004381,0.7534701824188232
770.0,4.632980217288809,151.0,200.0,108.0,0.8058611771980209,0.754112958908081
771.0,4.62834723707152,151.0,190.0,100.0,0.8056870817628531,0.7547361850738525
772.0,4.623718889834449,151.0,220.0,105.0,0.8055128497254394,0.7553691864013672
773.0,4.619095170944615,151.0,199.0,113.0,0.805338481016327,0.7559740543365479
774.0,4.61447607577367,151.0,190.0,79.0,0.8051639755661053,0.7565963268280029
775.0,4.609861599697896,151.0,210.0,89.0,0.8049893333054068,0.7572081089019775
776.0,4.6052517380981985,151.0,162.0,104.0,0.8048145541649064,0.7578470706939697
777.0,4.6006464863601,151.0,195.0,102.0,0.8046396380753226,0.7584621906280518
778.0,4.59604583987374,151.0,195.0,93.0,0.8044645849674168,0.7590780258178711
779.0,4.591449794033866,151.0,192.0,99.0,0.8042893947719941,0.7596862316131592
780.0,4.5868583442398325,151.0,200.0,106.0,0.8041140674199034,0.7603099346160889
781.0,4.582271485895593,151.0,185.0,113.0,0.8039386028420374,0.7609221935272217
782.0,4.5776892144096974,151.0,187.0,102.0,0.8037630009693331,0.7615342140197754
783.0,4.573111525195288,151.0,213.0,89.0,0.8035872617327716,0.762160062789917
784.0,4.568538413670093,151.0,195.0,106.0,0.8034113850633786,0.7628352642059326
785.0,4.563969875256423,151.0,193.0,93.0,0.8032353708922249,0.7634780406951904
786.0,4.559405905381166,151.0,190.0,84.0,0.8030592191504259,0.76409912109375
787.0,4.554846499475786,151.0,185.0,89.0,0.8028829297691422,0.7647342681884766
788.0,4.55029165297631,151.0,194.0,114.0,0.8027065026795801,0.765390157699585
789.0,4.5457413613233335,151.0,192.0,93.0,0.8025299378129913,0.7660121917724609
790.0,4.54119561996201,151.0,209.0,91.0,0.8023532351006732,0.7666349411010742
791.0,4.536654424342048,151.0,192.0,103.0,0.8021763944739695,0.7672700881958008
792.0,4.532117769917706,151.0,213.0,104.0,0.8019994158642698,0.7678730487823486
793.0,4.527585652147788,151.0,182.0,94.0,0.8018222992030106,0.7684941291809082
794.0,4.523058066495641,151.0,186.0,91.0,0.8016450444216746,0.7691349983215332
795.0,4.518535008429145,151.0,199.0,117.0,0.8014676514517918,0.7697620391845703
796.0,4.514016473420716,151.0,201.0,93.0,0.8012901202249387,0.7703700065612793
797.0,4.5095024569472955,151.0,193.0,100.0,0.8011124506727398,0.7709951400756836
798.0,4.504992954490348,151.0,179.0,92.0,0.8009346427268668,0.7716050148010254
799.0,4.500487961535858,151.0,184.0,106.0,0.8007566963190389,0.7722461223602295
800.0,4.4959874735743215,151.0,159.0,107.0,0.8005786113810235,0.7728731632232666
801.0,4.491491486100747,151.0,202.0,97.0,0.8004003878446363,0.7735390663146973
802.0,4.486999994614647,151.0,183.0,79.0,0.8002220256417409,0.7741680145263672
803.0,4.482512994620032,151.0,193.0,76.0,0.8000435247042502,0.7748672962188721
804.0,4.478030481625412,151.0,200.0,113.0,0.7998648849641251,0.7754569053649902
805.0,4.473552451143787,151.0,194.0,97.0,0.799686106353376,0.7760570049285889
806.0,4.4690788986926435,151.0,174.0,113.0,0.7995071888040626,0.7766509056091309
807.0,4.464609819793951,151.0,190.0,69.0,0.7993281322482938,0.777252197265625
808.0,4.460145209974157,151.0,195.0,90.0,0.7991489366182282,0.7778491973876953
809.0,4.455685064764183,151.0,184.0,105.0,0.7989696018460746,0.7784450054168701
810.0,4.451229379699419,151.0,180.0,100.0,0.7987901278640914,0.7790572643280029
811.0,4.4467781503197195,151.0,191.0,93.0,0.7986105146045878,0.7796580791473389
812.0,4.4423313721693996,151.0,186.0,119.0,0.7984307619999232,0.7802610397338867
813.0,4.43788904079723,151.0,201.0,103.0,0.7982508699825082,0.7808640003204346
814.0,4.433451151756432,151.0,177.0,96.0,0.7980708384848038,0.7814671993255615
815.0,4.429017700604676,151.0,204.0,88.0,0.7978906674393227,0.7820580005645752
816.0,4.424588682904071,151.0,187.0,90.0,0.7977103567786289,0.7827188968658447
817.0,4.420164094221167,151.0,193.0,86.0,0.7975299064353378,0.7833421230316162
818.0,4.415743930126945,151.0,204.0,100.0,0.797349316342117,0.7839779853820801
819.0,4.411328186196818,151.0,182.0,108.0,0.7971685864316861,0.7845981121063232
820.0,4.4069168580106215,151.0,181.0,95.0,0.7969877166368169,0.7852189540863037
821.0,4.402509941152611,151.0,206.0,91.0,0.7968067068903338,0.7858791351318359
822.0,4.398107431211459,151.0,175.0,106.0,0.7966255571251141,0.7865281105041504
823.0,4.393709323780247,151.0,178.0,93.0,0.7964442672740877,0.7871241569519043
824.0,4.389315614456467,151.0,220.0,103.0,0.7962628372702382,0.7877261638641357
825.0,4.384926298842011,151.0,217.0,99.0,0.7960812670466023,0.7883219718933105
826.0,4.380541372543169,151.0,195.0,112.0,0.7958995565362704,0.7889320850372314
827.0,4.376160831170625,151.0,191.0,93.0,0.7957177056723869,0.7895140647888184
828.0,4.371784670339455,151.0,210.0,85.0,0.7955357143881503,0.7901010513305664
829.0,4.367412885669116,151.0,189.0,107.0,0.7953535826168132,0.7906911373138428
830.0,4.363045472783447,151.0,227.0,91.0,0.7951713102916831,0.7912843227386475
831.0,4.358682427310663,151.0,203.0,115.0,0.7949888973461219,0.7918651103973389
832.0,4.354323744883352,151.0,192.0,101.0,0.7948063437135469,0.7924940586090088
833.0,4.349969421138469,151.0,170.0,103.0,0.7946236493274303,0.7931251525878906
834.0,4.34561945171733,151.0,206.0,101.0,0.7944408141213001,0.7937400341033936
835.0,4.341273832265613,151.0,186.0,100.0,0.7942578380287397,0.7943952083587646
836.0,4.336932558433348,151.0,181.0,104.0,0.7940747209833886,0.7950010299682617
837.0,4.332595625874914,151.0,187.0,91.0,0.7938914629189423,0.7955830097198486
838.0,4.3282630302490395,151.0,187.0,74.0,0.7937080637691528,0.7961909770965576
839.0,4.32393476721879,151.0,203.0,82.0,0.7935245234678286,0.7967789173126221
840.0,4.319610832451572,151.0,193.0,94.0,0.7933408419488354,0.7973780632019043
841.0,4.31529122161912,151.0,169.0,85.0,0.7931570191460953,0.7979750633239746
842.0,4.3109759303975,151.0,190.0,99.0,0.7929730549935882,0.7985630035400391
843.0,4.306664954467103,151.0,176.0,88.0,0.7927889494253516,0.7991330623626709
844.0,4.302358289512636,151.0,190.0,72.0,0.7926047023754803,0.799720287322998
845.0,4.298055931223123,151.0,199.0,74.0,0.7924203137781276,0.8003189563751221
846.0,4.2937578752919,151.0,197.0,106.0,0.7922357835675047,0.8009042739868164
847.0,4.289464117416608,151.0,192.0,84.0,0.7920511116778813,0.8015151023864746
848.0,4.285174653299191,151.0,186.0,94.0,0.7918662980435859,0.8020892143249512
849.0,4.280889478645892,151.0,184.0,88.0,0.7916813425990059,0.8027880191802979
850.0,4.276608589167246,149.0,167.0,80.0,0.7914962452785878,0.8033721446990967
851.0,4.272331980578079,149.0,182.0,77.0,0.7913110060168375,0.8039789199829102
852.0,4.2680596485975,149.0,201.0,90.0,0.7911256247483205,0.8045830726623535
853.0,4.263791588948902,149.0,175.0,85.0,0.7909401014076622,0.8051891326904297
854.0,4.2595277973599535,149.0,186.0,83.0,0.7907544359295484,0.8057670593261719
855.0,4.255268269562594,149.0,184.0,92.0,0.7905686282487246,0.806387186050415
856.0,4.251013001293031,149.0,168.0,75.0,0.7903826782999974,0.8070371150970459
857.0,4.246761988291738,149.0,207.0,85.0,0.790196586018234,0.8076310157775879
858.0,4.242515226303446,149.0,189.0,95.0,0.7900103513383625,0.8082711696624756
859.0,4.238272711077143,149.0,176.0,83.0,0.7898239741953728,0.8088541030883789
860.0,4.234034438366066,149.0,187.0,96.0,0.7896374545243156,0.8094272613525391
861.0,4.2298004039277,149.0,210.0,92.0,0.7894507922603039,0.8100268840789795
862.0,4.225570603523773,149.0,180.0,82.0,0.7892639873385124,0.8106100559234619
863.0,4.221345032920249,149.0,174.0,79.0,0.7890770396941784,0.8111710548400879
864.0,4.217123687887329,149.0,192.0,86.0,0.7888899492626011,0.8117320537567139
865.0,4.212906564199442,149.0,212.0,84.0,0.7887027159791431,0.8123011589050293
866.0,4.2086936576352425,149.0,187.0,89.0,0.7885153397792293,0.812852144241333
867.0,4.204484963977607,149.0,213.0,88.0,0.788327820598348,0.8134250640869141
868.0,4.200280479013629,149.0,191.0,113.0,0.7881401583720514,0.814000129699707
869.0,4.196080198534616,149.0,193.0,83.0,0.7879523530359548,0.8145620822906494
870.0,4.191884118336081,149.0,169.0,74.0,0.7877644045257376,0.8151431083679199
871.0,4.187692234217745,149.0,191.0,68.0,0.7875763127771434,0.8157050609588623
872.0,4.1835045419835275,149.0,184.0,76.0,0.7873880777259801,0.8162810802459717
873.0,4.179321037441544,149.0,199.0,68.0,0.7871996993081204,0.8168759346008301
874.0,4.175141716404102,149.0,230.0,88.0,0.7870111774595019,0.8174550533294678
875.0,4.170966574687698,149.0,205.0,100.0,0.7868225121161271,0.8180241584777832
876.0,4.16679560811301,149.0,169.0,65.0,0.7866337032140639,0.8186171054840088
877.0,4.162628812504897,149.0,181.0,84.0,0.7864447506894463,0.8192801475524902
878.0,4.158466183692392,149.0,169.0,98.0,0.7862556544784735,0.819838285446167
879.0,4.1543077175087,149.0,187.0,87.0,0.7860664145174113,0.8204169273376465
880.0,4.150153409791191,149.0,191.0,79.0,0.7858770307425915,0.8209850788116455
881.0,4.146003256381399,149.0,191.0,92.0,0.7856875030904129,0.8215441703796387
882.0,4.141857253125018,149.0,212.0,93.0,0.7854978314973406,0.8221008777618408
883.0,4.137715395871893,149.0,173.0,77.0,0.7853080158999075,0.8226711750030518
884.0,4.133577680476021,149.0,211.0,88.0,0.7851180562347133,0.8232429027557373
885.0,4.129444102795545,149.0,181.0,84.0,0.7849279524384254,0.8237879276275635
886.0,4.12531465869275,149.0,187.0,100.0,0.7847377044477791,0.8243510723114014
887.0,4.121189344034057,149.0,219.0,89.0,0.7845473121995777,0.8249170780181885
888.0,4.117068154690022,149.0,169.0,76.0,0.7843567756306933,0.8254811763763428
889.0,4.1129510865353325,149.0,199.0,71.0,0.7841660946780658,0.8260369300842285
890.0,4.1088381354487975,149.0,176.0,79.0,0.7839752692787044,0.8265902996063232
891.0,4.104729297313349,149.0,184.0,80.0,0.7837842993696874,0.8271679878234863
892.0,4.100624568016036,149.0,194.0,78.0,0.7835931848881624,0.8277318477630615
893.0,4.09652394344802,149.0,196.0,88.0,0.7834019257713465,0.8282821178436279
894.0,4.092427419504571,149.0,196.0,65.0,0.7832105219565266,0.8288230895996094
895.0,4.088334992085067,149.0,175.0,71.0,0.7830189733810601,0.8294281959533691
896.0,4.084246657092982,149.0,174.0,59.0,0.7828272799823739,0.8299961090087891
897.0,4.080162410435889,149.0,204.0,91.0,0.7826354416979664,0.8305692672729492
898.0,4.076082248025453,149.0,191.0,69.0,0.7824434584654063,0.8311400413513184
899.0,4.072006165777427,149.0,198.0,73.0,0.7822513302223336,0.8317952156066895
900.0,4.06793415961165,149.0,167.0,82.0,0.7820590569064597,0.8323509693145752
901.0,4.063866225452038,149.0,223.0,80.0,0.7818666384555673,0.8328859806060791
902.0,4.059802359226587,149.0,204.0,87.0,0.7816740748075114,0.8334388732910156
903.0,4.05574255686736,149.0,198.0,82.0,0.7814813659002187,0.8339691162109375
904.0,4.051686814310492,149.0,191.0,77.0,0.7812885116716886,0.8345310688018799
905.0,4.047635127496181,149.0,197.0,82.0,0.781095512059993,0.8350620269775391
906.0,4.043587492368685,149.0,180.0,97.0,0.7809023670032765,0.83561110496521
907.0,4.039543904876316,149.0,189.0,86.0,0.7807090764397573,0.8361682891845703
908.0,4.03550436097144,149.0,212.0,99.0,0.7805156403077267,0.8367080688476562
909.0,4.031468856610468,149.0,196.0,78.0,0.7803220585455495,0.8372399806976318
910.0,4.027437387753857,149.0,207.0,94.0,0.7801283310916646,0.8377890586853027
911.0,4.023409950366103,149.0,165.0,86.0,0.7799344578845852,0.8383212089538574
912.0,4.019386540415737,149.0,193.0,82.0,0.7797404388628987,0.838857889175415
913.0,4.015367153875321,149.0,217.0,94.0,0.7795462739652673,0.8394448757171631
914.0,4.011351786721446,149.0,199.0,96.0,0.7793519631304282,0.8400061130523682
915.0,4.007340434934724,149.0,197.0,78.0,0.7791575062971937,0.8405940532684326
916.0,4.003333094499789,149.0,173.0,73.0,0.7789629034044516,0.8412022590637207
917.0,3.999329761405289,149.0,211.0,86.0,0.7787681543911654,0.8417620658874512
918.0,3.995330431643884,149.0,164.0,79.0,0.7785732591963747,0.8423001766204834
919.0,3.9913351012122398,149.0,182.0,84.0,0.778378217759195,0.8428671360015869
920.0,3.9873437661110276,149.0,194.0,80.0,0.778183030018819,0.8434369564056396
921.0,3.9833564223449165,149.0,153.0,66.0,0.7779876959145156,0.8440051078796387
922.0,3.9793730659225717,149.0,190.0,62.0,0.7777922153856307,0.844581127166748
923.0,3.975393692856649,149.0,208.0,80.0,0.7775965883715881,0.8451392650604248
924.0,3.9714182991637923,149.0,177.0,75.0,0.7774008148118884,0.8456859588623047
925.0,3.9674468808646286,149.0,197.0,65.0,0.7772048946461105,0.846243143081665
926.0,3.963479433983764,149.0,185.0,85.0,0.7770088278139113,0.8467812538146973
927.0,3.9595159545497802,149.0,168.0,80.0,0.7768126142550261,0.8473541736602783
928.0,3.9555564385952304,149.0,193.0,64.0,0.7766162539092688,0.8479161262512207
929.0,3.9516008821566353,149.0,184.0,87.0,0.776419746716532,0.848541259765625
930.0,3.9476492812744786,149.0,199.0,85.0,0.7762230926167877,0.8491101264953613
931.0,3.943701631993204,149.0,211.0,94.0,0.7760262915500872,0.849661111831665
932.0,3.9397579303612105,149.0,210.0,75.0,0.7758293434565614,0.8502051830291748
933.0,3.9358181724308494,149.0,176.0,68.0,0.7756322482764214,0.8507781028747559
934.0,3.9318823542584185,149.0,199.0,67.0,0.7754350059499584,0.851325273513794
935.0,3.9279504719041602,149.0,180.0,63.0,0.7752376164175441,0.8519060611724854
936.0,3.924022521432256,149.0,205.0,82.0,0.7750400796196307,0.8524782657623291
937.0,3.9200984989108236,149.0,221.0,77.0,0.7748423954967518,0.8530480861663818
938.0,3.916178400411913,149.0,159.0,61.0,0.7746445639895223,0.8535981178283691
939.0,3.912262222011501,149.0,177.0,52.0,0.7744465850386383,0.8541390895843506
940.0,3.9083499597894895,149.0,181.0,78.0,0.7742484585848779,0.8547041416168213
941.0,3.9044416098297,149.0,172.0,70.0,0.7740501845691016,0.8552539348602295
942.0,3.9005371682198704,149.0,172.0,72.0,0.7738517629322519,0.8557980060577393
943.0,3.8966366310516505,149.0,175.0,60.0,0.773653193615354,0.8563492298126221
944.0,3.892739994420599,149.0,190.0,84.0,0.7734544765595162,0.8568942546844482
945.0,3.8888472544261785,149.0,172.0,63.0,0.7732556117059297,0.8574771881103516
946.0,3.8849584071717524,149.0,171.0,75.0,0.7730565989958696,0.8580470085144043
947.0,3.881073448764581,149.0,195.0,66.0,0.7728574383706944,0.8585798740386963
948.0,3.877192375315816,149.0,178.0,64.0,0.7726581297718467,0.8591201305389404
949.0,3.8733151829405004,149.0,187.0,66.0,0.7724586731408533,0.8596363067626953
950.0,3.8694418677575597,149.0,190.0,72.0,0.7722590684193255,0.8601589202880859
951.0,3.8655724258898023,149.0,198.0,67.0,0.7720593155489598,0.8606901168823242
952.0,3.8617068534639127,149.0,194.0,73.0,0.7718594144715375,0.8612170219421387
953.0,3.857845146610449,149.0,166.0,64.0,0.7716593651289254,0.861738920211792
954.0,3.8539873014638384,149.0,181.0,69.0,0.7714591674630757,0.8622710704803467
955.0,3.8501333141623744,149.0,184.0,68.0,0.771258821416027,0.8627891540527344
956.0,3.846283180848212,149.0,162.0,64.0,0.7710583269299036,0.8633120059967041
957.0,3.8424368976673637,149.0,185.0,58.0,0.7708576839469167,0.8638410568237305
958.0,3.8385944607696962,149.0,180.0,64.0,0.7706568924093641,0.8643691539764404
959.0,3.8347558663089267,149.0,189.0,76.0,0.7704559522596305,0.8649051189422607
960.0,3.8309211104426177,149.0,195.0,72.0,0.7702548634401881,0.8654601573944092
961.0,3.827090189332175,149.0,188.0,78.0,0.7700536258935967,0.865994930267334
962.0,3.8232630991428427,149.0,182.0,67.0,0.769852239562504,0.8665270805358887
963.0,3.8194398360436996,149.0,198.0,77.0,0.7696507043896458,0.8670551776885986
964.0,3.815620396207656,149.0,193.0,65.0,0.7694490203178461,0.8675730228424072
965.0,3.8118047758114484,149.0,187.0,80.0,0.7692471872900181,0.8680989742279053
966.0,3.807992971035637,149.0,173.0,65.0,0.7690452052491635,0.8686199188232422
967.0,3.804184978064601,149.0,180.0,73.0,0.7688430741383737,0.8691451549530029
968.0,3.8003807930865365,149.0,179.0,66.0,0.7686407939008295,0.86965012550354
969.0,3.79658041229345,149.0,177.0,59.0,0.7684383644798014,0.870171070098877
970.0,3.792783831881157,149.0,189.0,63.0,0.7682357858186503,0.8706810474395752
971.0,3.788991048049276,149.0,180.0,64.0,0.7680330578608272,0.8711950778961182
972.0,3.785202057001227,149.0,192.0,77.0,0.7678301805498741,0.8717200756072998
973.0,3.7814168549442257,149.0,179.0,60.0,0.7676271538294236,0.8722338676452637
974.0,3.7776354380892814,149.0,185.0,78.0,0.7674239776431999,0.8727452754974365
975.0,3.773857802651192,149.0,196.0,76.0,0.7672206519350186,0.8732681274414062
976.0,3.770083944848541,149.0,203.0,83.0,0.7670171766487873,0.8737761974334717
977.0,3.766313860903692,149.0,187.0,83.0,0.7668135517285053,0.8743059635162354
978.0,3.7625475470427885,149.0,191.0,79.0,0.7666097771182648,0.8748149871826172
979.0,3.7587849994957456,149.0,186.0,75.0,0.7664058527622503,0.8753440380096436
980.0,3.75502621449625,149.0,173.0,55.0,0.7662017786047395,0.8758640289306641
981.0,3.7512711882817538,149.0,181.0,58.0,0.765997554590103,0.8763790130615234
982.0,3.747519917093472,149.0,188.0,72.0,0.7657931806628057,0.8769099712371826
983.0,3.7437723971763783,149.0,189.0,65.0,0.7655886567674053,0.8774452209472656
984.0,3.740028624779202,149.0,201.0,58.0,0.7653839828485546,0.8779501914978027
985.0,3.7362885961544228,149.0,196.0,61.0,0.7651791588510001,0.878472089767456
986.0,3.7325523075582683,149.0,190.0,77.0,0.7649741847195834,0.8789889812469482
987.0,3.72881975525071,149.0,186.0,65.0,0.764769060399241,0.8794889450073242
988.0,3.7250909354954596,149.0,165.0,86.0,0.7645637858350046,0.8799960613250732
989.0,3.721365844559964,149.0,167.0,72.0,0.7643583609720014,0.8805081844329834
990.0,3.717644478715404,149.0,192.0,60.0,0.7641527857554548,0.8810169696807861
991.0,3.713926834236689,149.0,160.0,69.0,0.7639470601306838,0.8815243244171143
992.0,3.710212907402452,149.0,177.0,73.0,0.7637411840431043,0.8820490837097168
993.0,3.70650269449505,149.0,175.0,61.0,0.7635351574382289,0.8825581073760986
994.0,3.7027961918005547,149.0,181.0,66.0,0.7633289802616668,0.8830692768096924
995.0,3.699093395608754,149.0,171.0,42.0,0.7631226524591253,0.8835740089416504
996.0,3.6953943022131455,149.0,203.0,67.0,0.7629161739764084,0.8840723037719727
997.0,3.6916989079109324,149.0,202.0,78.0,0.7627095447594187,0.8845722675323486
998.0,3.6880072090030214,149.0,186.0,74.0,0.7625027647541565,0.8850910663604736
999.0,3.6843192017940183,149.0,183.0,64.0,0.762295833906721,0.8856351375579834
1000.0,3.680634882592224,149.0,175.0,64.0,0.7620887521633101,0.886195182800293
1001.0,3.6769542477096318,149.0,182.0,57.0,0.7618815194702204,0.8866920471191406
1002.0,3.673277293461922,149.0,190.0,66.0,0.7616741357738485,0.8872082233428955
1003.0,3.66960401616846,149.0,217.0,78.0,0.7614666010206901,0.8877170085906982
1004.0,3.6659344121522914,149.0,188.0,89.0,0.7612589151573413,0.888242244720459
1005.0,3.662268477740139,149.0,184.0,52.0,0.7610510781304982,0.8887460231781006
1006.0,3.6586062092623988,149.0,174.0,58.0,0.7608430898869576,0.8892562389373779
1007.0,3.6549476030531363,149.0,171.0,69.0,0.7606349503736171,0.8897562026977539
1008.0,3.6512926554500833,149.0,188.0,72.0,0.7604266595374753,0.8902420997619629
1009.0,3.647641362794633,149.0,172.0,60.0,0.7602182173256327,0.8907530307769775
1010.0,3.6439937214318383,149.0,192.0,83.0,0.7600096236852911,0.8912839889526367
1011.0,3.6403497277104067,149.0,186.0,73.0,0.7598008785637548,0.8917932510375977
1012.0,3.6367093779826964,149.0,188.0,58.0,0.7595919819084298,0.8923120498657227
1013.0,3.6330726686047137,149.0,184.0,60.0,0.7593829336668255,0.8928141593933105
1014.0,3.629439595936109,149.0,183.0,56.0,0.7591737337865537,0.8933172225952148
1015.0,3.625810156340173,149.0,169.0,73.0,0.7589643822153299,0.8938190937042236
1016.0,3.6221843461838326,149.0,188.0,85.0,0.7587548789009727,0.8943140506744385
1017.0,3.618562161837649,149.0,198.0,78.0,0.7585452237914049,0.894819974899292
1018.0,3.614943599675811,149.0,167.0,56.0,0.7583354168346533,0.8953120708465576
1019.0,3.611328656076135,149.0,173.0,59.0,0.7581254579788493,0.8958451747894287
1020.0,3.607717327420059,149.0,195.0,62.0,0.7579153471722291,0.896367073059082
1021.0,3.604109610092639,149.0,192.0,73.0,0.7577050843631336,0.8968551158905029
1022.0,3.600505500482546,149.0,176.0,66.0,0.7574946695000094,0.8973639011383057
1023.0,3.5969049949820637,149.0,186.0,65.0,0.757284102531409,0.8978753089904785
1024.0,3.5933080899870817,149.0,203.0,64.0,0.7570733834059904,0.8984191417694092
1025.0,3.5897147818970945,149.0,194.0,65.0,0.756862512072518,0.898928165435791
1026.0,3.5861250671151974,149.0,186.0,67.0,0.7566514884798631,0.899442195892334
1027.0,3.582538942048082,149.0,183.0,65.0,0.7564403125770036,0.8999762535095215
1028.0,3.578956403106034,149.0,200.0,67.0,0.7562289843130248,0.9004731178283691
1029.0,3.575377446702928,149.0,172.0,68.0,0.7560175036371193,0.9009530544281006
1030.0,3.571802069256225,149.0,189.0,53.0,0.7558058704985877,0.9014461040496826
1031.0,3.568230267186969,149.0,180.0,49.0,0.7555940848468388,0.9019582271575928
1032.0,3.5646620369197817,149.0,181.0,74.0,0.7553821466313895,0.9024419784545898
1033.0,3.561097374882862,146.0,179.0,50.0,0.7551700558018658,0.9029440879821777
1034.0,3.557536277507979,146.0,191.0,65.0,0.7549578123080026,0.9034531116485596
1035.0,3.553978741230471,146.0,189.0,71.0,0.7547454160996443,0.9039430618286133
1036.0,3.5504247624892407,146.0,194.0,68.0,0.7545328671267446,0.904425859451294
1037.0,3.5468743377267513,146.0,182.0,69.0,0.7543201653393677,0.9049232006072998
1038.0,3.5433274633890246,146.0,180.0,70.0,0.7541073106876879,0.9054179191589355
1039.0,3.5397841359256357,146.0,155.0,40.0,0.7538943031219898,0.90596604347229
1040.0,3.53624435178971,146.0,198.0,64.0,0.7536811425926693,0.9064922332763672
1041.0,3.5327081074379203,146.0,192.0,72.0,0.7534678290502335,0.9070041179656982
1042.0,3.5291753993304824,146.0,185.0,58.0,0.7532543624453006,0.9075021743774414
1043.0,3.525646223931152,146.0,179.0,62.0,0.7530407427286014,0.9080948829650879
1044.0,3.522120577707221,146.0,192.0,48.0,0.7528269698509784,0.9086050987243652
1045.0,3.5185984571295137,146.0,194.0,46.0,0.7526130437633864,0.9090831279754639
1046.0,3.5150798586723844,146.0,185.0,60.0,0.7523989644168936,0.9095711708068848
1047.0,3.511564778813712,146.0,182.0,65.0,0.7521847317626807,0.9100511074066162
1048.0,3.5080532140348986,146.0,201.0,68.0,0.7519703457520422,0.9105279445648193
1049.0,3.5045451608208635,146.0,188.0,57.0,0.7517558063363861,0.9110090732574463
1050.0,3.5010406156600427,146.0,175.0,65.0,0.7515411134672347,0.9114689826965332
1051.0,3.4975395750443825,146.0,169.0,51.0,0.7513262670962245,0.9119369983673096
1052.0,3.494042035469338,146.0,177.0,49.0,0.7511112671751068,0.9124112129211426
1053.0,3.490547993433869,146.0,179.0,62.0,0.7508961136557478,0.9128921031951904
1054.0,3.487057445440435,146.0,153.0,58.0,0.7506808064901291,0.9133741855621338
1055.0,3.483570387994994,146.0,207.0,54.0,0.7504653456303477,0.913844108581543
1056.0,3.480086817606999,146.0,178.0,65.0,0.7502497310286171,0.9143190383911133
1057.0,3.476606730789392,146.0,191.0,50.0,0.7500339626372665,0.9147861003875732
1058.0,3.4731301240586028,146.0,179.0,61.0,0.749818040408742,0.915255069732666
1059.0,3.469656993934544,146.0,165.0,68.0,0.7496019642956067,0.9157791137695312
1060.0,3.4661873369406093,146.0,189.0,54.0,0.7493857342505404,0.916269063949585
1061.0,3.4627211496036687,146.0,171.0,59.0,0.7491693502263412,0.9167568683624268
1062.0,3.459258428454065,146.0,177.0,55.0,0.7489528121759246,0.9172520637512207
1063.0,3.4557991700256108,146.0,183.0,70.0,0.7487361200523244,0.9177300930023193
1064.0,3.4523433708555853,146.0,189.0,47.0,0.7485192738086928,0.9182100296020508
1065.0,3.4488910274847298,146.0,178.0,53.0,0.7483022733983012,0.9186842441558838
1066.0,3.445442136457245,146.0,196.0,79.0,0.7480851187745398,0.9191811084747314
1067.0,3.4419966943207876,146.0,199.0,59.0,0.7478678098909183,0.9196641445159912
1068.0,3.4385546976264667,146.0,178.0,60.0,0.7476503467010664,0.9201478958129883
1069.0,3.43511614292884,146.0,166.0,63.0,0.747432729158734,0.9206430912017822
1070.0,3.4316810267859115,146.0,176.0,51.0,0.7472149572177912,0.9211351871490479
1071.0,3.4282493457591254,146.0,188.0,58.0,0.7469970308322288,0.9216170310974121
1072.0,3.4248210964133663,146.0,188.0,77.0,0.7467789499561591,0.9220941066741943
1073.0,3.421396275316953,146.0,169.0,64.0,0.7465607145438156,0.922584056854248
1074.0,3.417974879041636,146.0,174.0,46.0,0.7463423245495534,0.9230639934539795
1075.0,3.4145569041625943,146.0,171.0,51.0,0.74612377992785,0.9235529899597168
1076.0,3.4111423472584317,146.0,175.0,60.0,0.745905080633305,0.9240291118621826
1077.0,3.4077312049111734,146.0,195.0,51.0,0.7456862266206411,0.9245061874389648
1078.0,3.4043234737062624,146.0,183.0,60.0,0.7454672178447036,0.9249730110168457
1079.0,3.400919150232556,146.0,161.0,40.0,0.7452480542604615,0.9254550933837891
1080.0,3.3975182310823238,146.0,198.0,56.0,0.7450287358230075,0.9259271621704102
1081.0,3.3941207128512416,146.0,209.0,65.0,0.7448092624875584,0.9264020919799805
1082.0,3.3907265921383902,146.0,188.0,67.0,0.744589634209455,0.9268631935119629
1083.0,3.3873358655462518,146.0,166.0,60.0,0.7443698509441632,0.9273600578308105
1084.0,3.3839485296807057,146.0,166.0,48.0,0.7441499126472737,0.9278509616851807
1085.0,3.380564581151025,146.0,176.0,42.0,0.7439298192745029,0.9283370971679688
1086.0,3.377184016569874,146.0,179.0,45.0,0.7437095707816923,0.9288182258605957
1087.0,3.373806832553304,146.0,181.0,48.0,0.74348916712481,0.9292972087860107
1088.0,3.3704330257207507,146.0,190.0,57.0,0.7432686082599501,0.9297730922698975
1089.0,3.3670625926950297,146.0,168.0,59.0,0.7430478941433336,0.930246114730835
1090.0,3.363695530102335,146.0,201.0,59.0,0.7428270247313085,0.9307200908660889
1091.0,3.3603318345722326,146.0,195.0,71.0,0.7426059999803498,0.9311940670013428
1092.0,3.3569715027376605,146.0,169.0,62.0,0.7423848198470608,0.9316720962524414
1093.0,3.353614531234923,146.0,175.0,52.0,0.7421634842881722,0.9321472644805908
1094.0,3.350260916703688,146.0,170.0,46.0,0.7419419932605436,0.9326200485229492
1095.0,3.3469106557869845,146.0,180.0,50.0,0.7417203467211626,0.9330899715423584
1096.0,3.3435637451311977,146.0,160.0,46.0,0.7414985446271466,0.9335660934448242
1097.0,3.3402201813860666,146.0,197.0,62.0,0.7412765869357419,0.9340341091156006
1098.0,3.3368799612046804,146.0,196.0,57.0,0.7410544736043245,0.934516191482544
1099.0,3.3335430812434756,146.0,172.0,63.0,0.7408322045904006,0.9349930286407471
1100.0,3.330209538162232,146.0,178.0,51.0,0.7406097798516065,0.9354763031005859
1101.0,3.3268793286240697,146.0,184.0,59.0,0.7403871993457095,0.9359819889068604
1102.0,3.3235524492954456,146.0,188.0,60.0,0.7401644630306078,0.9364662170410156
1103.0,3.32022889684615,146.0,199.0,80.0,0.7399415708643309,0.9369490146636963
1104.0,3.3169086679493036,146.0,178.0,66.0,0.7397185228050401,0.9374160766601562
1105.0,3.3135917592813544,146.0,176.0,52.0,0.7394953188110288,0.937913179397583
1106.0,3.310278167522073,146.0,181.0,43.0,0.7392719588407226,0.9383752346038818
1107.0,3.3069678893545507,146.0,164.0,35.0,0.7390484428526799,0.9388411045074463
1108.0,3.303660921465196,146.0,166.0,39.0,0.7388247708055924,0.9393219947814941
1109.0,3.3003572605437306,146.0,176.0,44.0,0.7386009426582849,0.9397940635681152
1110.0,3.297056903283187,146.0,181.0,53.0,0.7383769583697161,0.9403109550476074
1111.0,3.2937598463799036,146.0,185.0,50.0,0.7381528178989787,0.9407610893249512
1112.0,3.290466086533524,146.0,174.0,59.0,0.7379285212053,0.9412322044372559
1113.0,3.28717562044699,146.0,156.0,57.0,0.7377040682480417,0.9416911602020264
1114.0,3.2838884448265433,146.0,169.0,36.0,0.737479458986701,0.9421350955963135
1115.0,3.2806045563817166,146.0,164.0,59.0,0.7372546933809104,0.9426002502441406
1116.0,3.277323951825335,146.0,169.0,47.0,0.7370297713904383,0.9430599212646484
1117.0,3.27404662787351,146.0,183.0,49.0,0.7368046929751891,0.9435062408447266
1118.0,3.2707725812456365,146.0,199.0,49.0,0.7365794580952036,0.9439651966094971
1119.0,3.2675018086643908,146.0,183.0,54.0,0.7363540667106597,0.9444141387939453
1120.0,3.2642343068557262,146.0,168.0,41.0,0.7361285187818722,0.94486403465271
1121.0,3.2609700725488704,146.0,181.0,61.0,0.7359028142692937,0.9453120231628418
1122.0,3.2577091024763214,146.0,205.0,58.0,0.7356769531335144,0.9457650184631348
1123.0,3.254451393373845,146.0,179.0,63.0,0.735450935335263,0.9462161064147949
1124.0,3.251196941980471,146.0,166.0,51.0,0.7352247608354062,0.9466660022735596
1125.0,3.2479457450384905,146.0,152.0,37.0,0.7349984295949503,0.9470930099487305
1126.0,3.2446977992934523,146.0,164.0,43.0,0.7347719415750403,0.9475381374359131
1127.0,3.2414531014941588,146.0,173.0,54.0,0.7345452967369612,0.9479830265045166
1128.0,3.2382116483926646,146.0,180.0,59.0,0.7343184950421376,0.9484450817108154
1129.0,3.234973436744272,146.0,183.0,70.0,0.7340915364521345,0.9488959312438965
1130.0,3.231738463307528,146.0,187.0,59.0,0.7338644209286579,0.9493832588195801
1131.0,3.2285067248442205,146.0,191.0,61.0,0.733637148433554,0.9498190879821777
1132.0,3.225278218119376,146.0,191.0,58.0,0.7334097189288111,0.9502911567687988
1133.0,3.222052939901257,146.0,180.0,42.0,0.7331821323765588,0.9507451057434082
1134.0,3.2188308869613556,146.0,167.0,64.0,0.7329543887390689,0.951200008392334
1135.0,3.215612056074394,146.0,177.0,52.0,0.7327264879787553,0.9516642093658447
1136.0,3.21239644401832,146.0,186.0,37.0,0.732498430058175,0.9521310329437256
1137.0,3.2091840475743014,146.0,193.0,56.0,0.7322702149400279,0.9526171684265137
1138.0,3.2059748635267273,146.0,193.0,58.0,0.7320418425871573,0.953073263168335
1139.0,3.2027688886632006,146.0,193.0,62.0,0.7318133129625505,0.9535281658172607
1140.0,3.1995661197745373,146.0,182.0,40.0,0.7315846260293386,0.9539902210235596
1141.0,3.1963665536547627,146.0,197.0,59.0,0.7313557817507976,0.9544539451599121
1142.0,3.193170187101108,146.0,166.0,55.0,0.731126780090348,0.9549119472503662
1143.0,3.1899770169140065,146.0,179.0,39.0,0.7308976210115558,0.95536208152771
1144.0,3.1867870398970926,146.0,153.0,52.0,0.7306683044781321,0.9558119773864746
1145.0,3.1836002528571954,146.0,180.0,36.0,0.7304388304539347,0.9562768936157227
1146.0,3.1804166526043383,146.0,178.0,48.0,0.7302091989029668,0.95672607421875
1147.0,3.177236235951734,146.0,168.0,49.0,0.7299794097893787,0.957172155380249
1148.0,3.174058999715782,146.0,166.0,32.0,0.7297494630774677,0.9576141834259033
1149.0,3.1708849407160664,146.0,171.0,54.0,0.7295193587316782,0.9580490589141846
1150.0,3.1677140557753503,146.0,175.0,37.0,0.7292890967166024,0.9584839344024658
1151.0,3.164546341719575,146.0,167.0,41.0,0.7290586769969807,0.9589319229125977
1152.0,3.1613817953778556,146.0,201.0,44.0,0.7288280995377016,0.9593870639801025
1153.0,3.1582204135824776,146.0,179.0,46.0,0.7285973643038026,0.9598331451416016
1154.0,3.155062193168895,146.0,186.0,41.0,0.7283664712604703,0.9602780342102051
1155.0,3.1519071309757263,146.0,168.0,41.0,0.7281354203730406,0.9607422351837158
1156.0,3.1487552238447507,146.0,179.0,45.0,0.7279042116069994,0.9611830711364746
1157.0,3.145606468620906,146.0,177.0,60.0,0.7276728449279827,0.961622953414917
1158.0,3.142460862152285,146.0,171.0,55.0,0.7274413203017772,0.9620721340179443
1159.0,3.1393184012901325,146.0,175.0,60.0,0.7272096376943203,0.9625170230865479
1160.0,3.1361790828888423,146.0,197.0,40.0,0.7269777970717011,0.9629781246185303
1161.0,3.1330429038059533,146.0,180.0,54.0,0.7267457984001596,0.9634261131286621
1162.0,3.1299098609021474,146.0,177.0,51.0,0.7265136416460886,0.9638659954071045
1163.0,3.1267799510412453,146.0,172.0,45.0,0.7262813267760327,0.9643080234527588
1164.0,3.1236531710902042,146.0,183.0,66.0,0.7260488537566895,0.9647459983825684
1165.0,3.120529517919114,146.0,176.0,43.0,0.7258162225549095,0.9651970863342285
1166.0,3.117408988401195,146.0,187.0,35.0,0.7255834331376968,0.9656391143798828
1167.0,3.1142915794127934,146.0,197.0,46.0,0.7253504854722093,0.9660799503326416
1168.0,3.1111772878333808,146.0,178.0,54.0,0.7251173795257589,0.9665141105651855
1169.0,3.1080661105455474,146.0,187.0,55.0,0.7248841152658123,0.9669532775878906
1170.0,3.104958044435002,146.0,170.0,41.0,0.7246506926599909,0.9673950672149658
1171.0,3.101853086390567,146.0,163.0,46.0,0.7244171116760715,0.9678390026092529
1172.0,3.0987512333041765,146.0,185.0,40.0,0.7241833722819864,0.9682559967041016
1173.0,3.0956524820708724,146.0,177.0,44.0,0.7239494744458238,0.9686949253082275
1174.0,3.0925568295888017,146.0,165.0,38.0,0.7237154181358287,0.9692120552062988
1175.0,3.089464272759213,146.0,193.0,52.0,0.7234812033204023,0.969616174697876
1176.0,3.086374808486454,146.0,171.0,40.0,0.7232468299681034,0.9700300693511963
1177.0,3.0832884336779673,146.0,170.0,44.0,0.7230122980476478,0.970452070236206
1178.0,3.0802051452442893,146.0,171.0,47.0,0.7227776075279093,0.9708900451660156
1179.0,3.0771249400990452,146.0,159.0,29.0,0.7225427583779201,0.9713070392608643
1180.0,3.0740478151589463,146.0,194.0,48.0,0.7223077505668708,0.971735954284668
1181.0,3.0709737673437876,146.0,184.0,55.0,0.7220725840641108,0.9721531867980957
1182.0,3.067902793576444,146.0,184.0,38.0,0.721837258839149,0.9725749492645264
1183.0,3.0648348907828673,146.0,192.0,61.0,0.7216017748616537,0.973020076751709
1184.0,3.0617700558920844,146.0,180.0,43.0,0.7213661321014537,0.9734599590301514
1185.0,3.0587082858361923,146.0,165.0,38.0,0.721130330528538,0.9738979339599609
1186.0,3.0556495775503563,146.0,188.0,43.0,0.7208943701130562,0.9743459224700928
1187.0,3.052593927972806,146.0,184.0,57.0,0.7206582508253191,0.9748170375823975
1188.0,3.049541334044833,146.0,164.0,27.0,0.7204219726357993,0.9752480983734131
1189.0,3.046491792710788,146.0,174.0,37.0,0.7201855355151311,0.9756782054901123
1190.0,3.0434453009180773,146.0,192.0,54.0,0.719948939434111,0.9760880470275879
1191.0,3.040401855617159,146.0,197.0,46.0,0.7197121843636981,0.9765081405639648
1192.0,3.037361453761542,146.0,188.0,48.0,0.719475270275015,0.9769301414489746
1193.0,3.0343240923077803,146.0,170.0,49.0,0.719238197139347,0.9773550033569336
1194.0,3.0312897682154727,146.0,181.0,49.0,0.7190009649281436,0.9777610301971436
1195.0,3.028258478447257,146.0,174.0,42.0,0.7187635736130183,0.9782090187072754
1196.0,3.02523021996881,146.0,175.0,46.0,0.7185260231657491,0.9786350727081299
1197.0,3.022204989748841,146.0,173.0,43.0,0.718288313558279,0.9790530204772949
1198.0,3.019182784759092,146.0,189.0,47.0,0.7180504447627161,0.9794740676879883
1199.0,3.016163601974333,146.0,172.0,43.0,0.7178124167513341,0.9798929691314697
1200.0,3.013147438372359,146.0,182.0,48.0,0.717574229496573,0.9803109169006348
1201.0,3.0101342909339865,146.0,181.0,64.0,0.7173358829710388,0.9807431697845459
1202.0,3.0071241566430524,146.0,187.0,44.0,0.7170973771475045,0.9811410903930664
1203.0,3.0041170324864095,146.0,172.0,56.0,0.7168587119989104,0.9815680980682373
1204.0,3.001112915453923,146.0,168.0,39.0,0.7166198874983638,0.9819951057434082
1205.0,2.9981118025384688,146.0,187.0,47.0,0.7163809036191404,0.9824151992797852
1206.0,2.99511369073593,146.0,181.0,43.0,0.7161417603346839,0.9828641414642334
1207.0,2.9921185770451943,146.0,180.0,33.0,0.7159024576186067,0.983288049697876
1208.0,2.989126458468149,146.0,190.0,50.0,0.7156629954446904,0.9837110042572021
1209.0,2.986137332009681,146.0,179.0,41.0,0.7154233737868856,0.9841279983520508
1210.0,2.983151194677671,146.0,162.0,44.0,0.7151835926193132,0.9845411777496338
1211.0,2.9801680434829936,146.0,173.0,31.0,0.714943651916264,0.984976053237915
1212.0,2.9771878754395105,146.0,175.0,41.0,0.714703551652199,0.9854171276092529
1213.0,2.974210687564071,146.0,179.0,42.0,0.7144632918017509,0.9858880043029785
1214.0,2.971236476876507,146.0,161.0,39.0,0.7142228723397233,0.986361026763916
1215.0,2.9682652403996306,146.0,175.0,41.0,0.7139822932410912,0.9867990016937256
1216.0,2.965296975159231,146.0,175.0,30.0,0.7137415544810022,0.9872081279754639
1217.0,2.962331678184072,146.0,169.0,45.0,0.713500656034776,0.987617015838623
1218.0,2.9593693465058877,146.0,176.0,36.0,0.7132595978779053,0.9880170822143555
1219.0,2.9564099771593817,146.0,175.0,44.0,0.713018379986056,0.9884259700775146
1220.0,2.953453567182222,146.0,183.0,44.0,0.7127770023350675,0.9888401031494141
1221.0,2.95050011361504,146.0,176.0,39.0,0.7125354649009533,0.9892480373382568
1222.0,2.9475496135014247,146.0,195.0,45.0,0.7122937676599013,0.9896700382232666
1223.0,2.944602063887923,146.0,158.0,36.0,0.7120519105882741,0.990098237991333
1224.0,2.941657461824035,146.0,164.0,30.0,0.7118098936626094,0.9904990196228027
1225.0,2.9387158043622112,146.0,157.0,37.0,0.7115677168596204,0.9909219741821289
1226.0,2.935777088557849,146.0,171.0,36.0,0.7113253801561963,0.9913640022277832
1227.0,2.932841311469291,146.0,185.0,45.0,0.7110828835294025,0.99180006980896
1228.0,2.9299084701578217,146.0,174.0,40.0,0.7108402269564813,0.992203950881958
1229.0,2.926978561687664,146.0,170.0,54.0,0.7105974104148519,0.9926021099090576
1230.0,2.9240515831259764,146.0,185.0,38.0,0.710354433882111,0.9930081367492676
1231.0,2.9211275315428504,146.0,159.0,30.0,0.7101112973360328,0.9934089183807373
1232.0,2.9182064040113076,146.0,177.0,27.0,0.7098680007545705,0.9938101768493652
1233.0,2.915288197607296,146.0,170.0,31.0,0.7096245441158551,0.9942331314086914
1234.0,2.912372909409689,146.0,157.0,38.0,0.7093809273981971,0.9946432113647461
1235.0,2.909460536500279,146.0,175.0,36.0,0.7091371505800864,0.9950470924377441
1236.0,2.9065510759637787,146.0,178.0,45.0,0.7088932136401923,0.99546217918396
1237.0,2.903644524887815,146.0,165.0,40.0,0.7086491165573648,0.9958760738372803
1238.0,2.900740880362927,146.0,165.0,36.0,0.708404859310634,0.9962761402130127
1239.0,2.897840139482564,146.0,174.0,37.0,0.7081604418792112,0.9966762065887451
1240.0,2.894942299343082,146.0,175.0,49.0,0.7079158642424891,0.997081995010376
1241.0,2.892047357043739,146.0,196.0,47.0,0.7076711263800418,0.9974923133850098
1242.0,2.889155309686695,146.0,163.0,43.0,0.7074262282716258,0.9979040622711182
1243.0,2.8862661543770085,146.0,171.0,32.0,0.7071811698971803,0.9982919692993164
1244.0,2.8833798882226316,146.0,170.0,44.0,0.7069359512368268,0.9986979961395264
1245.0,2.8804965083344087,146.0,183.0,42.0,0.7066905722708708,0.9990990161895752
1246.0,2.8776160118260745,146.0,179.0,36.0,0.7064450329798011,0.9995131492614746
1247.0,2.8747383958142483,146.0,176.0,43.0,0.7061993333442905,0.9999122619628906
1248.0,2.871863657418434,146.0,196.0,39.0,0.7059534733451966,1.0003330707550049
1249.0,2.868991793761016,146.0,198.0,48.0,0.7057074529635619,1.0007410049438477
1250.0,2.8661228019672547,146.0,201.0,40.0,0.7054612721806135,1.0011482238769531
1251.0,2.8632566791652874,146.0,195.0,54.0,0.705214930977765,1.0015411376953125
1252.0,2.8603934224861223,146.0,188.0,43.0,0.7049684293366156,1.001939296722412
1253.0,2.857533029063636,146.0,207.0,57.0,0.7047217672389511,1.0024590492248535
1254.0,2.8546754960345724,146.0,172.0,36.0,0.7044749446667441,1.002845287322998
1255.0,2.851820820538538,146.0,191.0,43.0,0.7042279616021544,1.003222942352295
1256.0,2.8489689997179997,146.0,168.0,39.0,0.7039808180275295,1.003607988357544
1257.0,2.8461200307182817,146.0,193.0,34.0,0.703733513925405,1.0039989948272705
1258.0,2.8432739106875635,146.0,159.0,42.0,0.7034860492785047,1.0043950080871582
1259.0,2.840430636776876,146.0,162.0,34.0,0.7032384240697416,1.0047779083251953
1260.0,2.8375902061400993,146.0,151.0,30.0,0.7029906382822174,1.0051722526550293
1261.0,2.8347526159339593,146.0,154.0,31.0,0.7027426918992241,1.005558967590332
1262.0,2.8319178633180253,146.0,192.0,39.0,0.7024945849042431,1.0059449672698975
1263.0,2.8290859454547075,146.0,181.0,47.0,0.7022463172809466,1.0063281059265137
1264.0,2.826256859509253,146.0,172.0,37.0,0.7019978890131974,1.0067150592803955
1265.0,2.8234306026497435,146.0,166.0,37.0,0.7017493000850498,1.0071029663085938
1266.0,2.8206071720470938,146.0,175.0,41.0,0.7015005504807493,1.00748610496521
1267.0,2.8177865648750466,146.0,158.0,41.0,0.7012516401847338,1.007859230041504
1268.0,2.814968778310172,146.0,175.0,26.0,0.7010025691816335,1.0082311630249023
1269.0,2.8121538095318614,146.0,183.0,31.0,0.7007533374562713,1.008608102798462
1270.0,2.8093416557223296,146.0,191.0,46.0,0.7005039449936635,1.0089950561523438
1271.0,2.806532314066607,146.0,178.0,49.0,0.7002543917790199,1.009383201599121
1272.0,2.8037257817525405,146.0,152.0,31.0,0.7000046777977444,1.009761095046997
1273.0,2.800922055970788,146.0,173.0,32.0,0.6997548030354352,1.0101349353790283
1274.0,2.798121133914817,146.0,176.0,46.0,0.6995047674778855,1.010519027709961
1275.0,2.7953230127809023,146.0,179.0,49.0,0.6992545711110835,1.0109062194824219
1276.0,2.7925276897681215,146.0,170.0,38.0,0.6990042139212133,1.0112838745117188
1277.0,2.7897351620783533,146.0,161.0,30.0,0.6987536958946549,1.0116610527038574
1278.0,2.786945426916275,146.0,181.0,29.0,0.6985030170179846,1.0120270252227783
1279.0,2.7841584814893587,146.0,173.0,30.0,0.6982521772779757,1.012451171875
1280.0,2.7813743230078694,146.0,172.0,42.0,0.698001176661599,1.0128381252288818
1281.0,2.7785929486848615,146.0,182.0,47.0,0.6977500151560224,1.0132379531860352
1282.0,2.7758143557361765,146.0,180.0,42.0,0.6974986927486122,1.0136380195617676
1283.0,2.77303854138044,146.0,185.0,32.0,0.6972472094269332,1.0140202045440674
1284.0,2.77026550283906,146.0,184.0,59.0,0.6969955651787488,1.014420986175537
1285.0,2.7674952373362207,146.0,186.0,45.0,0.696743759992022,1.0148320198059082
1286.0,2.7647277420988843,146.0,189.0,45.0,0.6964917938549151,1.0152230262756348
1287.0,2.7619630143567853,146.0,170.0,39.0,0.6962396667557909,1.0156211853027344
1288.0,2.7592010513424285,146.0,172.0,24.0,0.6959873786832123,1.0160160064697266
1289.0,2.756441850291086,146.0,176.0,31.0,0.6957349296259434,1.0164499282836914
1290.0,2.753685408440795,146.0,192.0,44.0,0.6954823195729495,1.0168201923370361
1291.0,2.750931723032354,146.0,195.0,28.0,0.6952295485133975,1.0171902179718018
1292.0,2.7481807913093217,146.0,176.0,41.0,0.6949766164366565,1.0175590515136719
1293.0,2.7454326105180122,146.0,159.0,43.0,0.6947235233322984,1.0179293155670166
1294.0,2.742687177907494,146.0,164.0,32.0,0.6944702691900975,1.0183112621307373
1295.0,2.7399444907295867,146.0,184.0,30.0,0.6942168540000317,1.0186870098114014
1296.0,2.737204546238857,146.0,176.0,33.0,0.693963277752283,1.019057035446167
1297.0,2.734467341692618,146.0,158.0,31.0,0.693709540437237,1.0194261074066162
1298.0,2.7317328743509255,146.0,178.0,48.0,0.6934556420454842,1.019787073135376
1299.0,2.7290011414765747,146.0,169.0,34.0,0.6932015825678199,1.020146131515503
1300.0,2.726272140335098,146.0,173.0,32.0,0.6929473619952451,1.0205140113830566
1301.0,2.723545868194763,146.0,191.0,43.0,0.6926929803189662,1.0208942890167236
1302.0,2.720822322326568,146.0,181.0,33.0,0.6924384375303962,1.0212552547454834
1303.0,2.7181015000042414,146.0,196.0,46.0,0.6921837336211545,1.0216271877288818
1304.0,2.7153833985042373,146.0,169.0,33.0,0.6919288685830676,1.02199125289917
1305.0,2.712668015105733,146.0,158.0,23.0,0.6916738424081693,1.0224061012268066
1306.0,2.7099553470906272,146.0,172.0,21.0,0.6914186550887016,1.0227971076965332
1307.0,2.7072453917435366,146.0,176.0,41.0,0.6911633066171146,1.0231761932373047
1308.0,2.7045381463517932,146.0,180.0,35.0,0.6909077969860669,1.0235490798950195
1309.0,2.7018336082054413,146.0,161.0,35.0,0.6906521261884264,1.0239100456237793
1310.0,2.6991317745972356,146.0,171.0,32.0,0.6903962942172707,1.0242831707000732
1311.0,2.6964326428226384,146.0,171.0,42.0,0.690140301065887,1.0246751308441162
1312.0,2.6937362101798157,146.0,172.0,42.0,0.6898841467277729,1.0250632762908936
1313.0,2.691042473969636,146.0,158.0,23.0,0.689627831196637,1.0254549980163574
1314.0,2.6883514314956662,146.0,150.0,16.0,0.6893713544663987,1.0258259773254395
1315.0,2.6856630800641708,146.0,189.0,29.0,0.6891147165311895,1.0262000560760498
1316.0,2.6829774169841065,146.0,152.0,42.0,0.6888579173853522,1.0265960693359375
1317.0,2.680294439567122,146.0,165.0,29.0,0.6886009570234427,1.0269920825958252
1318.0,2.677614145127555,146.0,167.0,34.0,0.6883438354402294,1.0273792743682861
1319.0,2.6749365309824276,146.0,179.0,31.0,0.6880865526306938,1.027740240097046
1320.0,2.672261594451445,146.0,167.0,25.0,0.6878291085900317,1.0281000137329102
1321.0,2.6695893328569937,146.0,180.0,47.0,0.6875715033136521,1.0284621715545654
1322.0,2.6669197435241365,146.0,174.0,32.0,0.6873137367971792,1.0288310050964355
1323.0,2.6642528237806125,146.0,170.0,24.0,0.6870558090364518,1.029198169708252
1324.0,2.6615885709568317,146.0,160.0,35.0,0.6867977200275243,1.0295591354370117
1325.0,2.658926982385875,146.0,184.0,23.0,0.6865394697666664,1.0299110412597656
1326.0,2.656268055403489,146.0,157.0,31.0,0.6862810582503642,1.0302691459655762
1327.0,2.6536117873480856,146.0,173.0,23.0,0.6860224854753207,1.0306339263916016
1328.0,2.6509581755607377,146.0,178.0,32.0,0.6857637514384557,1.0310020446777344
1329.0,2.648307217385177,146.0,168.0,36.0,0.6855048561369059,1.0313620567321777
1330.0,2.645658910167792,146.0,187.0,36.0,0.6852457995680268,1.0317280292510986
1331.0,2.643013251257624,146.0,189.0,36.0,0.6849865817293914,1.0320971012115479
1332.0,2.640370238006366,146.0,167.0,35.0,0.6847272026187917,1.0325002670288086
1333.0,2.6377298677683596,146.0,183.0,25.0,0.684467662234239,1.0329132080078125
1334.0,2.635092137900591,146.0,166.0,42.0,0.6842079605739637,1.033282995223999
1335.0,2.6324570457626906,146.0,167.0,21.0,0.6839480976364164,1.0336401462554932
1336.0,2.629824588716928,146.0,165.0,28.0,0.683688073420268,1.034006118774414
1337.0,2.6271947641282107,146.0,170.0,24.0,0.6834278879244103,1.0343742370605469
1338.0,2.6245675693640824,146.0,179.0,46.0,0.6831675411479563,1.0347239971160889
1339.0,2.6219430017947185,146.0,189.0,46.0,0.6829070330902404,1.035093069076538
1340.0,2.6193210587929237,146.0,185.0,33.0,0.6826463637508193,1.035459041595459
1341.0,2.6167017377341306,146.0,190.0,36.0,0.682385533129472,1.035823106765747
1342.0,2.6140850359963963,146.0,181.0,45.0,0.6821245412262007,1.0361781120300293
1343.0,2.6114709509604,146.0,159.0,27.0,0.6818633880412306,1.0365302562713623
1344.0,2.6088594800094396,146.0,177.0,29.0,0.6816020735750108,1.0368869304656982
1345.0,2.6062506205294302,146.0,171.0,35.0,0.6813405978282145,1.0372579097747803
1346.0,2.603644369908901,146.0,182.0,38.0,0.6810789608017398,1.0376529693603516
1347.0,2.601040725538992,146.0,178.0,33.0,0.6808171624967092,1.038027048110962
1348.0,2.598439684813453,146.0,172.0,36.0,0.6805552029144711,1.0383942127227783
1349.0,2.5958412451286397,146.0,162.0,23.0,0.6802930820565999,1.038769245147705
1350.0,2.593245403883511,146.0,152.0,22.0,0.6800307999248958,1.039128065109253
1351.0,2.5906521584796276,146.0,178.0,30.0,0.6797683565213861,1.0394952297210693
1352.0,2.588061506321148,146.0,183.0,47.0,0.6795057518483252,1.039881944656372
1353.0,2.5854734448148267,146.0,160.0,27.0,0.6792429859081948,1.0402610301971436
1354.0,2.582887971370012,146.0,153.0,33.0,0.6789800587037048,1.0406100749969482
1355.0,2.580305083398642,146.0,163.0,19.0,0.6787169702377936,1.0409798622131348
1356.0,2.5777247783152433,146.0,164.0,27.0,0.6784537205136285,1.0413401126861572
1357.0,2.575147053536928,146.0,154.0,23.0,0.6781903095346056,1.0416851043701172
1358.0,2.572571906483391,146.0,169.0,30.0,0.6779267373043513,1.0420410633087158
1359.0,2.5699993345769077,146.0,162.0,32.0,0.6776630038267216,1.0423989295959473
1360.0,2.567429335242331,146.0,167.0,24.0,0.6773991091058035,1.0427560806274414
1361.0,2.5648619059070885,146.0,156.0,18.0,0.6771350531459146,1.0430982112884521
1362.0,2.5622970440011814,146.0,153.0,24.0,0.6768708359516042,1.043443202972412
1363.0,2.5597347469571803,146.0,171.0,31.0,0.6766064575276535,1.043795108795166
1364.0,2.557175012210223,146.0,156.0,35.0,0.6763419178790755,1.0441820621490479
1365.0,2.5546178371980126,146.0,154.0,27.0,0.6760772170111162,1.044546127319336
1366.0,2.5520632193608144,142.0,142.0,20.0,0.675812354929255,1.044905185699463
1367.0,2.5495111561414534,142.0,147.0,23.0,0.6755473316392042,1.0452611446380615
1368.0,2.546961644985312,142.0,168.0,20.0,0.6752821471469106,1.0456092357635498
1369.0,2.5444146833403267,142.0,183.0,32.0,0.6750168014585554,1.045957088470459
1370.0,2.5418702686569863,142.0,177.0,33.0,0.6747512945805542,1.0463039875030518
1371.0,2.5393283983883292,142.0,173.0,37.0,0.6744856265195582,1.0466642379760742
1372.0,2.5367890699899407,142.0,161.0,35.0,0.6742197972824545,1.0470120906829834
1373.0,2.534252280919951,142.0,151.0,31.0,0.6739538068763659,1.0473670959472656
1374.0,2.531718028639031,142.0,173.0,35.0,0.6736876553086519,1.0477240085601807
1375.0,2.529186310610392,142.0,180.0,38.0,0.6734213425869092,1.0481042861938477
1376.0,2.5266571242997813,142.0,185.0,27.0,0.6731548687189717,1.0484871864318848
1377.0,2.5241304671754814,142.0,174.0,28.0,0.6728882337129111,1.0488500595092773
1378.0,2.521606336708306,142.0,165.0,22.0,0.6726214375770375,1.0492069721221924
1379.0,2.5190847303715977,142.0,163.0,31.0,0.6723544803198999,1.0496330261230469
1380.0,2.516565645641226,142.0,160.0,23.0,0.6720873619502861,1.049988031387329
1381.0,2.514049079995585,142.0,159.0,27.0,0.6718200824772237,1.0503451824188232
1382.0,2.511535030915589,142.0,174.0,21.0,0.6715526419099802,1.0506861209869385
1383.0,2.5090234958846733,142.0,163.0,18.0,0.6712850402580637,1.051037073135376
1384.0,2.5065144723887887,142.0,164.0,40.0,0.6710172775312231,1.0513710975646973
1385.0,2.5040079579164,142.0,155.0,18.0,0.6707493537394484,1.0517120361328125
1386.0,2.5015039499584835,142.0,163.0,29.0,0.6704812688929717,1.0520660877227783
1387.0,2.499002446008525,142.0,163.0,27.0,0.6702130230022671,1.0524170398712158
1388.0,2.4965034435625166,142.0,164.0,27.0,0.6699446160780513,1.0527589321136475
1389.0,2.494006940118954,142.0,158.0,19.0,0.6696760481312841,1.0531001091003418
1390.0,2.491512933178835,142.0,167.0,28.0,0.6694073191731688,1.0534420013427734
1391.0,2.489021420245656,142.0,168.0,30.0,0.6691384292151524,1.0537800788879395
1392.0,2.4865323988254104,142.0,172.0,39.0,0.6688693782689266,1.0541532039642334
1393.0,2.484045866426585,142.0,182.0,34.0,0.6686001663464277,1.0545201301574707
1394.0,2.4815618205601586,142.0,170.0,22.0,0.668330793459837,1.0548911094665527
1395.0,2.4790802587395984,142.0,160.0,22.0,0.668061259621582,1.0552411079406738
1396.0,2.4766011784808586,142.0,172.0,35.0,0.6677915648443358,1.0555922985076904
1397.0,2.4741245773023777,142.0,173.0,32.0,0.667521709141018,1.055943250656128
1398.0,2.471650452725075,142.0,172.0,25.0,0.6672516925247958,1.0562942028045654
1399.0,2.46917880227235,142.0,163.0,34.0,0.666981515009083,1.0566482543945312
1400.0,2.466709623470078,142.0,168.0,30.0,0.6667111766075418,1.0569992065429688
1401.0,2.4642429138466078,142.0,166.0,29.0,0.6664406773340822,1.0573649406433105
1402.0,2.461778670932761,142.0,169.0,27.0,0.6661700172028633,1.057711124420166
1403.0,2.4593168922618283,142.0,174.0,24.0,0.6658991962282933,1.05806303024292
1404.0,2.4568575753695665,142.0,172.0,38.0,0.6656282144250297,1.0584192276000977
1405.0,2.454400717794197,142.0,161.0,31.0,0.6653570718079804,1.0587639808654785
1406.0,2.451946317076403,142.0,188.0,32.0,0.6650857683923034,1.0591421127319336
1407.0,2.4494943707593264,142.0,175.0,36.0,0.6648143041934078,1.059514045715332
1408.0,2.447044876388567,142.0,163.0,41.0,0.664542679226954,1.0598680973052979
1409.0,2.4445978315121786,142.0,169.0,32.0,0.664270893508854,1.0602130889892578
1410.0,2.4421532336806666,142.0,183.0,47.0,0.6639989470552724,1.0605602264404297
1411.0,2.439711080446986,142.0,175.0,42.0,0.6637268398826259,1.0609099864959717
1412.0,2.437271369366539,142.0,172.0,28.0,0.663454572007585,1.0612351894378662
1413.0,2.4348340979971725,142.0,162.0,27.0,0.6631821434470727,1.061584234237671
1414.0,2.432399263899175,142.0,169.0,30.0,0.662909554218267,1.0619421005249023
1415.0,2.429966864635276,142.0,169.0,24.0,0.6626368043385997,1.0622670650482178
1416.0,2.427536897770641,142.0,167.0,23.0,0.6623638938257577,1.0626111030578613
1417.0,2.42510936087287,142.0,161.0,12.0,0.6620908226976829,1.0629549026489258
1418.0,2.4226842515119973,142.0,153.0,16.0,0.6618175909725732,1.063305139541626
1419.0,2.4202615672604852,142.0,196.0,35.0,0.6615441986688825,1.0636310577392578
1420.0,2.4178413056932246,142.0,175.0,35.0,0.6612706458053214,1.064013957977295
1421.0,2.415423464387531,142.0,168.0,24.0,0.6609969324008572,1.064357042312622
1422.0,2.4130080409231436,142.0,191.0,34.0,0.6607230584747154,1.0646700859069824
1423.0,2.4105950328822203,142.0,183.0,31.0,0.6604490240463786,1.0650081634521484
1424.0,2.408184437849338,142.0,178.0,38.0,0.6601748291355882,1.0653469562530518
1425.0,2.4057762534114886,142.0,171.0,29.0,0.6599004737623446,1.065690040588379
1426.0,2.4033704771580773,142.0,152.0,24.0,0.6596259579469067,1.0660243034362793
1427.0,2.4009671066809193,142.0,167.0,26.0,0.659351281709794,1.0663652420043945
1428.0,2.398566139574238,142.0,169.0,18.0,0.6590764450717852,1.0666961669921875
1429.0,2.396167573434664,142.0,181.0,26.0,0.6588014480539203,1.067033052444458
1430.0,2.393771405861229,142.0,170.0,30.0,0.6585262906775,1.0673692226409912
1431.0,2.391377634455368,142.0,167.0,31.0,0.6582509729640864,1.0677120685577393
1432.0,2.3889862568209126,142.0,167.0,19.0,0.6579754949355036,1.0680630207061768
1433.0,2.3865972705640917,142.0,185.0,36.0,0.6576998566138379,1.0685510635375977
1434.0,2.3842106732935275,142.0,184.0,36.0,0.6574240580214386,1.0689010620117188
1435.0,2.381826462620234,142.0,180.0,31.0,0.6571480991809178,1.0693879127502441
1436.0,2.3794446361576136,142.0,159.0,21.0,0.6568719801151518,1.0697970390319824
1437.0,2.377065191521456,142.0,160.0,19.0,0.6565957008472806,1.0701329708099365
1438.0,2.3746881263299344,142.0,173.0,35.0,0.6563192614007088,1.0704779624938965
1439.0,2.3723134382036046,142.0,165.0,33.0,0.6560426617991063,1.0708038806915283
1440.0,2.369941124765401,142.0,188.0,30.0,0.6557659020664078,1.0711190700531006
1441.0,2.3675711836406355,142.0,190.0,42.0,0.6554889822268144,1.0714459419250488
1442.0,2.3652036124569946,142.0,181.0,21.0,0.6552119023047934,1.071782112121582
1443.0,2.3628384088445378,142.0,168.0,26.0,0.6549346623250787,1.0721189975738525
1444.0,2.3604755704356934,142.0,155.0,20.0,0.6546572623126716,1.072448968887329
1445.0,2.3581150948652576,142.0,163.0,17.0,0.6543797022928408,1.0727970600128174
1446.0,2.3557569797703923,142.0,173.0,40.0,0.6541019822911233,1.0731329917907715
1447.0,2.353401222790622,142.0,171.0,25.0,0.6538241023333246,1.0735070705413818
1448.0,2.351047821567831,142.0,167.0,20.0,0.6535460624455189,1.0738799571990967
1449.0,2.348696773746263,142.0,159.0,29.0,0.6532678626540503,1.0742311477661133
1450.0,2.3463480769725167,142.0,164.0,25.0,0.6529895029855326,1.0746240615844727
1451.0,2.3440017288955444,142.0,157.0,20.0,0.6527109834668494,1.075010061264038
1452.0,2.3416577271666488,142.0,167.0,16.0,0.6524323041251558,1.0753421783447266
1453.0,2.3393160694394823,142.0,154.0,14.0,0.6521534649878777,1.0756771564483643
1454.0,2.3369767533700427,142.0,148.0,15.0,0.6518744660827126,1.07600998878479
1455.0,2.334639776616673,142.0,150.0,10.0,0.6515953074376302,1.076348066329956
1456.0,2.332305136840056,142.0,167.0,17.0,0.6513159890808727,1.0766892433166504
1457.0,2.329972831703216,142.0,188.0,23.0,0.6510365110409553,1.0770223140716553
1458.0,2.3276428588715126,142.0,180.0,32.0,0.6507568733466667,1.0774331092834473
1459.0,2.325315216012641,142.0,180.0,26.0,0.6504770760270691,1.0777652263641357
1460.0,2.322989900796628,142.0,163.0,23.0,0.6501971191114995,1.0780882835388184
1461.0,2.3206669108958313,142.0,170.0,32.0,0.6499170026295694,1.0784192085266113
1462.0,2.3183462439849354,142.0,168.0,22.0,0.6496367266111654,1.0787372589111328
1463.0,2.3160278977409505,142.0,163.0,29.0,0.6493562910864501,1.0790491104125977
1464.0,2.3137118698432095,142.0,161.0,29.0,0.6490756960858617,1.0793671607971191
1465.0,2.3113981579733665,142.0,162.0,26.0,0.6487949416401154,1.0796809196472168
1466.0,2.309086759815393,142.0,171.0,17.0,0.6485140277802031,1.0799989700317383
1467.0,2.306777673055578,142.0,156.0,18.0,0.6482329545373942,1.0803020000457764
1468.0,2.304470895382522,142.0,176.0,13.0,0.647951721943236,1.0806210041046143
1469.0,2.30216642448714,142.0,161.0,26.0,0.6476703300295541,1.0809378623962402
1470.0,2.2998642580626525,142.0,152.0,25.0,0.6473887788284529,1.0812599658966064
1471.0,2.2975643938045898,142.0,158.0,13.0,0.6471070683723159,1.0815660953521729
1472.0,2.295266829410785,142.0,152.0,18.0,0.6468251986938065,1.0818800926208496
1473.0,2.2929715625813745,142.0,167.0,18.0,0.646543169825868,1.0822041034698486
1474.0,2.2906785910187932,142.0,160.0,41.0,0.6462609818017243,1.0825221538543701
1475.0,2.2883879124277744,142.0,161.0,27.0,0.6459786346548801,1.0828180313110352
1476.0,2.286099524515347,142.0,160.0,10.0,0.6456961284191222,1.0831279754638672
1477.0,2.2838134249908313,142.0,173.0,24.0,0.6454134631285184,1.0834381580352783
1478.0,2.2815296115658406,142.0,162.0,23.0,0.6451306388174196,1.0837490558624268
1479.0,2.279248081954275,142.0,159.0,22.0,0.644847655520459,1.0840539932250977
1480.0,2.2769688338723206,142.0,166.0,16.0,0.6445645132725533,1.0843980312347412
1481.0,2.2746918650384482,142.0,156.0,27.0,0.6442812121089027,1.0847291946411133
1482.0,2.2724171731734097,142.0,159.0,28.0,0.6439977520649915,1.0850422382354736
1483.0,2.2701447560002364,142.0,165.0,26.0,0.643714133176589,1.0853612422943115
1484.0,2.267874611244236,138.0,143.0,15.0,0.643430355479749,1.0856959819793701
1485.0,2.265606736632992,138.0,151.0,18.0,0.6431464190108112,1.086022138595581
1486.0,2.263341129896359,138.0,155.0,18.0,0.6428623238064006,1.0863380432128906
1487.0,2.2610777887664626,138.0,155.0,13.0,0.6425780699034294,1.0866541862487793
1488.0,2.258816710977696,138.0,164.0,24.0,0.6422936573390958,1.0869650840759277
1489.0,2.2565578942667184,138.0,159.0,19.0,0.6420090861508859,1.0872690677642822
1490.0,2.2543013363724516,138.0,155.0,21.0,0.6417243563765731,1.0875790119171143
1491.0,2.252047035036079,138.0,154.0,10.0,0.6414394680542193,1.0878851413726807
1492.0,2.249794988001043,138.0,156.0,22.0,0.6411544212221744,1.0881881713867188
1493.0,2.2475451930130417,138.0,165.0,22.0,0.6408692159190781,1.0884909629821777
1494.0,2.2452976478200286,138.0,171.0,27.0,0.640583852183859,1.088789939880371
1495.0,2.2430523501722086,138.0,167.0,24.0,0.6402983300557362,1.0891199111938477
1496.0,2.2408092978220364,138.0,173.0,28.0,0.6400126495742187,1.0894272327423096
1497.0,2.2385684885242143,138.0,153.0,32.0,0.6397268107791064,1.0897550582885742
1498.0,2.2363299200356903,138.0,150.0,17.0,0.6394408137104909,1.0901103019714355
1499.0,2.2340935901156547,138.0,167.0,24.0,0.639154658408755,1.0904309749603271
1500.0,2.231859496525539,138.0,163.0,23.0,0.6388683449145739,1.0907480716705322
1501.0,2.2296276370290133,138.0,175.0,22.0,0.6385818732689157,1.0910751819610596
1502.0,2.2273980093919845,138.0,168.0,30.0,0.6382952435130412,1.0913751125335693
1503.0,2.2251706113825924,138.0,158.0,26.0,0.638008455688505,1.0916740894317627
1504.0,2.22294544077121,138.0,160.0,20.0,0.6377215098371554,1.09197998046875
1505.0,2.2207224953304388,138.0,154.0,28.0,0.6374344060011352,1.0922861099243164
1506.0,2.218501772835108,138.0,160.0,19.0,0.6371471442228824,1.0925853252410889
1507.0,2.2162832710622733,138.0,160.0,28.0,0.6368597245451301,1.092885971069336
1508.0,2.214066987791211,138.0,160.0,20.0,0.6365721470109067,1.0932040214538574
1509.0,2.2118529208034197,138.0,150.0,27.0,0.6362844116635377,1.093493938446045
1510.0,2.2096410678826164,138.0,155.0,14.0,0.6359965185466446,1.0938122272491455
1511.0,2.207431426814734,138.0,170.0,29.0,0.6357084677041464,1.0942060947418213
1512.0,2.2052239953879194,138.0,170.0,29.0,0.6354202591802594,1.0945541858673096
1513.0,2.2030187713925313,138.0,165.0,15.0,0.6351318930194979,1.0948760509490967
1514.0,2.2008157526211387,138.0,166.0,11.0,0.634843369266675,1.0951972007751465
1515.0,2.1986149368685175,138.0,161.0,22.0,0.6345546879669022,1.0955121517181396
1516.0,2.196416321931649,138.0,168.0,19.0,0.6342658491655907,1.0958361625671387
1517.0,2.1942199056097174,138.0,172.0,15.0,0.6339768529084516,1.096142053604126
1518.0,2.192025685704108,138.0,156.0,18.0,0.633687699241496,1.0964469909667969
1519.0,2.1898336600184036,138.0,173.0,20.0,0.6333983882110357,1.0967531204223633
1520.0,2.1876438263583853,138.0,171.0,24.0,0.6331089198636837,1.0970611572265625
1521.0,2.185456182532027,138.0,160.0,20.0,0.6328192942463547,1.097364902496338
1522.0,2.183270726349495,138.0,159.0,23.0,0.6325295114062653,1.0976781845092773
1523.0,2.1810874556231457,138.0,155.0,21.0,0.6322395713909347,1.0979969501495361
1524.0,2.1789063681675227,138.0,164.0,26.0,0.6319494742481849,1.0983211994171143
1525.0,2.1767274617993553,138.0,149.0,15.0,0.6316592200261415,1.098642110824585
1526.0,2.174550734337556,138.0,147.0,22.0,0.6313688087732338,1.0989859104156494
1527.0,2.1723761836032187,138.0,151.0,14.0,0.6310782405381953,1.099297046661377
1528.0,2.1702038074196155,138.0,139.0,12.0,0.6307875153700643,1.0996170043945312
1529.0,2.1680336036121957,137.0,150.0,14.0,0.6304966333181843,1.099919080734253
1530.0,2.1658655700085836,137.0,158.0,16.0,0.6302055944322045,1.1002130508422852
1531.0,2.163699704438575,137.0,153.0,13.0,0.6299143987620801,1.1005041599273682
1532.0,2.161536004734136,137.0,179.0,24.0,0.6296230463580728,1.1007990837097168
1533.0,2.159374468729402,137.0,166.0,27.0,0.6293315372707513,1.1010980606079102
1534.0,2.1572150942606725,137.0,177.0,24.0,0.6290398715509916,1.1014060974121094
1535.0,2.155057879166412,137.0,157.0,24.0,0.628748049249978,1.101701021194458
1536.0,2.1529028212872454,137.0,162.0,20.0,0.6284560704192024,1.1019949913024902
1537.0,2.150749918465958,137.0,156.0,25.0,0.6281639351104661,1.102309226989746
1538.0,2.1485991685474923,137.0,158.0,18.0,0.6278716433758792,1.1026101112365723
1539.0,2.1464505693789446,137.0,145.0,21.0,0.6275791952678617,1.1029019355773926
1540.0,2.1443041188095657,137.0,159.0,19.0,0.6272865908391436,1.1031911373138428
1541.0,2.142159814690756,137.0,156.0,17.0,0.6269938301427654,1.1034770011901855
1542.0,2.140017654876065,137.0,154.0,24.0,0.6267009132320788,1.1037631034851074
1543.0,2.137877637221189,137.0,146.0,13.0,0.6264078401607468,1.1040360927581787
1544.0,2.135739759583968,137.0,176.0,20.0,0.6261146109827441,1.104344129562378
1545.0,2.133604019824384,137.0,146.0,22.0,0.6258212257523581,1.104633092880249
1546.0,2.1314704158045594,137.0,155.0,17.0,0.6255276845241888,1.1049342155456543
1547.0,2.129338945388755,137.0,167.0,29.0,0.6252339873531494,1.1052350997924805
1548.0,2.1272096064433663,137.0,167.0,25.0,0.6249401342944669,1.105525016784668
1549.0,2.125082396836923,137.0,144.0,29.0,0.6246461254036825,1.1058332920074463
1550.0,2.122957314440086,137.0,153.0,25.0,0.6243519607366514,1.106128215789795
1551.0,2.120834357125646,137.0,157.0,10.0,0.6240576403495448,1.1064260005950928
1552.0,2.11871352276852,137.0,154.0,21.0,0.6237631642988484,1.1067450046539307
1553.0,2.1165948092457514,137.0,141.0,11.0,0.6234685326413644,1.107043981552124
1554.0,2.1144782144365055,137.0,143.0,11.0,0.6231737454342112,1.1073262691497803
1555.0,2.112363736222069,137.0,152.0,21.0,0.622878802734824,1.1076080799102783
1556.0,2.110251372485847,137.0,154.0,16.0,0.6225837046009552,1.1078929901123047
1557.0,2.108141121113361,137.0,149.0,13.0,0.6222884510906751,1.1081831455230713
1558.0,2.1060329799922477,137.0,160.0,12.0,0.6219930422623718,1.108469009399414
1559.0,2.1039269470122552,137.0,152.0,19.0,0.6216974781747523,1.1087450981140137
1560.0,2.101823020065243,137.0,168.0,23.0,0.6214017588868425,1.1090281009674072
1561.0,2.0997211970451777,137.0,159.0,19.0,0.6211058844579879,1.1093151569366455
1562.0,2.0976214758481326,137.0,156.0,20.0,0.6208098549478536,1.1096081733703613
1563.0,2.0955238543722845,137.0,156.0,16.0,0.6205136704164255,1.1098952293395996
1564.0,2.093428330517912,137.0,166.0,17.0,0.62021733092401,1.1101858615875244
1565.0,2.091334902187394,137.0,148.0,28.0,0.619920836531235,1.1104769706726074
1566.0,2.0892435672852065,137.0,159.0,19.0,0.61962418729905,1.1107680797576904
1567.0,2.0871543237179213,137.0,159.0,17.0,0.6193273832887265,1.1110429763793945
1568.0,2.0850671693942036,137.0,156.0,13.0,0.6190304245618589,1.1113240718841553
1569.0,2.0829821022248094,137.0,155.0,12.0,0.6187333111803643,1.1116001605987549
1570.0,2.0808991201225844,137.0,151.0,9.0,0.6184360432064837,1.1118841171264648
1571.0,2.0788182210024617,137.0,152.0,10.0,0.6181386207027817,1.1121692657470703
1572.0,2.076739402781459,137.0,162.0,18.0,0.6178410437321474,1.112441062927246
1573.0,2.0746626633786778,137.0,169.0,27.0,0.6175433123577947,1.1127300262451172
1574.0,2.072588000715299,137.0,164.0,15.0,0.6172454266432628,1.1130101680755615
1575.0,2.0705154127145837,137.0,161.0,14.0,0.6169473866524166,1.1132991313934326
1576.0,2.068444897301869,137.0,159.0,16.0,0.616649192449447,1.1135852336883545
1577.0,2.066376452404567,137.0,176.0,16.0,0.6163508440988718,1.1138851642608643
1578.0,2.0643100759521626,137.0,167.0,19.0,0.6160523416655357,1.1141879558563232
1579.0,2.0622457658762103,137.0,158.0,16.0,0.6157536852146106,1.1144850254058838
1580.0,2.0601835201103342,137.0,166.0,18.0,0.615454874811597,1.1147749423980713
1581.0,2.058123336590224,137.0,165.0,21.0,0.615155910522323,1.1150829792022705
1582.0,2.0560652132536337,137.0,176.0,21.0,0.614856792412946,1.1153671741485596
1583.0,2.05400914804038,137.0,170.0,19.0,0.6145575205499525,1.1156480312347412
1584.0,2.05195513889234,137.0,154.0,18.0,0.6142580950001588,1.1160061359405518
1585.0,2.0499031837534476,137.0,158.0,17.0,0.6139585158307113,1.1162972450256348
1586.0,2.047853280569694,137.0,157.0,13.0,0.6136587831090867,1.116584300994873
1587.0,2.045805427289124,137.0,146.0,13.0,0.6133588969030932,1.1168849468231201
1588.0,2.043759621861835,137.0,145.0,14.0,0.6130588572808702,1.1171760559082031
1589.0,2.041715862239973,137.0,164.0,16.0,0.6127586643108891,1.1174609661102295
1590.0,2.0396741463777333,137.0,151.0,15.0,0.6124583180619535,1.1177341938018799
1591.0,2.0376344722313555,137.0,161.0,25.0,0.6121578186032001,1.1180169582366943
1592.0,2.0355968377591243,137.0,158.0,20.0,0.6118571660040983,1.118307113647461
1593.0,2.0335612409213653,137.0,166.0,18.0,0.6115563603344518,1.1185791492462158
1594.0,2.031527679680444,137.0,154.0,17.0,0.6112554016643981,1.1188690662384033
1595.0,2.0294961520007635,137.0,166.0,17.0,0.610954290064409,1.119157075881958
1596.0,2.027466655848763,137.0,154.0,18.0,0.610653025605292,1.1194450855255127
1597.0,2.025439189192914,137.0,142.0,10.0,0.6103516083581892,1.1197311878204346
1598.0,2.0234137500037215,137.0,153.0,15.0,0.6100500383945795,1.1200270652770996
1599.0,2.0213903362537176,137.0,141.0,14.0,0.609748315786277,1.1203081607818604
1600.0,2.019368945917464,137.0,165.0,14.0,0.6094464406054336,1.1206061840057373
1601.0,2.0173495769715464,137.0,152.0,14.0,0.6091444129245379,1.120882272720337
1602.0,2.0153322273945746,137.0,144.0,11.0,0.608842232816416,1.1211559772491455
1603.0,2.01331689516718,137.0,164.0,17.0,0.6085399003542326,1.121441125869751
1604.0,2.011303578272013,137.0,153.0,18.0,0.6082374156114904,1.1217222213745117
1605.0,2.009292274693741,137.0,149.0,18.0,0.6079347786620312,1.122007131576538
1606.0,2.007282982419047,137.0,145.0,12.0,0.6076319895800363,1.1222901344299316
1607.0,2.005275699436628,137.0,149.0,12.0,0.6073290484400268,1.1225671768188477
1608.0,2.003270423737191,137.0,144.0,11.0,0.607025955316864,1.122852087020874
1609.0,2.001267153313454,137.0,149.0,11.0,0.6067227102857499,1.1231281757354736
1610.0,1.9992658861601404,137.0,153.0,10.0,0.6064193134222278,1.1234002113342285
1611.0,1.9972666202739804,137.0,154.0,13.0,0.6061157648021822,1.1236701011657715
1612.0,1.9952693536537065,137.0,170.0,19.0,0.6058120645018403,1.1239371299743652
1613.0,1.9932740843000527,137.0,151.0,17.0,0.605508212597771,1.1242051124572754
1614.0,1.9912808102157527,137.0,152.0,16.0,0.6052042091668864,1.1244752407073975
1615.0,1.9892895294055368,137.0,153.0,17.0,0.6049000542864422,1.124742031097412
1616.0,1.9873002398761312,137.0,149.0,21.0,0.6045957480340375,1.1250228881835938
1617.0,1.9853129396362552,137.0,157.0,19.0,0.6042912904876157,1.1252970695495605
1618.0,1.9833276266966189,137.0,146.0,19.0,0.6039866817254647,1.1255669593811035
1619.0,1.9813442990699222,137.0,149.0,14.0,0.6036819218262177,1.1259071826934814
1620.0,1.9793629547708522,137.0,169.0,11.0,0.6033770108688535,1.1262061595916748
1621.0,1.9773835918160814,137.0,149.0,21.0,0.6030719489326966,1.126500129699707
1622.0,1.9754062082242654,137.0,174.0,20.0,0.6027667360974177,1.1267828941345215
1623.0,1.9734308020160412,137.0,162.0,17.0,0.6024613724430348,1.127060890197754
1624.0,1.971457371214025,137.0,167.0,19.0,0.6021558580499127,1.1273601055145264
1625.0,1.9694859138428111,137.0,166.0,16.0,0.6018501929987643,1.1276421546936035
1626.0,1.9675164279289683,137.0,151.0,16.0,0.6015443773706501,1.127934217453003
1627.0,1.9655489115010394,137.0,163.0,13.0,0.6012384112469796,1.1282169818878174
1628.0,1.9635833625895383,137.0,160.0,17.0,0.600932294709511,1.128509283065796
1629.0,1.9616197792269487,137.0,156.0,18.0,0.600626027840352,1.128791093826294
1630.0,1.9596581594477218,137.0,163.0,15.0,0.6003196107219603,1.1290721893310547
1631.0,1.9576985012882742,137.0,164.0,21.0,0.6000130434371435,1.1293470859527588
1632.0,1.9557408027869858,137.0,164.0,26.0,0.5997063260690602,1.1296272277832031
1633.0,1.9537850619841988,137.0,163.0,21.0,0.5993994587012199,1.1298999786376953
1634.0,1.9518312769222146,137.0,170.0,25.0,0.5990924414174841,1.130174160003662
1635.0,1.9498794456452924,137.0,167.0,19.0,0.5987852743020659,1.130439043045044
1636.0,1.947929566199647,137.0,161.0,12.0,0.5984779574395309,1.1307251453399658
1637.0,1.9459816366334473,137.0,153.0,11.0,0.5981704909147976,1.1310200691223145
1638.0,1.9440356549968139,137.0,152.0,14.0,0.5978628748131378,1.131303071975708
1639.0,1.942091619341817,137.0,150.0,21.0,0.5975551092201772,1.1315932273864746
1640.0,1.9401495277224752,137.0,155.0,9.0,0.5972471942218952,1.131878137588501
1641.0,1.9382093781947527,137.0,157.0,17.0,0.5969391299046262,1.1321561336517334
1642.0,1.936271168816558,137.0,182.0,29.0,0.5966309163550593,1.132418155670166
1643.0,1.9343348976477415,137.0,169.0,25.0,0.5963225536602392,1.132690191268921
1644.0,1.9324005627500938,137.0,170.0,29.0,0.5960140419075667,1.1329710483551025
1645.0,1.9304681621873436,137.0,151.0,15.0,0.5957053811847983,1.1332640647888184
1646.0,1.9285376940251562,137.0,146.0,13.0,0.5953965715800477,1.133533239364624
1647.0,1.926609156331131,137.0,161.0,13.0,0.5950876131817855,1.1338281631469727
1648.0,1.9246825471748,137.0,160.0,18.0,0.5947785060788401,1.134106159210205
1649.0,1.922757864627625,137.0,140.0,8.0,0.5944692503603977,1.1343860626220703
1650.0,1.9208351067629974,137.0,160.0,19.0,0.5941598461160027,1.1346690654754639
1651.0,1.9189142716562344,137.0,168.0,16.0,0.5938502934355592,1.13493013381958
1652.0,1.9169953573845782,137.0,161.0,15.0,0.5935405924093295,1.1351900100708008
1653.0,1.9150783620271936,137.0,164.0,18.0,0.5932307431279363,1.135453224182129
1654.0,1.9131632836651664,137.0,163.0,17.0,0.5929207456823622,1.1357290744781494
1655.0,1.9112501203815013,137.0,151.0,21.0,0.5926106001639505,1.136012077331543
1656.0,1.9093388702611198,137.0,147.0,18.0,0.592300306664405,1.1362931728363037
1657.0,1.9074295313908587,137.0,164.0,14.0,0.5919898652757916,1.1365771293640137
1658.0,1.905522101859468,137.0,162.0,17.0,0.5916792760905374,1.1368513107299805
1659.0,1.9036165797576083,137.0,151.0,15.0,0.5913685392014322,1.1371240615844727
1660.0,1.9017129631778507,137.0,148.0,3.0,0.5910576547016281,1.1373951435089111
1661.0,1.899811250214673,137.0,158.0,6.0,0.5907466226846405,1.1376750469207764
1662.0,1.8979114389644582,137.0,166.0,19.0,0.5904354432443482,1.137943983078003
1663.0,1.8960135275254937,137.0,176.0,18.0,0.5901241164749941,1.138216257095337
1664.0,1.8941175139979682,137.0,170.0,22.0,0.5898126424711851,1.138489007949829
1665.0,1.8922233964839703,137.0,156.0,14.0,0.5895010213278934,1.1387660503387451
1666.0,1.8903311730874863,137.0,165.0,15.0,0.5891892531404558,1.1390299797058105
1667.0,1.8884408419143988,137.0,164.0,12.0,0.5888773380045752,1.139303207397461
1668.0,1.8865524010724843,137.0,154.0,16.0,0.5885652760163201,1.139571189880371
1669.0,1.8846658486714118,137.0,152.0,7.0,0.5882530672721259,1.1398429870605469
1670.0,1.8827811828227405,137.0,156.0,10.0,0.5879407118687945,1.1401290893554688
1671.0,1.8808984016399177,137.0,158.0,13.0,0.5876282099034952,1.1403980255126953
1672.0,1.8790175032382779,137.0,149.0,18.0,0.5873155614737652,1.1406760215759277
1673.0,1.8771384857350395,137.0,166.0,15.0,0.5870027666775093,1.1409430503845215
1674.0,1.8752613472493045,137.0,164.0,14.0,0.5866898256130014,1.1412131786346436
1675.0,1.8733860859020552,137.0,155.0,15.0,0.586376738378884,1.141491174697876
1676.0,1.871512699816153,137.0,157.0,16.0,0.5860635050741693,1.1418020725250244
1677.0,1.869641187116337,137.0,155.0,11.0,0.5857501257982388,1.1420819759368896
1678.0,1.8677715459292206,137.0,150.0,11.0,0.5854366006508446,1.1423542499542236
1679.0,1.8659037743832914,137.0,142.0,11.0,0.5851229297321092,1.1426012516021729
1680.0,1.864037870608908,137.0,145.0,8.0,0.5848091131425263,1.1428771018981934
1681.0,1.862173832738299,137.0,137.0,4.0,0.5844951509829609,1.1431500911712646
1682.0,1.8603116589055608,137.0,142.0,7.0,0.5841810433546498,1.1434340476989746
1683.0,1.8584513472466553,137.0,154.0,8.0,0.5838667903592023,1.143712043762207
1684.0,1.8565928958994087,137.0,157.0,20.0,0.5835523920986001,1.1440019607543945
1685.0,1.8547363030035093,137.0,162.0,10.0,0.5832378486751982,1.1442711353302002
1686.0,1.8528815667005059,137.0,153.0,16.0,0.5829231601917251,1.144545078277588
1687.0,1.8510286851338054,137.0,146.0,12.0,0.582608326751283,1.1448051929473877
1688.0,1.8491776564486715,137.0,142.0,11.0,0.5822933484573486,1.1450700759887695
1689.0,1.8473284787922228,137.0,152.0,11.0,0.5819782254137733,1.1453502178192139
1690.0,1.8454811503134305,137.0,145.0,9.0,0.5816629577247836,1.1456031799316406
1691.0,1.843635669163117,137.0,160.0,8.0,0.5813475454949817,1.145874261856079
1692.0,1.841792033493954,137.0,157.0,14.0,0.5810319888293456,1.1461460590362549
1693.0,1.83995024146046,137.0,151.0,6.0,0.5807162878332297,1.1464240550994873
1694.0,1.8381102912189995,137.0,151.0,9.0,0.5804004426123651,1.1467061042785645
1695.0,1.8362721809277804,137.0,173.0,32.0,0.5800844532728602,1.1469800472259521
1696.0,1.8344359087468527,137.0,154.0,16.0,0.5797683199212011,1.1472539901733398
1697.0,1.832601472838106,137.0,153.0,12.0,0.5794520426642518,1.14752197265625
1698.0,1.830768871365268,137.0,158.0,13.0,0.5791356216092542,1.1477890014648438
1699.0,1.8289381024939027,137.0,152.0,15.0,0.5788190568638301,1.1480722427368164
1700.0,1.8271091643914088,137.0,153.0,18.0,0.5785023485359795,1.1483581066131592
1701.0,1.8252820552270175,137.0,158.0,22.0,0.5781854967340824,1.1486411094665527
1702.0,1.8234567731717906,137.0,154.0,17.0,0.5778685015668988,1.1489231586456299
1703.0,1.8216333163986187,137.0,147.0,11.0,0.5775513631435693,1.1491711139678955
1704.0,1.81981168308222,137.0,144.0,9.0,0.5772340815736149,1.1494271755218506
1705.0,1.8179918713991376,137.0,143.0,5.0,0.5769166569669383,1.1497571468353271
1706.0,1.8161738795277385,137.0,147.0,16.0,0.5765990894338234,1.1500210762023926
1707.0,1.8143577056482108,137.0,151.0,12.0,0.5762813790849366,1.1502819061279297
1708.0,1.8125433479425626,137.0,154.0,8.0,0.5759635260313264,1.150550127029419
1709.0,1.81073080459462,137.0,155.0,16.0,0.575645530384424,1.1508030891418457
1710.0,1.8089200737900253,137.0,153.0,16.0,0.5753273922560442,1.151064157485962
1711.0,1.8071111537162352,137.0,151.0,14.0,0.5750091117583851,1.1513168811798096
1712.0,1.8053040425625189,137.0,141.0,7.0,0.5746906890040292,1.1515839099884033
1713.0,1.8034987385199563,137.0,138.0,11.0,0.574372124105943,1.1518361568450928
1714.0,1.8016952397814363,137.0,151.0,11.0,0.5740534171774779,1.152083158493042
1715.0,1.7998935445416548,137.0,151.0,9.0,0.573734568332371,1.1523361206054688
1716.0,1.7980936509971133,137.0,149.0,15.0,0.5734155776847445,1.152575969696045
1717.0,1.7962955573461161,137.0,148.0,10.0,0.5730964453491066,1.1528129577636719
1718.0,1.79449926178877,137.0,159.0,19.0,0.5727771714403521,1.1530659198760986
1719.0,1.7927047625269812,137.0,148.0,13.0,0.5724577560737628,1.1533119678497314
1720.0,1.7909120577644542,137.0,155.0,14.0,0.5721381993650071,1.1535570621490479
1721.0,1.7891211457066898,137.0,151.0,14.0,0.5718185014301416,1.1537950038909912
1722.0,1.7873320245609832,137.0,157.0,13.0,0.5714986623856104,1.1540451049804688
1723.0,1.7855446925364222,137.0,150.0,13.0,0.5711786823482463,1.1542861461639404
1724.0,1.783759147843886,137.0,160.0,9.0,0.5708585614352707,1.1545379161834717
1725.0,1.781975388696042,137.0,154.0,13.0,0.5705382997642942,1.1547822952270508
1726.0,1.780193413307346,137.0,174.0,15.0,0.5702178974533167,1.155019998550415
1727.0,1.7784132198940388,137.0,153.0,16.0,0.5698973546207287,1.1552622318267822
1728.0,1.7766348066741446,137.0,163.0,22.0,0.5695766713853102,1.1555089950561523
1729.0,1.7748581718674705,137.0,149.0,18.0,0.5692558478662325,1.155756950378418
1730.0,1.773083313695603,137.0,154.0,14.0,0.5689348841830576,1.1559960842132568
1731.0,1.7713102303819075,137.0,144.0,10.0,0.5686137804557393,1.1562402248382568
1732.0,1.7695389201515255,137.0,150.0,12.0,0.568292536804623,1.1564788818359375
1733.0,1.767769381231374,137.0,153.0,5.0,0.5679711533504467,1.1567161083221436
1734.0,1.7660016118501425,137.0,151.0,13.0,0.5676496302143405,1.1569561958312988
1735.0,1.7642356102382923,137.0,148.0,12.0,0.5673279675178281,1.1572039127349854
1736.0,1.762471374628054,137.0,147.0,6.0,0.5670061653828263,1.1574370861053467
1737.0,1.760708903253426,137.0,151.0,9.0,0.5666842239316457,1.157668113708496
1738.0,1.7589481943501726,137.0,155.0,12.0,0.5663621432869913,1.1578950881958008
1739.0,1.7571892461558225,137.0,160.0,14.0,0.5660399235719622,1.158130168914795
1740.0,1.7554320569096666,137.0,154.0,23.0,0.565717564910053,1.158372163772583
1741.0,1.7536766248527569,137.0,154.0,11.0,0.565395067425153,1.1586101055145264
1742.0,1.7519229482279042,137.0,148.0,7.0,0.5650724312415478,1.1589040756225586
1743.0,1.7501710252796763,137.0,149.0,13.0,0.5647496564839188,1.159163236618042
1744.0,1.7484208542543966,137.0,161.0,12.0,0.5644267432773438,1.1594228744506836
1745.0,1.7466724334001422,137.0,159.0,14.0,0.5641036917472976,1.1596641540527344
1746.0,1.7449257609667421,137.0,154.0,9.0,0.5637805020196519,1.1599080562591553
1747.0,1.7431808352057754,137.0,159.0,11.0,0.5634571742206763,1.1601572036743164
1748.0,1.7414376543705696,137.0,146.0,12.0,0.5631337084770385,1.1604101657867432
1749.0,1.7396962167161991,137.0,147.0,4.0,0.562810104915804,1.1607139110565186
1750.0,1.737956520499483,137.0,150.0,10.0,0.5624863636644375,1.1609692573547363
1751.0,1.7362185639789833,137.0,159.0,16.0,0.5621624848508027,1.1612191200256348
1752.0,1.7344823454150045,137.0,155.0,6.0,0.5618384686031624,1.161466121673584
1753.0,1.7327478630695894,137.0,148.0,13.0,0.5615143150501798,1.1617100238800049
1754.0,1.7310151152065198,137.0,149.0,8.0,0.5611900243209178,1.161957025527954
1755.0,1.7292841000913133,137.0,158.0,14.0,0.5608655965448403,1.1622121334075928
1756.0,1.727554815991222,137.0,156.0,14.0,0.5605410318518118,1.1624622344970703
1757.0,1.7258272611752308,137.0,144.0,14.0,0.5602163303720984,1.1627099514007568
1758.0,1.7241014339140555,137.0,142.0,6.0,0.5598914922363676,1.162950038909912
1759.0,1.7223773324801415,137.0,152.0,9.0,0.5595665175756892,1.163201093673706
1760.0,1.7206549551476613,137.0,161.0,12.0,0.5592414065215353,1.1634302139282227
1761.0,1.7189343001925137,137.0,156.0,14.0,0.558916159205781,1.1636772155761719
1762.0,1.7172153658923213,137.0,160.0,17.0,0.5585907757607042,1.1639180183410645
1763.0,1.7154981505264288,137.0,153.0,21.0,0.5582652563189863,1.164156198501587
1764.0,1.7137826523759023,137.0,154.0,12.0,0.5579396010137132,1.1643922328948975
1765.0,1.7120688697235265,137.0,152.0,4.0,0.5576138099783745,1.1646230220794678
1766.0,1.7103568008538028,137.0,163.0,9.0,0.5572878833468644,1.164876937866211
1767.0,1.708646444052949,137.0,161.0,10.0,0.5569618212534824,1.165118932723999
1768.0,1.706937797608896,137.0,161.0,19.0,0.5566356238329331,1.165343999862671
1769.0,1.705230859811287,137.0,154.0,13.0,0.5563092912203268,1.1655762195587158
1770.0,1.7035256289514757,137.0,150.0,8.0,0.55598282355118,1.1658070087432861
1771.0,1.7018221033225243,137.0,144.0,5.0,0.5556562209614156,1.1660330295562744
1772.0,1.7001202812192018,137.0,149.0,7.0,0.5553294835873631,1.1662750244140625
1773.0,1.6984201609379825,137.0,140.0,11.0,0.5550026115657593,1.1665120124816895
1774.0,1.6967217407770445,137.0,143.0,13.0,0.5546756050337484,1.1667580604553223
1775.0,1.6950250190362675,137.0,145.0,11.0,0.5543484641288824,1.1669890880584717
1776.0,1.6933299940172313,137.0,148.0,11.0,0.5540211889891218,1.1672241687774658
1777.0,1.691636664023214,137.0,147.0,6.0,0.5536937797528352,1.1674680709838867
1778.0,1.689945027359191,137.0,150.0,11.0,0.5533662365588006,1.167696237564087
1779.0,1.6882550823318319,137.0,150.0,9.0,0.5530385595462047,1.1679322719573975
1780.0,1.6865668272495,137.0,145.0,6.0,0.5527107488546446,1.1681740283966064
1781.0,1.6848802604222506,137.0,145.0,12.0,0.5523828046241264,1.1684060096740723
1782.0,1.6831953801618282,137.0,143.0,9.0,0.5520547269950672,1.1686410903930664
1783.0,1.6815121847816663,137.0,140.0,12.0,0.5517265161082946,1.1689231395721436
1784.0,1.6798306725968846,137.0,143.0,6.0,0.5513981721050473,1.169161319732666
1785.0,1.6781508419242877,137.0,140.0,6.0,0.5510696951269751,1.1694462299346924
1786.0,1.6764726910823633,137.0,140.0,7.0,0.5507410853161397,1.169680118560791
1787.0,1.674796218391281,137.0,143.0,5.0,0.550412342815015,1.1699252128601074
1788.0,1.6731214221728898,137.0,149.0,11.0,0.550083467766487,1.1701691150665283
1789.0,1.671448300750717,137.0,148.0,10.0,0.5497544603138546,1.1704070568084717
1790.0,1.6697768524499663,137.0,150.0,13.0,0.5494253206008296,1.1706740856170654
1791.0,1.6681070755975163,137.0,142.0,4.0,0.5490960487715376,1.1709139347076416
1792.0,1.6664389685219188,137.0,139.0,8.0,0.5487666449705179,1.1711421012878418
1793.0,1.6647725295533968,137.0,144.0,4.0,0.5484371093427236,1.1713693141937256
1794.0,1.6631077570238435,137.0,150.0,10.0,0.5481074420335226,1.1716010570526123
1795.0,1.6614446492668196,137.0,148.0,10.0,0.5477776431886973,1.1718320846557617
1796.0,1.6597832046175527,137.0,144.0,12.0,0.5474477129544454,1.172062873840332
1797.0,1.6581234214129352,137.0,144.0,11.0,0.5471176514773803,1.1722962856292725
1798.0,1.6564652979915222,132.0,133.0,6.0,0.5467874589045308,1.1725211143493652
1799.0,1.6548088326935306,132.0,134.0,5.0,0.5464571353833422,1.172762155532837
1800.0,1.653154023860837,132.0,142.0,5.0,0.546126681061676,1.1729872226715088
1801.0,1.6515008698369762,132.0,148.0,9.0,0.5457960960878105,1.1732161045074463
1802.0,1.6498493689671392,132.0,149.0,13.0,0.5454653806104416,1.1734371185302734
1803.0,1.648199519598172,132.0,148.0,7.0,0.5451345347786822,1.1736681461334229
1804.0,1.6465513200785737,132.0,145.0,10.0,0.5448035587420632,1.173901081085205
1805.0,1.6449047687584952,132.0,150.0,7.0,0.5444724526505337,1.1741161346435547
1806.0,1.6432598639897367,132.0,154.0,10.0,0.544141216654461,1.174349069595337
1807.0,1.641616604125747,132.0,148.0,8.0,0.5438098509046316,1.1745719909667969
1808.0,1.6399749875216212,132.0,142.0,9.0,0.543478355552251,1.1747922897338867
1809.0,1.6383350125340996,132.0,146.0,5.0,0.543146730748944,1.1750190258026123
1810.0,1.6366966775215654,132.0,144.0,9.0,0.5428149766467554,1.1752359867095947
1811.0,1.6350599808440438,132.0,159.0,12.0,0.5424830933981497,1.1754631996154785
1812.0,1.6334249208631997,132.0,161.0,9.0,0.5421510811560124,1.1756830215454102
1813.0,1.6317914959423365,132.0,158.0,15.0,0.5418189400736495,1.1759071350097656
1814.0,1.6301597044463942,132.0,151.0,16.0,0.5414866703047881,1.1761362552642822
1815.0,1.6285295447419479,132.0,145.0,7.0,0.5411542720035766,1.1763701438903809
1816.0,1.6269010151972059,132.0,148.0,5.0,0.5408217453245852,1.1765930652618408
1817.0,1.6252741141820086,132.0,146.0,6.0,0.5404890904228059,1.176819086074829
1818.0,1.6236488400678266,132.0,156.0,13.0,0.5401563074536538,1.1770391464233398
1819.0,1.6220251912277588,132.0,150.0,15.0,0.5398233965729659,1.177272081375122
1820.0,1.620403166036531,132.0,157.0,17.0,0.5394903579370024,1.177497148513794
1821.0,1.6187827628704945,132.0,148.0,14.0,0.5391571917024471,1.17771315574646
1822.0,1.617163980107624,132.0,140.0,8.0,0.5388238980264071,1.1779391765594482
1823.0,1.6155468161275164,132.0,156.0,8.0,0.5384904770664135,1.178157091140747
1824.0,1.613931269311389,132.0,153.0,12.0,0.5381569289804217,1.178380012512207
1825.0,1.6123173380420777,132.0,168.0,13.0,0.5378232539268117,1.1786019802093506
1826.0,1.6107050207040357,132.0,163.0,11.0,0.5374894520643885,1.1788721084594727
1827.0,1.6090943156833317,132.0,159.0,15.0,0.5371555235523817,1.179084062576294
1828.0,1.6074852213676485,132.0,148.0,8.0,0.5368214685504472,1.1793060302734375
1829.0,1.6058777361462808,132.0,150.0,4.0,0.5364872872186661,1.1795291900634766
1830.0,1.6042718584101345,132.0,155.0,4.0,0.5361529797175459,1.1797502040863037
1831.0,1.6026675865517244,132.0,147.0,11.0,0.5358185462080203,1.1799652576446533
1832.0,1.6010649189651727,132.0,145.0,5.0,0.5354839868514499,1.1801910400390625
1833.0,1.5994638540462074,132.0,155.0,13.0,0.5351493018096223,1.1804170608520508
1834.0,1.5978643901921612,132.0,140.0,6.0,0.5348144912447523,1.180657148361206
1835.0,1.596266525801969,129.0,129.0,10.0,0.5344795553194825,1.180894136428833
1836.0,1.594670259276167,129.0,137.0,6.0,0.5341444941968833,1.1811251640319824
1837.0,1.5930755890168908,129.0,134.0,10.0,0.5338093080404532,1.1813571453094482
1838.0,1.5914825134278738,129.0,134.0,6.0,0.5334739970141193,1.181602954864502
1839.0,1.589891030914446,129.0,141.0,5.0,0.533138561282238,1.1818420886993408
1840.0,1.5883011398835316,129.0,141.0,9.0,0.532803001009594,1.1820800304412842
1841.0,1.586712838743648,129.0,144.0,4.0,0.5324673163614019,1.1823151111602783
1842.0,1.5851261259049043,129.0,134.0,5.0,0.532131507503306,1.1825571060180664
1843.0,1.5835409997789993,129.0,135.0,3.0,0.5317955746013803,1.182814121246338
1844.0,1.5819574587792202,129.0,147.0,5.0,0.5314595178221294,1.1830430030822754
1845.0,1.580375501320441,129.0,145.0,2.0,0.5311233373324885,1.1832671165466309
1846.0,1.5787951258191206,129.0,150.0,7.0,0.5307870332998234,1.1834781169891357
1847.0,1.5772163306933016,129.0,146.0,12.0,0.530450605891931,1.183711051940918
1848.0,1.5756391143626083,129.0,145.0,5.0,0.5301140552770403,1.1839420795440674
1849.0,1.5740634752482456,129.0,152.0,9.0,0.529777381623811,1.1841609477996826
1850.0,1.5724894117729973,129.0,149.0,12.0,0.5294405851013358,1.1844031810760498
1851.0,1.5709169223612243,129.0,146.0,9.0,0.5291036658791392,1.1846351623535156
1852.0,1.569346005438863,129.0,142.0,5.0,0.5287666241271782,1.1848690509796143
1853.0,1.5677766594334241,129.0,153.0,11.0,0.5284294600158431,1.185107946395874
1854.0,1.5662088827739906,129.0,151.0,16.0,0.5280921737159567,1.1853423118591309
1855.0,1.5646426738912167,129.0,148.0,11.0,0.527754765398776,1.1855661869049072
1856.0,1.5630780312173256,129.0,149.0,6.0,0.527417235235991,1.1858041286468506
1857.0,1.5615149531861083,129.0,151.0,13.0,0.5270795833997262,1.18603515625
1858.0,1.5599534382329223,129.0,152.0,10.0,0.5267418100625398,1.186250925064087
1859.0,1.5583934847946894,129.0,150.0,9.0,0.5264039153974253,1.1864712238311768
1860.0,1.5568350913098947,129.0,143.0,5.0,0.5260658995778102,1.1866841316223145
1861.0,1.5552782562185847,129.0,150.0,7.0,0.5257277627775578,1.18690824508667
1862.0,1.5537229779623662,129.0,151.0,15.0,0.5253895051709662,1.1871232986450195
1863.0,1.552169254984404,129.0,152.0,9.0,0.5250511269327693,1.1873440742492676
1864.0,1.5506170857294195,129.0,152.0,5.0,0.5247126282381371,1.1875629425048828
1865.0,1.5490664686436901,129.0,150.0,13.0,0.5243740092626755,1.1877779960632324
1866.0,1.5475174021750464,129.0,146.0,12.0,0.5240352701824268,1.1879961490631104
1867.0,1.5459698847728713,129.0,144.0,4.0,0.5236964111738702,1.1882281303405762
1868.0,1.5444239148880985,129.0,144.0,8.0,0.5233574324139219,1.1884379386901855
1869.0,1.5428794909732104,129.0,147.0,6.0,0.5230183340799349,1.1886639595031738
1870.0,1.541336611482237,129.0,158.0,7.0,0.5226791163497001,1.188894271850586
1871.0,1.5397952748707548,129.0,167.0,11.0,0.5223397794014459,1.1891300678253174
1872.0,1.538255479595884,129.0,159.0,8.0,0.5220003234138391,1.1893410682678223
1873.0,1.536717224116288,129.0,143.0,6.0,0.521660748565984,1.189568042755127
1874.0,1.5351805068921718,129.0,147.0,6.0,0.5213210550374243,1.1897850036621094
1875.0,1.5336453263852796,129.0,151.0,7.0,0.5209812430081419,1.1900091171264648
1876.0,1.5321116810588944,129.0,154.0,8.0,0.5206413126585578,1.1902251243591309
1877.0,1.5305795693778355,129.0,152.0,9.0,0.5203012641695326,1.1904520988464355
1878.0,1.5290489898084576,129.0,166.0,9.0,0.5199610977223659,1.1906681060791016
1879.0,1.527519940818649,129.0,153.0,13.0,0.5196208134987977,1.19087815284729
1880.0,1.5259924208778304,129.0,149.0,6.0,0.5192804116810076,1.191087007522583
1881.0,1.5244664284569525,129.0,144.0,4.0,0.5189398924516154,1.1912841796875
1882.0,1.5229419620284954,129.0,146.0,5.0,0.5185992559936821,1.1914951801300049
1883.0,1.521419020066467,129.0,146.0,5.0,0.5182585024907087,1.1917009353637695
1884.0,1.5198976010464005,129.0,145.0,3.0,0.5179176321266377,1.191918134689331
1885.0,1.518377703445354,129.0,150.0,4.0,0.5175766450858527,1.1921279430389404
1886.0,1.5168593257419087,129.0,154.0,8.0,0.5172355415531787,1.1923351287841797
1887.0,1.5153424664161668,129.0,151.0,5.0,0.5168943217138828,1.1925430297851562
1888.0,1.5138271239497505,129.0,151.0,7.0,0.5165529857536738,1.192734956741333
1889.0,1.5123132968258008,129.0,153.0,7.0,0.5162115338587028,1.1929399967193604
1890.0,1.510800983528975,129.0,146.0,8.0,0.5158699662155632,1.1931519508361816
1891.0,1.5092901825454461,129.0,150.0,5.0,0.5155282830112916,1.193359136581421
1892.0,1.5077808923629006,129.0,152.0,5.0,0.515186484433367,1.1935710906982422
1893.0,1.5062731114705377,129.0,156.0,6.0,0.5148445706697118,1.193777084350586
1894.0,1.504766838359067,129.0,152.0,11.0,0.5145025419086919,1.1940159797668457
1895.0,1.5032620715207081,129.0,151.0,9.0,0.5141603983391166,1.1942472457885742
1896.0,1.5017588094491874,129.0,148.0,8.0,0.5138181401502394,1.194478988647461
1897.0,1.5002570506397381,129.0,151.0,7.0,0.5134757675317574,1.1947031021118164
1898.0,1.4987567935890984,129.0,158.0,11.0,0.5131332806738125,1.194918155670166
1899.0,1.4972580367955093,129.0,150.0,10.0,0.5127906797669908,1.1951360702514648
1900.0,1.4957607787587137,129.0,146.0,8.0,0.5124479650023234,1.1953582763671875
1901.0,1.494265017979955,129.0,150.0,4.0,0.5121051365712863,1.1955811977386475
1902.0,1.4927707529619751,129.0,153.0,5.0,0.5117621946658008,1.1957900524139404
1903.0,1.4912779822090132,129.0,153.0,10.0,0.5114191394782333,1.196023941040039
1904.0,1.4897867042268043,129.0,167.0,12.0,0.5110759712013963,1.196249008178711
1905.0,1.4882969175225775,129.0,164.0,10.0,0.5107326900285479,1.1964621543884277
1906.0,1.486808620605055,129.0,150.0,10.0,0.5103892961533923,1.1966850757598877
1907.0,1.48532181198445,129.0,143.0,6.0,0.5100457897700802,1.1969070434570312
1908.0,1.4838364901724657,129.0,144.0,9.0,0.5097021710732085,1.1971170902252197
1909.0,1.4823526536822933,129.0,146.0,3.0,0.5093584402578211,1.1973769664764404
1910.0,1.480870301028611,129.0,145.0,5.0,0.5090145975194085,1.197608232498169
1911.0,1.4793894307275826,129.0,154.0,9.0,0.5086706430539087,1.1978261470794678
1912.0,1.4779100412968549,129.0,154.0,5.0,0.5083265770577071,1.1980359554290771
1913.0,1.476432131255558,129.0,151.0,9.0,0.5079823997276361,1.1982650756835938
1914.0,1.4749556991243025,129.0,148.0,6.0,0.5076381112609765,1.198493242263794
1915.0,1.4734807434251782,129.0,147.0,8.0,0.5072937118554567,1.1987109184265137
1916.0,1.472007262681753,129.0,144.0,4.0,0.5069492017092533,1.1989390850067139
1917.0,1.4705352554190714,129.0,155.0,9.0,0.5066045810209914,1.1991841793060303
1918.0,1.4690647201636522,129.0,151.0,10.0,0.5062598499897445,1.199402093887329
1919.0,1.4675956554434886,129.0,153.0,15.0,0.5059150088150351,1.1996243000030518
1920.0,1.466128059788045,129.0,145.0,6.0,0.5055700576968345,1.199841022491455
1921.0,1.464661931728257,129.0,147.0,5.0,0.5052249968355631,1.2000539302825928
1922.0,1.4631972697965288,129.0,149.0,8.0,0.5048798264320906,1.200282096862793
1923.0,1.4617340725267323,129.0,155.0,8.0,0.5045345466877367,1.2004940509796143
1924.0,1.4602723384542056,129.0,147.0,7.0,0.5041891578042702,1.2007160186767578
1925.0,1.4588120661157513,129.0,150.0,7.0,0.5038436599839102,1.200927972793579
1926.0,1.4573532540496357,129.0,150.0,3.0,0.5034980534293259,1.2011501789093018
1927.0,1.455895900795586,129.0,146.0,8.0,0.5031523383436366,1.201371192932129
1928.0,1.4544400048947905,129.0,146.0,9.0,0.5028065149304122,1.2015810012817383
1929.0,1.4529855648898957,129.0,144.0,11.0,0.5024605833936733,1.2018380165100098
1930.0,1.4515325793250058,129.0,143.0,5.0,0.5021145439378913,1.2020289897918701
1931.0,1.4500810467456808,129.0,143.0,4.0,0.5017683967679887,1.2022340297698975
1932.0,1.4486309656989351,129.0,147.0,10.0,0.5014221420893389,1.2024331092834473
1933.0,1.4471823347332362,129.0,139.0,3.0,0.5010757801077671,1.2026340961456299
1934.0,1.445735152398503,129.0,138.0,6.0,0.5007293110295498,1.2028310298919678
1935.0,1.4442894172461045,129.0,136.0,6.0,0.5003827350614152,1.2030272483825684
1936.0,1.4428451278288583,129.0,139.0,3.0,0.5000360524105436,1.2032251358032227
1937.0,1.4414022827010295,129.0,137.0,4.0,0.4996892632845672,1.2034270763397217
1938.0,1.4399608804183286,129.0,138.0,10.0,0.49934236789157055,1.203627109527588
1939.0,1.4385209195379103,129.0,144.0,6.0,0.4989953664400905,1.2038230895996094
1940.0,1.4370823986183723,129.0,149.0,12.0,0.49864825913911653,1.2040560245513916
1941.0,1.435645316219754,129.0,147.0,11.0,0.4983010461980909,1.2042651176452637
1942.0,1.4342096709035344,129.0,147.0,7.0,0.4979537278269088,1.2044711112976074
1943.0,1.4327754612326309,129.0,143.0,5.0,0.49760630423591834,1.204681158065796
1944.0,1.4313426857713982,129.0,143.0,7.0,0.49725877563592086,1.204883098602295
1945.0,1.4299113430856267,129.0,139.0,5.0,0.49691114223817134,1.2051050662994385
1946.0,1.4284814317425412,129.0,146.0,13.0,0.4965634042543781,1.2053091526031494
1947.0,1.4270529503107987,129.0,150.0,7.0,0.49621556189670313,1.205528974533081
1948.0,1.4256258973604878,129.0,143.0,4.0,0.4958676153777623,1.2057380676269531
1949.0,1.4242002714631274,129.0,145.0,6.0,0.49551956491062565,1.2059540748596191
1950.0,1.4227760711916644,129.0,142.0,5.0,0.49517141070881715,1.2061669826507568
1951.0,1.4213532951204728,129.0,142.0,11.0,0.4948231529863152,1.2063751220703125
1952.0,1.4199319418253524,129.0,138.0,4.0,0.49447479195755256,1.2065930366516113
1953.0,1.418512009883527,129.0,148.0,7.0,0.49412632783741667,1.2068021297454834
1954.0,1.4170934978736436,129.0,142.0,2.0,0.4937777608412497,1.2070152759552002
1955.0,1.41567640437577,129.0,141.0,5.0,0.4934290911848487,1.2072150707244873
1956.0,1.4142607279713941,129.0,144.0,7.0,0.4930803190844657,1.2074291706085205
1957.0,1.4128464672434227,129.0,139.0,6.0,0.49273144475680797,1.2076301574707031
1958.0,1.4114336207761793,129.0,139.0,7.0,0.49238246841903804,1.2078299522399902
1959.0,1.410022187155403,129.0,137.0,5.0,0.4920333902887739,1.208071231842041
1960.0,1.4086121649682477,129.0,132.0,7.0,0.4916842105840891,1.2082710266113281
1961.0,1.4072035528032794,129.0,134.0,7.0,0.491334929523513,1.208461046218872
1962.0,1.4057963492504761,129.0,139.0,3.0,0.4909855473260305,1.2086610794067383
1963.0,1.4043905529012257,129.0,134.0,2.0,0.4906360642110828,1.2088720798492432
1964.0,1.4029861623483244,129.0,134.0,4.0,0.4902864803985671,1.2090742588043213
1965.0,1.401583176185976,129.0,139.0,3.0,0.48993679610883667,1.2092721462249756
1966.0,1.40018159300979,129.0,139.0,3.0,0.48958701156270135,1.2094662189483643
1967.0,1.3987814114167803,129.0,147.0,6.0,0.4892371269814273,1.2096641063690186
1968.0,1.3973826300053636,129.0,154.0,7.0,0.4888871425867374,1.2098631858825684
1969.0,1.3959852473753582,129.0,157.0,9.0,0.48853705860081104,1.2100579738616943
1970.0,1.394589262127983,129.0,150.0,6.0,0.48818687524628473,1.210259199142456
1971.0,1.393194672865855,129.0,154.0,9.0,0.48783659274625163,1.210456132888794
1972.0,1.3918014781929893,129.0,155.0,9.0,0.4874862113242621,1.210649013519287
1973.0,1.3904096767147962,129.0,153.0,8.0,0.48713573120432374,1.210853099822998
1974.0,1.3890192670380814,129.0,156.0,7.0,0.48678515261090133,1.2110462188720703
1975.0,1.3876302477710434,129.0,146.0,8.0,0.486434475768917,1.2112360000610352
1976.0,1.3862426175232723,129.0,150.0,6.0,0.4860837009037506,1.2114241123199463
1977.0,1.384856374905749,129.0,152.0,7.0,0.48573282824123937,1.2116150856018066
1978.0,1.3834715185308433,129.0,156.0,11.0,0.48538185800767836,1.2118141651153564
1979.0,1.3820880470123125,129.0,148.0,10.0,0.4850307904298204,1.2120082378387451
1980.0,1.3807059589653001,129.0,147.0,3.0,0.4846796257348763,1.2121992111206055
1981.0,1.379325253006335,129.0,142.0,6.0,0.4843283641505147,1.2123870849609375
1982.0,1.3779459277533286,129.0,142.0,9.0,0.4839770059048627,1.2125811576843262
1983.0,1.3765679818255752,129.0,143.0,4.0,0.4836255512265053,1.212773084640503
1984.0,1.3751914138437495,129.0,142.0,7.0,0.4832740003444858,1.212968111038208
1985.0,1.3738162224299058,129.0,149.0,6.0,0.48292235348830614,1.213162899017334
1986.0,1.3724424062074758,129.0,155.0,3.0,0.48257061088792647,1.2133491039276123
1987.0,1.3710699638012684,129.0,149.0,6.0,0.48221877277376585,1.2135300636291504
1988.0,1.3696988938374672,129.0,148.0,8.0,0.48186683937670155,1.2137179374694824
1989.0,1.3683291949436298,129.0,148.0,7.0,0.48151481092807,1.2139272689819336
1990.0,1.3669608657486862,129.0,145.0,2.0,0.4811626876596662,1.2141191959381104
1991.0,1.3655939048829375,129.0,147.0,9.0,0.48081046980374414,1.2143120765686035
1992.0,1.3642283109780546,129.0,144.0,4.0,0.4804581575930168,1.214505910873413
1993.0,1.3628640826670766,129.0,144.0,6.0,0.48010575126065613,1.2147021293640137
1994.0,1.3615012185844095,129.0,141.0,5.0,0.47975325104029354,1.2149019241333008
1995.0,1.3601397173658252,129.0,136.0,3.0,0.47940065716601926,1.2151081562042236
1996.0,1.3587795776484592,129.0,138.0,2.0,0.479047969872383,1.2153022289276123
1997.0,1.3574207980708108,129.0,138.0,5.0,0.4786951893943938,1.2155182361602783
1998.0,1.35606337727274,129.0,150.0,10.0,0.4783423159675202,1.2157061100006104
1999.0,1.3547073138954673,129.0,154.0,6.0,0.4779893498276901,1.2159500122070312
2000.0,1.3533526065815717,129.0,145.0,9.0,0.47763629121129103,1.2161471843719482
2001.0,1.35199925397499,129.0,144.0,2.0,0.4772831403551701,1.2163519859313965
2002.0,1.350647254721015,129.0,149.0,6.0,0.4769298974966343,1.2165560722351074
2003.0,1.349296607466294,129.0,148.0,7.0,0.47657656287345,1.2167670726776123
2004.0,1.3479473108588278,129.0,143.0,6.0,0.47622313672384375,1.216966152191162
2005.0,1.346599363547969,129.0,145.0,4.0,0.4758696192865017,1.2171740531921387
2006.0,1.345252764184421,129.0,145.0,3.0,0.4755160108005699,1.2173559665679932
2007.0,1.3439075114202366,129.0,141.0,6.0,0.47516231150565447,1.2175500392913818
2008.0,1.3425636039088162,129.0,137.0,6.0,0.4748085216418215,1.2177581787109375
2009.0,1.3412210403049074,129.0,148.0,8.0,0.4744546414495973,1.2179582118988037
2010.0,1.3398798192646024,129.0,148.0,8.0,0.474100671169968,1.218153953552246
2011.0,1.338539939445338,129.0,144.0,4.0,0.4737466110443801,1.2183451652526855
2012.0,1.3372013995058925,129.0,141.0,3.0,0.47339246131474005,1.2185540199279785
2013.0,1.3358641981063866,129.0,144.0,3.0,0.47303822222341485,1.2187461853027344
2014.0,1.33452833390828,129.0,137.0,4.0,0.4726838940132315,1.2189631462097168
2015.0,1.3331938055743717,129.0,136.0,7.0,0.4723294769274775,1.2191579341888428
2016.0,1.3318606117687974,129.0,131.0,5.0,0.47197497120990056,1.2193598747253418
2017.0,1.3305287511570287,129.0,132.0,1.0,0.4716203771047088,1.2195651531219482
2018.0,1.3291982224058716,129.0,133.0,4.0,0.47126569485657066,1.219865083694458
2019.0,1.3278690241834656,129.0,134.0,7.0,0.47091092471061524,1.2200822830200195
2020.0,1.3265411551592823,129.0,134.0,4.0,0.470556066912432,1.2202732563018799
2021.0,1.325214614004123,129.0,136.0,6.0,0.4702011217080707,1.2204630374908447
2022.0,1.3238893993901188,129.0,135.0,1.0,0.4698460893440419,1.2206640243530273
2023.0,1.3225655099907287,129.0,135.0,2.0,0.4694909700673163,1.220860242843628
2024.0,1.321242944480738,129.0,136.0,6.0,0.4691357641253257,1.2210421562194824
2025.0,1.3199217015362574,129.0,138.0,5.0,0.46878047176596194,1.2212390899658203
2026.0,1.3186017798347212,129.0,142.0,5.0,0.46842509323757775,1.2214388847351074
2027.0,1.3172831780548864,129.0,146.0,5.0,0.4680696287889863,1.221635103225708
2028.0,1.3159658948768316,129.0,144.0,12.0,0.46771407866946146,1.2218191623687744
2029.0,1.3146499289819547,129.0,153.0,6.0,0.46735844312873764,1.2220211029052734
2030.0,1.3133352790529726,129.0,155.0,9.0,0.46700272241700996,1.2222051620483398
2031.0,1.3120219437739198,129.0,160.0,7.0,0.4666469167849341,1.2223989963531494
2032.0,1.310709921830146,129.0,161.0,8.0,0.4662910264836263,1.2225992679595947
2033.0,1.3093992119083158,129.0,157.0,10.0,0.46593505176466365,1.2228081226348877
2034.0,1.3080898126964073,129.0,151.0,11.0,0.46557899288008353,1.2229952812194824
2035.0,1.3067817228837109,129.0,144.0,5.0,0.46522285008238423,1.2232000827789307
2036.0,1.305474941160827,129.0,139.0,9.0,0.46486662362452463,1.2233901023864746
2037.0,1.3041694662196663,129.0,135.0,4.0,0.46451031375992413,1.2235729694366455
2038.0,1.3028652967534466,129.0,134.0,2.0,0.4641539207424627,1.22377610206604
2039.0,1.3015624314566931,129.0,134.0,2.0,0.463797444826481,1.2239711284637451
2040.0,1.3002608690252364,129.0,130.0,2.0,0.4634408862667802,1.224175214767456
2041.0,1.2989606081562113,129.0,130.0,3.0,0.4630842453186222,1.2243592739105225
2042.0,1.2976616475480551,129.0,136.0,9.0,0.46272752223772917,1.2245571613311768
2043.0,1.2963639859005072,129.0,138.0,5.0,0.46237071728028395,1.2247469425201416
2044.0,1.2950676219146067,129.0,136.0,3.0,0.4620138307029299,1.2249372005462646
2045.0,1.2937725542926921,129.0,136.0,2.0,0.4616568627627709,1.2251360416412354
2046.0,1.2924787817383994,129.0,136.0,2.0,0.46129981371737117,1.2253170013427734
2047.0,1.291186302956661,129.0,150.0,6.0,0.4609426838247554,1.225499153137207
2048.0,1.2898951166537043,129.0,149.0,7.0,0.4605854733434087,1.2256948947906494
2049.0,1.2886052215370505,129.0,146.0,6.0,0.46022818253227654,1.225870132446289
2050.0,1.2873166163155134,129.0,146.0,6.0,0.45987081165076477,1.2260799407958984
2051.0,1.286029299699198,129.0,156.0,10.0,0.4595133609587395,1.226283073425293
2052.0,1.2847432703994988,129.0,149.0,9.0,0.45915583071652694,1.2264659404754639
2053.0,1.2834585271290992,129.0,149.0,5.0,0.45879822118491376,1.2266511917114258
2054.0,1.2821750686019702,129.0,147.0,5.0,0.45844053262514667,1.2268421649932861
2055.0,1.280892893533368,129.0,145.0,13.0,0.4580827652989325,1.227013111114502
2056.0,1.2796120006398348,129.0,147.0,3.0,0.45772491946843824,1.2272281646728516
2057.0,1.278332388639195,129.0,145.0,8.0,0.45736699539629094,1.2274160385131836
2058.0,1.277054056250556,129.0,145.0,6.0,0.4570089933455774,1.2276031970977783
2059.0,1.2757770021943053,129.0,141.0,4.0,0.45665091357984455,1.227795124053955
2060.0,1.274501225192111,129.0,140.0,1.0,0.45629275636309924,1.2279810905456543
2061.0,1.273226723966919,129.0,140.0,3.0,0.45593452195980794,1.2281599044799805
2062.0,1.271953497242952,129.0,140.0,2.0,0.455576210634897,1.2283451557159424
2063.0,1.270681543745709,129.0,148.0,6.0,0.45521782265375244,1.2285280227661133
2064.0,1.2694108622019633,129.0,148.0,5.0,0.45485935828221985,1.2287120819091797
2065.0,1.2681414513397613,129.0,150.0,9.0,0.45450081778660456,1.228888988494873
2066.0,1.2668733098884215,129.0,145.0,4.0,0.4541422014336712,1.2290642261505127
2067.0,1.2656064365785331,129.0,145.0,1.0,0.4537835094906439,1.2292571067810059
2068.0,1.2643408301419545,129.0,147.0,5.0,0.45342474222520607,1.2294409275054932
2069.0,1.2630764893118125,129.0,146.0,6.0,0.4530658999055005,1.2296209335327148
2070.0,1.2618134128225007,129.0,143.0,5.0,0.4527069828001291,1.2297909259796143
2071.0,1.260551599409678,129.0,141.0,4.0,0.45234799117815294,1.2299671173095703
2072.0,1.2592910478102683,129.0,141.0,1.0,0.4519889253090921,1.230159044265747
2073.0,1.2580317567624582,129.0,141.0,2.0,0.45162978546292565,1.230334997177124
2074.0,1.2567737250056956,129.0,144.0,4.0,0.45127057191009134,1.230518102645874
2075.0,1.2555169512806899,129.0,146.0,6.0,0.450911284921486,1.2307350635528564
2076.0,1.2542614343294092,129.0,146.0,5.0,0.450551924768465,1.2309110164642334
2077.0,1.2530071728950798,129.0,146.0,9.0,0.45019249172284215,1.2310960292816162
2078.0,1.2517541657221847,129.0,147.0,8.0,0.4498329860568899,1.2312841415405273
2079.0,1.2505024115564625,129.0,147.0,3.0,0.4494734080433392,1.2314701080322266
2080.0,1.249251909144906,129.0,138.0,5.0,0.44911375795537906,1.2316479682922363
2081.0,1.248002657235761,129.0,138.0,4.0,0.4487540360666568,1.2318241596221924
2082.0,1.2467546545785253,129.0,139.0,4.0,0.448394242651278,1.232018232345581
2083.0,1.2455078999239468,129.0,144.0,3.0,0.4480343779838059,1.2322180271148682
2084.0,1.2442623920240228,129.0,144.0,6.0,0.44767444233926174,1.2324142456054688
2085.0,1.2430181296319986,129.0,139.0,4.0,0.4473144359931246,1.2326061725616455
2086.0,1.2417751115023667,129.0,137.0,2.0,0.4469543592213313,1.2327971458435059
2087.0,1.2405333363908644,129.0,139.0,6.0,0.44659421230027585,1.232978105545044
2088.0,1.2392928030544734,129.0,137.0,1.0,0.4462339955068099,1.2331619262695312
2089.0,1.238053510251419,129.0,137.0,2.0,0.4458737091182426,1.23335599899292
2090.0,1.2368154567411676,129.0,137.0,3.0,0.4455133534123397,1.2335619926452637
2091.0,1.2355786412844263,129.0,135.0,5.0,0.4451529286673246,1.2337431907653809
2092.0,1.234343062643142,129.0,139.0,4.0,0.4447924351618773,1.2339282035827637
2093.0,1.2331087195804988,129.0,138.0,2.0,0.4444318731751345,1.2341129779815674
2094.0,1.2318756108609183,129.0,135.0,2.0,0.4440712429866898,1.2342910766601562
2095.0,1.2306437352500574,129.0,132.0,3.0,0.4437105448765933,1.2344748973846436
2096.0,1.2294130915148074,129.0,137.0,4.0,0.4433497791253512,1.2346549034118652
2097.0,1.2281836784232925,129.0,136.0,7.0,0.4429889460139262,1.2348401546478271
2098.0,1.226955494744869,129.0,143.0,5.0,0.4426280458237371,1.2350220680236816
2099.0,1.2257285392501243,129.0,144.0,5.0,0.44226707883665867,1.2352051734924316
2100.0,1.2245028107108742,129.0,138.0,5.0,0.4419060453350213,1.2353880405426025
2101.0,1.2232783079001632,129.0,138.0,5.0,0.44154494560161117,1.235595941543579
2102.0,1.222055029592263,129.0,136.0,3.0,0.44118377991966995,1.235779047012329
2103.0,1.2208329745626707,129.0,139.0,2.0,0.44082254857289477,1.2359530925750732
2104.0,1.219612141588108,129.0,146.0,9.0,0.4404612518454378,1.236114263534546
2105.0,1.2183925294465199,129.0,144.0,9.0,0.4400998900219063,1.2362771034240723
2106.0,1.2171741369170734,129.0,144.0,6.0,0.4397384633873625,1.2364511489868164
2107.0,1.2159569627801563,129.0,139.0,3.0,0.43937697222732325,1.2366220951080322
2108.0,1.2147410058173762,129.0,137.0,2.0,0.4390154168277599,1.2367820739746094
2109.0,1.2135262648115588,129.0,134.0,1.0,0.4386537974750984,1.2369511127471924
2110.0,1.2123127385467471,129.0,139.0,2.0,0.4382921144562187,1.2371151447296143
2111.0,1.2111004258082003,129.0,138.0,5.0,0.4379303680584549,1.2372870445251465
2112.0,1.2098893253823921,129.0,136.0,2.0,0.437568558569595,1.2374560832977295
2113.0,1.2086794360570097,129.0,134.0,1.0,0.4372066862778804,1.2376410961151123
2114.0,1.2074707566209526,129.0,141.0,4.0,0.4368447514720064,1.2378151416778564
2115.0,1.2062632858643316,129.0,143.0,1.0,0.43648275444112145,1.2379860877990723
2116.0,1.2050570225784674,129.0,143.0,2.0,0.4361206954748271,1.2381539344787598
2117.0,1.2038519655558888,129.0,149.0,6.0,0.43575857486317787,1.2383241653442383
2118.0,1.2026481135903329,129.0,145.0,7.0,0.4353963928966811,1.2385032176971436
2119.0,1.2014454654767426,129.0,142.0,7.0,0.4350341498662966,1.2386789321899414
2120.0,1.2002440200112658,129.0,142.0,4.0,0.4346718460634367,1.2388551235198975
2121.0,1.1990437759912547,129.0,144.0,8.0,0.4343094817799657,1.2390272617340088
2122.0,1.1978447322152634,129.0,142.0,5.0,0.43394705730820005,1.2391982078552246
2123.0,1.1966468874830483,129.0,143.0,1.0,0.4335845729409078,1.2393841743469238
2124.0,1.1954502405955652,129.0,143.0,4.0,0.4332220289713088,1.2395620346069336
2125.0,1.1942547903549696,129.0,143.0,4.0,0.432859425693074,1.239739179611206
2126.0,1.1930605355646147,129.0,139.0,8.0,0.4324967634003258,1.2399091720581055
2127.0,1.19186747502905,129.0,137.0,6.0,0.4321340423876372,1.2400801181793213
2128.0,1.190675607554021,129.0,145.0,5.0,0.4317712629500321,1.240253210067749
2129.0,1.189484931946467,129.0,141.0,5.0,0.431408425382985,1.2404332160949707
2130.0,1.1882954470145206,129.0,140.0,5.0,0.4310455299824204,1.2406001091003418
2131.0,1.187107151567506,129.0,135.0,6.0,0.4306825770447131,1.2407710552215576
2132.0,1.1859200444159386,129.0,135.0,4.0,0.43031956686668765,1.2409350872039795
2133.0,1.1847341243715226,129.0,133.0,2.0,0.4299564997456182,1.2411010265350342
2134.0,1.183549390247151,129.0,134.0,3.0,0.4295933759792283,1.2412810325622559
2135.0,1.1823658408569038,129.0,136.0,3.0,0.4292301958656906,1.241455078125
2136.0,1.1811834750160468,129.0,135.0,1.0,0.42886695970362676,1.2416250705718994
2137.0,1.1800022915410309,129.0,135.0,2.0,0.42850366779210697,1.2417902946472168
2138.0,1.1788222892494897,129.0,141.0,4.0,0.42814032043064987,1.2419660091400146
2139.0,1.1776434669602402,129.0,143.0,6.0,0.42777691791922234,1.242142915725708
2140.0,1.17646582349328,129.0,145.0,7.0,0.4274134605582392,1.2423121929168701
2141.0,1.175289357669787,129.0,146.0,6.0,0.42704994864856294,1.242483139038086
2142.0,1.1741140683121172,129.0,149.0,6.0,0.4266863824915035,1.242650032043457
2143.0,1.172939954243805,129.0,143.0,6.0,0.4263227623888178,1.2428131103515625
2144.0,1.1717670142895613,129.0,143.0,2.0,0.4259590886427101,1.2429769039154053
2145.0,1.1705952472752716,129.0,143.0,2.0,0.42559536155583094,1.2431530952453613
2146.0,1.1694246520279963,129.0,145.0,3.0,0.42523158143127754,1.2433111667633057
2147.0,1.1682552273759683,129.0,140.0,5.0,0.4248677485725932,1.2434861660003662
2148.0,1.1670869721485924,129.0,139.0,3.0,0.4245038632837668,1.2436590194702148
2149.0,1.1659198851764438,129.0,131.0,3.0,0.4241399258692334,1.243828296661377
2150.0,1.1647539652912675,129.0,132.0,1.0,0.42377593663387275,1.2440481185913086
2151.0,1.1635892113259763,129.0,133.0,4.0,0.42341189588301015,1.2442212104797363
2152.0,1.1624256221146503,129.0,133.0,0.0,0.4230478039224154,1.2443859577178955
2153.0,1.1612631964925357,129.0,133.0,0.0,0.422683661058303,1.244549036026001
2154.0,1.1601019332960432,129.0,132.0,3.0,0.4223194675973316,1.2447121143341064
2155.0,1.158941831362747,129.0,132.0,2.0,0.42195522384660356,1.244884967803955
2156.0,1.1577828895313844,129.0,132.0,0.0,0.4215909301136652,1.2450401782989502
2157.0,1.1566251066418531,129.0,142.0,4.0,0.4212265867065062,1.2452001571655273
2158.0,1.1554684815352112,129.0,134.0,6.0,0.42086219393355895,1.2453539371490479
2159.0,1.154313013053676,129.0,134.0,0.0,0.420497752103699,1.2455110549926758
2160.0,1.1531587000406225,129.0,138.0,4.0,0.42013326152624414,1.2456581592559814
2161.0,1.1520055413405819,129.0,145.0,3.0,0.4197687225109543,1.2458128929138184
2162.0,1.1508535357992413,129.0,139.0,5.0,0.41940413536803145,1.2459712028503418
2163.0,1.1497026822634422,129.0,139.0,3.0,0.419039500408119,1.246129035949707
2164.0,1.1485529795811786,129.0,136.0,2.0,0.4186748179423015,1.2462849617004395
2165.0,1.1474044266015975,129.0,137.0,2.0,0.41831008828210464,1.2464449405670166
2166.0,1.146257022174996,129.0,137.0,2.0,0.4179453117394947,1.246598243713379
2167.0,1.145110765152821,129.0,134.0,3.0,0.4175804886268781,1.2467560768127441
2168.0,1.1439656543876682,129.0,135.0,3.0,0.4172156192571013,1.2469110488891602
2169.0,1.1428216887332805,129.0,130.0,3.0,0.41685070394345053,1.2470591068267822
2170.0,1.1416788670445472,129.0,132.0,1.0,0.4164857429996512,1.2472219467163086
2171.0,1.1405371881775026,129.0,135.0,4.0,0.4161207367398677,1.2473781108856201
2172.0,1.1393966509893252,129.0,134.0,4.0,0.4157556854787034,1.2475330829620361
2173.0,1.1382572543383358,129.0,132.0,3.0,0.4153905895311995,1.2476840019226074
2174.0,1.1371189970839974,129.0,134.0,4.0,0.41502544921283563,1.2478351593017578
2175.0,1.1359818780869135,129.0,136.0,4.0,0.4146602648395289,1.2481040954589844
2176.0,1.1348458962088266,129.0,138.0,3.0,0.4142950367276337,1.2482690811157227
2177.0,1.1337110503126178,129.0,133.0,7.0,0.4139297651939414,1.248434066772461
2178.0,1.132577339262305,129.0,133.0,2.0,0.41356445055568014,1.2486121654510498
2179.0,1.1314447619230428,129.0,134.0,2.0,0.4131990931305142,1.248784065246582
2180.0,1.1303133171611197,129.0,135.0,3.0,0.4128336932365437,1.248953104019165
2181.0,1.1291830038439585,129.0,140.0,4.0,0.41246825119230446,1.249129295349121
2182.0,1.1280538208401145,129.0,138.0,2.0,0.4121027673167674,1.2493062019348145
2183.0,1.1269257670192745,129.0,139.0,5.0,0.4117372419293385,1.2494850158691406
2184.0,1.1257988412522553,129.0,139.0,4.0,0.41137167534985797,1.2496659755706787
2185.0,1.124673042411003,129.0,141.0,3.0,0.41100606789860006,1.249833106994629
2186.0,1.123548369368592,129.0,135.0,5.0,0.41064041989627303,1.2499959468841553
2187.0,1.1224248209992234,129.0,139.0,4.0,0.4102747316640184,1.2501540184020996
2188.0,1.121302396178224,129.0,136.0,3.0,0.4099090035234105,1.250324010848999
2189.0,1.1201810937820458,129.0,138.0,2.0,0.40954323579645646,1.2504949569702148
2190.0,1.1190609126882638,129.0,140.0,1.0,0.4091774288055957,1.2506721019744873
2191.0,1.1179418517755755,129.0,135.0,4.0,0.4088115828736993,1.2508442401885986
2192.0,1.1168239099238,129.0,136.0,1.0,0.40844569832406985,1.2510061264038086
2193.0,1.1157070860138762,129.0,138.0,3.0,0.40807977548044094,1.251162052154541
2194.0,1.1145913789278623,129.0,138.0,2.0,0.407713814666977,1.2513270378112793
2195.0,1.1134767875489344,129.0,138.0,2.0,0.40734781620827254,1.2514889240264893
2196.0,1.1123633107613855,129.0,140.0,2.0,0.4069817804293521,1.2516489028930664
2197.0,1.111250947450624,129.0,142.0,3.0,0.4066157076556697,1.2518188953399658
2198.0,1.1101396965031733,129.0,141.0,7.0,0.40624959821310813,1.2519841194152832
2199.0,1.1090295568066701,129.0,137.0,8.0,0.4058834524279793,1.2521450519561768
2200.0,1.1079205272498636,129.0,139.0,2.0,0.4055172706270231,1.252342939376831
2201.0,1.1068126067226136,129.0,141.0,3.0,0.40515105313740707,1.252493143081665
2202.0,1.105705794115891,129.0,143.0,4.0,0.40478480028672664,1.2526791095733643
2203.0,1.104600088321775,129.0,143.0,4.0,0.4044185124030039,1.2528319358825684
2204.0,1.1034954882334533,129.0,139.0,2.0,0.4040521898146876,1.253007173538208
2205.0,1.10239199274522,129.0,138.0,3.0,0.4036858328506527,1.2531750202178955
2206.0,1.1012896007524746,129.0,138.0,7.0,0.4033194418401997,1.2533531188964844
2207.0,1.100188311151722,129.0,143.0,4.0,0.40295301711305465,1.2535111904144287
2208.0,1.0990881228405704,129.0,143.0,2.0,0.40258655899936835,1.253669023513794
2209.0,1.09798903471773,129.0,141.0,3.0,0.4022200678297159,1.2538421154022217
2210.0,1.096891045683012,129.0,143.0,5.0,0.40185354393509665,1.254014253616333
2211.0,1.095794154637329,129.0,149.0,6.0,0.40148698764693325,1.2541801929473877
2212.0,1.0946983604826919,129.0,149.0,5.0,0.4011203992970716,1.254338026046753
2213.0,1.0936036621222092,129.0,148.0,6.0,0.40075377921778005,1.25449800491333
2214.0,1.0925100584600869,129.0,143.0,3.0,0.4003871277417494,1.2546601295471191
2215.0,1.0914175484016269,129.0,142.0,5.0,0.40002044520209207,1.2548191547393799
2216.0,1.0903261308532253,129.0,140.0,5.0,0.39965373193234177,1.2549960613250732
2217.0,1.089235804722372,129.0,135.0,5.0,0.3992869882664529,1.2551662921905518
2218.0,1.0881465689176497,129.0,142.0,5.0,0.39892021453880055,1.2553191184997559
2219.0,1.087058422348732,129.0,139.0,5.0,0.39855341108417947,1.2554831504821777
2220.0,1.0859713639263833,129.0,141.0,1.0,0.39818657823780373,1.255640983581543
2221.0,1.0848853925624569,129.0,135.0,4.0,0.3978197163353066,1.2558951377868652
2222.0,1.0838005071698944,129.0,134.0,3.0,0.39745282571273977,1.2560651302337646
2223.0,1.0827167066627246,129.0,134.0,2.0,0.3970859067065728,1.2562222480773926
2224.0,1.0816339899560619,129.0,133.0,1.0,0.39671895965369297,1.2566261291503906
2225.0,1.0805523559661059,129.0,133.0,3.0,0.39635198489140433,1.2568910121917725
2226.0,1.0794718036101398,128.0,128.0,5.0,0.3959849827574278,1.2570490837097168
2227.0,1.0783923318065296,128.0,128.0,3.0,0.39561795358989993,1.2572650909423828
2228.0,1.077313939474723,128.0,128.0,3.0,0.3952508977273734,1.2574172019958496
2229.0,1.0762366255352485,128.0,132.0,3.0,0.39488381550881546,1.2575740814208984
2230.0,1.0751603889097132,128.0,134.0,1.0,0.39451670727360816,1.257728099822998
2231.0,1.0740852285208036,128.0,132.0,3.0,0.39414957336154754,1.2578790187835693
2232.0,1.0730111432922829,128.0,138.0,1.0,0.3937824141128433,1.2580320835113525
2233.0,1.0719381321489905,128.0,140.0,3.0,0.39341522986811805,1.2582440376281738
2234.0,1.0708661940168416,128.0,140.0,1.0,0.3930480209684072,1.258397102355957
2235.0,1.0697953278228247,128.0,146.0,3.0,0.39268078775515775,1.258545160293579
2236.0,1.0687255324950018,128.0,138.0,6.0,0.3923135305702286,1.258695125579834
2237.0,1.0676568069625068,128.0,136.0,4.0,0.3919462497558895,1.258847951889038
2238.0,1.0665891501555442,128.0,138.0,7.0,0.3915789456548207,1.2590041160583496
2239.0,1.0655225610053887,128.0,139.0,5.0,0.3912116186101123,1.2591590881347656
2240.0,1.0644570384443832,128.0,138.0,2.0,0.39084426896526386,1.2593069076538086
2241.0,1.0633925814059388,128.0,133.0,2.0,0.39047689706418387,1.259455919265747
2242.0,1.062329188824533,128.0,135.0,2.0,0.39010950325118915,1.2596049308776855
2243.0,1.0612668596357084,128.0,133.0,2.0,0.38974208787100423,1.259753942489624
2244.0,1.0602055927760727,128.0,130.0,3.0,0.389374651268761,1.2599000930786133
2245.0,1.0591453871832968,128.0,128.0,2.0,0.38900719378999793,1.2600500583648682
2246.0,1.0580862417961134,128.0,128.0,1.0,0.3886397157806598,1.2601971626281738
2247.0,1.0570281555543173,128.0,130.0,3.0,0.38827221758709696,1.260343074798584
2248.0,1.0559711273987629,128.0,128.0,1.0,0.3879046995560647,1.260490894317627
2249.0,1.0549151562713641,128.0,128.0,0.0,0.3875371620347231,1.2606360912322998
2250.0,1.0538602411150928,128.0,128.0,3.0,0.387169605370636,1.2607800960540771
2251.0,1.0528063808739776,128.0,130.0,1.0,0.3868020299117704,1.2609221935272217
2252.0,1.0517535744931037,128.0,140.0,4.0,0.3864344360064966,1.2610752582550049
2253.0,1.0507018209186105,128.0,139.0,8.0,0.38606682400358666,1.2612190246582031
2254.0,1.0496511190976918,128.0,140.0,5.0,0.3856991942522146,1.261375904083252
2255.0,1.0486014679785942,128.0,140.0,0.0,0.38533154710195555,1.261531114578247
2256.0,1.0475528665106155,128.0,142.0,1.0,0.3849638829027849,1.261673927307129
2257.0,1.046505313644105,128.0,143.0,2.0,0.3845962020050782,1.2618331909179688
2258.0,1.0454588083304608,128.0,137.0,5.0,0.38422850475961035,1.2619760036468506
2259.0,1.0444133495221304,128.0,141.0,6.0,0.38386079151755476,1.2621302604675293
2260.0,1.0433689361726082,128.0,136.0,2.0,0.3834930626304833,1.262281894683838
2261.0,1.0423255672364355,128.0,136.0,0.0,0.3831253184503652,1.2624309062957764
2262.0,1.041283241669199,128.0,137.0,2.0,0.38275755932956673,1.2625792026519775
2263.0,1.0402419584275298,128.0,137.0,0.0,0.3823897856208506,1.2627291679382324
2264.0,1.0392017164691023,128.0,140.0,3.0,0.3820219976773752,1.2628772258758545
2265.0,1.0381625147526332,128.0,140.0,1.0,0.38165419585269406,1.2630271911621094
2266.0,1.0371243522378806,128.0,141.0,3.0,0.38128638050075536,1.2631630897521973
2267.0,1.0360872278856428,128.0,141.0,7.0,0.380918551975901,1.2633159160614014
2268.0,1.0350511406577572,128.0,143.0,1.0,0.3805507106328665,1.2634570598602295
2269.0,1.0340160895170993,128.0,144.0,2.0,0.38018285682677977,1.263597011566162
2270.0,1.0329820734275823,128.0,143.0,1.0,0.37981499091316095,1.2637450695037842
2271.0,1.0319490913541547,128.0,141.0,1.0,0.37944711324792163,1.2638840675354004
2272.0,1.0309171422628005,128.0,141.0,0.0,0.37907922418736417,1.2640392780303955
2273.0,1.0298862251205376,128.0,139.0,3.0,0.3787113240881811,1.2641851902008057
2274.0,1.028856338895417,128.0,139.0,1.0,0.3783434133074545,1.2643370628356934
2275.0,1.0278274825565217,128.0,139.0,5.0,0.3779754922026554,1.2644891738891602
2276.0,1.026799655073965,128.0,140.0,2.0,0.37760756113164307,1.2646300792694092
2277.0,1.0257728554188912,128.0,141.0,4.0,0.37723962045266435,1.2647790908813477
2278.0,1.0247470825634724,128.0,142.0,6.0,0.376871670524353,1.2649221420288086
2279.0,1.0237223354809089,128.0,140.0,1.0,0.37650371170572916,1.2650651931762695
2280.0,1.0226986131454279,128.0,144.0,4.0,0.3761357443561987,1.2652132511138916
2281.0,1.0216759145322825,128.0,146.0,4.0,0.37576776883555235,1.2653639316558838
2282.0,1.0206542386177502,128.0,146.0,5.0,0.3753997855039653,1.2655022144317627
2283.0,1.0196335843791324,128.0,146.0,1.0,0.37503179472199627,1.265645980834961
2284.0,1.0186139507947534,128.0,145.0,3.0,0.37466379685058704,1.265791893005371
2285.0,1.0175953368439585,128.0,142.0,3.0,0.37429579225106174,1.2659220695495605
2286.0,1.0165777415071147,128.0,138.0,6.0,0.3739277812851262,1.2660982608795166
2287.0,1.0155611637656075,128.0,138.0,2.0,0.3735597643148671,1.266254186630249
2288.0,1.0145456026018418,128.0,138.0,0.0,0.3731917417027515,1.2664220333099365
2289.0,1.01353105699924,128.0,138.0,1.0,0.37282371381162593,1.2665672302246094
2290.0,1.0125175259422408,128.0,144.0,4.0,0.3724556810047161,1.2667131423950195
2291.0,1.0115050084162984,128.0,144.0,0.0,0.3720876436456257,1.2668561935424805
2292.0,1.0104935034078821,128.0,143.0,7.0,0.3717196020983361,1.2670061588287354
2293.0,1.0094830099044743,128.0,143.0,1.0,0.3713515567272054,1.2671501636505127
2294.0,1.0084735268945697,128.0,142.0,4.0,0.3709835078969678,1.2672791481018066
2295.0,1.0074650533676752,128.0,136.0,1.0,0.3706154559727332,1.2674150466918945
2296.0,1.0064575883143076,128.0,133.0,1.0,0.3702474013199859,1.267561912536621
2297.0,1.0054511307259932,128.0,132.0,1.0,0.3698793443045843,1.2677040100097656
2298.0,1.0044456795952672,128.0,133.0,1.0,0.36951128529276017,1.2678492069244385
2299.0,1.003441233915672,128.0,133.0,1.0,0.3691432246511178,1.2679860591888428
2300.0,1.0024377926817563,128.0,134.0,1.0,0.36877516274663336,1.2681388854980469
2301.0,1.0014353548890744,128.0,132.0,1.0,0.36840709994665405,1.2682840824127197
2302.0,1.0004339195341854,128.0,134.0,3.0,0.36803903661889764,1.2684242725372314
2303.0,0.9994334856146512,128.0,134.0,4.0,0.3676709731314514,1.268554925918579
2304.0,0.9984340521290366,128.0,134.0,1.0,0.3673029098527718,1.2686970233917236
2305.0,0.9974356180769075,128.0,135.0,2.0,0.36693484715168306,1.2688512802124023
2306.0,0.9964381824588306,128.0,137.0,2.0,0.36656678539737725,1.269002914428711
2307.0,0.9954417442763718,128.0,135.0,2.0,0.366198724959413,1.269150972366333
2308.0,0.9944463025320954,128.0,133.0,2.0,0.365830666207715,1.2692961692810059
2309.0,0.9934518562295633,128.0,135.0,2.0,0.365462609512573,1.2694439888000488
2310.0,0.9924584043733338,128.0,133.0,4.0,0.36509455524464113,1.2695910930633545
2311.0,0.9914659459689604,128.0,133.0,3.0,0.36472650377493765,1.269737958908081
2312.0,0.9904744800229914,128.0,133.0,2.0,0.36435845547484336,1.2698822021484375
2313.0,0.9894840055429684,128.0,133.0,3.0,0.3639904107161014,1.2700231075286865
2314.0,0.9884945215374255,128.0,136.0,3.0,0.36362236987081614,1.2701749801635742
2315.0,0.9875060270158881,128.0,139.0,4.0,0.36325433331145296,1.2703180313110352
2316.0,0.9865185209888722,128.0,139.0,3.0,0.36288630141083666,1.270461082458496
2317.0,0.9855320024678833,128.0,140.0,2.0,0.36251827454215146,1.2706050872802734
2318.0,0.9845464704654154,128.0,144.0,4.0,0.3621502530789396,1.2707481384277344
2319.0,0.98356192399495,128.0,146.0,7.0,0.3617822373951011,1.2708971500396729
2320.0,0.9825783620709551,128.0,147.0,5.0,0.36141422786489263,1.2710461616516113
2321.0,0.9815957837088841,128.0,147.0,4.0,0.3610462248629266,1.271193027496338
2322.0,0.9806141879251752,128.0,145.0,3.0,0.36067822876417094,1.2713429927825928
2323.0,0.97963357373725,128.0,140.0,7.0,0.3603102399439475,1.271488904953003
2324.0,0.9786539401635128,128.0,138.0,2.0,0.3599422587779321,1.2716360092163086
2325.0,0.9776752862233493,128.0,135.0,4.0,0.359574285642153,1.2717900276184082
2326.0,0.9766976109371259,128.0,135.0,4.0,0.3592063209129903,1.2719330787658691
2327.0,0.9757209133261888,128.0,133.0,5.0,0.35883836496717564,1.27207612991333
2328.0,0.9747451924128626,128.0,133.0,2.0,0.3584704181817906,1.272219181060791
2329.0,0.9737704472204497,128.0,133.0,2.0,0.35810248093426644,1.2723701000213623
2330.0,0.9727966767732292,128.0,132.0,3.0,0.3577345536023829,1.2725119590759277
2331.0,0.971823880096456,128.0,131.0,3.0,0.35736663656426776,1.2726540565490723
2332.0,0.9708520562163596,128.0,129.0,2.0,0.3569987301983957,1.2727880477905273
2333.0,0.9698812041601432,128.0,128.0,2.0,0.3566308348835875,1.2729411125183105
2334.0,0.968911322955983,128.0,128.0,3.0,0.3562629509990095,1.2730751037597656
2335.0,0.9679424116330271,128.0,131.0,2.0,0.35589507892417244,1.273231029510498
2336.0,0.9669744692213941,128.0,131.0,0.0,0.35552721903893053,1.2733759880065918
2337.0,0.9660074947521726,128.0,128.0,1.0,0.3551593717234811,1.27351713180542
2338.0,0.9650414872574204,128.0,129.0,3.0,0.3547915373583634,1.2736601829528809
2339.0,0.964076445770163,128.0,129.0,0.0,0.35442371632445746,1.273803949356079
2340.0,0.9631123693243929,128.0,137.0,4.0,0.354055909002984,1.2739460468292236
2341.0,0.9621492569550685,128.0,140.0,4.0,0.35368811577550285,1.2740919589996338
2342.0,0.9611871076981134,128.0,139.0,2.0,0.3533203370239126,1.2742462158203125
2343.0,0.9602259205904153,128.0,138.0,2.0,0.3529525731304492,1.2743899822235107
2344.0,0.9592656946698249,128.0,138.0,4.0,0.3525848244776858,1.2745311260223389
2345.0,0.9583064289751551,128.0,138.0,1.0,0.35221709144853114,1.2746779918670654
2346.0,0.9573481225461798,128.0,137.0,5.0,0.3518493744262291,1.2748222351074219
2347.0,0.9563907744236336,128.0,144.0,5.0,0.3514816737943579,1.274968147277832
2348.0,0.95543438364921,128.0,143.0,2.0,0.3511139899368288,1.275118112564087
2349.0,0.9544789492655608,128.0,141.0,3.0,0.35074632323788557,1.2752671241760254
2350.0,0.9535244703162952,128.0,133.0,5.0,0.35037867408210355,1.27540922164917
2351.0,0.9525709458459789,128.0,133.0,3.0,0.3500110428543886,1.2755539417266846
2352.0,0.9516183749001329,128.0,134.0,3.0,0.34964342993997644,1.2757019996643066
2353.0,0.9506667565252328,128.0,134.0,4.0,0.34927583572443127,1.275834083557129
2354.0,0.9497160897687076,128.0,133.0,2.0,0.34890826059364566,1.2759730815887451
2355.0,0.9487663736789389,128.0,133.0,3.0,0.3485407049338388,1.2761220932006836
2356.0,0.94781760730526,128.0,131.0,2.0,0.34817316913155627,1.2762670516967773
2357.0,0.9468697896979548,128.0,131.0,1.0,0.3478056535736686,1.2764050960540771
2358.0,0.9459229199082568,128.0,129.0,2.0,0.3474381586473707,1.276550054550171
2359.0,0.9449769969883486,128.0,129.0,1.0,0.3470706847401808,1.276702880859375
2360.0,0.9440320199913602,128.0,128.0,4.0,0.34670323223993954,1.2768502235412598
2361.0,0.9430879879713688,128.0,130.0,2.0,0.3463358015348091,1.2769980430603027
2362.0,0.9421448999833975,128.0,129.0,3.0,0.34596839301327215,1.2771430015563965
2363.0,0.9412027550834141,128.0,130.0,2.0,0.34560100706413094,1.2773220539093018
2364.0,0.9402615523283306,128.0,130.0,0.0,0.3452336440765065,1.2774770259857178
2365.0,0.9393212907760023,128.0,131.0,2.0,0.34486630443983746,1.2776210308074951
2366.0,0.9383819694852263,128.0,133.0,1.0,0.34449898854387956,1.2777609825134277
2367.0,0.9374435875157411,128.0,129.0,2.0,0.344131696778704,1.2779030799865723
2368.0,0.9365061439282253,128.0,131.0,1.0,0.34376442953469705,1.278048038482666
2369.0,0.935569637784297,128.0,128.0,3.0,0.3433971872025589,1.2781920433044434
2370.0,0.9346340681465127,128.0,128.0,1.0,0.3430299701733028,1.2783331871032715
2371.0,0.9336994340783662,127.0,127.0,1.0,0.3426627788382538,1.2784721851348877
2372.0,0.9327657346442878,125.0,125.0,1.0,0.34229561358904825,1.2786202430725098
2373.0,0.9318329689096435,125.0,127.0,1.0,0.34192847481763233,1.278759241104126
2374.0,0.9309011359407339,125.0,128.0,1.0,0.3415613629162615,1.2789011001586914
2375.0,0.9299702348047931,125.0,131.0,4.0,0.34119427827749926,1.279038906097412
2376.0,0.9290402645699883,125.0,133.0,2.0,0.34082722129421633,1.279181957244873
2377.0,0.9281112243054184,125.0,128.0,3.0,0.3404601923595894,1.2793281078338623
2378.0,0.9271831130811129,125.0,128.0,0.0,0.3400931918671006,1.2794711589813232
2379.0,0.9262559299680317,125.0,128.0,1.0,0.339726220210536,1.2796070575714111
2380.0,0.9253296740380638,125.0,128.0,1.0,0.339359277783985,1.2797491550445557
2381.0,0.9244043443640257,125.0,131.0,4.0,0.3389923649818392,1.279892921447754
2382.0,0.9234799400196617,125.0,130.0,2.0,0.3386254821987912,1.280029296875
2383.0,0.9225564600796421,125.0,130.0,1.0,0.33825862982983396,1.2801692485809326
2384.0,0.9216339036195624,125.0,130.0,2.0,0.33789180827025955,1.2803151607513428
2385.0,0.9207122697159429,125.0,132.0,2.0,0.33752501791565825,1.280456304550171
2386.0,0.919791557446227,125.0,130.0,1.0,0.3371582591619174,1.2805910110473633
2387.0,0.9188717658887807,125.0,128.0,2.0,0.3367915324052205,1.28074312210083
2388.0,0.9179528941228919,125.0,133.0,2.0,0.33642483804204604,1.2808802127838135
2389.0,0.917034941228769,125.0,132.0,4.0,0.33605817646916686,1.2810192108154297
2390.0,0.9161179062875403,125.0,132.0,2.0,0.3356915480836486,1.2811601161956787
2391.0,0.9152017883812528,125.0,135.0,2.0,0.33532495328284895,1.2813000679016113
2392.0,0.9142865865928715,125.0,125.0,4.0,0.3349583924644166,1.2814381122589111
2393.0,0.9133723000062787,125.0,125.0,0.0,0.33459186602629026,1.2815721035003662
2394.0,0.9124589277062723,125.0,125.0,0.0,0.3342253743666973,1.2817120552062988
2395.0,0.911546468778566,125.0,125.0,0.0,0.3338589178841533,1.2818479537963867
2396.0,0.9106349223097875,125.0,125.0,0.0,0.33349249697746014,1.281980037689209
2397.0,0.9097242873874777,125.0,127.0,1.0,0.3331261120457058,1.2821202278137207
2398.0,0.9088145631000902,125.0,127.0,0.0,0.33275976348826297,1.2822651863098145
2399.0,0.9079057485369901,125.0,127.0,0.0,0.3323934517047876,1.2824110984802246
2400.0,0.9069978427884532,125.0,130.0,2.0,0.33202717709521845,1.2825589179992676
2401.0,0.9060908449456647,125.0,128.0,2.0,0.33166094005977587,1.2826950550079346
2402.0,0.9051847541007191,125.0,126.0,1.0,0.3312947409989603,1.2828242778778076
2403.0,0.9042795693466184,125.0,130.0,2.0,0.3309285803135517,1.2829680442810059
2404.0,0.9033752897772718,125.0,129.0,1.0,0.3305624584046083,1.2831001281738281
2405.0,0.9024719144874945,125.0,128.0,1.0,0.3301963756734654,1.2832400798797607
2406.0,0.9015694425730071,125.0,128.0,0.0,0.32983033252173455,1.2833902835845947
2407.0,0.9006678731304341,125.0,132.0,2.0,0.329464329351302,1.2835230827331543
2408.0,0.8997672052573036,125.0,132.0,1.0,0.3290983665643281,1.2836551666259766
2409.0,0.8988674380520463,125.0,134.0,3.0,0.32873244456324613,1.2837960720062256
2410.0,0.8979685706139943,125.0,131.0,4.0,0.32836656375076084,1.283937931060791
2411.0,0.8970706020433803,125.0,130.0,1.0,0.32800072452984763,1.2840750217437744
2412.0,0.8961735314413369,125.0,126.0,1.0,0.32763492730375154,1.2842111587524414
2413.0,0.8952773579098956,124.0,124.0,1.0,0.3272691724759856,1.2843592166900635
2414.0,0.8943820805519856,123.0,125.0,2.0,0.32690346045033053,1.284501075744629
2415.0,0.8934876984714336,123.0,126.0,1.0,0.326537791630833,1.284641981124878
2416.0,0.8925942107729622,123.0,126.0,0.0,0.32617216642180485,1.2847800254821777
2417.0,0.8917016165621893,123.0,126.0,0.0,0.32580658522782147,1.2849221229553223
2418.0,0.8908099149456271,123.0,124.0,1.0,0.32544104845372146,1.2850558757781982
2419.0,0.8899191050306815,123.0,125.0,3.0,0.3250755565046046,1.2851970195770264
2420.0,0.8890291859256508,123.0,125.0,1.0,0.32471010978583154,1.2853422164916992
2421.0,0.8881401567397251,123.0,127.0,1.0,0.3243447087030221,1.285478115081787
2422.0,0.8872520165829854,123.0,127.0,1.0,0.32397935366205444,1.285620927810669
2423.0,0.8863647645664023,123.0,127.0,0.0,0.3236140450690637,1.2857630252838135
2424.0,0.885478399801836,123.0,126.0,1.0,0.3232487833304409,1.2859060764312744
2425.0,0.8845929214020342,123.0,126.0,0.0,0.32288356885283187,1.2860469818115234
2426.0,0.8837083284806321,123.0,126.0,0.0,0.32251840204313603,1.2861852645874023
2427.0,0.8828246201521515,123.0,126.0,0.0,0.3221532833085053,1.2863271236419678
2428.0,0.8819417955319994,123.0,126.0,0.0,0.3217882130563428,1.2864701747894287
2429.0,0.8810598537364673,123.0,126.0,0.0,0.3214231916943019,1.2866151332855225
2430.0,0.8801787938827309,123.0,126.0,0.0,0.32105821963028464,1.2867581844329834
2431.0,0.8792986150888482,123.0,125.0,1.0,0.32069329727244117,1.2868971824645996
2432.0,0.8784193164737594,123.0,129.0,1.0,0.3203284250291679,1.287032127380371
2433.0,0.8775408971572856,123.0,129.0,0.0,0.31996360330910684,1.2871780395507812
2434.0,0.8766633562601283,123.0,129.0,3.0,0.31959883252114424,1.2873570919036865
2435.0,0.8757866929038681,123.0,132.0,2.0,0.3192341130744092,1.28749418258667
2436.0,0.8749109062109642,123.0,133.0,2.0,0.31886944537827283,1.287635087966919
2437.0,0.8740359953047533,123.0,132.0,4.0,0.31850482984234674,1.287775993347168
2438.0,0.8731619593094485,123.0,132.0,0.0,0.31814026687648206,1.2879159450531006
2439.0,0.8722887973501391,123.0,133.0,2.0,0.3177757568907682,1.2880611419677734
2440.0,0.871416508552789,123.0,132.0,3.0,0.3174113002955315,1.2882001399993896
2441.0,0.8705450920442361,123.0,132.0,3.0,0.31704689750133397,1.2883391380310059
2442.0,0.8696745469521919,123.0,128.0,3.0,0.31668254891897263,1.2884771823883057
2443.0,0.8688048724052397,123.0,130.0,1.0,0.31631825495947746,1.2886099815368652
2444.0,0.8679360675328345,123.0,130.0,0.0,0.3159540160341109,1.2887561321258545
2445.0,0.8670681314653016,123.0,131.0,2.0,0.3155898325543661,1.2888891696929932
2446.0,0.8662010633338363,123.0,132.0,3.0,0.3152257049319661,1.2890281677246094
2447.0,0.8653348622705025,123.0,132.0,2.0,0.3148616335788624,1.289170265197754
2448.0,0.864469527408232,123.0,130.0,2.0,0.31449761890723354,1.2893061637878418
2449.0,0.8636050578808238,123.0,132.0,2.0,0.31413366132948417,1.2894492149353027
2450.0,0.8627414528229429,123.0,133.0,1.0,0.3137697612582438,1.2896020412445068
2451.0,0.86187871137012,123.0,132.0,5.0,0.3134059191063654,1.2897751331329346
2452.0,0.8610168326587498,123.0,132.0,0.0,0.313042135286924,1.289924144744873
2453.0,0.8601558158260911,123.0,132.0,1.0,0.31267841021321596,1.290071964263916
2454.0,0.859295660010265,123.0,132.0,5.0,0.3123147442987571,1.2902030944824219
2455.0,0.8584363643502547,123.0,133.0,2.0,0.31195113795728185,1.2903380393981934
2456.0,0.8575779279859045,123.0,133.0,0.0,0.311587591602742,1.290480136871338
2457.0,0.8567203500579186,123.0,132.0,3.0,0.31122410564930497,1.2906270027160645
2458.0,0.8558636297078607,123.0,129.0,1.0,0.3108606805113531,1.2907650470733643
2459.0,0.8550077660781528,123.0,131.0,2.0,0.3104973166034822,1.2909140586853027
2460.0,0.8541527583120746,123.0,133.0,2.0,0.3101340143404999,1.291060209274292
2461.0,0.8532986055537626,123.0,133.0,1.0,0.30977077413742515,1.2911970615386963
2462.0,0.8524453069482089,123.0,139.0,5.0,0.3094075964094859,1.2913379669189453
2463.0,0.8515928616412607,123.0,131.0,3.0,0.3090444815721187,1.291477918624878
2464.0,0.8507412687796194,123.0,133.0,2.0,0.3086814300409672,1.2916131019592285
2465.0,0.8498905275108398,123.0,133.0,3.0,0.3083184422318804,1.2917571067810059
2466.0,0.849040636983329,123.0,131.0,3.0,0.30795551856091186,1.291896104812622
2467.0,0.8481915963463457,123.0,131.0,0.0,0.3075926594443183,1.2920341491699219
2468.0,0.8473434047499994,123.0,131.0,0.0,0.30722986529855806,1.2921640872955322
2469.0,0.8464960613452494,123.0,131.0,0.0,0.3068671365402899,1.2922899723052979
2470.0,0.8456495652839041,123.0,130.0,2.0,0.30650447358637206,1.292428970336914
2471.0,0.8448039157186202,123.0,129.0,2.0,0.3061418768538603,1.2925691604614258
2472.0,0.8439591118029016,123.0,128.0,1.0,0.3057793467600068,1.2927050590515137
2473.0,0.8431151526910987,123.0,130.0,1.0,0.3054168837222593,1.2928361892700195
2474.0,0.8422720375384076,123.0,132.0,3.0,0.3050544881582592,1.2929699420928955
2475.0,0.8414297655008692,123.0,130.0,4.0,0.30469216048584025,1.293105125427246
2476.0,0.8405883357353684,123.0,130.0,2.0,0.3043299011230277,1.293241024017334
2477.0,0.839747747399633,123.0,131.0,2.0,0.30396771048803645,1.2933769226074219
2478.0,0.8389079996522334,123.0,130.0,3.0,0.30360558899927004,1.293513298034668
2479.0,0.8380690916525811,123.0,132.0,2.0,0.303243537075319,1.2936451435089111
2480.0,0.8372310225609285,123.0,133.0,1.0,0.30288155513495985,1.2937819957733154
2481.0,0.8363937915383676,123.0,133.0,1.0,0.3025196435971535,1.2939209938049316
2482.0,0.8355573977468292,123.0,136.0,4.0,0.302157802881044,1.2940630912780762
2483.0,0.8347218403490824,123.0,131.0,1.0,0.30179603340595695,1.2941970825195312
2484.0,0.8338871185087333,123.0,131.0,1.0,0.3014343355913987,1.2943310737609863
2485.0,0.8330532313902246,123.0,131.0,0.0,0.30107270985705425,1.294471263885498
2486.0,0.8322201781588343,123.0,131.0,1.0,0.3007111566227865,1.2946081161499023
2487.0,0.8313879579806754,123.0,133.0,1.0,0.3003496763086344,1.2947471141815186
2488.0,0.8305565700226948,123.0,132.0,5.0,0.29998826933481204,1.2948861122131348
2489.0,0.829726013452672,123.0,132.0,2.0,0.29962693612170677,1.2950241565704346
2490.0,0.8288962874392194,123.0,134.0,3.0,0.2992656770898783,1.2951600551605225
2491.0,0.8280673911517802,123.0,134.0,1.0,0.2989044926600569,1.2952942848205566
2492.0,0.8272393237606284,123.0,132.0,2.0,0.2985433832531423,1.2954411506652832
2493.0,0.8264120844368678,123.0,130.0,2.0,0.29818234929020215,1.2955751419067383
2494.0,0.8255856723524309,123.0,130.0,2.0,0.29782139119247053,1.2957141399383545
2495.0,0.8247600866800784,123.0,131.0,3.0,0.2974605093813469,1.2958500385284424
2496.0,0.8239353265933983,123.0,131.0,1.0,0.2970997042783942,1.295989990234375
2497.0,0.8231113912668049,123.0,131.0,1.0,0.2967389763053381,1.2961311340332031
2498.0,0.8222882798755381,123.0,132.0,4.0,0.29637832588406476,1.2962720394134521
2499.0,0.8214659915956626,123.0,130.0,3.0,0.2960177534366201,1.2964012622833252
2500.0,0.8206445256040669,123.0,129.0,2.0,0.29565725938520804,1.2965428829193115
2501.0,0.8198238810784628,123.0,129.0,0.0,0.29529684415218926,1.2966811656951904
2502.0,0.8190040571973843,123.0,129.0,2.0,0.29493650816007955,1.2968201637268066
2503.0,0.818185053140187,123.0,133.0,2.0,0.2945762518315487,1.2969529628753662
2504.0,0.8173668680870467,123.0,135.0,1.0,0.2942160755894184,1.2970900535583496
2505.0,0.8165495012189596,123.0,135.0,0.0,0.29385597985666206,1.2972850799560547
2506.0,0.8157329517177406,123.0,132.0,3.0,0.2934959650564019,1.2974278926849365
2507.0,0.8149172187660229,123.0,132.0,3.0,0.2931360316119085,1.297577142715454
2508.0,0.8141023015472568,123.0,130.0,4.0,0.29277617994659905,1.2977101802825928
2509.0,0.8132881992457096,123.0,130.0,2.0,0.2924164104840358,1.2978448867797852
2510.0,0.8124749110464639,123.0,130.0,2.0,0.2920567236479248,1.2979912757873535
2511.0,0.8116624361354174,123.0,130.0,0.0,0.2916971198621143,1.2981340885162354
2512.0,0.810850773699282,123.0,134.0,2.0,0.2913375995505932,1.2982981204986572
2513.0,0.8100399229255828,123.0,135.0,2.0,0.29097816313749,1.2984602451324463
2514.0,0.8092298830026572,123.0,135.0,1.0,0.29061881104707066,1.2986071109771729
2515.0,0.8084206531196545,123.0,136.0,4.0,0.290259543703738,1.2987680435180664
2516.0,0.8076122324665348,123.0,136.0,1.0,0.28990036153202947,1.2989082336425781
2517.0,0.8068046202340683,123.0,135.0,4.0,0.28954126495661586,1.2990660667419434
2518.0,0.8059978156138342,123.0,133.0,2.0,0.2891822544023001,1.2992072105407715
2519.0,0.8051918177982204,123.0,133.0,0.0,0.28882333029401547,1.29935622215271
2520.0,0.8043866259804221,123.0,133.0,1.0,0.28846449305682426,1.2995250225067139
2521.0,0.8035822393544417,123.0,133.0,2.0,0.2881057431159162,1.299685001373291
2522.0,0.8027786571150873,123.0,133.0,3.0,0.28774708089660705,1.299833059310913
2523.0,0.8019758784579722,123.0,133.0,1.0,0.28738850682433703,1.299971103668213
2524.0,0.8011739025795143,123.0,130.0,1.0,0.2870300213246692,1.3001189231872559
2525.0,0.8003727286769348,123.0,130.0,0.0,0.2866716248232885,1.30025315284729
2526.0,0.7995723559482578,123.0,132.0,2.0,0.2863133177459993,1.3003950119018555
2527.0,0.7987727835923095,123.0,132.0,0.0,0.28595510051872486,1.3005321025848389
2528.0,0.7979740108087172,123.0,132.0,1.0,0.2855969735675051,1.3006739616394043
2529.0,0.7971760367979085,123.0,132.0,0.0,0.28523893731849553,1.3008172512054443
2530.0,0.7963788607611105,123.0,132.0,2.0,0.2848809921979654,1.3009471893310547
2531.0,0.7955824819003494,123.0,133.0,1.0,0.2845231386322965,1.3010880947113037
2532.0,0.794786899418449,123.0,134.0,3.0,0.2841653770479814,1.3012330532073975
2533.0,0.7939921125190306,123.0,137.0,1.0,0.2838077078716218,1.3013761043548584
2534.0,0.7931981204065115,123.0,137.0,6.0,0.2834501315299274,1.301516056060791
2535.0,0.792404922286105,123.0,135.0,1.0,0.283092648449714,1.3016629219055176
2536.0,0.7916125173638189,123.0,136.0,2.0,0.28273525905790214,1.3018102645874023
2537.0,0.7908209048464551,123.0,137.0,3.0,0.2823779637815155,1.3019580841064453
2538.0,0.7900300839416086,123.0,135.0,2.0,0.28202076304767926,1.3021061420440674
2539.0,0.7892400538576669,123.0,135.0,1.0,0.28166365728361875,1.3022570610046387
2540.0,0.7884508138038092,123.0,139.0,3.0,0.2813066469166577,1.3024001121520996
2541.0,0.7876623629900054,123.0,139.0,9.0,0.2809497323742168,1.3025641441345215
2542.0,0.7868747006270154,123.0,135.0,4.0,0.28059291408381204,1.3027050495147705
2543.0,0.7860878259263884,123.0,135.0,0.0,0.2802361924730533,1.3028552532196045
2544.0,0.785301738100462,123.0,131.0,5.0,0.2798795679696426,1.3029942512512207
2545.0,0.7845164363623616,123.0,130.0,2.0,0.27952304100137254,1.3031349182128906
2546.0,0.7837319199259992,123.0,130.0,0.0,0.27916661199612486,1.3032760620117188
2547.0,0.7829481880060732,123.0,130.0,1.0,0.27881028138186886,1.303422212600708
2548.0,0.7821652398180672,123.0,134.0,4.0,0.2784540495866596,1.3035719394683838
2549.0,0.7813830745782491,123.0,134.0,2.0,0.27809791703863657,1.3037149906158447
2550.0,0.7806016915036709,123.0,134.0,3.0,0.27774188416602186,1.3038561344146729
2551.0,0.7798210898121672,123.0,134.0,3.0,0.2773859513971188,1.3040010929107666
2552.0,0.7790412687223551,123.0,137.0,2.0,0.2770301191603103,1.304150104522705
2553.0,0.7782622274536328,123.0,137.0,5.0,0.27667438788405696,1.3042991161346436
2554.0,0.7774839652261792,123.0,135.0,3.0,0.276318757996896,1.304443120956421
2555.0,0.7767064812609531,123.0,135.0,4.0,0.27596322992743916,1.304591178894043
2556.0,0.7759297747796922,123.0,133.0,4.0,0.2756078041043714,1.3047370910644531
2557.0,0.7751538450049125,123.0,133.0,4.0,0.2752524809564491,1.304880142211914
2558.0,0.7743786911599075,123.0,134.0,4.0,0.2748972609124986,1.3050239086151123
2559.0,0.7736043124687476,123.0,131.0,4.0,0.27454214440141456,1.3051660060882568
2560.0,0.7728307081562789,123.0,133.0,2.0,0.27418713185215804,1.3053102493286133
2561.0,0.7720578774481226,123.0,130.0,5.0,0.2738322236937554,1.3054530620574951
2562.0,0.7712858195706744,123.0,130.0,2.0,0.2734774203552962,1.305643081665039
2563.0,0.7705145337511038,123.0,130.0,0.0,0.27312272226593187,1.3058040142059326
2564.0,0.7697440192173527,123.0,130.0,0.0,0.27276812985487375,1.3059580326080322
2565.0,0.7689742751981353,123.0,135.0,4.0,0.27241364355139186,1.3061060905456543
2566.0,0.7682053009229372,123.0,135.0,1.0,0.272059263784813,1.3062572479248047
2567.0,0.7674370956220142,123.0,135.0,3.0,0.27170499098451906,1.3064050674438477
2568.0,0.7666696585263922,123.0,135.0,3.0,0.2713508255799457,1.3065521717071533
2569.0,0.7659029888678659,123.0,133.0,3.0,0.2709967680005802,1.3067009449005127
2570.0,0.765137085878998,123.0,133.0,1.0,0.2706428186759602,1.3068630695343018
2571.0,0.764371948793119,123.0,135.0,3.0,0.2702889780356718,1.3070099353790283
2572.0,0.7636075768443259,123.0,142.0,3.0,0.26993524650934825,1.3071589469909668
2573.0,0.7628439692674815,123.0,144.0,2.0,0.26958162452666773,1.3073031902313232
2574.0,0.762081125298214,123.0,140.0,6.0,0.26922811251735224,1.307469129562378
2575.0,0.7613190441729158,123.0,138.0,1.0,0.26887471091116555,1.3076190948486328
2576.0,0.760557725128743,123.0,134.0,2.0,0.26852142013791175,1.307765007019043
2577.0,0.7597971674036142,123.0,136.0,1.0,0.26816824062743333,1.3079102039337158
2578.0,0.7590373702362107,123.0,137.0,6.0,0.26781517280960976,1.3080623149871826
2579.0,0.7582783328659745,123.0,135.0,3.0,0.26746221711435564,1.3082070350646973
2580.0,0.7575200545331084,123.0,134.0,3.0,0.2671093739716191,1.308351993560791
2581.0,0.7567625344785753,123.0,135.0,4.0,0.26675664381138015,1.3084962368011475
2582.0,0.7560057719440968,123.0,137.0,4.0,0.26640402706364874,1.3086371421813965
2583.0,0.7552497661721527,123.0,137.0,2.0,0.2660515241584632,1.308772087097168
2584.0,0.7544945164059805,123.0,135.0,2.0,0.2656991355258889,1.3089251518249512
2585.0,0.7537400218895746,123.0,136.0,5.0,0.2653468615960159,1.3090732097625732
2586.0,0.752986281867685,123.0,135.0,1.0,0.2649947027989576,1.3092169761657715
2587.0,0.7522332955858173,123.0,135.0,0.0,0.2646426595648491,1.3093631267547607
2588.0,0.7514810622902315,123.0,137.0,3.0,0.2642907323238453,1.309509038925171
2589.0,0.7507295812279412,123.0,135.0,3.0,0.26393892150611936,1.3096470832824707
2590.0,0.7499788516467133,123.0,134.0,2.0,0.2635872275418607,1.309798240661621
2591.0,0.7492288727950666,123.0,134.0,2.0,0.26323565086127365,1.3099451065063477
2592.0,0.7484796439222715,123.0,134.0,4.0,0.26288419189457535,1.3100991249084473
2593.0,0.7477311642783493,123.0,135.0,5.0,0.2625328510719944,1.3102550506591797
2594.0,0.7469834331140709,123.0,135.0,2.0,0.26218162882376883,1.3104031085968018
2595.0,0.7462364496809568,123.0,133.0,6.0,0.2618305255801444,1.3105530738830566
2596.0,0.7454902132312758,123.0,133.0,1.0,0.2614795417713731,1.3106920719146729
2597.0,0.7447447230180446,123.0,134.0,3.0,0.26112867782771115,1.3108432292938232
2598.0,0.7439999782950266,123.0,134.0,1.0,0.2607779341794173,1.3109970092773438
2599.0,0.7432559783167316,123.0,138.0,4.0,0.26042731125675117,1.311147928237915
2600.0,0.7425127223384149,123.0,138.0,0.0,0.2600768094899715,1.3112821578979492
2601.0,0.7417702096160765,123.0,136.0,2.0,0.2597264293093343,1.3114333152770996
2602.0,0.7410284394064605,123.0,135.0,2.0,0.25937617114509115,1.3115839958190918
2603.0,0.740287410967054,123.0,134.0,3.0,0.2590260354274875,1.3117213249206543
2604.0,0.7395471235560869,123.0,135.0,2.0,0.25867602258676076,1.3118691444396973
2605.0,0.7388075764325308,123.0,136.0,2.0,0.2583261330531388,1.3120100498199463
2606.0,0.7380687688560983,123.0,134.0,3.0,0.2579763672568377,1.312157154083252
2607.0,0.7373307000872422,123.0,135.0,1.0,0.2576267256280606,1.312312126159668
2608.0,0.736593369387155,123.0,134.0,2.0,0.25727720859699554,1.3124520778656006
2609.0,0.7358567760177679,123.0,132.0,2.0,0.25692781659381353,1.3125932216644287
2610.0,0.7351209192417502,123.0,131.0,3.0,0.2565785500486672,1.3127400875091553
2611.0,0.7343857983225084,123.0,131.0,0.0,0.25622940939168876,1.3128869533538818
2612.0,0.7336514125241859,123.0,131.0,2.0,0.2558803950529882,1.3130240440368652
2613.0,0.7329177611116616,123.0,128.0,3.0,0.25553150746265174,1.313162088394165
2614.0,0.73218484335055,123.0,128.0,0.0,0.2551827470507398,1.3133070468902588
2615.0,0.7314526585071994,123.0,129.0,1.0,0.254834114247285,1.3134498596191406
2616.0,0.7307212058486923,123.0,129.0,0.0,0.2544856094822911,1.3135910034179688
2617.0,0.7299904846428436,123.0,131.0,2.0,0.2541372331857302,1.3137290477752686
2618.0,0.7292604941582007,123.0,129.0,3.0,0.253788985787542,1.3138768672943115
2619.0,0.7285312336640425,123.0,133.0,2.0,0.253440867717631,1.3140289783477783
2620.0,0.7278027024303785,123.0,135.0,3.0,0.25309287940586556,1.3141779899597168
2621.0,0.7270748997279481,123.0,132.0,5.0,0.25274502128207527,1.3143160343170166
2622.0,0.7263478248282202,123.0,132.0,1.0,0.25239729377604986,1.3144559860229492
2623.0,0.7256214770033921,123.0,134.0,3.0,0.2520496973175368,1.314601182937622
2624.0,0.7248958555263887,123.0,133.0,1.0,0.25170223233623995,1.3147740364074707
2625.0,0.7241709596708623,123.0,130.0,5.0,0.2513548992618174,1.314913034439087
2626.0,0.7234467887111915,123.0,130.0,1.0,0.25100769852387994,1.3150629997253418
2627.0,0.7227233419224803,123.0,131.0,4.0,0.25066063055198884,1.315197229385376
2628.0,0.7220006185805579,123.0,130.0,2.0,0.2503136957756544,1.3153331279754639
2629.0,0.7212786179619773,123.0,131.0,3.0,0.24996689462433383,1.315476894378662
2630.0,0.7205573393440153,123.0,133.0,2.0,0.2496202275274296,1.315614938735962
2631.0,0.7198367820046713,123.0,130.0,3.0,0.24927369491428755,1.3157532215118408
2632.0,0.7191169452226666,123.0,130.0,1.0,0.24892729721419501,1.315892219543457
2633.0,0.7183978282774439,123.0,128.0,1.0,0.24858103485637903,1.3160290718078613
2634.0,0.7176794304491665,123.0,128.0,0.0,0.24823490827000436,1.3161709308624268
2635.0,0.7169617510187173,123.0,128.0,0.0,0.24788891788417164,1.3163111209869385
2636.0,0.7162447892676985,123.0,128.0,0.0,0.24754306412791593,1.3164451122283936
2637.0,0.7155285444784308,123.0,128.0,0.0,0.2471973474302043,1.3165831565856934
2638.0,0.7148130159339524,123.0,129.0,1.0,0.2468517682199342,1.3167200088500977
2639.0,0.7140982029180185,123.0,131.0,3.0,0.24650632692593172,1.316894292831421
2640.0,0.7133841047151005,123.0,131.0,0.0,0.24616102397694947,1.3170530796051025
2641.0,0.7126707206103854,123.0,131.0,1.0,0.24581585980166498,1.3172039985656738
2642.0,0.711958049889775,123.0,131.0,1.0,0.2454708348286786,1.3173632621765137
2643.0,0.7112460918398852,123.0,130.0,2.0,0.24512594948651176,1.3175170421600342
2644.0,0.7105348457480453,123.0,132.0,3.0,0.24478120420360505,1.317662239074707
2645.0,0.7098243109022973,123.0,132.0,0.0,0.24443659940831644,1.3178050518035889
2646.0,0.709114486591395,123.0,132.0,0.0,0.24409213552891917,1.3179540634155273
2647.0,0.7084053721048036,123.0,131.0,1.0,0.24374781299360002,1.3180971145629883
2648.0,0.7076969667326988,123.0,131.0,1.0,0.24340363223045736,1.3182389736175537
2649.0,0.7069892697659661,123.0,131.0,3.0,0.24305959366749955,1.318389892578125
2650.0,0.7062822804962001,123.0,131.0,0.0,0.24271569773264243,1.3185372352600098
2651.0,0.7055759982157039,123.0,131.0,0.0,0.2423719448537081,1.3186922073364258
2652.0,0.7048704222174882,123.0,131.0,1.0,0.24202833545842253,1.3188531398773193
2653.0,0.7041655517952707,123.0,130.0,1.0,0.2416848699744139,1.3189969062805176
2654.0,0.7034613862434754,123.0,132.0,1.0,0.24134154882921066,1.3191490173339844
2655.0,0.702757924857232,123.0,131.0,2.0,0.24099837245023964,1.3192980289459229
2656.0,0.7020551669323748,123.0,131.0,3.0,0.24065534126482396,1.3194491863250732
2657.0,0.7013531117654425,123.0,129.0,2.0,0.24031245570018137,1.3195881843566895
2658.0,0.700651758653677,123.0,129.0,0.0,0.23996971618342217,1.3197240829467773
2659.0,0.6999511068950234,123.0,129.0,0.0,0.2396271231415475,1.319857120513916
2660.0,0.6992511557881284,123.0,127.0,1.0,0.239284677001447,1.3200020790100098
2661.0,0.6985519046323402,123.0,127.0,0.0,0.23894237818989741,1.3201401233673096
2662.0,0.6978533527277079,123.0,127.0,2.0,0.23860022713356033,1.320284128189087
2663.0,0.6971554993749801,123.0,127.0,0.0,0.23825822425898024,1.3204200267791748
2664.0,0.6964583438756051,123.0,128.0,1.0,0.2379163699925829,1.3205549716949463
2665.0,0.6957618855317295,123.0,135.0,2.0,0.2375746647606731,1.3206861019134521
2666.0,0.6950661236461977,123.0,135.0,0.0,0.2372331089894327,1.3208203315734863
2667.0,0.6943710575225515,123.0,130.0,2.0,0.23689170310491905,1.3209571838378906
2668.0,0.6936766864650289,123.0,129.0,3.0,0.23655044753306276,1.321099042892456
2669.0,0.6929830097785639,123.0,127.0,1.0,0.23620934269966576,1.3212411403656006
2670.0,0.6922900267687853,123.0,126.0,1.0,0.23586838903039947,1.3213748931884766
2671.0,0.6915977367420165,123.0,126.0,1.0,0.23552758695080284,1.3215160369873047
2672.0,0.6909061390052745,123.0,126.0,0.0,0.23518693688628028,1.3216559886932373
2673.0,0.6902152328662693,123.0,126.0,0.0,0.23484643926209986,1.321796178817749
2674.0,0.689525017633403,123.0,126.0,2.0,0.23450609450339124,1.321937084197998
2675.0,0.6888354926157696,123.0,126.0,0.0,0.2341659030351438,1.3220782279968262
2676.0,0.6881466571231538,123.0,127.0,1.0,0.23382586528220473,1.3222131729125977
2677.0,0.6874585104660307,123.0,127.0,1.0,0.23348598166927678,1.3223509788513184
2678.0,0.6867710519555646,123.0,127.0,0.0,0.23314625262091673,1.3224942684173584
2679.0,0.6860842809036091,123.0,127.0,2.0,0.23280667856153298,1.3226370811462402
2680.0,0.6853981966227054,123.0,126.0,1.0,0.23246725991538397,1.3227791786193848
2681.0,0.6847127984260827,123.0,126.0,0.0,0.23212799710657597,1.3229212760925293
2682.0,0.6840280856276566,123.0,126.0,2.0,0.23178889055906113,1.323065996170044
2683.0,0.683344057542029,123.0,129.0,1.0,0.23144994069663566,1.3232080936431885
2684.0,0.682660713484487,123.0,130.0,2.0,0.23111114794293763,1.323348045349121
2685.0,0.6819780527710025,123.0,130.0,4.0,0.2307725127214451,1.3234941959381104
2686.0,0.6812960747182315,123.0,130.0,0.0,0.23043403545547422,1.3236441612243652
2687.0,0.6806147786435133,123.0,130.0,1.0,0.23009571656817718,1.323796033859253
2688.0,0.6799341638648697,123.0,130.0,0.0,0.22975755648253995,1.3239390850067139
2689.0,0.6792542297010048,123.0,130.0,1.0,0.22941955562138103,1.3240859508514404
2690.0,0.6785749754713037,123.0,132.0,2.0,0.22908171440734845,1.3242321014404297
2691.0,0.6778964004958324,123.0,132.0,1.0,0.2287440332629187,1.3244342803955078
2692.0,0.6772185040953366,123.0,132.0,1.0,0.22840651261039416,1.3245749473571777
2693.0,0.6765412855912413,123.0,132.0,0.0,0.2280691528719013,1.3247170448303223
2694.0,0.67586474430565,123.0,132.0,0.0,0.22773195446938868,1.3248600959777832
2695.0,0.6751888795613443,123.0,132.0,0.0,0.22739491782462484,1.324995994567871
2696.0,0.674513690681783,123.0,131.0,1.0,0.2270580433591966,1.3251490592956543
2697.0,0.6738391769911012,123.0,130.0,1.0,0.22672133149450654,1.325289249420166
2698.0,0.67316533781411,123.0,130.0,0.0,0.2263847826517715,1.325429916381836
2699.0,0.6724921724762959,123.0,128.0,2.0,0.22604839725202033,1.3255772590637207
2700.0,0.6718196803038196,123.0,128.0,0.0,0.22571217571609184,1.3257191181182861
2701.0,0.6711478606235157,123.0,128.0,0.0,0.2253761184646329,1.3258640766143799
2702.0,0.6704767127628922,123.0,128.0,0.0,0.22504022591809633,1.3260002136230469
2703.0,0.6698062360501293,123.0,126.0,2.0,0.22470449849673893,1.3261449337005615
2704.0,0.6691364298140792,123.0,127.0,1.0,0.22436893662061952,1.3262741565704346
2705.0,0.6684672933842651,123.0,127.0,1.0,0.22403354070959675,1.3264150619506836
2706.0,0.6677988260908809,123.0,127.0,5.0,0.22369831118332723,1.3265490531921387
2707.0,0.66713102726479,123.0,126.0,1.0,0.22336324846126335,1.3266868591308594
2708.0,0.6664638962375252,123.0,127.0,1.0,0.22302835296265144,1.3268511295318604
2709.0,0.6657974323412877,123.0,127.0,0.0,0.2226936251065297,1.3269970417022705
2710.0,0.6651316349089464,123.0,127.0,1.0,0.22235906531172592,1.327139139175415
2711.0,0.6644665032740374,123.0,127.0,1.0,0.22202467399685571,1.3273053169250488
2712.0,0.6638020367707634,123.0,126.0,1.0,0.22169045158032055,1.327455997467041
2713.0,0.6631382347339927,123.0,126.0,3.0,0.2213563984803054,1.3276042938232422
2714.0,0.6624750964992587,123.0,126.0,0.0,0.22102251511477677,1.327744960784912
2715.0,0.6618126214027594,123.0,126.0,0.0,0.22068880190148096,1.327888011932373
2716.0,0.6611508087813567,123.0,126.0,0.0,0.22035525925794175,1.3280360698699951
2717.0,0.6604896579725753,123.0,127.0,2.0,0.22002188760145822,1.3281781673431396
2718.0,0.6598291683146027,123.0,127.0,0.0,0.21968868734910318,1.3283190727233887
2719.0,0.6591693391462881,123.0,129.0,3.0,0.21935565891772058,1.3284621238708496
2720.0,0.6585101698071417,123.0,126.0,1.0,0.21902280272392383,1.3286020755767822
2721.0,0.6578516596373346,123.0,126.0,2.0,0.21869011918409362,1.3287420272827148
2722.0,0.6571938079776972,123.0,126.0,1.0,0.21835760871437576,1.3288860321044922
2723.0,0.6565366141697195,123.0,126.0,0.0,0.21802527173067932,1.329031229019165
2724.0,0.6558800775555498,123.0,128.0,3.0,0.2176931086486744,1.3291780948638916
2725.0,0.6552241974779942,123.0,128.0,2.0,0.21736111988379025,1.3293192386627197
2726.0,0.6545689732805162,123.0,128.0,0.0,0.217029305851213,1.3294720649719238
2727.0,0.6539144043072357,123.0,128.0,0.0,0.21669766696588358,1.329625129699707
2728.0,0.6532604899029284,123.0,127.0,1.0,0.21636620364249606,1.32977294921875
2729.0,0.6526072294130255,123.0,127.0,0.0,0.21603491629549504,1.3299241065979004
2730.0,0.6519546221836124,123.0,125.0,2.0,0.21570380533907382,1.330066204071045
2731.0,0.6513026675614288,123.0,128.0,1.0,0.21537287118717247,1.3302052021026611
2732.0,0.6506513648938674,123.0,128.0,3.0,0.2150421142534755,1.3303520679473877
2733.0,0.6500007135289736,123.0,126.0,1.0,0.21471153495140996,1.3305020332336426
2734.0,0.6493507128154447,123.0,125.0,1.0,0.2143811336941432,1.3306381702423096
2735.0,0.6487013621026292,123.0,125.0,0.0,0.214050910894581,1.3307881355285645
2736.0,0.6480526607405266,123.0,125.0,1.0,0.2137208669653653,1.3309330940246582
2737.0,0.6474046080797861,123.0,126.0,1.0,0.2133910023188722,1.3310818672180176
2738.0,0.6467572034717063,123.0,128.0,2.0,0.21306131736720987,1.331226110458374
2739.0,0.6461104462682346,123.0,128.0,2.0,0.2127318125222165,1.3313720226287842
2740.0,0.6454643358219663,123.0,127.0,2.0,0.21240248819545815,1.331517219543457
2741.0,0.6448188714861443,123.0,126.0,1.0,0.21207334479822665,1.3316621780395508
2742.0,0.6441740526146581,123.0,126.0,0.0,0.21174438274153765,1.3318052291870117
2743.0,0.6435298785620435,123.0,127.0,1.0,0.2114156024361282,1.3319458961486816
2744.0,0.6428863486834814,123.0,127.0,0.0,0.2110870042924551,1.3320910930633545
2745.0,0.6422434623347979,123.0,132.0,2.0,0.21075858872069242,1.332233190536499
2746.0,0.6416012188724631,123.0,130.0,1.0,0.21043035613072972,1.3323829174041748
2747.0,0.6409596176535907,123.0,127.0,2.0,0.21010230693216958,1.3325350284576416
2748.0,0.6403186580359371,123.0,127.0,0.0,0.20977444153432592,1.3326880931854248
2749.0,0.6396783393779012,123.0,127.0,0.0,0.20944676034622153,1.3328330516815186
2750.0,0.6390386610385232,123.0,126.0,1.0,0.2091192637765862,1.3329808712005615
2751.0,0.6383996223774847,123.0,126.0,0.0,0.20879195223385452,1.3331220149993896
2752.0,0.6377612227551073,123.0,126.0,0.0,0.20846482612616385,1.3332579135894775
2753.0,0.6371234615323521,123.0,126.0,0.0,0.20813788586135198,1.3334009647369385
2754.0,0.6364863380708198,123.0,126.0,1.0,0.20781113184695546,1.3335390090942383
2755.0,0.635849851732749,123.0,128.0,1.0,0.20748456449020702,1.333686113357544
2756.0,0.6352140018810163,123.0,128.0,1.0,0.20715818419803375,1.3338360786437988
2757.0,0.6345787878791352,123.0,128.0,0.0,0.2068319913770548,1.333975076675415
2758.0,0.6339442090912562,123.0,129.0,2.0,0.20650598643357956,1.334115982055664
2759.0,0.6333102648821649,123.0,129.0,1.0,0.20618016977360515,1.3342571258544922
2760.0,0.6326769546172828,123.0,130.0,2.0,0.20585454180281462,1.3343989849090576
2761.0,0.6320442776626655,123.0,128.0,1.0,0.20552910292657461,1.3345372676849365
2762.0,0.6314122333850029,123.0,128.0,2.0,0.20520385354993348,1.334684133529663
2763.0,0.6307808211516178,123.0,127.0,1.0,0.20487879407761883,1.3348309993743896
2764.0,0.6301500403304662,123.0,127.0,0.0,0.20455392491403587,1.3349721431732178
2765.0,0.6295198902901357,123.0,127.0,0.0,0.2042292464632647,1.3351190090179443
2766.0,0.6288903703998455,123.0,127.0,1.0,0.20390475912905878,1.3352701663970947
2767.0,0.6282614800294457,123.0,127.0,1.0,0.20358046331484236,1.3354191780090332
2768.0,0.6276332185494162,123.0,127.0,0.0,0.20325635942370848,1.3355932235717773
2769.0,0.6270055853308668,123.0,127.0,0.0,0.20293244785841705,1.3357470035552979
2770.0,0.6263785797455359,123.0,127.0,0.0,0.20260872902139232,1.3358871936798096
2771.0,0.6257522011657903,123.0,126.0,2.0,0.20228520331472122,1.3360240459442139
2772.0,0.6251264489646245,123.0,127.0,3.0,0.20196187114015085,1.3361730575561523
2773.0,0.6245013225156599,123.0,127.0,2.0,0.2016387328990864,1.336313009262085
2774.0,0.6238768211931442,123.0,127.0,0.0,0.20131578899258926,1.33644700050354
2775.0,0.6232529443719511,123.0,128.0,2.0,0.20099303982137462,1.3365890979766846
2776.0,0.6226296914275792,123.0,128.0,2.0,0.20067048578580945,1.3367321491241455
2777.0,0.6220070617361516,123.0,126.0,4.0,0.20034812728591037,1.3368701934814453
2778.0,0.6213850546744154,123.0,126.0,2.0,0.20002596472134138,1.3370161056518555
2779.0,0.6207636696197409,123.0,126.0,0.0,0.19970399849141202,1.3371601104736328
2780.0,0.6201429059501212,123.0,126.0,3.0,0.19938222899507485,1.3373072147369385
2781.0,0.6195227630441711,123.0,126.0,0.0,0.19906065663092365,1.3374519348144531
2782.0,0.6189032402811269,123.0,127.0,4.0,0.19873928179719091,1.3375980854034424
2783.0,0.6182843370408457,123.0,127.0,2.0,0.19841810489174616,1.3377420902252197
2784.0,0.6176660527038049,123.0,127.0,1.0,0.19809712631209336,1.3378832340240479
2785.0,0.6170483866511011,123.0,130.0,3.0,0.197776346455369,1.3380241394042969
2786.0,0.61643133826445,123.0,127.0,3.0,0.19745576571833998,1.338163137435913
2787.0,0.6158149069261855,123.0,128.0,2.0,0.19713538449740134,1.3383049964904785
2788.0,0.6151990920192593,123.0,128.0,0.0,0.19681520318857412,1.3384430408477783
2789.0,0.61458389292724,123.0,130.0,2.0,0.19649522218750337,1.3385870456695557
2790.0,0.6139693090343128,123.0,130.0,1.0,0.19617544188945576,1.3387281894683838
2791.0,0.6133553397252784,123.0,130.0,2.0,0.1958558626893176,1.3388690948486328
2792.0,0.6127419843855532,123.0,130.0,0.0,0.1955364849815927,1.339015245437622
2793.0,0.6121292424011676,123.0,131.0,2.0,0.1952173091604001,1.3391542434692383
2794.0,0.6115171131587664,123.0,131.0,3.0,0.1948983356194719,1.3392961025238037
2795.0,0.6109055960456077,123.0,129.0,1.0,0.19457956475215135,1.339440107345581
2796.0,0.6102946904495621,123.0,129.0,1.0,0.1942609969513904,1.3395791053771973
2797.0,0.6096843957591125,123.0,129.0,2.0,0.19394263260974773,1.3397250175476074
2798.0,0.6090747113633533,123.0,129.0,1.0,0.1936244721193865,1.3398709297180176
2799.0,0.6084656366519899,123.0,129.0,1.0,0.19330651587207218,1.3400192260742188
2800.0,0.607857171015338,123.0,129.0,0.0,0.19298876425917064,1.340165138244629
2801.0,0.6072493138443227,123.0,129.0,0.0,0.19267121767164552,1.3403141498565674
2802.0,0.6066420645304783,123.0,129.0,1.0,0.19235387650005656,1.3404672145843506
2803.0,0.6060354224659479,123.0,128.0,1.0,0.19203674113455707,1.340609073638916
2804.0,0.6054293870434819,123.0,126.0,3.0,0.19171981196489196,1.340756893157959
2805.0,0.6048239576564385,123.0,126.0,2.0,0.19140308938039566,1.3409051895141602
2806.0,0.604219133698782,123.0,126.0,3.0,0.1910865737699896,1.341050148010254
2807.0,0.6036149145650832,123.0,126.0,0.0,0.19077026552218057,1.3411870002746582
2808.0,0.6030112996505181,123.0,126.0,0.0,0.19045416502505808,1.3413281440734863
2809.0,0.6024082883508676,123.0,126.0,0.0,0.19013827266629243,1.3414702415466309
2810.0,0.6018058800625167,123.0,126.0,0.0,0.1898225888331325,1.3416171073913574
2811.0,0.6012040741824541,123.0,128.0,1.0,0.18950711391240366,1.3417551517486572
2812.0,0.6006028701082717,123.0,128.0,0.0,0.18919184829050548,1.3418941497802734
2813.0,0.6000022672381634,123.0,128.0,5.0,0.18887679235340962,1.3420422077178955
2814.0,0.5994022649709253,123.0,128.0,1.0,0.18856194648665772,1.3421859741210938
2815.0,0.5988028627059544,123.0,128.0,1.0,0.1882473110753591,1.3423359394073486
2816.0,0.5982040598432484,123.0,129.0,3.0,0.1879328865041887,1.3424811363220215
2817.0,0.5976058557834052,123.0,129.0,5.0,0.18761867315738498,1.3426260948181152
2818.0,0.5970082499276218,123.0,129.0,1.0,0.18730467141874757,1.3427681922912598
2819.0,0.5964112416776942,123.0,130.0,2.0,0.18699088167163516,1.34291410446167
2820.0,0.5958148304360166,123.0,130.0,1.0,0.1866773042989635,1.3430540561676025
2821.0,0.5952190156055805,123.0,131.0,1.0,0.1863639396832029,1.3431971073150635
2822.0,0.594623796589975,123.0,128.0,3.0,0.1860507882063765,1.3433451652526855
2823.0,0.5940291727933851,123.0,128.0,1.0,0.18573785025005765,1.3434979915618896
2824.0,0.5934351436205917,123.0,127.0,1.0,0.18542512619536805,1.3436391353607178
2825.0,0.592841708476971,123.0,127.0,2.0,0.18511261642297547,1.3437860012054443
2826.0,0.5922488667684941,123.0,128.0,2.0,0.18480032131309165,1.3439290523529053
2827.0,0.5916566179017256,123.0,128.0,0.0,0.18448824124546997,1.3440759181976318
2828.0,0.5910649612838239,123.0,129.0,5.0,0.1841763765994034,1.3442070484161377
2829.0,0.5904738963225401,123.0,129.0,1.0,0.18386472775372237,1.3443551063537598
2830.0,0.5898834224262176,123.0,128.0,2.0,0.18355329508679258,1.3444981575012207
2831.0,0.5892935390037914,123.0,128.0,1.0,0.18324207897651265,1.3446462154388428
2832.0,0.5887042454647876,123.0,128.0,2.0,0.18293107980031212,1.344785213470459
2833.0,0.5881155412193229,123.0,130.0,4.0,0.18262029793514933,1.3449351787567139
2834.0,0.5875274256781036,123.0,128.0,1.0,0.18230973375750928,1.345078945159912
2835.0,0.5869398982524254,123.0,128.0,1.0,0.181999387643401,1.3452279567718506
2836.0,0.586352958354173,123.0,128.0,1.0,0.18168925996835614,1.3453691005706787
2837.0,0.5857666053958188,123.0,131.0,1.0,0.181379351107426,1.3455071449279785
2838.0,0.585180838790423,123.0,128.0,1.0,0.1810696614351801,1.3456480503082275
2839.0,0.5845956579516326,123.0,128.0,2.0,0.1807601913257034,1.345782995223999
2840.0,0.5840110622936809,123.0,130.0,2.0,0.18045094115259452,1.3459272384643555
2841.0,0.5834270512313873,123.0,130.0,2.0,0.18014191128896337,1.3460679054260254
2842.0,0.5828436241801559,123.0,130.0,2.0,0.17983310210742912,1.346208095550537
2843.0,0.5822607805559757,123.0,128.0,4.0,0.17952451398011787,1.3463551998138428
2844.0,0.5816785197754197,123.0,128.0,1.0,0.17921614727866064,1.3465051651000977
2845.0,0.5810968412556443,123.0,128.0,0.0,0.17890800237419102,1.3466501235961914
2846.0,0.5805157444143887,123.0,128.0,3.0,0.17860007963734326,1.3467912673950195
2847.0,0.5799352286699743,123.0,128.0,2.0,0.17829237943824977,1.34694504737854
2848.0,0.5793552934413043,123.0,127.0,1.0,0.1779849021465393,1.3470849990844727
2849.0,0.578775938147863,123.0,127.0,2.0,0.17767764813133444,1.347236156463623
2850.0,0.5781971622097152,123.0,127.0,3.0,0.17737061776124977,1.3473801612854004
2851.0,0.5776189650475054,123.0,127.0,0.0,0.17706381140438926,1.3475341796875
2852.0,0.5770413460824579,123.0,127.0,0.0,0.1767572294283447,1.3476829528808594
2853.0,0.5764643047363754,123.0,127.0,2.0,0.17645087220019295,1.3478281497955322
2854.0,0.5758878404316391,123.0,127.0,0.0,0.17614474008649417,1.3479740619659424
2855.0,0.5753119525912075,123.0,128.0,1.0,0.1758388334532894,1.3481168746948242
2856.0,0.5747366406386163,123.0,129.0,3.0,0.17553315266609856,1.348264217376709
2857.0,0.5741619039979777,123.0,129.0,1.0,0.17522769808991823,1.3484442234039307
2858.0,0.5735877420939798,123.0,129.0,3.0,0.17492247008921938,1.3485820293426514
2859.0,0.5730141543518859,123.0,129.0,1.0,0.17461746902794545,1.3487260341644287
2860.0,0.572441140197534,123.0,129.0,2.0,0.17431269526950982,1.3488759994506836
2861.0,0.5718686990573365,123.0,129.0,0.0,0.17400814917679408,1.3490149974822998
2862.0,0.5712968303582792,123.0,128.0,1.0,0.17370383111214546,1.3491501808166504
2863.0,0.5707255335279209,123.0,128.0,0.0,0.17339974143737497,1.3492860794067383
2864.0,0.570154807994393,123.0,128.0,0.0,0.17309588051375505,1.3494288921356201
2865.0,0.5695846531863986,123.0,128.0,1.0,0.17279224870201748,1.3495721817016602
2866.0,0.5690150685332123,123.0,128.0,2.0,0.17248884636235123,1.3497052192687988
2867.0,0.568446053464679,123.0,127.0,1.0,0.17218567385440023,1.349843978881836
2868.0,0.5678776074112143,123.0,129.0,2.0,0.1718827315372612,1.3500010967254639
2869.0,0.5673097298038031,123.0,128.0,3.0,0.17158001976948178,1.3501501083374023
2870.0,0.5667424200739993,123.0,128.0,1.0,0.1712775389090578,1.3502929210662842
2871.0,0.5661756776539253,123.0,128.0,1.0,0.1709752893134317,1.3504371643066406
2872.0,0.5656095019762714,123.0,128.0,0.0,0.17067327133949,1.3505809307098389
2873.0,0.5650438924742951,123.0,128.0,1.0,0.17037148534356134,1.3507239818572998
2874.0,0.5644788485818208,123.0,130.0,3.0,0.17006993168141415,1.3508660793304443
2875.0,0.563914369733239,123.0,129.0,3.0,0.16976861070825464,1.3510069847106934
2876.0,0.5633504553635058,123.0,127.0,2.0,0.16946752277872457,1.3511509895324707
2877.0,0.5627871049081423,123.0,127.0,1.0,0.1691666682468992,1.351289987564087
2878.0,0.5622243178032342,123.0,127.0,0.0,0.16886604746628495,1.3514320850372314
2879.0,0.561662093485431,123.0,127.0,1.0,0.1685656607898173,1.351572036743164
2880.0,0.5611004313919455,123.0,127.0,1.0,0.16826550856985886,1.3517141342163086
2881.0,0.5605393309605536,123.0,127.0,2.0,0.16796559115819693,1.3518540859222412
2882.0,0.5599787916295931,123.0,127.0,4.0,0.16766590890604147,1.3519980907440186
2883.0,0.5594188128379635,123.0,127.0,0.0,0.1673664621640229,1.3521440029144287
2884.0,0.5588593940251255,123.0,127.0,0.0,0.1670672512821901,1.352288007736206
2885.0,0.5583005346311004,123.0,126.0,1.0,0.16676827661000806,1.3524320125579834
2886.0,0.5577422340964693,123.0,128.0,1.0,0.16646953849635585,1.352614164352417
2887.0,0.5571844918623728,123.0,126.0,1.0,0.16617103728952445,1.3527641296386719
2888.0,0.5566273073705105,123.0,128.0,2.0,0.1658727733372146,1.3529109954833984
2889.0,0.55607068006314,123.0,128.0,3.0,0.16557474698653465,1.3530511856079102
2890.0,0.5555146093830768,123.0,128.0,1.0,0.16527695858399843,1.353196144104004
2891.0,0.5549590947736938,123.0,128.0,2.0,0.16497940847552311,1.3533391952514648
2892.0,0.5544041356789201,123.0,128.0,1.0,0.16468209700642705,1.3534801006317139
2893.0,0.5538497315432412,123.0,128.0,0.0,0.16438502452142767,1.353621006011963
2894.0,0.553295881811698,123.0,126.0,3.0,0.1640881913646392,1.3537681102752686
2895.0,0.5527425859298862,123.0,129.0,2.0,0.16379159787957076,1.3539071083068848
2896.0,0.5521898433439564,123.0,128.0,1.0,0.1634952444091241,1.3540420532226562
2897.0,0.5516376535006124,123.0,128.0,1.0,0.16319913129559144,1.3541860580444336
2898.0,0.5510860158471118,123.0,128.0,0.0,0.1629032588806533,1.3543269634246826
2899.0,0.5505349298312647,123.0,128.0,1.0,0.16260762750537658,1.3544771671295166
2900.0,0.5499843949014335,123.0,128.0,1.0,0.1623122375102121,1.354628086090088
2901.0,0.5494344105065321,123.0,128.0,1.0,0.16201708923499283,1.3547718524932861
2902.0,0.5488849760960256,123.0,128.0,0.0,0.16172218301893146,1.3549139499664307
2903.0,0.5483360911199295,123.0,127.0,2.0,0.16142751920061837,1.3550591468811035
2904.0,0.5477877550288096,123.0,127.0,0.0,0.1611330981180196,1.355201005935669
2905.0,0.5472399672737808,123.0,127.0,0.0,0.1608389201084747,1.3553500175476074
2906.0,0.546692727306507,123.0,127.0,0.0,0.16054498550869442,1.3554952144622803
2907.0,0.5461460345792005,123.0,127.0,0.0,0.16025129465475887,1.3556361198425293
2908.0,0.5455998885446213,123.0,127.0,0.0,0.15995784788211503,1.3557732105255127
2909.0,0.5450542886560766,123.0,127.0,1.0,0.1596646455255751,1.3559200763702393
2910.0,0.5445092343674206,123.0,128.0,1.0,0.15937168791931405,1.356060266494751
2911.0,0.5439647251330532,123.0,128.0,0.0,0.1590789753968675,1.3562102317810059
2912.0,0.5434207604079201,123.0,128.0,0.0,0.15878650829112972,1.3563549518585205
2913.0,0.5428773396475122,123.0,128.0,0.0,0.15849428693435166,1.356497049331665
2914.0,0.5423344623078646,123.0,128.0,0.0,0.15820231165813842,1.3566341400146484
2915.0,0.5417921278455567,123.0,128.0,1.0,0.15791058279344758,1.3567700386047363
2916.0,0.5412503357177112,123.0,127.0,1.0,0.15761910067058676,1.3568999767303467
2917.0,0.5407090853819935,123.0,129.0,2.0,0.15732786561921175,1.3570449352264404
2918.0,0.5401683762966115,123.0,129.0,3.0,0.1570368779683243,1.357187032699585
2919.0,0.539628207920315,123.0,127.0,1.0,0.15674613804626988,1.3573291301727295
2920.0,0.5390885797123947,123.0,127.0,1.0,0.1564556461807359,1.357469081878662
2921.0,0.5385494911326822,123.0,129.0,1.0,0.15616540269874932,1.3576130867004395
2922.0,0.5380109416415496,123.0,129.0,1.0,0.15587540792667476,1.3577582836151123
2923.0,0.5374729306999081,123.0,129.0,0.0,0.15558566219021214,1.357896089553833
2924.0,0.5369354577692081,123.0,129.0,0.0,0.1552961658143949,1.3580331802368164
2925.0,0.5363985223114389,123.0,129.0,0.0,0.1550069191235877,1.3581740856170654
2926.0,0.5358621237891275,123.0,129.0,0.0,0.15471792244148433,1.3583040237426758
2927.0,0.5353262616653384,123.0,126.0,2.0,0.15442917609110585,1.3584980964660645
2928.0,0.5347909354036731,123.0,126.0,0.0,0.15414068039479809,1.3586390018463135
2929.0,0.5342561444682694,123.0,126.0,1.0,0.15385243567422996,1.3587801456451416
2930.0,0.5337218883238012,123.0,126.0,0.0,0.15356444225039115,1.3589181900024414
2931.0,0.5331881664354774,123.0,126.0,0.0,0.1532767004435901,1.3590641021728516
2932.0,0.532654978269042,123.0,126.0,1.0,0.1529892105734519,1.3592071533203125
2933.0,0.5321223232907729,123.0,126.0,1.0,0.15270197295891635,1.3593499660491943
2934.0,0.5315902009674821,123.0,125.0,1.0,0.1524149879182356,1.3594861030578613
2935.0,0.5310586107665146,123.0,125.0,1.0,0.1521282557689724,1.3596301078796387
2936.0,0.5305275521557481,123.0,125.0,0.0,0.15184177682799782,1.3597722053527832
2937.0,0.5299970246035923,123.0,126.0,2.0,0.1515555514114892,1.359910249710083
2938.0,0.5294670275789888,123.0,126.0,1.0,0.15126957983492814,1.3600621223449707
2939.0,0.5289375605514098,123.0,128.0,1.0,0.1509838624130984,1.360206127166748
2940.0,0.5284086229908584,123.0,127.0,2.0,0.1506983994600839,1.360361099243164
2941.0,0.5278802143678676,123.0,127.0,1.0,0.15041319128926653,1.3605091571807861
2942.0,0.5273523341534997,123.0,127.0,2.0,0.15012823821332416,1.360685110092163
2943.0,0.5268249818193462,123.0,127.0,0.0,0.14984354054422874,1.3608181476593018
2944.0,0.5262981568375269,123.0,127.0,2.0,0.14955909859324396,1.3609662055969238
2945.0,0.5257718586806893,123.0,127.0,1.0,0.14927491267092322,1.3611161708831787
2946.0,0.5252460868220087,123.0,128.0,1.0,0.148990983087108,1.3612682819366455
2947.0,0.5247208407351867,123.0,128.0,0.0,0.1487073101509253,1.3614161014556885
2948.0,0.5241961198944515,123.0,128.0,1.0,0.14842389417078583,1.3615601062774658
2949.0,0.5236719237745571,123.0,130.0,3.0,0.14814073545438192,1.3617150783538818
2950.0,0.5231482518507825,123.0,129.0,1.0,0.14785783430868554,1.3618569374084473
2951.0,0.5226251035989318,123.0,129.0,0.0,0.14757519103994624,1.3620049953460693
2952.0,0.5221024784953329,123.0,128.0,2.0,0.14729280595368896,1.3621611595153809
2953.0,0.5215803760168375,123.0,128.0,2.0,0.14701067935471226,1.3623111248016357
2954.0,0.5210587956408207,123.0,129.0,1.0,0.1467288115470862,1.3624591827392578
2955.0,0.5205377368451799,123.0,129.0,1.0,0.14644720283415014,1.362602949142456
2956.0,0.5200171991083348,123.0,129.0,1.0,0.14616585351851089,1.3627541065216064
2957.0,0.5194971819092264,123.0,128.0,5.0,0.14588476390204055,1.362910270690918
2958.0,0.5189776847273172,123.0,128.0,0.0,0.1456039342858748,1.363058090209961
2959.0,0.5184587070425899,123.0,128.0,1.0,0.1453233649704105,1.3631982803344727
2960.0,0.5179402483355473,123.0,128.0,1.0,0.1450430562553039,1.3633460998535156
2961.0,0.5174223080872118,123.0,128.0,2.0,0.1447630084394685,1.3634979724884033
2962.0,0.5169048857791245,123.0,128.0,1.0,0.14448322182107307,1.3636431694030762
2963.0,0.5163879808933454,123.0,128.0,0.0,0.1442036966975398,1.363785982131958
2964.0,0.515871592912452,123.0,128.0,1.0,0.14392443336554217,1.3639299869537354
2965.0,0.5153557213195396,123.0,128.0,0.0,0.1436454321210029,1.3640680313110352
2966.0,0.51484036559822,123.0,128.0,2.0,0.14336669325909188,1.3642170429229736
2967.0,0.5143255252326218,123.0,129.0,1.0,0.14308821707422448,1.364368200302124
2968.0,0.5138111997073891,123.0,128.0,2.0,0.14281000386005926,1.3645141124725342
2969.0,0.5132973885076817,123.0,128.0,1.0,0.14253205390949616,1.3646562099456787
2970.0,0.512784091119174,123.0,128.0,0.0,0.14225436751467438,1.3648061752319336
2971.0,0.5122713070280548,123.0,128.0,0.0,0.14197694496697044,1.3649570941925049
2972.0,0.5117590357210268,123.0,128.0,1.0,0.14169978655699636,1.365109920501709
2973.0,0.5112472766853058,123.0,128.0,0.0,0.14142289257459734,1.3652589321136475
2974.0,0.5107360294086205,123.0,128.0,2.0,0.14114626330885002,1.3654162883758545
2975.0,0.5102252933792119,123.0,128.0,2.0,0.14086989904806055,1.3655622005462646
2976.0,0.5097150680858327,123.0,128.0,0.0,0.14059380007976247,1.3657021522521973
2977.0,0.5092053530177468,123.0,128.0,2.0,0.1403179666907148,1.3658490180969238
2978.0,0.508696147664729,123.0,127.0,1.0,0.14004239916690014,1.36598801612854
2979.0,0.5081874515170643,123.0,127.0,1.0,0.1397670977935226,1.3661339282989502
2980.0,0.5076792640655473,123.0,127.0,0.0,0.1394920628550059,1.3662869930267334
2981.0,0.5071715848014817,123.0,127.0,0.0,0.13921729463499136,1.3664271831512451
2982.0,0.5066644132166802,123.0,127.0,2.0,0.13894279341633603,1.3665761947631836
2983.0,0.5061577488034635,123.0,127.0,2.0,0.13866855948111081,1.3667240142822266
2984.0,0.5056515910546601,123.0,127.0,0.0,0.1383945931105983,1.366866111755371
2985.0,0.5051459394636054,123.0,127.0,1.0,0.13812089458529087,1.3670151233673096
2986.0,0.5046407935241418,123.0,128.0,1.0,0.1378474641848889,1.3671600818634033
2987.0,0.5041361527306176,123.0,128.0,0.0,0.13757430218829886,1.3673021793365479
2988.0,0.503632016577887,123.0,127.0,2.0,0.13730140887363113,1.367445945739746
2989.0,0.5031283845613091,123.0,127.0,1.0,0.13702878451819817,1.3675880432128906
2990.0,0.5026252561767478,123.0,127.0,0.0,0.13675642939851274,1.3677339553833008
2991.0,0.5021226309205711,123.0,127.0,2.0,0.1364843437902859,1.3678820133209229
2992.0,0.5016205082896505,123.0,127.0,0.0,0.13621252796842492,1.3680250644683838
2993.0,0.5011188877813609,123.0,128.0,1.0,0.13594098220703163,1.3681771755218506
2994.0,0.5006177688935796,123.0,128.0,0.0,0.13566970677940032,1.368319034576416
2995.0,0.500117151124686,123.0,128.0,1.0,0.13539870195801593,1.368474006652832
2996.0,0.49961703397356133,123.0,127.0,2.0,0.1351279680145521,1.368617296218872
2997.0,0.4991174169395878,123.0,127.0,1.0,0.13485750521986925,1.3687610626220703
2998.0,0.4986182995226482,123.0,127.0,1.0,0.13458731384401268,1.368941068649292
2999.0,0.49811968122312555,123.0,127.0,0.0,0.1343173941562109,1.3690869808197021
3000.0,0.4976215615419024,123.0,128.0,1.0,0.13404774642487324,1.369232177734375
3001.0,0.4971239399803605,123.0,128.0,1.0,0.1337783709175886,1.3693780899047852
3002.0,0.4966268160403801,123.0,128.0,1.0,0.13350926790112286,1.3695189952850342
3003.0,0.4961301892243397,123.0,128.0,0.0,0.1332404376414177,1.3696610927581787
3004.0,0.49563405903511537,123.0,128.0,1.0,0.13297188040358823,1.3698060512542725
3005.0,0.49513842497608024,123.0,128.0,4.0,0.13270359645192123,1.3699371814727783
3006.0,0.4946432865511042,123.0,129.0,4.0,0.13243558604987352,1.370082139968872
3007.0,0.4941486432645531,123.0,129.0,3.0,0.13216784946006974,1.3702290058135986
3008.0,0.4936544946212885,123.0,129.0,0.0,0.1319003869443007,1.3703761100769043
3009.0,0.4931608401266672,123.0,129.0,0.0,0.13163319876352148,1.370521068572998
3010.0,0.49266767928654054,123.0,129.0,1.0,0.13136628517784957,1.370671033859253
3011.0,0.492175011607254,123.0,129.0,1.0,0.13109964644656308,1.3708131313323975
3012.0,0.49168283659564677,123.0,128.0,2.0,0.1308332828280987,1.3709533214569092
3013.0,0.4911911537590511,123.0,130.0,1.0,0.13056719458005012,1.3711001873016357
3014.0,0.49069996260529203,123.0,130.0,2.0,0.13030138195916594,1.3712522983551025
3015.0,0.4902092626426867,123.0,130.0,3.0,0.1300358452213481,1.371392011642456
3016.0,0.489719053380044,123.0,130.0,2.0,0.1297705846216498,1.3715310096740723
3017.0,0.489229334326664,123.0,130.0,3.0,0.1295056004142738,1.3716909885406494
3018.0,0.48874010499233733,123.0,130.0,0.0,0.12924089285257062,1.3718609809875488
3019.0,0.488251364887345,123.0,130.0,1.0,0.12897646218903663,1.3720080852508545
3020.0,0.48776311352245766,123.0,130.0,4.0,0.1287123086753123,1.3721561431884766
3021.0,0.4872753504089352,123.0,130.0,3.0,0.1284484325621803,1.3722929954528809
3022.0,0.4867880750585263,123.0,130.0,1.0,0.12818483409956394,1.3724579811096191
3023.0,0.48630128698346775,123.0,130.0,0.0,0.12792151353652503,1.3726022243499756
3024.0,0.4858149856964843,123.0,130.0,2.0,0.12765847112126233,1.3727481365203857
3025.0,0.4853291707107878,123.0,130.0,0.0,0.12739570710110962,1.372892141342163
3026.0,0.484843841540077,123.0,130.0,0.0,0.1271332217225339,1.3730390071868896
3027.0,0.4843589976985369,123.0,130.0,2.0,0.12687101523113395,1.3731780052185059
3028.0,0.48387463870083836,123.0,129.0,3.0,0.12660908787163788,1.3733282089233398
3029.0,0.4833907640621375,123.0,129.0,2.0,0.12634743988790198,1.3734691143035889
3030.0,0.48290737329807537,123.0,127.0,2.0,0.12608607152290863,1.3736162185668945
3031.0,0.4824244659247773,123.0,127.0,2.0,0.1258249830187646,1.3737661838531494
3032.0,0.4819420414588525,123.0,127.0,0.0,0.12556417461669936,1.3739080429077148
3033.0,0.48146009941739365,123.0,127.0,1.0,0.1253036465570631,1.3740501403808594
3034.0,0.48097863931797624,123.0,127.0,1.0,0.1250433990793253,1.374197006225586
3035.0,0.4804976606786583,123.0,127.0,0.0,0.12478343242207264,1.3743300437927246
3036.0,0.48001716301797964,123.0,127.0,0.0,0.12452374682300756,1.374481201171875
3037.0,0.47953714585496166,123.0,127.0,0.0,0.12426434251894627,1.374622106552124
3038.0,0.4790576087091067,123.0,127.0,2.0,0.12400521974581719,1.3747611045837402
3039.0,0.4785785511003976,123.0,127.0,0.0,0.12374637873865908,1.374908208847046
3040.0,0.4780999725492972,123.0,127.0,0.0,0.12348781973161942,1.3750641345977783
3041.0,0.47762187257674793,123.0,127.0,0.0,0.12322954295795263,1.3752110004425049
3042.0,0.47714425070417116,123.0,127.0,1.0,0.12297154865001834,1.3753650188446045
3043.0,0.476667106453467,123.0,128.0,2.0,0.12271383703927978,1.3755099773406982
3044.0,0.47619043934701355,123.0,130.0,1.0,0.12245640835630192,1.3756599426269531
3045.0,0.47571424890766656,123.0,130.0,1.0,0.12219926283074975,1.375805139541626
3046.0,0.47523853465875887,123.0,129.0,2.0,0.1219424006913868,1.375946044921875
3047.0,0.4747632961241001,123.0,128.0,1.0,0.12168582216607328,1.376094102859497
3048.0,0.474288532827976,123.0,128.0,0.0,0.12142952748176436,1.3762400150299072
3049.0,0.473814244295148,123.0,128.0,0.0,0.12117351686450852,1.3763890266418457
3050.0,0.47334043005085286,123.0,128.0,0.0,0.12091779053944597,1.3765239715576172
3051.0,0.472867089620802,123.0,128.0,1.0,0.12066234873080689,1.37666916847229
3052.0,0.4723942225311812,123.0,128.0,0.0,0.1204071916619097,1.3768150806427002
3053.0,0.47192182830865,123.0,128.0,1.0,0.12015231955515938,1.376965045928955
3054.0,0.47144990648034135,123.0,128.0,0.0,0.11989773263204602,1.377107858657837
3055.0,0.470978456573861,123.0,129.0,1.0,0.119643431113143,1.377249002456665
3056.0,0.47050747811728716,123.0,129.0,1.0,0.1193894152181052,1.377397060394287
3057.0,0.4700369706391699,123.0,129.0,3.0,0.11913568516566772,1.3775420188903809
3058.0,0.4695669336685307,123.0,129.0,0.0,0.11888224117364393,1.3776941299438477
3059.0,0.4690973667348622,123.0,131.0,3.0,0.1186290834589239,1.3778460025787354
3060.0,0.46862826936812735,123.0,131.0,0.0,0.11837621223747277,1.3779902458190918
3061.0,0.46815964109875924,123.0,131.0,0.0,0.1181236277243293,1.3781490325927734
3062.0,0.4676914814576605,123.0,129.0,1.0,0.11787133013360389,1.3782939910888672
3063.0,0.46722378997620284,123.0,128.0,3.0,0.1176193196784774,1.37843918800354
3064.0,0.46675656618622663,123.0,128.0,0.0,0.1173675965711991,1.3785841464996338
3065.0,0.4662898096200404,123.0,128.0,0.0,0.11711616102308536,1.3787341117858887
3066.0,0.46582351981042036,123.0,128.0,2.0,0.116865013244518,1.3788909912109375
3067.0,0.46535769629060997,123.0,128.0,1.0,0.11661415344494262,1.379035234451294
3068.0,0.46489233859431933,123.0,128.0,2.0,0.11636358183286695,1.3791821002960205
3069.0,0.464427446255725,123.0,128.0,0.0,0.1161132986158595,1.3793342113494873
3070.0,0.4639630188094693,123.0,128.0,0.0,0.11586330400054769,1.379472017288208
3071.0,0.4634990557906598,123.0,129.0,1.0,0.11561359819261653,1.379636287689209
3072.0,0.4630355567348691,123.0,128.0,3.0,0.11536418139680692,1.3797831535339355
3073.0,0.46257252117813424,123.0,128.0,0.0,0.11511505381691405,1.3799350261688232
3074.0,0.4621099486569561,123.0,128.0,2.0,0.11486621565578593,1.380082130432129
3075.0,0.4616478387082991,123.0,128.0,0.0,0.1146176671153218,1.3802223205566406
3076.0,0.46118619086959084,123.0,128.0,2.0,0.11436940839647056,1.3803613185882568
3077.0,0.46072500467872124,123.0,128.0,1.0,0.11412143969922924,1.3805201053619385
3078.0,0.46026427967404254,123.0,128.0,2.0,0.11387376122264155,1.3806591033935547
3079.0,0.4598040153943685,123.0,128.0,0.0,0.11362637316479608,1.3808021545410156
3080.0,0.45934421137897413,123.0,128.0,0.0,0.11337927572282523,1.380944013595581
3081.0,0.45888486716759513,123.0,128.0,4.0,0.11313246909290314,1.3810899257659912
3082.0,0.4584259823004275,123.0,128.0,2.0,0.11288595347024463,1.3812363147735596
3083.0,0.4579675563181271,123.0,127.0,2.0,0.11263972904910352,1.3813979625701904
3084.0,0.45750958876180897,123.0,127.0,0.0,0.11239379602277103,1.3815460205078125
3085.0,0.4570520791730472,123.0,127.0,0.0,0.11214815458357437,1.3817310333251953
3086.0,0.4565950270938741,123.0,127.0,0.0,0.11190280492287531,1.3818681240081787
3087.0,0.45613843206678023,123.0,127.0,0.0,0.11165774723106855,1.3820080757141113
3088.0,0.45568229363471346,123.0,127.0,0.0,0.11141298169758042,1.382148027420044
3089.0,0.4552266113410787,123.0,127.0,1.0,0.11116850851086718,1.3822870254516602
3090.0,0.45477138472973766,123.0,128.0,3.0,0.11092432785841384,1.3824191093444824
3091.0,0.45431661334500795,123.0,128.0,1.0,0.11068043992673234,1.3825452327728271
3092.0,0.45386229673166295,123.0,128.0,2.0,0.11043684490136035,1.3826799392700195
3093.0,0.4534084344349313,123.0,128.0,2.0,0.11019354296685975,1.3828210830688477
3094.0,0.45295502600049636,123.0,128.0,0.0,0.10995053430681521,1.3829610347747803
3095.0,0.45250207097449585,123.0,128.0,0.0,0.10970781910383264,1.3830859661102295
3096.0,0.4520495689035214,123.0,128.0,1.0,0.10946539753953792,1.3832240104675293
3097.0,0.45159751933461784,123.0,128.0,0.0,0.10922326979457529,1.3833582401275635
3098.0,0.45114592181528324,123.0,128.0,1.0,0.10898143604860609,1.383493185043335
3099.0,0.45069477589346796,123.0,128.0,0.0,0.1087398964803072,1.3836309909820557
3100.0,0.45024408111757447,123.0,128.0,0.0,0.1084986512673698,1.3837671279907227
3101.0,0.44979383703645687,123.0,127.0,3.0,0.10825770058649774,1.3839070796966553
3102.0,0.4493440431994204,123.0,127.0,1.0,0.1080170446134063,1.3840382099151611
3103.0,0.448894699156221,123.0,127.0,1.0,0.10777668352282088,1.384167194366455
3104.0,0.4484458044570648,123.0,127.0,0.0,0.10753661748847536,1.3843090534210205
3105.0,0.4479973586526077,123.0,127.0,0.0,0.10729684668311083,1.3844468593597412
3106.0,0.4475493612939551,123.0,127.0,0.0,0.10705737127847438,1.3845901489257812
3107.0,0.4471018119326612,123.0,127.0,0.0,0.10681819144531743,1.3847222328186035
3108.0,0.44665471012072855,123.0,127.0,1.0,0.10657930735339466,1.3848628997802734
3109.0,0.4462080554106078,123.0,127.0,0.0,0.10634071917146236,1.384990930557251
3110.0,0.4457618473551972,123.0,127.0,1.0,0.10610242706727739,1.3851220607757568
3111.0,0.445316085507842,123.0,127.0,2.0,0.10586443120759559,1.3852689266204834
3112.0,0.44487076942233417,123.0,127.0,0.0,0.10562673175817062,1.3854091167449951
3113.0,0.4444258986529118,123.0,127.0,0.0,0.10538932888375248,1.385538101196289
3114.0,0.4439814727542589,123.0,127.0,0.0,0.10515222274808626,1.3856840133666992
3115.0,0.44353749128150466,123.0,127.0,0.0,0.1049154135139108,1.3858091831207275
3116.0,0.44309395379022315,123.0,127.0,2.0,0.1046789013429574,1.3859529495239258
3117.0,0.44265085983643293,123.0,127.0,0.0,0.10444268639594853,1.3861002922058105
3118.0,0.4422082089765965,123.0,127.0,2.0,0.1042067688325965,1.3862380981445312
3119.0,0.4417660007676199,123.0,127.0,1.0,0.10397114881160206,1.38637113571167
3120.0,0.4413242347668523,123.0,127.0,0.0,0.10373582649065335,1.38651704788208
3121.0,0.44088291053208545,123.0,127.0,2.0,0.10350080202642449,1.3866560459136963
3122.0,0.4404420276215534,123.0,127.0,2.0,0.10326607557457422,1.3867950439453125
3123.0,0.4400015855939318,123.0,130.0,1.0,0.10303164728974472,1.3869311809539795
3124.0,0.4395615840083379,123.0,130.0,0.0,0.10279751732556051,1.387068271636963
3125.0,0.43912202242432957,123.0,130.0,0.0,0.10256368583462688,1.387207269668579
3126.0,0.4386829004019052,123.0,130.0,0.0,0.10233015296852878,1.3873419761657715
3127.0,0.43824421750150333,123.0,130.0,0.0,0.1020969188778297,1.3874878883361816
3128.0,0.43780597328400184,123.0,130.0,0.0,0.10186398371207031,1.387619972229004
3129.0,0.4373681673107178,123.0,127.0,1.0,0.10163134761976725,1.3877532482147217
3130.0,0.4369307991434071,123.0,127.0,0.0,0.10139901074841183,1.3878881931304932
3131.0,0.4364938683442637,123.0,127.0,0.0,0.10116697324446901,1.3880250453948975
3132.0,0.4360573744759194,123.0,127.0,3.0,0.10093523525337604,1.3881609439849854
3133.0,0.4356213171014435,123.0,127.0,0.0,0.10070379691954129,1.3882951736450195
3134.0,0.435185695784342,123.0,128.0,1.0,0.10047265838634309,1.3884351253509521
3135.0,0.4347505100885577,123.0,129.0,1.0,0.10024181979612849,1.3885722160339355
3136.0,0.43431575957846913,123.0,128.0,2.0,0.1000112812902122,1.3887059688568115
3137.0,0.43388144381889066,123.0,128.0,0.0,0.09978104300887515,1.3888492584228516
3138.0,0.43344756237507176,123.0,128.0,0.0,0.09955110509136371,1.3889870643615723
3139.0,0.4330141148126967,123.0,128.0,0.0,0.0993214676758881,1.389127254486084
3140.0,0.43258110069788397,123.0,127.0,3.0,0.09909213089962164,1.3892662525177002
3141.0,0.4321485195971861,123.0,127.0,0.0,0.09886309489869936,1.389409065246582
3142.0,0.4317163710775889,123.0,127.0,1.0,0.09863435980821693,1.3895471096038818
3143.0,0.43128465470651134,123.0,127.0,3.0,0.09840592576222944,1.389686107635498
3144.0,0.43085337005180485,123.0,127.0,2.0,0.09817779289375045,1.3898251056671143
3145.0,0.430422516681753,123.0,127.0,0.0,0.09794996133475072,1.3899650573730469
3146.0,0.4299920941650713,123.0,127.0,0.0,0.09772243121615715,1.390099287033081
3147.0,0.4295621020709062,123.0,127.0,1.0,0.09749520266785179,1.3902409076690674
3148.0,0.4291325399688353,123.0,127.0,0.0,0.0972682758186705,1.390383005142212
3149.0,0.4287034074288665,123.0,128.0,3.0,0.09704165079640206,1.3905341625213623
3150.0,0.42827470402143764,123.0,128.0,1.0,0.096815327727787,1.3906760215759277
3151.0,0.4278464293174162,123.0,128.0,2.0,0.09658930673851651,1.3908112049102783
3152.0,0.42741858288809875,123.0,128.0,2.0,0.0963635879532315,1.3909521102905273
3153.0,0.42699116430521067,123.0,128.0,2.0,0.09613817149552145,1.3910939693450928
3154.0,0.42656417314090544,123.0,128.0,3.0,0.09591305748792317,1.391232967376709
3155.0,0.42613760896776454,123.0,128.0,1.0,0.09568824605192018,1.3913681507110596
3156.0,0.4257114713587968,123.0,128.0,0.0,0.09546373730794123,1.3915071487426758
3157.0,0.425285759887438,123.0,129.0,2.0,0.09523953137535965,1.3916511535644531
3158.0,0.42486047412755057,123.0,129.0,1.0,0.09501562837249192,1.3917951583862305
3159.0,0.424435613653423,123.0,129.0,1.0,0.09479202841659705,1.3919270038604736
3160.0,0.4240111780397696,123.0,129.0,0.0,0.0945687316238753,1.3920681476593018
3161.0,0.42358716686172987,123.0,129.0,2.0,0.09434573810946735,1.392214059829712
3162.0,0.4231635796948681,123.0,129.0,1.0,0.09412304798745308,1.3923571109771729
3163.0,0.42274041611517327,123.0,129.0,0.0,0.09390066137085089,1.3924970626831055
3164.0,0.4223176756990581,123.0,128.0,1.0,0.0936785783716164,1.3926360607147217
3165.0,0.42189535802335904,123.0,128.0,1.0,0.0934567991006418,1.3927772045135498
3166.0,0.4214734626653357,123.0,128.0,0.0,0.09323532366775454,1.3929252624511719
3167.0,0.42105198920267034,123.0,128.0,2.0,0.09301415218171667,1.3930652141571045
3168.0,0.42063093721346767,123.0,128.0,1.0,0.09279328475022376,1.393204927444458
3169.0,0.4202103062762542,123.0,128.0,1.0,0.09257272147990386,1.3933522701263428
3170.0,0.41979009596997796,123.0,128.0,0.0,0.09235246247631676,1.3934991359710693
3171.0,0.419370305874008,123.0,128.0,0.0,0.09213250784395294,1.3936331272125244
3172.0,0.41895093556813395,123.0,128.0,2.0,0.09191285768623268,1.393773078918457
3173.0,0.4185319846325658,123.0,128.0,0.0,0.09169351210550515,1.3939120769500732
3174.0,0.41811345264793326,123.0,128.0,0.0,0.0914744712030475,1.394050121307373
3175.0,0.41769533919528534,123.0,128.0,0.0,0.09125573507906398,1.394193172454834
3176.0,0.41727764385609006,123.0,128.0,0.0,0.09103730383268493,1.3943300247192383
3177.0,0.416860366212234,123.0,128.0,1.0,0.09081917756196613,1.394463062286377
3178.0,0.41644350584602174,123.0,128.0,0.0,0.09060135636388776,1.3946070671081543
3179.0,0.4160270623401757,123.0,129.0,1.0,0.09038384033435347,1.3947491645812988
3180.0,0.41561103527783555,123.0,129.0,3.0,0.0901666295681898,1.394895076751709
3181.0,0.41519542424255773,123.0,129.0,2.0,0.089949724159145,1.3950309753417969
3182.0,0.41478022881831517,123.0,128.0,2.0,0.08973312419988834,1.3951780796051025
3183.0,0.41436544858949687,123.0,128.0,0.0,0.08951682978200937,1.3953299522399902
3184.0,0.4139510831409074,123.0,128.0,1.0,0.0893008409960169,1.3954651355743408
3185.0,0.4135371320577665,123.0,128.0,1.0,0.0890851579313383,1.3956100940704346
3186.0,0.4131235949257087,123.0,128.0,1.0,0.08886978067631864,1.3957500457763672
3187.0,0.412710471330783,123.0,128.0,3.0,0.08865470931821991,1.3958911895751953
3188.0,0.4122977608594522,123.0,128.0,1.0,0.08843994394322026,1.3960309028625488
3189.0,0.41188546309859275,123.0,128.0,2.0,0.0882254846364131,1.396169900894165
3190.0,0.41147357763549414,123.0,128.0,0.0,0.08801133148180641,1.3963088989257812
3191.0,0.41106210405785865,123.0,129.0,2.0,0.08779748456232203,1.396440029144287
3192.0,0.4106510419538008,123.0,129.0,2.0,0.08758394395979464,1.3965842723846436
3193.0,0.410240390911847,123.0,129.0,1.0,0.08737070975497131,1.3967249393463135
3194.0,0.40983015052093513,123.0,129.0,1.0,0.08715778202751058,1.3968651294708252
3195.0,0.4094203203704142,123.0,128.0,1.0,0.08694516085598171,1.3970069885253906
3196.0,0.4090109000500438,123.0,128.0,2.0,0.08673284631786407,1.3971502780914307
3197.0,0.4086018891499938,123.0,128.0,0.0,0.08652083848954628,1.3972992897033691
3198.0,0.4081932872608438,123.0,128.0,0.0,0.08630913744632555,1.3974320888519287
3199.0,0.407785093973583,123.0,128.0,1.0,0.08609774326240702,1.3975732326507568
3200.0,0.4073773088796094,123.0,130.0,4.0,0.08588665601090291,1.397719144821167
3201.0,0.40696993157072975,123.0,130.0,1.0,0.08567587576383202,1.3978581428527832
3202.0,0.406562961639159,123.0,130.0,1.0,0.08546540259211903,1.3980021476745605
3203.0,0.40615639867751985,123.0,130.0,2.0,0.08525523656559354,1.3981420993804932
3204.0,0.4057502422788423,123.0,132.0,3.0,0.08504537775298981,1.3982782363891602
3205.0,0.4053444920365635,123.0,132.0,3.0,0.0848358262219458,1.3984198570251465
3206.0,0.4049391475445269,123.0,132.0,2.0,0.08462658203900268,1.398561954498291
3207.0,0.4045342083969824,123.0,130.0,1.0,0.08441764526960402,1.3986990451812744
3208.0,0.4041296741885854,123.0,130.0,2.0,0.08420901597809542,1.3988361358642578
3209.0,0.40372554451439685,123.0,130.0,0.0,0.08400069422772363,1.3989779949188232
3210.0,0.40332181896988245,123.0,130.0,1.0,0.08379268008063606,1.3991150856018066
3211.0,0.40291849715091255,123.0,132.0,3.0,0.08358497359788014,1.399261236190796
3212.0,0.40251557865376164,123.0,131.0,1.0,0.08337757483940274,1.3993949890136719
3213.0,0.40211306307510786,123.0,129.0,1.0,0.08317048386404949,1.3995811939239502
3214.0,0.4017109500120328,123.0,129.0,0.0,0.08296370072956442,1.3997249603271484
3215.0,0.40130923906202076,123.0,129.0,2.0,0.08275722549258907,1.399873971939087
3216.0,0.40090792982295875,123.0,129.0,0.0,0.08255105820866207,1.4000260829925537
3217.0,0.4005070218931358,123.0,129.0,0.0,0.08234519893221877,1.4001760482788086
3218.0,0.40010651487124266,123.0,129.0,1.0,0.08213964771659035,1.4003162384033203
3219.0,0.3997064083563714,123.0,129.0,2.0,0.08193440461400346,1.4004578590393066
3220.0,0.39930670194801504,123.0,129.0,0.0,0.08172946967557977,1.4006030559539795
3221.0,0.39890739524606705,123.0,128.0,2.0,0.08152484295133522,1.4007480144500732
3222.0,0.398508487850821,123.0,128.0,0.0,0.08132052449017968,1.4008901119232178
3223.0,0.39810997936297016,123.0,128.0,2.0,0.08111651433991637,1.4010460376739502
3224.0,0.3977118693836072,123.0,128.0,4.0,0.08091281254724142,1.401191234588623
3225.0,0.3973141575142236,123.0,128.0,2.0,0.08070941915774325,1.4013402462005615
3226.0,0.3969168433567094,123.0,128.0,0.0,0.08050633421590225,1.401494026184082
3227.0,0.3965199265133527,123.0,129.0,2.0,0.08030355776509018,1.4016430377960205
3228.0,0.39612340658683937,123.0,129.0,1.0,0.08010108984756978,1.4017860889434814
3229.0,0.3957272831802525,123.0,129.0,1.0,0.07989893050449431,1.4019570350646973
3230.0,0.39533155589707225,123.0,129.0,0.0,0.07969707977590697,1.402109146118164
3231.0,0.3949362243411752,123.0,129.0,0.0,0.07949553770074075,1.4022681713104248
3232.0,0.39454128811683403,123.0,128.0,3.0,0.07929430431681767,1.4024231433868408
3233.0,0.3941467468287172,123.0,128.0,2.0,0.07909337966084858,1.40256929397583
3234.0,0.3937526000818885,123.0,128.0,1.0,0.0788927637684326,1.4027130603790283
3235.0,0.3933588474818066,123.0,127.0,1.0,0.0786924566740569,1.402853012084961
3236.0,0.3929654886343248,123.0,127.0,1.0,0.07849245841109609,1.4030001163482666
3237.0,0.39257252314569047,123.0,128.0,2.0,0.07829276901181202,1.4031500816345215
3238.0,0.3921799506225448,123.0,129.0,1.0,0.0780933885073533,1.4032950401306152
3239.0,0.3917877706719223,123.0,128.0,1.0,0.07789431692775492,1.4034500122070312
3240.0,0.39139598290125033,123.0,128.0,0.0,0.07769555430193788,1.4036121368408203
3241.0,0.39100458691834905,123.0,127.0,2.0,0.07749710065770903,1.4037621021270752
3242.0,0.3906135823314307,123.0,127.0,1.0,0.07729895602176037,1.4039080142974854
3243.0,0.39022296874909923,123.0,128.0,2.0,0.07710112041966914,1.4040560722351074
3244.0,0.38983274578035015,123.0,127.0,1.0,0.07690359387589712,1.4042019844055176
3245.0,0.3894429130345698,123.0,127.0,1.0,0.07670637641379051,1.4043409824371338
3246.0,0.38905347012153524,123.0,127.0,1.0,0.0765094680555796,1.4044740200042725
3247.0,0.3886644166514137,123.0,127.0,2.0,0.07631286882237844,1.404616117477417
3248.0,0.3882757522347623,123.0,128.0,1.0,0.07611657873418454,1.4047551155090332
3249.0,0.3878874764825275,123.0,128.0,0.0,0.07592059780987873,1.4048891067504883
3250.0,0.387499589006045,123.0,127.0,2.0,0.07572492606722458,1.405074119567871
3251.0,0.38711208941703895,123.0,127.0,0.0,0.07552956352286855,1.4052159786224365
3252.0,0.3867249773276219,123.0,127.0,1.0,0.07533451019233932,1.4053540229797363
3253.0,0.3863382523502943,123.0,127.0,0.0,0.07513976609004785,1.4054961204528809
3254.0,0.385951914097944,123.0,127.0,0.0,0.07494533122928704,1.4056413173675537
3255.0,0.38556596218384603,123.0,127.0,1.0,0.07475120562223145,1.4057750701904297
3256.0,0.38518039622166217,123.0,127.0,0.0,0.07455738927993714,1.4059062004089355
3257.0,0.3847952158254405,123.0,127.0,0.0,0.07436388221234153,1.4060490131378174
3258.0,0.38441042060961506,123.0,127.0,2.0,0.07417068442826301,1.406184196472168
3259.0,0.38402601018900545,123.0,127.0,0.0,0.07397779593540094,1.4063210487365723
3260.0,0.38364198417881645,123.0,127.0,0.0,0.07378521674033536,1.4064669609069824
3261.0,0.3832583421946376,123.0,127.0,0.0,0.07359294684852691,1.4065990447998047
3262.0,0.38287508385244295,123.0,127.0,0.0,0.0734009862643165,1.4067392349243164
3263.0,0.3824922087685905,123.0,127.0,1.0,0.07320933499092538,1.4068782329559326
3264.0,0.38210971655982195,123.0,127.0,2.0,0.07301799303045481,1.407013177871704
3265.0,0.3817276068432621,123.0,127.0,1.0,0.07282696038388599,1.4071459770202637
3266.0,0.3813458792364189,123.0,127.0,0.0,0.07263623705107998,1.4072911739349365
3267.0,0.38096453335718244,123.0,127.0,0.0,0.0724458230307775,1.407433271408081
3268.0,0.38058356882382527,123.0,127.0,1.0,0.0722557183205989,1.4075613021850586
3269.0,0.38020298525500146,123.0,127.0,0.0,0.07206592291704401,1.407702922821045
3270.0,0.3798227822697465,123.0,127.0,3.0,0.07187643681549206,1.4078409671783447
3271.0,0.37944295948747675,123.0,127.0,0.0,0.07168726001020159,1.4079771041870117
3272.0,0.37906351652798925,123.0,127.0,0.0,0.07149839249431038,1.4081141948699951
3273.0,0.37868445301146125,123.0,127.0,1.0,0.07130983425983548,1.408257007598877
3274.0,0.3783057685584498,123.0,127.0,0.0,0.07112158529767298,1.408398151397705
3275.0,0.3779274627898913,123.0,127.0,1.0,0.07093364559759814,1.4085290431976318
3276.0,0.3775495353271014,123.0,127.0,0.0,0.07074601514826527,1.408663034439087
3277.0,0.3771719857917743,123.0,127.0,0.0,0.07055869393720766,1.408797264099121
3278.0,0.3767948138059825,123.0,127.0,0.0,0.07037168195083766,1.408940076828003
3279.0,0.37641801899217653,123.0,127.0,1.0,0.07018497917444667,1.4090800285339355
3280.0,0.37604160097318434,123.0,127.0,0.0,0.06999858559220505,1.409214973449707
3281.0,0.37566555937221113,123.0,127.0,0.0,0.0698125011871622,1.409353256225586
3282.0,0.37528989381283895,123.0,127.0,0.0,0.06962672594124664,1.4094951152801514
3283.0,0.3749146039190261,123.0,127.0,2.0,0.06944125983526586,1.409635066986084
3284.0,0.37453968931510706,123.0,127.0,2.0,0.06925610284890657,1.4097750186920166
3285.0,0.37416514962579195,123.0,127.0,2.0,0.06907125496073464,1.409909963607788
3286.0,0.37379098447616615,123.0,127.0,0.0,0.06888671614819514,1.4100511074066162
3287.0,0.37341719349169,123.0,127.0,0.0,0.06870248638761246,1.4101932048797607
3288.0,0.3730437762981983,123.0,127.0,0.0,0.06851856565419039,1.4103360176086426
3289.0,0.3726707325219001,123.0,127.0,2.0,0.06833495392201214,1.4104812145233154
3290.0,0.3722980617893782,123.0,127.0,2.0,0.06815165116404058,1.4106311798095703
3291.0,0.3719257637275888,123.0,127.0,1.0,0.06796865735211816,1.4107801914215088
3292.0,0.3715538379638612,123.0,127.0,0.0,0.0677859724569672,1.410919189453125
3293.0,0.3711822841258974,123.0,127.0,1.0,0.06760359644818986,1.4110641479492188
3294.0,0.37081110184177146,123.0,127.0,0.0,0.0674215292942684,1.41121506690979
3295.0,0.3704402907399297,123.0,127.0,0.0,0.06723977096256524,1.4113640785217285
3296.0,0.3700698504491898,123.0,127.0,2.0,0.06705832141932322,1.411513090133667
3297.0,0.3696997805987406,123.0,127.0,1.0,0.06687718062966563,1.4116551876068115
3298.0,0.36933008081814184,123.0,127.0,0.0,0.06669634855759647,1.4117980003356934
3299.0,0.3689607507373237,123.0,127.0,0.0,0.06651582516600062,1.4119431972503662
3300.0,0.36859178998658637,123.0,127.0,0.0,0.06633561041664397,1.4120900630950928
3301.0,0.36822319819659977,123.0,127.0,0.0,0.06615570427017373,1.4122390747070312
3302.0,0.36785497499840314,123.0,127.0,1.0,0.06597610668611859,1.4123811721801758
3303.0,0.3674871200234047,123.0,127.0,3.0,0.06579681762288889,1.412524938583374
3304.0,0.36711963290338134,123.0,127.0,0.0,0.065617837037777,1.4126670360565186
3305.0,0.366752513270478,123.0,127.0,0.0,0.0654391648869573,1.4128220081329346
3306.0,0.3663857607572075,123.0,127.0,1.0,0.0652608011254867,1.4129619598388672
3307.0,0.3660193749964503,123.0,127.0,2.0,0.06508274570730473,1.413102149963379
3308.0,0.36565335562145385,123.0,129.0,2.0,0.0649049985852339,1.4132490158081055
3309.0,0.3652877022658324,123.0,129.0,0.0,0.06472755971097995,1.413398027420044
3310.0,0.36492241456356656,123.0,129.0,0.0,0.06455042903513211,1.4135432243347168
3311.0,0.364557492149003,123.0,129.0,2.0,0.06437360650716344,1.4136931896209717
3312.0,0.36419293465685404,123.0,129.0,3.0,0.06419709207543108,1.4138400554656982
3313.0,0.3638287417221972,123.0,129.0,1.0,0.06402088568717663,1.4140300750732422
3314.0,0.363464912980475,123.0,129.0,2.0,0.06384498728852644,1.4141700267791748
3315.0,0.36310144806749456,123.0,129.0,0.0,0.063669396824492,1.4143259525299072
3316.0,0.36273834661942705,123.0,129.0,1.0,0.06349411423897018,1.4144771099090576
3317.0,0.3623756082728076,123.0,129.0,3.0,0.06331913947474367,1.4146223068237305
3318.0,0.36201323266453483,123.0,129.0,0.0,0.06314447247348137,1.414773941040039
3319.0,0.3616512194318703,123.0,129.0,1.0,0.06297011317573861,1.4149219989776611
3320.0,0.3612895682124384,123.0,129.0,0.0,0.0627960615209578,1.415074110031128
3321.0,0.36092827864422594,123.0,129.0,5.0,0.06262231744746849,1.415221929550171
3322.0,0.36056735036558174,123.0,129.0,0.0,0.062448880892488144,1.4153661727905273
3323.0,0.36020678301521614,123.0,127.0,1.0,0.0622757517921222,1.4155189990997314
3324.0,0.3598465762322009,123.0,125.0,2.0,0.06210293008136469,1.4156620502471924
3325.0,0.3594867296559687,123.0,125.0,0.0,0.06193041569409876,1.4158902168273926
3326.0,0.3591272429263127,123.0,125.0,0.0,0.06175820856309686,1.4160370826721191
3327.0,0.3587681156833864,123.0,125.0,0.0,0.06158630862002135,1.4161839485168457
3328.0,0.35840934756770304,123.0,125.0,0.0,0.06141471579542499,1.4163119792938232
3329.0,0.35805093822013534,123.0,125.0,2.0,0.061243430018751314,1.4164469242095947
3330.0,0.35769288728191523,123.0,125.0,0.0,0.0610724512183352,1.416581153869629
3331.0,0.3573351943946333,123.0,125.0,0.0,0.06090177932140328,1.4167160987854004
3332.0,0.35697785920023867,123.0,125.0,0.0,0.06073141425407453,1.4168550968170166
3333.0,0.3566208813410384,123.0,125.0,0.0,0.06056135594136072,1.4169902801513672
3334.0,0.3562642604596974,123.0,125.0,1.0,0.06039160430716692,1.4171271324157715
3335.0,0.3559079961992377,123.0,125.0,0.0,0.06022215927429213,1.4172642230987549
3336.0,0.35555208820303846,123.0,125.0,0.0,0.060053020764429706,1.4174010753631592
3337.0,0.3551965361148354,123.0,125.0,1.0,0.05988418869816793,1.417539119720459
3338.0,0.3548413395787206,123.0,125.0,0.0,0.059715662994990655,1.4176881313323975
3339.0,0.35448649823914186,123.0,125.0,0.0,0.05954744357327778,1.4178211688995361
3340.0,0.3541320117409027,123.0,125.0,3.0,0.05937953035030586,1.417971134185791
3341.0,0.3537778797291618,123.0,125.0,0.0,0.05921192324224877,1.4181029796600342
3342.0,0.3534241018494326,123.0,125.0,0.0,0.05904462216417814,1.4182472229003906
3343.0,0.3530706777475832,123.0,125.0,0.0,0.05887762703006415,1.4183862209320068
3344.0,0.3527176070698356,123.0,125.0,1.0,0.058710937752775964,1.4185280799865723
3345.0,0.3523648894627658,123.0,125.0,0.0,0.05854455424408251,1.4186651706695557
3346.0,0.352012524573303,123.0,125.0,2.0,0.05837847641465308,1.4188048839569092
3347.0,0.3516605120487297,123.0,125.0,0.0,0.05821270417405797,1.4189438819885254
3348.0,0.351308851536681,123.0,125.0,0.0,0.05804723743076902,1.419084072113037
3349.0,0.35095754268514434,123.0,127.0,1.0,0.05788207609216053,1.4192209243774414
3350.0,0.3506065851424592,123.0,127.0,0.0,0.057717220064509654,1.4193551540374756
3351.0,0.3502559785573167,123.0,127.0,1.0,0.05755266925299741,1.4194910526275635
3352.0,0.3499057225787594,123.0,127.0,2.0,0.05738842356170904,1.419619083404541
3353.0,0.34955581685618065,123.0,127.0,0.0,0.057224482893634944,1.4197471141815186
3354.0,0.34920626103932445,123.0,127.0,0.0,0.05706084715067135,1.4198923110961914
3355.0,0.3488570547782851,123.0,127.0,1.0,0.05689751623362096,1.4200360774993896
3356.0,0.34850819772350683,123.0,127.0,3.0,0.05673449004219382,1.4201750755310059
3357.0,0.3481596895257833,123.0,127.0,1.0,0.05657176847500792,1.4203190803527832
3358.0,0.3478115298362575,123.0,127.0,0.0,0.056409351429590096,1.4204561710357666
3359.0,0.34746371830642125,123.0,127.0,0.0,0.05624723880237666,1.420600175857544
3360.0,0.34711625458811485,123.0,125.0,1.0,0.05608543048871431,1.4207348823547363
3361.0,0.34676913833352674,123.0,125.0,1.0,0.05592392638286076,1.4208712577819824
3362.0,0.3464223691951932,123.0,125.0,1.0,0.05576272637798567,1.4209980964660645
3363.0,0.346075946825998,123.0,125.0,0.0,0.05560183036617145,1.4211370944976807
3364.0,0.345729870879172,123.0,125.0,0.0,0.055441238238413924,1.4212710857391357
3365.0,0.34538414100829284,123.0,125.0,0.0,0.055280949884623336,1.4214141368865967
3366.0,0.3450387568672845,123.0,125.0,1.0,0.0551209651936251,1.4215569496154785
3367.0,0.3446937181104172,123.0,125.0,0.0,0.054961284053160635,1.4216899871826172
3368.0,0.3443490243923068,123.0,125.0,1.0,0.054801906349888296,1.4218261241912842
3369.0,0.3440046753679145,123.0,125.0,0.0,0.05464283196938408,1.4219582080841064
3370.0,0.3436606706925466,123.0,125.0,0.0,0.05448406079614266,1.4221010208129883
3371.0,0.34331701002185405,123.0,125.0,0.0,0.054325592713578265,1.4222381114959717
3372.0,0.34297369301183217,123.0,125.0,0.0,0.05416742760402541,1.4223699569702148
3373.0,0.34263071931882033,123.0,125.0,1.0,0.05400956534873998,1.422511100769043
3374.0,0.3422880885995015,123.0,125.0,0.0,0.05385200582790008,1.4226510524749756
3375.0,0.341945800510902,123.0,125.0,0.0,0.05369474892060693,1.422788143157959
3376.0,0.3416038547103911,123.0,125.0,0.0,0.05353779450488583,1.4229249954223633
3377.0,0.34126225085568074,123.0,125.0,0.0,0.05338114245768707,1.4230639934539795
3378.0,0.34092098860482506,123.0,126.0,2.0,0.05322479265488697,1.423198938369751
3379.0,0.34058006761622023,123.0,126.0,0.0,0.05306874497128869,1.4233341217041016
3380.0,0.340239487548604,123.0,126.0,0.0,0.052912999280623374,1.423464298248291
3381.0,0.3398992480610554,123.0,126.0,1.0,0.05275755545555105,1.423604965209961
3382.0,0.3395593488129944,123.0,127.0,1.0,0.05260241336766156,1.4237360954284668
3383.0,0.3392197894641814,123.0,127.0,2.0,0.05244757288747569,1.4238710403442383
3384.0,0.33888056967471725,123.0,127.0,0.0,0.05229303388444608,1.424051284790039
3385.0,0.3385416891050425,123.0,126.0,2.0,0.052138796226958294,1.4241950511932373
3386.0,0.3382031474159375,123.0,126.0,0.0,0.05198485978233188,1.4243440628051758
3387.0,0.33786494426852154,123.0,126.0,2.0,0.05183122441682132,1.424489974975586
3388.0,0.337527079324253,123.0,126.0,0.0,0.05167788999561717,1.4246439933776855
3389.0,0.33718955224492875,123.0,126.0,0.0,0.051524856382847074,1.4247801303863525
3390.0,0.3368523626926838,123.0,126.0,2.0,0.051372123441576864,1.4249351024627686
3391.0,0.3365155103299911,123.0,126.0,2.0,0.051219691033811576,1.4250988960266113
3392.0,0.3361789948196611,123.0,125.0,2.0,0.05106755902049667,1.425239086151123
3393.0,0.3358428158248415,123.0,125.0,0.0,0.050915727261519,1.4253730773925781
3394.0,0.33550697300901666,123.0,125.0,0.0,0.05076419561570796,1.4255170822143555
3395.0,0.33517146603600767,123.0,125.0,0.0,0.050612963940836656,1.425657033920288
3396.0,0.33483629456997166,123.0,125.0,0.0,0.05046203209362293,1.4258041381835938
3397.0,0.3345014582754017,123.0,125.0,1.0,0.050311399929730646,1.4259541034698486
3398.0,0.33416695681712627,123.0,125.0,0.0,0.05016106730377071,1.4260950088500977
3399.0,0.3338327898603091,123.0,125.0,0.0,0.05001103406930232,1.4262430667877197
3400.0,0.3334989570704488,123.0,125.0,1.0,0.04986130007883401,1.4263970851898193
3401.0,0.33316545811337833,123.0,125.0,0.0,0.04971186518382504,1.426551103591919
3402.0,0.3328322926552649,123.0,125.0,0.0,0.04956272923468635,1.4266910552978516
3403.0,0.3324994603626097,123.0,125.0,2.0,0.04941389208078191,1.4268369674682617
3404.0,0.33216696090224707,123.0,125.0,0.0,0.049265353570429854,1.4269840717315674
3405.0,0.3318347939413448,123.0,125.0,1.0,0.049117113550903736,1.4271342754364014
3406.0,0.33150295914740346,123.0,125.0,0.0,0.04896917186843377,1.4272801876068115
3407.0,0.33117145618825605,123.0,125.0,0.0,0.048821528368208016,1.427441120147705
3408.0,0.3308402847320678,123.0,126.0,2.0,0.04867418289437362,1.4275879859924316
3409.0,0.3305094444473357,123.0,126.0,1.0,0.048527135290038194,1.427739143371582
3410.0,0.33017893500288836,123.0,126.0,0.0,0.04838038539727089,1.4278812408447266
3411.0,0.3298487560678855,123.0,126.0,0.0,0.0482339330571039,1.4280250072479248
3412.0,0.3295189073118176,123.0,126.0,1.0,0.048087778109533456,1.428164005279541
3413.0,0.3291893884045058,123.0,126.0,1.0,0.04794192039352143,1.428307294845581
3414.0,0.3288601990161013,123.0,126.0,1.0,0.04779635974699644,1.428455114364624
3415.0,0.3285313388170852,123.0,126.0,1.0,0.047651096006855166,1.4286062717437744
3416.0,0.3282028074782681,123.0,126.0,0.0,0.04750612900896383,1.4287540912628174
3417.0,0.3278746046707898,123.0,126.0,2.0,0.04736145858815939,1.4288949966430664
3418.0,0.32754673006611906,123.0,126.0,0.0,0.04721708457825092,1.4290311336517334
3419.0,0.32721918333605293,123.0,126.0,0.0,0.04707300681202089,1.4291739463806152
3420.0,0.3268919641527169,123.0,126.0,0.0,0.0469292251212267,1.429314136505127
3421.0,0.3265650721885642,123.0,127.0,1.0,0.04678573933660196,1.4294660091400146
3422.0,0.3262385071163756,123.0,127.0,0.0,0.04664254928785777,1.4296071529388428
3423.0,0.3259122686092592,123.0,127.0,0.0,0.0464996548036843,1.4297590255737305
3424.0,0.3255863563406499,123.0,127.0,0.0,0.04635705571175205,1.4299051761627197
3425.0,0.32526076998430925,123.0,127.0,1.0,0.04621475183871333,1.4300510883331299
3426.0,0.32493550921432496,123.0,127.0,1.0,0.04607274301020369,1.4301931858062744
3427.0,0.32461057370511065,123.0,127.0,1.0,0.045931029050843224,1.4303410053253174
3428.0,0.32428596313140556,123.0,127.0,0.0,0.04578960978423819,1.4304869174957275
3429.0,0.3239616771682742,123.0,127.0,0.0,0.04564848503298234,1.4306261539459229
3430.0,0.3236377154911059,123.0,126.0,2.0,0.04550765461865842,1.4307692050933838
3431.0,0.3233140777756148,123.0,126.0,0.0,0.04536711836183959,1.430915117263794
3432.0,0.3229907636978392,123.0,126.0,1.0,0.04522687608209101,1.4310619831085205
3433.0,0.32266777293414134,123.0,125.0,2.0,0.04508692759797123,1.431206226348877
3434.0,0.3223451051612072,123.0,125.0,1.0,0.044947272727033666,1.4313530921936035
3435.0,0.32202276005604596,123.0,125.0,1.0,0.04480791128582825,1.4314980506896973
3436.0,0.3217007372959899,123.0,125.0,1.0,0.04466884308990273,1.4316442012786865
3437.0,0.32137903655869393,123.0,125.0,1.0,0.04453006795380443,1.4317741394042969
3438.0,0.3210576575221352,123.0,125.0,0.0,0.04439158569108157,1.4319181442260742
3439.0,0.32073659986461306,123.0,125.0,1.0,0.044253396114284985,1.4320602416992188
3440.0,0.32041586326474847,123.0,125.0,1.0,0.044115499034969564,1.432204008102417
3441.0,0.3200954474014837,123.0,125.0,2.0,0.04397789426369582,1.4323461055755615
3442.0,0.31977535195408224,123.0,125.0,0.0,0.04384058161003153,1.4324860572814941
3443.0,0.31945557660212814,123.0,125.0,0.0,0.04370356088255328,1.4326331615447998
3444.0,0.319136121025526,123.0,125.0,0.0,0.04356683188884805,1.4327778816223145
3445.0,0.3188169849045005,123.0,126.0,1.0,0.04343039443551478,1.432922124862671
3446.0,0.318498167919596,123.0,126.0,2.0,0.043294248328166064,1.4330742359161377
3447.0,0.3181796697516764,123.0,126.0,0.0,0.043158393371429696,1.4332201480865479
3448.0,0.3178614900819247,123.0,126.0,0.0,0.04302282936895034,1.4333670139312744
3449.0,0.31754362859184276,123.0,126.0,3.0,0.042887556123391124,1.433513879776001
3450.0,0.31722608496325094,123.0,126.0,1.0,0.04275257343643536,1.4336602687835693
3451.0,0.3169088588782877,123.0,126.0,0.0,0.042617881108788086,1.433804988861084
3452.0,0.3165919500194094,123.0,126.0,0.0,0.04248347894017785,1.4339470863342285
3453.0,0.31627535806938994,123.0,126.0,0.0,0.04234936672935833,1.4341020584106445
3454.0,0.31595908271132056,123.0,126.0,1.0,0.04221554427411,1.4342482089996338
3455.0,0.31564312362860925,123.0,126.0,0.0,0.04208201137124186,1.4343931674957275
3456.0,0.31532748050498066,123.0,126.0,0.0,0.041948767816593145,1.4345371723175049
3457.0,0.31501215302447566,123.0,126.0,0.0,0.041815813405034916,1.434676170349121
3458.0,0.3146971408714512,123.0,126.0,0.0,0.04168314793047202,1.4348211288452148
3459.0,0.3143824437305797,123.0,126.0,1.0,0.04155077118584459,1.4350011348724365
3460.0,0.31406806128684917,123.0,126.0,1.0,0.041418682963129914,1.435157060623169
3461.0,0.3137539932255623,123.0,126.0,0.0,0.04128688305334408,1.4353232383728027
3462.0,0.3134402392323367,123.0,126.0,0.0,0.041155371246543865,1.435467004776001
3463.0,0.31312679899310436,123.0,126.0,0.0,0.0410241473318284,1.4356191158294678
3464.0,0.31281367219411127,123.0,126.0,0.0,0.040893211097341,1.435772180557251
3465.0,0.31250085852191717,123.0,126.0,0.0,0.04076256233027091,1.4359149932861328
3466.0,0.31218835766339526,123.0,126.0,0.0,0.0406322008168551,1.4360649585723877
3467.0,0.31187616930573187,123.0,126.0,0.0,0.0405021263423801,1.4362080097198486
3468.0,0.31156429313642614,123.0,126.0,0.0,0.04037233869118384,1.4363560676574707
3469.0,0.3112527288432897,123.0,126.0,1.0,0.04024283764665732,1.4365050792694092
3470.0,0.3109414761144464,123.0,126.0,0.0,0.04011362299124668,1.4366540908813477
3471.0,0.31063053463833196,123.0,126.0,0.0,0.0399846945064548,1.43681001663208
3472.0,0.31031990410369364,123.0,126.0,0.0,0.039856051972843295,1.4369590282440186
3473.0,0.31000958419958996,123.0,126.0,0.0,0.03972769517003434,1.4371051788330078
3474.0,0.3096995746153904,123.0,126.0,0.0,0.03959962387671251,1.4372599124908447
3475.0,0.309389875040775,123.0,126.0,1.0,0.03947183787062667,1.43739914894104
3476.0,0.3090804851657342,123.0,126.0,0.0,0.039344336928591885,1.4375360012054443
3477.0,0.30877140468056846,123.0,125.0,1.0,0.03921712082649123,1.4376811981201172
3478.0,0.3084626332758879,123.0,125.0,1.0,0.03909018933927786,1.4378302097320557
3479.0,0.308154170642612,123.0,125.0,1.0,0.038963542240976715,1.4379730224609375
3480.0,0.3078460164719694,123.0,125.0,0.0,0.03883717930468653,1.4381160736083984
3481.0,0.3075381704554974,123.0,125.0,2.0,0.03871110030258185,1.4382572174072266
3482.0,0.30723063228504194,123.0,125.0,1.0,0.038585305005914804,1.4384031295776367
3483.0,0.3069234016527569,123.0,125.0,0.0,0.0384597931850172,1.4385530948638916
3484.0,0.3066164782511041,123.0,125.0,0.0,0.038334564609302325,1.4387061595916748
3485.0,0.306309861772853,123.0,125.0,1.0,0.0382096190472671,1.438858985900879
3486.0,0.30600355191108014,123.0,125.0,0.0,0.03808495626649386,1.4390161037445068
3487.0,0.30569754835916907,123.0,125.0,0.0,0.03796057603365248,1.4391570091247559
3488.0,0.3053918508108099,123.0,125.0,0.0,0.03783647811450225,1.4392940998077393
3489.0,0.3050864589599991,123.0,125.0,1.0,0.03771266227389401,1.4394350051879883
3490.0,0.3047813725010391,123.0,125.0,0.0,0.037589128275771995,1.439574956893921
3491.0,0.30447659112853803,123.0,125.0,1.0,0.03746587588317597,1.4397108554840088
3492.0,0.3041721145374095,123.0,125.0,0.0,0.03734290485824321,1.439850091934204
3493.0,0.3038679424228721,123.0,125.0,0.0,0.037220214962210556,1.439988136291504
3494.0,0.3035640744804492,123.0,125.0,1.0,0.037097805955416424,1.4401261806488037
3495.0,0.30326051040596874,123.0,125.0,0.0,0.03697567759730286,1.4402658939361572
3496.0,0.3029572498955628,123.0,125.0,0.0,0.036853829646417625,1.440406084060669
3497.0,0.30265429264566723,123.0,125.0,0.0,0.03673226186041626,1.440546989440918
3498.0,0.3023516383530216,123.0,125.0,1.0,0.03661097399606409,1.4406840801239014
3499.0,0.3020492867146686,123.0,125.0,2.0,0.03648996580923844,1.440826177597046
3500.0,0.3017472374279539,123.0,125.0,1.0,0.036369237054930594,1.4409599304199219
3501.0,0.30144549019052597,123.0,125.0,2.0,0.03624878748724799,1.441098928451538
3502.0,0.30114404470033546,123.0,125.0,0.0,0.03612861685941627,1.4412479400634766
3503.0,0.3008429006556351,123.0,125.0,0.0,0.03600872492378145,1.441396951675415
3504.0,0.3005420577549795,123.0,125.0,0.0,0.035889111431812,1.4415380954742432
3505.0,0.3002415156972245,123.0,125.0,0.0,0.035769776134101,1.441669225692749
3506.0,0.2999412741815273,123.0,125.0,0.0,0.03565071878036824,1.4418070316314697
3507.0,0.29964133290734574,123.0,125.0,0.0,0.0355319391194625,1.4419491291046143
3508.0,0.2993416915744384,123.0,125.0,0.0,0.03541343689936356,1.442089319229126
3509.0,0.299042349882864,123.0,125.0,1.0,0.03529521186718444,1.4422283172607422
3510.0,0.2987433075329811,123.0,125.0,0.0,0.03517726376917353,1.4423620700836182
3511.0,0.29844456422544813,123.0,125.0,0.0,0.035059592350716866,1.4425020217895508
3512.0,0.2981461196612227,123.0,125.0,0.0,0.03494219735634022,1.4426300525665283
3513.0,0.29784797354156145,123.0,125.0,1.0,0.03482507852971138,1.442763090133667
3514.0,0.2975501255680199,123.0,125.0,1.0,0.0347082356136423,1.442897081375122
3515.0,0.29725257544245187,123.0,125.0,1.0,0.03459166835009135,1.4430279731750488
3516.0,0.29695532286700943,123.0,125.0,2.0,0.03447537648016553,1.443169116973877
3517.0,0.29665836754414243,123.0,125.0,0.0,0.03435935974412268,1.443303108215332
3518.0,0.29636170917659826,123.0,125.0,0.0,0.034243617881373804,1.44343900680542
3519.0,0.2960653474674217,123.0,125.0,0.0,0.034128150630485216,1.4435780048370361
3520.0,0.2957692821199543,123.0,125.0,0.0,0.034012957729180865,1.4437119960784912
3521.0,0.29547351283783435,123.0,125.0,0.0,0.03389803891434454,1.4438591003417969
3522.0,0.29517803932499653,123.0,125.0,1.0,0.03378339392202223,1.443998098373413
3523.0,0.29488286128567154,123.0,125.0,0.0,0.03366902248742431,1.444136142730713
3524.0,0.2945879784243859,123.0,125.0,1.0,0.03355492434492793,1.4442660808563232
3525.0,0.2942933904459615,123.0,125.0,0.0,0.033441099228079196,1.4444060325622559
3526.0,0.2939990970555155,123.0,125.0,1.0,0.03332754686959559,1.4445531368255615
3527.0,0.29370509795846,123.0,125.0,0.0,0.033214267001368224,1.4446890354156494
3528.0,0.29341139286050155,123.0,125.0,0.0,0.03310125935446413,1.4448261260986328
3529.0,0.29311798146764106,123.0,125.0,0.0,0.03298852365912865,1.4449572563171387
3530.0,0.2928248634861734,123.0,125.0,0.0,0.032876059644787764,1.4450910091400146
3531.0,0.29253203862268723,123.0,125.0,0.0,0.03276386704005035,1.4452321529388428
3532.0,0.29223950658406456,123.0,125.0,1.0,0.032651945572710686,1.4453842639923096
3533.0,0.2919472670774805,123.0,125.0,0.0,0.032540294969750694,1.4455232620239258
3534.0,0.291655319810403,123.0,126.0,2.0,0.0324289149573423,1.4456512928009033
3535.0,0.2913636644905926,123.0,126.0,0.0,0.0323178052608499,1.4457902908325195
3536.0,0.29107230082610197,123.0,126.0,1.0,0.032206965604832674,1.4459280967712402
3537.0,0.2907812285252759,123.0,126.0,0.0,0.03209639571304698,1.446068286895752
3538.0,0.2904904472967506,123.0,126.0,1.0,0.031986095308448766,1.4462041854858398
3539.0,0.2901999568494539,123.0,126.0,1.0,0.03187606411319598,1.4463441371917725
3540.0,0.2899097568926044,123.0,125.0,2.0,0.03176630184865094,1.4464800357818604
3541.0,0.2896198471357118,123.0,125.0,2.0,0.03165680823538286,1.446613073348999
3542.0,0.2893302272885761,123.0,125.0,0.0,0.03154758299317011,1.44675612449646
3543.0,0.28904089706128755,123.0,125.0,1.0,0.03143862584100285,1.446899175643921
3544.0,0.2887518561642263,123.0,125.0,0.0,0.03132993649708526,1.4470231533050537
3545.0,0.28846310430806205,123.0,125.0,1.0,0.031221514678838172,1.4471611976623535
3546.0,0.28817464120375397,123.0,125.0,1.0,0.031113360102901416,1.4472990036010742
3547.0,0.28788646656255024,123.0,125.0,1.0,0.03100547248513637,1.447439193725586
3548.0,0.2875985800959877,123.0,125.0,0.0,0.030897851540628338,1.4475781917572021
3549.0,0.28731098151589174,123.0,125.0,0.0,0.030790496983689054,1.4477181434631348
3550.0,0.28702367053437583,123.0,125.0,0.0,0.030683408527859224,1.4479100704193115
3551.0,0.2867366468638414,123.0,125.0,1.0,0.030576585885910966,1.448073148727417
3552.0,0.2864499102169776,123.0,125.0,1.0,0.030470028769850353,1.4482190608978271
3553.0,0.2861634603067606,123.0,125.0,0.0,0.030363736890919864,1.448357105255127
3554.0,0.28587729684645385,123.0,125.0,0.0,0.030257709959600948,1.448498249053955
3555.0,0.2855914195496074,123.0,125.0,1.0,0.030151947685616486,1.4486331939697266
3556.0,0.2853058281300578,123.0,125.0,1.0,0.030046449777933422,1.4487721920013428
3557.0,0.2850205223019277,123.0,125.0,0.0,0.02994121594476518,1.4489200115203857
3558.0,0.28473550177962575,123.0,125.0,0.0,0.029836245893574295,1.4490642547607422
3559.0,0.28445076627784616,123.0,125.0,0.0,0.029731539331074947,1.449204921722412
3560.0,0.2841663155115683,123.0,125.0,1.0,0.029627095963235435,1.4493470191955566
3561.0,0.2838821491960567,123.0,125.0,1.0,0.02952291549528089,1.4494872093200684
3562.0,0.28359826704686064,123.0,125.0,0.0,0.029418997631695705,1.4496302604675293
3563.0,0.28331466877981376,123.0,125.0,1.0,0.02931534207622619,1.4497730731964111
3564.0,0.283031354111034,123.0,125.0,0.0,0.02921194853188316,1.449916124343872
3565.0,0.28274832275692297,123.0,125.0,0.0,0.02910881670094447,1.4500541687011719
3566.0,0.28246557443416603,123.0,125.0,0.0,0.029005946284957618,1.4501953125
3567.0,0.28218310885973186,123.0,125.0,1.0,0.028903336984742463,1.4503421783447266
3568.0,0.2819009257508721,123.0,125.0,1.0,0.028800988500393677,1.4504880905151367
3569.0,0.28161902482512124,123.0,125.0,0.0,0.028698900531283458,1.4506289958953857
3570.0,0.28133740580029615,123.0,125.0,1.0,0.028597072776064162,1.4507660865783691
3571.0,0.2810560683944959,123.0,125.0,0.0,0.028495504932670862,1.4509081840515137
3572.0,0.28077501232610136,123.0,125.0,0.0,0.028394196698324024,1.4510471820831299
3573.0,0.28049423731377526,123.0,125.0,0.0,0.028293147769532182,1.4511780738830566
3574.0,0.28021374307646146,123.0,125.0,2.0,0.02819235784209456,1.4513180255889893
3575.0,0.279933529333385,123.0,125.0,0.0,0.028091826611103727,1.4514579772949219
3576.0,0.27965359580405164,123.0,125.0,0.0,0.02799155377094828,1.4515960216522217
3577.0,0.27937394220824757,123.0,125.0,0.0,0.027891539015315454,1.451725959777832
3578.0,0.27909456826603934,123.0,125.0,1.0,0.027791782037193884,1.4518661499023438
3579.0,0.2788154736977733,123.0,125.0,2.0,0.027692282528876223,1.4520010948181152
3580.0,0.27853665822407553,123.0,125.0,1.0,0.027593040181961865,1.4521331787109375
3581.0,0.27825812156585145,123.0,125.0,1.0,0.027494054687359642,1.4522769451141357
3582.0,0.2779798634442856,123.0,125.0,0.0,0.027395325735290497,1.4524102210998535
3583.0,0.2777018835808413,123.0,125.0,0.0,0.02729685301529021,1.4525470733642578
3584.0,0.27742418169726046,123.0,125.0,1.0,0.02719863621621213,1.4526910781860352
3585.0,0.2771467575155632,123.0,125.0,0.0,0.027100675026229846,1.452834129333496
3586.0,0.27686961075804767,123.0,125.0,0.0,0.027002969132839953,1.4529681205749512
3587.0,0.2765927411472896,123.0,125.0,0.0,0.026905518222864782,1.4531052112579346
3588.0,0.2763161484061423,123.0,125.0,0.0,0.02680832198245513,1.4532389640808105
3589.0,0.2760398322577362,123.0,125.0,0.0,0.026711380097093007,1.4533679485321045
3590.0,0.2757637924254785,123.0,125.0,2.0,0.026614692251594373,1.453502893447876
3591.0,0.275488028633053,123.0,125.0,0.0,0.026518258130111893,1.4536402225494385
3592.0,0.27521254060441996,123.0,125.0,0.0,0.02642207741613777,1.4537792205810547
3593.0,0.27493732806381554,123.0,125.0,0.0,0.026326149792506377,1.453908920288086
3594.0,0.2746623907357517,123.0,125.0,0.0,0.026230474941397165,1.4540469646453857
3595.0,0.27438772834501596,123.0,125.0,0.0,0.02613505254433737,1.4541900157928467
3596.0,0.2741133406166709,123.0,125.0,0.0,0.026039882282204812,1.4543249607086182
3597.0,0.27383922727605425,123.0,125.0,0.0,0.025944963835230695,1.4544601440429688
3598.0,0.2735653880487782,123.0,125.0,0.0,0.02585029688300241,1.454591989517212
3599.0,0.27329182266072943,123.0,125.0,1.0,0.02575588110446628,1.4547319412231445
3600.0,0.2730185308380687,123.0,125.0,0.0,0.025661716177930463,1.4548730850219727
3601.0,0.27274551230723065,123.0,125.0,1.0,0.0255678017810677,1.4550142288208008
3602.0,0.27247276679492344,123.0,125.0,0.0,0.025474137590918162,1.4551563262939453
3603.0,0.2722002940281285,123.0,125.0,0.0,0.025380723283892227,1.4552960395812988
3604.0,0.2719280937341004,123.0,127.0,2.0,0.0252875585357734,1.4554359912872314
3605.0,0.27165616564036627,123.0,127.0,2.0,0.02519464302172106,1.4555740356445312
3606.0,0.2713845094747259,123.0,127.0,1.0,0.025101976416273375,1.4557082653045654
3607.0,0.2711131249652512,123.0,127.0,0.0,0.025009558393350066,1.4558491706848145
3608.0,0.27084201184028595,123.0,127.0,1.0,0.024917388626255327,1.4559779167175293
3609.0,0.27057116982844565,123.0,127.0,0.0,0.024825466787680665,1.4561140537261963
3610.0,0.2703005986586172,123.0,127.0,0.0,0.02473379254970776,1.456247091293335
3611.0,0.2700302980599586,123.0,127.0,0.0,0.024642365583811325,1.4563839435577393
3612.0,0.26976026776189865,123.0,127.0,0.0,0.02455118556086198,1.4565191268920898
3613.0,0.2694905074941368,123.0,127.0,0.0,0.02446025215112915,1.4566600322723389
3614.0,0.26922101698664264,123.0,127.0,1.0,0.024369565024283918,1.4567983150482178
3615.0,0.268951795969656,123.0,127.0,0.0,0.024279123849401944,1.4569389820098877
3616.0,0.2686828441736864,123.0,127.0,0.0,0.024188928294966314,1.4570751190185547
3617.0,0.2684141613295127,123.0,127.0,1.0,0.02409897802887051,1.4572253227233887
3618.0,0.2681457471681832,123.0,127.0,2.0,0.02400927271842125,1.4573681354522705
3619.0,0.267877601421015,123.0,127.0,1.0,0.02391981203034143,1.4575090408325195
3620.0,0.267609723819594,123.0,127.0,1.0,0.023830595630773,1.4576539993286133
3621.0,0.2673421140957744,123.0,127.0,1.0,0.023741623185279913,1.457793951034546
3622.0,0.2670747719816786,123.0,127.0,1.0,0.023652894358851064,1.4579651355743408
3623.0,0.26680769720969694,123.0,125.0,1.0,0.023564408815903215,1.4581379890441895
3624.0,0.2665408895124872,123.0,125.0,0.0,0.023476166220283833,1.4582939147949219
3625.0,0.2662743486229747,123.0,125.0,1.0,0.023388166235274198,1.4584341049194336
3626.0,0.26600807427435175,123.0,125.0,1.0,0.02330040852359218,1.4585771560668945
3627.0,0.2657420662000774,123.0,125.0,0.0,0.02321289274739529,1.4587152004241943
3628.0,0.26547632413387734,123.0,125.0,0.0,0.023125618568283587,1.4588561058044434
3629.0,0.26521084780974347,123.0,125.0,0.0,0.023038585647302646,1.4589910507202148
3630.0,0.26494563696193374,123.0,125.0,0.0,0.022951793644946518,1.4591341018676758
3631.0,0.2646806913249718,123.0,125.0,0.0,0.022865242221160667,1.4592702388763428
3632.0,0.26441601063364684,123.0,125.0,0.0,0.022778931035345035,1.4593992233276367
3633.0,0.2641515946230132,123.0,125.0,0.0,0.02269285974635687,1.4595420360565186
3634.0,0.2638874430283902,123.0,125.0,1.0,0.02260702801251382,1.4596831798553467
3635.0,0.26362355558536177,123.0,125.0,0.0,0.022521435491596863,1.4598281383514404
3636.0,0.2633599320297764,123.0,125.0,0.0,0.022436081840853335,1.4599640369415283
3637.0,0.2630965720977467,123.0,125.0,1.0,0.02235096671699986,1.4600989818572998
3638.0,0.26283347552564895,123.0,125.0,1.0,0.02226608977622537,1.4602422714233398
3639.0,0.2625706420501233,123.0,125.0,0.0,0.02218145067419413,1.4603691101074219
3640.0,0.2623080714080732,123.0,125.0,0.0,0.02209704906604873,1.460503101348877
3641.0,0.2620457633366651,123.0,125.0,1.0,0.022012884606413062,1.4606451988220215
3642.0,0.26178371757332847,123.0,125.0,0.0,0.021928956949395374,1.4607882499694824
3643.0,0.2615219338557551,123.0,125.0,1.0,0.02184526574859126,1.4609289169311523
3644.0,0.26126041192189936,123.0,125.0,0.0,0.0217618106570867,1.4610652923583984
3645.0,0.26099915150997743,123.0,125.0,0.0,0.021678591327461028,1.4612059593200684
3646.0,0.2607381523584675,123.0,125.0,0.0,0.02159560741179006,1.4613471031188965
3647.0,0.26047741420610904,123.0,125.0,0.0,0.021512858561649018,1.4614880084991455
3648.0,0.26021693679190294,123.0,125.0,1.0,0.021430344428115623,1.4616241455078125
3649.0,0.25995671985511104,123.0,125.0,2.0,0.021348064661773126,1.4617631435394287
3650.0,0.2596967631352559,123.0,125.0,0.0,0.02126601891271335,1.4619090557098389
3651.0,0.25943706637212066,123.0,125.0,1.0,0.02118420683053975,1.4620468616485596
3652.0,0.25917762930574856,123.0,125.0,1.0,0.02110262806437042,1.4621810913085938
3653.0,0.2589184516764428,123.0,125.0,0.0,0.021021282262841164,1.4623191356658936
3654.0,0.25865953322476637,123.0,125.0,0.0,0.020940169074108624,1.4624559879302979
3655.0,0.2584008736915416,123.0,125.0,0.0,0.020859288145853187,1.462594985961914
3656.0,0.25814247281785,123.0,125.0,1.0,0.02077863912528222,1.4627361297607422
3657.0,0.25788433034503216,123.0,125.0,0.0,0.020698221659133022,1.4628772735595703
3658.0,0.25762644601468715,123.0,125.0,0.0,0.02061803539367594,1.4630091190338135
3659.0,0.25736881956867247,123.0,125.0,0.0,0.02053807997471741,1.463163137435913
3660.0,0.2571114507491038,123.0,125.0,0.0,0.020458355047603096,1.4633052349090576
3661.0,0.2568543392983547,123.0,125.0,0.0,0.020378860257220906,1.4634411334991455
3662.0,0.2565974849590564,123.0,125.0,0.0,0.02029959524800411,1.4635939598083496
3663.0,0.25634088747409733,123.0,125.0,1.0,0.020220559663934417,1.4637250900268555
3664.0,0.2560845465866232,123.0,125.0,0.0,0.02014175314854506,1.4638640880584717
3665.0,0.2558284620400366,123.0,125.0,0.0,0.020063175344923936,1.4640052318572998
3666.0,0.2555726335779966,123.0,125.0,1.0,0.019984825895716617,1.4641480445861816
3667.0,0.2553170609444186,123.0,126.0,1.0,0.01990670444312952,1.4642879962921143
3668.0,0.2550617438834742,123.0,126.0,0.0,0.019828810628932984,1.4644310474395752
3669.0,0.25480668213959073,123.0,126.0,0.0,0.019751144094464372,1.4645590782165527
3670.0,0.25455187545745117,123.0,126.0,1.0,0.019673704480631188,1.4647021293640137
3671.0,0.2542973235819937,123.0,126.0,1.0,0.019596491427914177,1.4648339748382568
3672.0,0.2540430262584117,123.0,126.0,0.0,0.019519504576370448,1.4649741649627686
3673.0,0.25378898323215326,123.0,126.0,1.0,0.019442743565636612,1.465101957321167
3674.0,0.2535351942489211,123.0,126.0,2.0,0.019366208034931862,1.4652352333068848
3675.0,0.2532816590546722,123.0,126.0,0.0,0.0192898976230611,1.4653759002685547
3676.0,0.2530283773956175,123.0,126.0,0.0,0.019213811968418076,1.4655160903930664
3677.0,0.2527753490182219,123.0,126.0,1.0,0.019137950708988546,1.4656481742858887
3678.0,0.25252257366920366,123.0,126.0,1.0,0.019062313482353314,1.4657819271087646
3679.0,0.25227005109553446,123.0,126.0,2.0,0.01898689992569147,1.4659292697906494
3680.0,0.25201778104443895,123.0,126.0,0.0,0.018911709675783452,1.4660699367523193
3681.0,0.2517657632633945,123.0,126.0,1.0,0.018836742369014184,1.4662070274353027
3682.0,0.2515139975001311,123.0,126.0,0.0,0.018761997641376274,1.466346025466919
3683.0,0.251262483502631,123.0,125.0,1.0,0.0186874751284731,1.4664812088012695
3684.0,0.2510112210191283,123.0,125.0,0.0,0.01861317446552197,1.4666240215301514
3685.0,0.2507602097981092,123.0,125.0,0.0,0.018539095287357293,1.466766119003296
3686.0,0.2505094495883111,123.0,125.0,0.0,0.018465237228433688,1.4668998718261719
3687.0,0.2502589401387228,123.0,125.0,0.0,0.01839159992282913,1.4670331478118896
3688.0,0.25000868119858405,123.0,125.0,1.0,0.018318183004248166,1.4671721458435059
3689.0,0.24975867251738545,123.0,125.0,0.0,0.018244986106025016,1.4673190116882324
3690.0,0.24950891384486806,123.0,125.0,0.0,0.018172008861126764,1.467454195022583
3691.0,0.2492594049310232,123.0,125.0,0.0,0.018099250902156454,1.4675910472869873
3692.0,0.24901014552609216,123.0,125.0,1.0,0.018026711861356303,1.467729091644287
3693.0,0.24876113538056607,123.0,125.0,0.0,0.01795439137061091,1.4678640365600586
3694.0,0.24851237424518552,123.0,125.0,0.0,0.017882289061450316,1.4680511951446533
3695.0,0.24826386187094032,123.0,125.0,1.0,0.0178104045650532,1.4682018756866455
3696.0,0.2480155980090694,123.0,125.0,0.0,0.017738737512250122,1.46834397315979
3697.0,0.2477675824110603,123.0,125.0,0.0,0.017667287533526622,1.468489170074463
3698.0,0.24751981482864924,123.0,125.0,0.0,0.017596054259026394,1.4686331748962402
3699.0,0.2472722950138206,123.0,125.0,0.0,0.017525037318554468,1.4687831401824951
3700.0,0.24702502271880677,123.0,125.0,0.0,0.017454236341580436,1.4689490795135498
3701.0,0.24677799769608796,123.0,125.0,0.0,0.017383650957241543,1.4690861701965332
3702.0,0.24653121969839187,123.0,125.0,0.0,0.017313280794345912,1.469236135482788
3703.0,0.24628468847869348,123.0,125.0,1.0,0.01724312548137571,1.4693748950958252
3704.0,0.24603840379021477,123.0,125.0,0.0,0.01717318464649038,1.4695138931274414
3705.0,0.24579236538642454,123.0,125.0,1.0,0.017103457917529714,1.4696550369262695
3706.0,0.2455465730210381,123.0,125.0,0.0,0.01703394492201717,1.4697949886322021
3707.0,0.24530102644801707,123.0,125.0,0.0,0.016964645287162922,1.4699351787567139
3708.0,0.24505572542156906,123.0,125.0,0.0,0.016895558639867168,1.470076084136963
3709.0,0.24481066969614748,123.0,125.0,0.0,0.016826684606723222,1.4702119827270508
3710.0,0.24456585902645134,123.0,125.0,0.0,0.016758022814020786,1.4703540802001953
3711.0,0.24432129316742487,123.0,125.0,0.0,0.016689572887749034,1.4704911708831787
3712.0,0.24407697187425745,123.0,125.0,0.0,0.016621334453599926,1.470630168914795
3713.0,0.2438328949023832,123.0,125.0,0.0,0.01655330713697131,1.4707601070404053
3714.0,0.24358906200748082,123.0,125.0,1.0,0.01648549056297015,1.4709091186523438
3715.0,0.24334547294547335,123.0,125.0,1.0,0.016417884356415693,1.4710493087768555
3716.0,0.24310212747252788,123.0,125.0,0.0,0.0163504881418427,1.4711921215057373
3717.0,0.24285902534505535,123.0,125.0,0.0,0.01628330154350464,1.4713311195373535
3718.0,0.2426161663197103,123.0,125.0,0.0,0.016216324185376826,1.4714691638946533
3719.0,0.2423735501533906,123.0,125.0,1.0,0.016149555691159685,1.471606969833374
3720.0,0.2421311766032372,123.0,125.0,1.0,0.016082995684281915,1.4717421531677246
3721.0,0.24188904542663398,123.0,125.0,1.0,0.016016643787903722,1.47188401222229
3722.0,0.24164715638120735,123.0,125.0,0.0,0.01595049962491995,1.472027063369751
3723.0,0.24140550922482615,123.0,125.0,0.0,0.015884562817963334,1.4721629619598389
3724.0,0.24116410371560132,123.0,125.0,3.0,0.015818832989407693,1.472311019897461
3725.0,0.2409229396118857,123.0,125.0,1.0,0.015753309761371116,1.4724490642547607
3726.0,0.24068201667227382,123.0,125.0,0.0,0.015687992755719173,1.472593069076538
3727.0,0.24044133465560155,123.0,125.0,1.0,0.015622881594068128,1.4727280139923096
3728.0,0.24020089332094596,123.0,125.0,0.0,0.015557975897788092,1.4728710651397705
3729.0,0.23996069242762502,123.0,125.0,1.0,0.015493275288006276,1.4730050563812256
3730.0,0.2397207317351974,123.0,125.0,0.0,0.01542877938561017,1.473149061203003
3731.0,0.2394810110034622,123.0,125.0,0.0,0.015364487811250768,1.4732892513275146
3732.0,0.23924152999245873,123.0,125.0,0.0,0.015300400185345711,1.4734320640563965
3733.0,0.23900228846246627,123.0,125.0,0.0,0.01523651612808257,1.4735760688781738
3734.0,0.2387632861740038,123.0,125.0,2.0,0.015172835259421986,1.4737162590026855
3735.0,0.2385245228878298,123.0,125.0,0.0,0.0151093571991009,1.4738600254058838
3736.0,0.23828599836494196,123.0,125.0,0.0,0.015046081566635745,1.4739940166473389
3737.0,0.238047712366577,123.0,125.0,0.0,0.014983007981325654,1.474128007888794
3738.0,0.23780966465421044,123.0,125.0,0.0,0.014920136062255661,1.4742681980133057
3739.0,0.23757185498955624,123.0,125.0,1.0,0.01485746542829991,1.474411964416504
3740.0,0.2373342831345667,123.0,125.0,0.0,0.014794995698124844,1.4745550155639648
3741.0,0.23709694885143212,123.0,125.0,0.0,0.014732726490192397,1.4746980667114258
3742.0,0.2368598519025807,123.0,125.0,1.0,0.014670657422763227,1.4748411178588867
3743.0,0.2366229920506781,123.0,125.0,0.0,0.014608788113899889,1.474985122680664
3744.0,0.23638636905862742,123.0,125.0,0.0,0.014547118181470068,1.4751250743865967
3745.0,0.2361499826895688,123.0,125.0,0.0,0.01448564724314972,1.4752671718597412
3746.0,0.23591383270687924,123.0,125.0,0.0,0.01442437491642632,1.4754090309143066
3747.0,0.23567791887417236,123.0,125.0,0.0,0.014363300818602072,1.475555181503296
3748.0,0.2354422409552982,123.0,125.0,1.0,0.014302424566797067,1.4756991863250732
3749.0,0.2352067987143429,123.0,125.0,1.0,0.014241745777952484,1.4758360385894775
3750.0,0.23497159191562858,123.0,125.0,2.0,0.01418126406883382,1.4759790897369385
3751.0,0.23473662032371295,123.0,125.0,0.0,0.014120979056034048,1.4761221408843994
3752.0,0.23450188370338923,123.0,125.0,0.0,0.014060890355976846,1.4762742519378662
3753.0,0.23426738181968584,123.0,125.0,0.0,0.01400099758491978,1.476410150527954
3754.0,0.23403311443786615,123.0,125.0,0.0,0.013941300358957487,1.4765470027923584
3755.0,0.23379908132342828,123.0,125.0,0.0,0.013881798294024866,1.4766790866851807
3756.0,0.23356528224210485,123.0,125.0,0.0,0.013822491005900288,1.4768171310424805
3757.0,0.23333171695986274,123.0,125.0,0.0,0.013763378110208793,1.4769551753997803
3758.0,0.23309838524290288,123.0,125.0,0.0,0.013704459222425245,1.47709321975708
3759.0,0.23286528685765998,123.0,125.0,0.0,0.013645733957877536,1.4772469997406006
3760.0,0.23263242157080233,123.0,125.0,1.0,0.013587201931749796,1.4773890972137451
3761.0,0.23239978914923154,123.0,125.0,0.0,0.01352886275908556,1.4775300025939941
3762.0,0.2321673893600823,123.0,125.0,0.0,0.013470716054790933,1.4776690006256104
3763.0,0.23193522197072222,123.0,125.0,0.0,0.013412761433637834,1.4778101444244385
3764.0,0.23170328674875149,123.0,125.0,0.0,0.01335499851026711,1.4779551029205322
3765.0,0.23147158346200272,123.0,126.0,2.0,0.013297426899191757,1.4780919551849365
3766.0,0.2312401118785407,123.0,126.0,1.0,0.013240046214800096,1.478236198425293
3767.0,0.23100887176666218,123.0,126.0,0.0,0.01318285607135896,1.4783730506896973
3768.0,0.23077786289489552,123.0,126.0,0.0,0.01312585608301681,1.4785101413726807
3769.0,0.23054708503200064,123.0,126.0,0.0,0.013069045863807006,1.4786441326141357
3770.0,0.23031653794696863,123.0,126.0,0.0,0.013012425027650907,1.4787859916687012
3771.0,0.23008622140902166,123.0,126.0,0.0,0.012955993188361084,1.4789202213287354
3772.0,0.22985613518761264,123.0,126.0,1.0,0.01289974995964447,1.4790639877319336
3773.0,0.22962627905242503,123.0,126.0,1.0,0.012843694955105543,1.4792041778564453
3774.0,0.2293966527733726,123.0,126.0,2.0,0.012787827788249453,1.4793462753295898
3775.0,0.2291672561205992,123.0,126.0,1.0,0.012732148072485244,1.4794831275939941
3776.0,0.2289380888644786,123.0,126.0,0.0,0.012676655421129009,1.4796221256256104
3777.0,0.22870915077561413,123.0,126.0,0.0,0.012621349447406992,1.4797570705413818
3778.0,0.22848044162483852,123.0,126.0,1.0,0.01256622976445883,1.4798991680145264
3779.0,0.22825196118321367,123.0,126.0,0.0,0.012511295985340619,1.480039119720459
3780.0,0.22802370922203047,123.0,126.0,0.0,0.012456547723028188,1.480180263519287
3781.0,0.22779568551280843,123.0,126.0,1.0,0.012401984590420136,1.4803261756896973
3782.0,0.22756788982729562,123.0,126.0,1.0,0.012347606200341045,1.4804651737213135
3783.0,0.2273403219374683,123.0,126.0,0.0,0.0122934121655446,1.4805941581726074
3784.0,0.22711298161553084,123.0,126.0,0.0,0.012239402098716807,1.480726957321167
3785.0,0.2268858686339153,123.0,126.0,0.0,0.012185575612479,1.4808721542358398
3786.0,0.22665898276528137,123.0,126.0,3.0,0.012131932319391145,1.4810149669647217
3787.0,0.2264323237825161,123.0,126.0,0.0,0.012078471831954844,1.4811601638793945
3788.0,0.22620589145873357,123.0,126.0,0.0,0.012025193762616553,1.481307029724121
3789.0,0.22597968556727482,123.0,126.0,3.0,0.01197209772377069,1.4814481735229492
3790.0,0.22575370588170754,123.0,126.0,0.0,0.01191918332776278,1.4815962314605713
3791.0,0.22552795217582583,123.0,126.0,0.0,0.011866450186892547,1.4817242622375488
3792.0,0.22530242422365002,123.0,126.0,0.0,0.011813897913417106,1.4818658828735352
3793.0,0.22507712179942638,123.0,126.0,0.0,0.01176152611955401,1.4820148944854736
3794.0,0.22485204467762696,123.0,126.0,0.0,0.01170933441748446,1.4821650981903076
3795.0,0.22462719263294934,123.0,126.0,0.0,0.011657322419356327,1.4823100566864014
3796.0,0.2244025654403164,123.0,126.0,2.0,0.011605489737287361,1.4824621677398682
3797.0,0.22417816287487607,123.0,126.0,0.0,0.011553835983368234,1.4826090335845947
3798.0,0.2239539847120012,123.0,126.0,0.0,0.011502360769665704,1.4827520847320557
3799.0,0.2237300307272892,123.0,126.0,0.0,0.011451063708225679,1.4829380512237549
3800.0,0.2235063006965619,123.0,126.0,1.0,0.011399944411076363,1.4830782413482666
3801.0,0.22328279439586535,123.0,126.0,1.0,0.0113490024902313,1.4832072257995605
3802.0,0.22305951160146947,123.0,126.0,0.0,0.011298237557692539,1.4833409786224365
3803.0,0.222836452089868,123.0,126.0,2.0,0.011247649225453703,1.4834821224212646
3804.0,0.22261361563777812,123.0,126.0,1.0,0.011197237105503058,1.4836242198944092
3805.0,0.22239100202214035,123.0,126.0,0.0,0.011147000809826649,1.483760118484497
3806.0,0.2221686110201182,123.0,126.0,1.0,0.011096939950411338,1.4838929176330566
3807.0,0.22194644240909808,123.0,126.0,0.0,0.011047054139247921,1.4840331077575684
3808.0,0.22172449596668897,123.0,126.0,0.0,0.010997342988334198,1.4841630458831787
3809.0,0.22150277147072228,123.0,126.0,2.0,0.010947806109678045,1.4842932224273682
3810.0,0.22128126869925155,123.0,126.0,0.0,0.010898443115300492,1.4844279289245605
3811.0,0.2210599874305523,123.0,126.0,1.0,0.010849253617238807,1.484565019607544
3812.0,0.22083892744312175,123.0,126.0,3.0,0.010800237227549504,1.4846961498260498
3813.0,0.22061808851567863,123.0,126.0,0.0,0.010751393558311497,1.4848461151123047
3814.0,0.22039747042716296,123.0,126.0,1.0,0.010702722221629095,1.4849882125854492
3815.0,0.2201770729567358,123.0,126.0,0.0,0.010654222829635044,1.48512601852417
3816.0,0.21995689588377906,123.0,126.0,0.0,0.010605894994493641,1.485253095626831
3817.0,0.21973693898789529,123.0,126.0,3.0,0.010557738328403746,1.4853951930999756
3818.0,0.2195172020489074,123.0,126.0,0.0,0.010509752443601824,1.4855260848999023
3819.0,0.2192976848468585,123.0,126.0,1.0,0.01046193695236497,1.4856669902801514
3820.0,0.21907838716201164,123.0,126.0,0.0,0.010414291467014003,1.4858112335205078
3821.0,0.21885930877484963,123.0,126.0,0.0,0.010366815599916437,1.485954999923706
3822.0,0.21864044946607478,123.0,126.0,1.0,0.010319508963489547,1.4860961437225342
3823.0,0.2184218090166087,123.0,126.0,0.0,0.010272371170203371,1.4862382411956787
3824.0,0.2182033872075921,123.0,126.0,0.0,0.010225401832583768,1.4863789081573486
3825.0,0.2179851838203845,123.0,126.0,1.0,0.010178600563215375,1.4865200519561768
3826.0,0.21776719863656413,123.0,126.0,0.0,0.01013196697474468,1.486656904220581
3827.0,0.21754943143792757,123.0,126.0,0.0,0.010085500679882996,1.4867949485778809
3828.0,0.21733188200648965,123.0,125.0,1.0,0.010039201291409464,1.486933946609497
3829.0,0.21711455012448316,123.0,125.0,0.0,0.009993068422174097,1.4870719909667969
3830.0,0.21689743557435867,123.0,125.0,0.0,0.009947101685100697,1.487213134765625
3831.0,0.21668053813878432,123.0,125.0,0.0,0.009901300693189941,1.4873521327972412
3832.0,0.21646385760064554,123.0,125.0,0.0,0.009855665059522295,1.4874920845031738
3833.0,0.21624739374304489,123.0,125.0,0.0,0.009810194397261,1.487626075744629
3834.0,0.21603114634930184,123.0,125.0,0.0,0.009764888319655128,1.4877612590789795
3835.0,0.21581511520295255,123.0,125.0,0.0,0.009719746440042452,1.4878931045532227
3836.0,0.21559930008774958,123.0,125.0,0.0,0.009674768371852495,1.4880270957946777
3837.0,0.21538370078766184,123.0,125.0,0.0,0.009629953728609456,1.4881629943847656
3838.0,0.21516831708687417,123.0,125.0,0.0,0.009585302123935177,1.488307237625122
3839.0,0.2149531487697873,123.0,125.0,0.0,0.009540813171552098,1.4884469509124756
3840.0,0.2147381956210175,123.0,125.0,0.0,0.009496486485286228,1.4885759353637695
3841.0,0.2145234574253965,123.0,125.0,0.0,0.009452321679070053,1.4887189865112305
3842.0,0.2143089339679711,123.0,125.0,0.0,0.009408318366945521,1.488853931427002
3843.0,0.21409462503400312,123.0,125.0,0.0,0.009364476163066937,1.4889860153198242
3844.0,0.21388053040896912,123.0,125.0,0.0,0.009320794681703944,1.489126205444336
3845.0,0.21366664987856016,123.0,125.0,0.0,0.009277273537244385,1.4892709255218506
3846.0,0.2134529832286816,123.0,125.0,0.0,0.009233912344197296,1.4894130229949951
3847.0,0.21323953024545292,123.0,125.0,0.0,0.009190710717195781,1.4895532131195068
3848.0,0.21302629071520746,123.0,125.0,0.0,0.009147668270999906,1.4896941184997559
3849.0,0.21281326442449225,123.0,125.0,0.0,0.009104784620499684,1.4898381233215332
3850.0,0.21260045116006776,123.0,125.0,0.0,0.00906205938071787,1.4899730682373047
3851.0,0.2123878507089077,123.0,125.0,0.0,0.009019492166812951,1.4901092052459717
3852.0,0.2121754628581988,123.0,125.0,0.0,0.008977082594081988,1.4902429580688477
3853.0,0.2119632873953406,123.0,125.0,0.0,0.00893483027796352,1.4903841018676758
3854.0,0.21175132410794525,123.0,125.0,0.0,0.008892734834040437,1.4905211925506592
3855.0,0.2115395727838373,123.0,125.0,0.0,0.008850795878042864,1.4906651973724365
3856.0,0.21132803321105348,123.0,125.0,0.0,0.008809013025851015,1.490800142288208
3857.0,0.21111670517784242,123.0,125.0,0.0,0.008767385893498077,1.4909439086914062
3858.0,0.21090558847266458,123.0,125.0,0.0,0.008725914097173082,1.4910802841186523
3859.0,0.2106946828841919,123.0,125.0,0.0,0.008684597253223698,1.4912121295928955
3860.0,0.2104839882013077,123.0,125.0,0.0,0.00864343497815917,1.491353988647461
3861.0,0.2102735042131064,123.0,125.0,0.0,0.008602426888653097,1.491497278213501
3862.0,0.2100632307088933,123.0,125.0,0.0,0.008561572601546276,1.491631031036377
3863.0,0.2098531674781844,123.0,125.0,2.0,0.008520871733849567,1.491772174835205
3864.0,0.2096433143107062,123.0,125.0,0.0,0.008480323902746684,1.491908073425293
3865.0,0.2094336709963955,123.0,125.0,0.0,0.008439928725597038,1.4920470714569092
3866.0,0.2092242373253991,123.0,125.0,0.0,0.008399685819938552,1.4921870231628418
3867.0,0.20901501308807371,123.0,125.0,0.0,0.00835959480349045,1.4923200607299805
3868.0,0.20880599807498565,123.0,126.0,1.0,0.008319655294156075,1.4924540519714355
3869.0,0.20859719207691066,123.0,126.0,0.0,0.00827986691002569,1.492591142654419
3870.0,0.20838859488483374,123.0,126.0,0.0,0.008240229269379276,1.4927361011505127
3871.0,0.2081802062899489,123.0,126.0,0.0,0.008200741990689283,1.492922067642212
3872.0,0.20797202608365895,123.0,126.0,0.0,0.008161404692623452,1.4930751323699951
3873.0,0.20776405405757528,123.0,126.0,0.0,0.008122216994047563,1.4932279586791992
3874.0,0.20755629000351772,123.0,126.0,1.0,0.008083178514028224,1.4933791160583496
3875.0,0.2073487337135142,123.0,125.0,2.0,0.008044288871835595,1.4935340881347656
3876.0,0.2071413849798007,123.0,125.0,0.0,0.008005547686946182,1.4936859607696533
3877.0,0.2069342435948209,123.0,125.0,0.0,0.007966954579045567,1.4938390254974365
3878.0,0.20672730935122607,123.0,125.0,0.0,0.00792850916803116,1.4940080642700195
3879.0,0.20652058204187485,123.0,125.0,0.0,0.00789021107401493,1.494154930114746
3880.0,0.20631406145983297,123.0,125.0,0.0,0.007852059917326147,1.4943039417266846
3881.0,0.20610774739837315,123.0,125.0,0.0,0.007814055318514078,1.494455099105835
3882.0,0.20590163965097477,123.0,125.0,0.0,0.007776196898350736,1.4946091175079346
3883.0,0.2056957380113238,123.0,125.0,0.0,0.0077384842778335785,1.4947519302368164
3884.0,0.20549004227331247,123.0,125.0,0.0,0.007700917078188215,1.4949061870574951
3885.0,0.20528455223103914,123.0,125.0,0.0,0.0076634949208711015,1.4950509071350098
3886.0,0.2050792676788081,123.0,125.0,0.0,0.007626217427572236,1.4952020645141602
3887.0,0.20487418841112928,123.0,125.0,0.0,0.007589084220217855,1.495347261428833
3888.0,0.20466931422271814,123.0,125.0,0.0,0.007552094920973074,1.4954962730407715
3889.0,0.20446464490849542,123.0,125.0,0.0,0.007515249152244628,1.4956369400024414
3890.0,0.20426018026358692,123.0,125.0,0.0,0.0074785465366834555,1.4957811832427979
3891.0,0.20405592008332332,123.0,125.0,0.0,0.007441986697187437,1.4959189891815186
3892.0,0.20385186416324,123.0,125.0,0.0,0.007405569256903979,1.496061086654663
3893.0,0.20364801229907675,123.0,125.0,0.0,0.007369293839232713,1.4962091445922852
3894.0,0.20344436428677767,123.0,125.0,0.0,0.007333160067828095,1.4963459968566895
3895.0,0.2032409199224909,123.0,125.0,0.0,0.007297167566602073,1.4964821338653564
3896.0,0.20303767900256842,123.0,125.0,0.0,0.007261315959726675,1.4966371059417725
3897.0,0.20283464132356585,123.0,125.0,0.0,0.00722560487163666,1.4967951774597168
3898.0,0.2026318066822423,123.0,125.0,0.0,0.007190033927032118,1.4969372749328613
3899.0,0.20242917487556006,123.0,125.0,0.0,0.007154602750881059,1.497084140777588
3900.0,0.2022267457006845,123.0,125.0,0.0,0.0071193109684220286,1.497225284576416
3901.0,0.2020245189549838,123.0,125.0,0.0,0.0070841582051667,1.4973812103271484
3902.0,0.20182249443602882,123.0,125.0,0.0,0.007049144086902455,1.497528076171875
3903.0,0.20162067194159278,123.0,125.0,0.0,0.007014268239694948,1.4976680278778076
3904.0,0.20141905126965118,123.0,125.0,0.0,0.006979530289890687,1.4978139400482178
3905.0,0.20121763221838151,123.0,125.0,0.0,0.006944929864119585,1.497960090637207
3906.0,0.20101641458616312,123.0,125.0,0.0,0.00691046658929754,1.4981091022491455
3907.0,0.20081539817157695,123.0,125.0,0.0,0.006876140092628957,1.4982562065124512
3908.0,0.20061458277340538,123.0,125.0,0.0,0.006841950001609286,1.4984021186828613
3909.0,0.20041396819063198,123.0,125.0,0.0,0.006807895944027576,1.498548984527588
3910.0,0.20021355422244136,123.0,125.0,0.0,0.006773977547968995,1.498690128326416
3911.0,0.2000133406682189,123.0,125.0,0.0,0.006740194441817332,1.498837947845459
3912.0,0.1998133273275507,123.0,125.0,0.0,0.006706546254257523,1.4989891052246094
3913.0,0.19961351400022315,123.0,125.0,0.0,0.006673032614278152,1.4991321563720703
3914.0,0.19941390048622293,123.0,125.0,0.0,0.006639653151173951,1.4992880821228027
