step,temperature,best_hpwl,current_hpwl,accepted_moves,boltzmann_prob,elapsed_time_sec
1.0,100.0,17850.0,18810.0,87768.0,0.9900498337491681,1.7881393432617188e-05
2.0,99.9,17813.0,18756.0,87725.0,0.9900399233900233,0.36740803718566895
3.0,99.8001,17813.0,18546.0,87345.0,0.9900300032099504,0.7266981601715088
4.0,99.7002999,17789.0,18582.0,87204.0,0.9900200731993166,1.0906751155853271
5.0,99.60059960010001,17755.0,19627.0,87260.0,0.99001013334848,1.454340934753418
6.0,99.50099900049992,17755.0,18922.0,87336.0,0.9900001836477892,1.8165557384490967
7.0,99.40149800149942,17755.0,19101.0,87251.0,0.9899902240875837,2.1770009994506836
8.0,99.30209650349792,17755.0,18075.0,87186.0,0.9899802546581938,2.534842014312744
9.0,99.20279440699443,17755.0,18410.0,86952.0,0.9899702753499403,2.8934099674224854
10.0,99.10359161258744,17633.0,18764.0,86818.0,0.9899602861531349,3.252945899963379
11.0,99.00448802097485,17633.0,19391.0,86920.0,0.9899502870580799,3.6139631271362305
12.0,98.90548353295387,17633.0,18565.0,86723.0,0.9899402780550682,3.972869873046875
13.0,98.8065780494209,17633.0,18571.0,86607.0,0.9899302591343837,4.334530830383301
14.0,98.70777147137149,17633.0,19020.0,86309.0,0.9899202302863006,4.693994998931885
15.0,98.60906369990012,17633.0,18516.0,86277.0,0.9899101915010842,5.053905963897705
16.0,98.51045463620022,17600.0,18690.0,86381.0,0.9899001427689899,5.41427206993103
17.0,98.41194418156402,17600.0,18890.0,86266.0,0.9898900840802641,5.772254943847656
18.0,98.31353223738246,17600.0,18488.0,86205.0,0.9898800154251439,6.129792928695679
19.0,98.21521870514508,17600.0,19392.0,85901.0,0.9898699367938569,6.486768960952759
20.0,98.11700348643993,17600.0,18679.0,85956.0,0.9898598481766213,6.845586061477661
21.0,98.01888648295349,17600.0,19389.0,85921.0,0.989849749563646,7.203172922134399
22.0,97.92086759647054,17600.0,19362.0,85807.0,0.9898396409451304,7.558960914611816
23.0,97.82294672887407,17600.0,18733.0,85667.0,0.9898295223112648,7.915632963180542
24.0,97.7251237821452,17600.0,19041.0,85366.0,0.9898193936522294,8.270900964736938
25.0,97.62739865836306,17600.0,19034.0,85667.0,0.9898092549581958,8.6265230178833
26.0,97.5297712597047,17600.0,19071.0,85091.0,0.9897991062193257,8.983946084976196
27.0,97.432241488445,17600.0,19123.0,85046.0,0.9897889474257713,9.339410066604614
28.0,97.33480924695655,17600.0,18814.0,84932.0,0.9897787785676758,9.69188904762268
29.0,97.2374744377096,17600.0,19392.0,84798.0,0.9897685996351725,10.048172950744629
30.0,97.14023696327189,17600.0,18900.0,84851.0,0.9897584106183854,10.399969100952148
31.0,97.04309672630862,17600.0,18603.0,84625.0,0.9897482115074292,10.754230976104736
32.0,96.94605362958231,17600.0,18937.0,84750.0,0.9897380022924087,11.107465028762817
33.0,96.84910757595273,17600.0,18697.0,84601.0,0.9897277829634196,11.46003007888794
34.0,96.75225846837678,17600.0,18851.0,84496.0,0.9897175535105479,11.81246304512024
35.0,96.65550620990841,17600.0,18904.0,84143.0,0.9897073139238702,12.170536041259766
36.0,96.5588507036985,17600.0,18864.0,84007.0,0.9896970641934537,12.519587993621826
37.0,96.4622918529948,17600.0,18769.0,84051.0,0.9896868043093556,12.870151042938232
38.0,96.3658295611418,17544.0,19013.0,84056.0,0.9896765342616242,13.22337794303894
39.0,96.26946373158066,17544.0,19029.0,84017.0,0.9896662540402976,13.575268983840942
40.0,96.17319426784907,17544.0,18491.0,83840.0,0.9896559636354051,13.924527883529663
41.0,96.07702107358122,17544.0,18978.0,83918.0,0.9896456630369658,14.27593207359314
42.0,95.98094405250764,17544.0,18588.0,83629.0,0.9896353522349894,14.624540090560913
43.0,95.88496310845512,17544.0,18932.0,83602.0,0.9896250312194763,14.973171949386597
44.0,95.78907814534666,17544.0,18615.0,83437.0,0.989614699980417,15.32212495803833
45.0,95.69328906720132,17544.0,18599.0,83663.0,0.9896043585077925,15.670078992843628
46.0,95.59759577813412,17544.0,18644.0,83268.0,0.9895940067915743,16.019946098327637
47.0,95.50199818235599,17544.0,18650.0,83227.0,0.9895836448217241,16.367888927459717
48.0,95.40649618417363,17544.0,19077.0,83103.0,0.9895732725881942,16.71715998649597
49.0,95.31108968798947,17544.0,19193.0,83133.0,0.989562890080927,17.063899993896484
50.0,95.21577859830147,17544.0,19022.0,82896.0,0.9895524972898555,17.41226291656494
51.0,95.12056281970317,17544.0,18516.0,82619.0,0.9895420942049031,17.75778889656067
52.0,95.02544225688347,17544.0,18443.0,82745.0,0.9895316808159832,18.10800004005432
53.0,94.93041681462658,17544.0,17985.0,82523.0,0.989521257113,18.45471501350403
54.0,94.83548639781196,17544.0,19222.0,82470.0,0.9895108230858475,18.79903292655945
55.0,94.74065091141415,17544.0,18815.0,82417.0,0.9895003787244105,19.142093896865845
56.0,94.64591026050273,17544.0,18903.0,82325.0,0.9894899240185638,19.48869490623474
57.0,94.55126435024223,17544.0,18294.0,82161.0,0.9894794589581728,19.832583904266357
58.0,94.45671308589199,17544.0,18722.0,82069.0,0.9894689835330928,20.17636489868164
59.0,94.3622563728061,17544.0,18706.0,82037.0,0.9894584977331696,20.52000594139099
60.0,94.2678941164333,17544.0,18764.0,82224.0,0.9894480015482393,20.862462997436523
61.0,94.17362622231687,17544.0,18744.0,81797.0,0.9894374949681283,21.20491099357605
62.0,94.07945259609455,17544.0,18610.0,81660.0,0.9894269779826531,21.545520067214966
63.0,93.98537314349846,17544.0,19190.0,81684.0,0.9894164505816206,21.888919830322266
64.0,93.89138777035497,17544.0,19106.0,81604.0,0.9894059127548278,22.230917930603027
65.0,93.79749638258461,17544.0,18447.0,81687.0,0.9893953644920621,22.569844007492065
66.0,93.70369888620203,17544.0,18928.0,81258.0,0.9893848057831008,22.912456035614014
67.0,93.60999518731583,17544.0,18625.0,81340.0,0.989374236617712,23.25486183166504
68.0,93.51638519212851,17544.0,18566.0,81513.0,0.9893636569856532,23.603420972824097
69.0,93.42286880693638,17544.0,19093.0,81203.0,0.9893530668766729,23.94076704978943
70.0,93.32944593812944,17544.0,18582.0,80996.0,0.9893424662805093,24.279880046844482
71.0,93.23611649219131,17544.0,18256.0,80778.0,0.9893318551868907,24.61834192276001
72.0,93.14288037569912,17544.0,18851.0,80807.0,0.989321233585536,24.958014965057373
73.0,93.04973749532343,17544.0,19335.0,80677.0,0.989310601466154,25.297099113464355
74.0,92.9566877578281,17544.0,19210.0,80823.0,0.9892999588184436,25.635422945022583
75.0,92.86373107007027,17544.0,19031.0,80327.0,0.9892893056320939,25.974584817886353
76.0,92.7708673390002,17518.0,18790.0,80479.0,0.9892786418967843,26.314619064331055
77.0,92.6780964716612,17518.0,18764.0,80400.0,0.9892679676021838,26.65216088294983
78.0,92.58541837518955,17518.0,18651.0,80316.0,0.9892572827379523,26.99121904373169
79.0,92.49283295681435,17518.0,18679.0,80171.0,0.9892465872937392,27.32829713821411
80.0,92.40034012385755,17518.0,18709.0,79713.0,0.989235881259184,27.67437982559204
81.0,92.30793978373369,17518.0,18805.0,79973.0,0.9892251646239169,28.008847951889038
82.0,92.21563184394995,17518.0,19422.0,79815.0,0.9892144373775573,28.343306064605713
83.0,92.123416212106,17518.0,18787.0,79957.0,0.9892036995097153,28.67988681793213
84.0,92.03129279589389,17518.0,18899.0,79424.0,0.9891929510099909,29.015662908554077
85.0,91.939261503098,17518.0,18991.0,79603.0,0.9891821918679742,29.34967589378357
86.0,91.8473222415949,17518.0,18411.0,79450.0,0.9891714220732452,29.683166980743408
87.0,91.7554749193533,17518.0,18298.0,79429.0,0.9891606416153738,30.018971920013428
88.0,91.66371944443395,17518.0,18721.0,79494.0,0.9891498504839202,30.3527250289917
89.0,91.57205572498951,17518.0,18911.0,79162.0,0.9891390486684348,30.684780836105347
90.0,91.48048366926452,17423.0,18676.0,79197.0,0.9891282361584575,31.016404151916504
91.0,91.38900318559526,17423.0,18263.0,79081.0,0.9891174129435184,31.34945011138916
92.0,91.29761418240966,17423.0,18332.0,78948.0,0.9891065790131378,31.681155920028687
93.0,91.20631656822725,17423.0,18969.0,78714.0,0.9890957343568257,32.012683153152466
94.0,91.11511025165902,17423.0,18959.0,78991.0,0.9890848789640823,32.343098878860474
95.0,91.02399514140735,17423.0,18266.0,78716.0,0.9890740128243973,32.675233125686646
96.0,90.93297114626594,17423.0,19150.0,78696.0,0.989063135927251,33.00797080993652
97.0,90.84203817511968,17423.0,18782.0,78783.0,0.9890522482621132,33.33920073509216
98.0,90.75119613694456,17423.0,18630.0,78173.0,0.9890413498184438,33.670549154281616
99.0,90.66044494080761,17423.0,19135.0,78273.0,0.9890304405856926,33.99921703338623
100.0,90.5697844958668,17423.0,18749.0,78216.0,0.9890195205532991,34.32850217819214
101.0,90.47921471137093,17423.0,18707.0,78259.0,0.9890085897106932,34.658190965652466
102.0,90.38873549665956,17423.0,18855.0,78190.0,0.9889976480472942,34.98677682876587
103.0,90.2983467611629,17423.0,18798.0,78033.0,0.9889866955525114,35.3200740814209
104.0,90.20804841440174,17423.0,18749.0,77879.0,0.9889757322157443,35.64627695083618
105.0,90.11784036598735,17423.0,19020.0,77891.0,0.9889647580263818,35.97436285018921
106.0,90.02772252562136,17423.0,18856.0,77627.0,0.988953772973803,36.30176091194153
107.0,89.93769480309574,17423.0,18336.0,77693.0,0.9889427770473769,36.62907600402832
108.0,89.84775710829264,17423.0,18656.0,77627.0,0.9889317702364617,36.956552028656006
109.0,89.75790935118435,17423.0,18828.0,77370.0,0.9889207525304065,37.2837278842926
110.0,89.66815144183317,17423.0,18593.0,77297.0,0.9889097239185491,37.61145091056824
111.0,89.57848329039135,17423.0,18831.0,77433.0,0.988898684390218,37.938101053237915
112.0,89.48890480710095,17423.0,18822.0,76990.0,0.988887633934731,38.26496076583862
113.0,89.39941590229385,17423.0,18850.0,77224.0,0.9888765725413958,38.59119391441345
114.0,89.31001648639156,17423.0,18626.0,77000.0,0.9888655001995101,38.91587805747986
115.0,89.22070646990517,17423.0,17893.0,76767.0,0.9888544168983611,39.24148893356323
116.0,89.13148576343526,17423.0,18942.0,76978.0,0.9888433226272257,39.564626932144165
117.0,89.04235427767183,17423.0,18753.0,76691.0,0.988832217375371,39.889918088912964
118.0,88.95331192339417,17423.0,18536.0,76587.0,0.9888211011320535,40.213680028915405
119.0,88.86435861147078,17423.0,18727.0,76615.0,0.9888099738865194,40.54087781906128
120.0,88.7754942528593,17423.0,18499.0,76469.0,0.9887988356280047,40.86258101463318
121.0,88.68671875860645,17423.0,19024.0,76323.0,0.9887876863457354,41.18443989753723
122.0,88.59803203984784,17423.0,18901.0,76256.0,0.988776526028927,41.50892400741577
123.0,88.50943400780798,17423.0,18505.0,76413.0,0.9887653546667844,41.833006858825684
124.0,88.42092457380018,17423.0,18787.0,76063.0,0.9887541722485026,42.153844118118286
125.0,88.33250364922638,17423.0,18983.0,75928.0,0.9887429787632661,42.4757080078125
126.0,88.24417114557716,17423.0,18668.0,75866.0,0.9887317742002493,42.79809379577637
127.0,88.15592697443158,17423.0,18551.0,75760.0,0.9887205585486158,43.1199848651886
128.0,88.06777104745714,17423.0,18780.0,75804.0,0.9887093317975195,43.44128394126892
129.0,87.97970327640968,17423.0,18587.0,75938.0,0.9886980939361033,43.7610981464386
130.0,87.89172357313328,17423.0,18918.0,75491.0,0.9886868449535002,44.08191704750061
131.0,87.80383184956014,17423.0,18739.0,75248.0,0.9886755848388326,44.39922285079956
132.0,87.71602801771058,17423.0,18153.0,75345.0,0.9886643135812124,44.717849016189575
133.0,87.62831198969288,17423.0,18769.0,75236.0,0.9886530311697416,45.03720188140869
134.0,87.54068367770319,17423.0,18603.0,75259.0,0.9886417375935113,45.361233949661255
135.0,87.45314299402548,17423.0,18557.0,75129.0,0.9886304328416022,45.677698850631714
136.0,87.36568985103146,17423.0,18329.0,74895.0,0.9886191169030851,45.99702191352844
137.0,87.27832416118044,17423.0,18774.0,74901.0,0.9886077897670198,46.315190076828
138.0,87.19104583701926,17423.0,18381.0,74933.0,0.988596451422456,46.63398575782776
139.0,87.10385479118224,17423.0,18990.0,74846.0,0.9885851018584326,46.95191502571106
140.0,87.01675093639106,17423.0,18975.0,74554.0,0.9885737410639786,47.27058792114258
141.0,86.92973418545468,17423.0,18548.0,74425.0,0.9885623690281119,47.5867338180542
142.0,86.84280445126922,17423.0,18483.0,74422.0,0.9885509857398405,47.90319895744324
143.0,86.75596164681795,17423.0,18293.0,74574.0,0.9885395911881614,48.220102071762085
144.0,86.66920568517114,17423.0,18402.0,74370.0,0.9885281853620614,48.53447508811951
145.0,86.58253647948597,17423.0,19082.0,73926.0,0.9885167682505169,48.84862494468689
146.0,86.49595394300648,17423.0,19270.0,74019.0,0.9885053398424934,49.16360783576965
147.0,86.40945798906348,17423.0,18690.0,73985.0,0.9884939001269464,49.4782190322876
148.0,86.32304853107442,17423.0,18500.0,73682.0,0.9884824490928202,49.79310607910156
149.0,86.23672548254335,17423.0,19027.0,74010.0,0.9884709867290493,50.10736608505249
150.0,86.1504887570608,17423.0,18565.0,73991.0,0.988459513024557,50.4216411113739
151.0,86.06433826830374,17423.0,18664.0,73662.0,0.9884480279682564,50.73694610595703
152.0,85.97827393003544,17423.0,18653.0,73701.0,0.98843653154905,51.05107116699219
153.0,85.8922956561054,17423.0,17944.0,73488.0,0.9884250237558295,51.362690925598145
154.0,85.8064033604493,17423.0,18199.0,73671.0,0.9884135045774762,51.67528510093689
155.0,85.72059695708884,17423.0,17978.0,73162.0,0.988401974002861,51.98797082901001
156.0,85.63487636013176,17423.0,18424.0,73349.0,0.9883904320208438,52.298924922943115
157.0,85.54924148377162,17423.0,18841.0,73122.0,0.9883788786202738,52.609052896499634
158.0,85.46369224228785,17423.0,18305.0,73055.0,0.9883673137899902,52.92092990875244
159.0,85.37822855004556,17423.0,18811.0,73101.0,0.988355737518821,53.232479095458984
160.0,85.29285032149552,17423.0,18947.0,72870.0,0.9883441497955837,53.542320013046265
161.0,85.20755747117403,17423.0,18879.0,72950.0,0.9883325506090852,53.851723194122314
162.0,85.12234991370285,17423.0,18689.0,72690.0,0.9883209399481216,54.16161394119263
163.0,85.03722756378914,17423.0,18826.0,72597.0,0.9883093178014787,54.469398021698
164.0,84.95219033622536,17423.0,18711.0,72753.0,0.988297684157931,54.77669095993042
165.0,84.86723814588913,17423.0,18910.0,72552.0,0.9882860390062427,55.09381699562073
166.0,84.78237090774324,17423.0,18618.0,72586.0,0.9882743823351674,55.401931047439575
167.0,84.6975885368355,17423.0,19209.0,72498.0,0.9882627141334477,55.708396911621094
168.0,84.61289094829866,17423.0,19154.0,72268.0,0.9882510343898155,56.01603102684021
169.0,84.52827805735036,17423.0,18633.0,72148.0,0.9882393430929922,56.32235813140869
170.0,84.44374977929301,17423.0,18727.0,72052.0,0.9882276402316883,56.63066101074219
171.0,84.35930602951372,17423.0,18421.0,71827.0,0.9882159257946035,56.93805980682373
172.0,84.2749467234842,17423.0,19023.0,71870.0,0.9882041997704267,57.24484586715698
173.0,84.19067177676072,17423.0,18650.0,71810.0,0.9881924621478364,57.55189108848572
174.0,84.10648110498396,17423.0,18656.0,71930.0,0.9881807129154997,57.85612511634827
175.0,84.02237462387897,17423.0,18508.0,71613.0,0.9881689520620734,58.16242599487305
176.0,83.93835224925509,17423.0,18688.0,71530.0,0.9881571795762034,58.46848392486572
177.0,83.85441389700584,17423.0,18759.0,71541.0,0.9881453954465247,58.77279281616211
178.0,83.77055948310884,17423.0,18434.0,71503.0,0.9881335996616614,59.07770395278931
179.0,83.68678892362573,17423.0,18229.0,71116.0,0.9881217922102269,59.381202936172485
180.0,83.6031021347021,17423.0,18460.0,71308.0,0.9881099730808237,59.68449592590332
181.0,83.5194990325674,17423.0,18877.0,71149.0,0.9880981422620436,59.99031090736389
182.0,83.43597953353483,17423.0,18434.0,71172.0,0.9880862997424673,60.2944700717926
183.0,83.3525435540013,17423.0,18394.0,70834.0,0.9880744455106649,60.59810400009155
184.0,83.2691910104473,17423.0,18396.0,70803.0,0.9880625795551953,60.898683071136475
185.0,83.18592181943686,17423.0,18330.0,70989.0,0.9880507018646066,61.20229697227478
186.0,83.10273589761742,17423.0,18385.0,70617.0,0.9880388124274364,61.50500297546387
187.0,83.01963316171981,17423.0,18837.0,70474.0,0.9880269112322108,61.807669162750244
188.0,82.93661352855808,17423.0,18990.0,70270.0,0.9880149982674452,62.110491037368774
189.0,82.85367691502952,17423.0,18777.0,70261.0,0.9880030735216443,62.41242289543152
190.0,82.77082323811449,17423.0,18984.0,70287.0,0.9879911369833015,62.715128898620605
191.0,82.68805241487637,17423.0,18398.0,70312.0,0.9879791886408997,63.01738095283508
192.0,82.60536436246149,17423.0,18708.0,70224.0,0.9879672284829102,63.318856954574585
193.0,82.52275899809902,17398.0,18478.0,70078.0,0.987955256497794,63.620753049850464
194.0,82.44023623910093,17398.0,18238.0,70100.0,0.9879432726740006,63.92061805725098
195.0,82.35779600286183,17398.0,18635.0,69915.0,0.9879312769999689,64.21952295303345
196.0,82.27543820685896,17398.0,18622.0,69881.0,0.9879192694641264,64.51714396476746
197.0,82.1931627686521,17398.0,18490.0,69759.0,0.98790725005489,64.81502389907837
198.0,82.11096960588345,17398.0,18610.0,69972.0,0.9878952187606654,65.11906290054321
199.0,82.02885863627758,17398.0,18617.0,69539.0,0.9878831755698473,65.4156801700592
200.0,81.9468297776413,17398.0,18823.0,69658.0,0.9878711204708192,65.71304988861084
201.0,81.86488294786366,17398.0,18757.0,69580.0,0.9878590534519538,66.0117039680481
202.0,81.7830180649158,17398.0,18343.0,69525.0,0.9878469745016125,66.30929279327393
203.0,81.70123504685088,17398.0,18476.0,69387.0,0.9878348836081459,66.60634303092957
204.0,81.61953381180403,17398.0,18769.0,69185.0,0.9878227807598933,66.90341305732727
205.0,81.53791427799223,17398.0,18582.0,69255.0,0.987810665945183,67.20126700401306
206.0,81.45637636371424,17398.0,18672.0,69055.0,0.9877985391523323,67.49963808059692
207.0,81.37491998735052,17398.0,18717.0,68787.0,0.987786400369647,67.79509496688843
208.0,81.29354506736317,17398.0,18737.0,68876.0,0.9877742495854225,68.09136009216309
209.0,81.2122515222958,17398.0,18304.0,68975.0,0.9877620867879423,68.38707280158997
210.0,81.1310392707735,17398.0,18700.0,68592.0,0.9877499119654792,68.68097281455994
211.0,81.04990823150273,17398.0,18636.0,68726.0,0.9877377251062949,68.97652888298035
212.0,80.96885832327122,17398.0,18890.0,68628.0,0.9877255261986396,69.26977586746216
213.0,80.88788946494795,17398.0,18853.0,68593.0,0.9877133152307527,69.56332874298096
214.0,80.807001575483,17398.0,19235.0,68631.0,0.987701092190862,69.85673499107361
215.0,80.72619457390752,17398.0,18988.0,68474.0,0.9876888570671847,70.15083503723145
216.0,80.64546837933361,17398.0,19055.0,68527.0,0.9876766098479262,70.44304704666138
217.0,80.56482291095428,17398.0,18111.0,68100.0,0.987664350521281,70.73631691932678
218.0,80.48425808804332,17398.0,18578.0,68092.0,0.9876520790754325,71.03031206130981
219.0,80.40377382995527,17398.0,18504.0,68005.0,0.9876397954985526,71.32173609733582
220.0,80.32337005612531,17398.0,18385.0,67949.0,0.9876274997788022,71.61447882652283
221.0,80.24304668606919,17398.0,18628.0,67858.0,0.9876151919043306,71.90726590156555
222.0,80.16280363938313,17398.0,18873.0,67590.0,0.9876028718632761,72.20015287399292
223.0,80.08264083574375,17398.0,18441.0,67677.0,0.987590539643766,72.49004697799683
224.0,80.002558194908,17398.0,18797.0,67593.0,0.9875781952339158,72.78156185150146
225.0,79.9225556367131,17398.0,18553.0,67473.0,0.9875658386218299,73.07283115386963
226.0,79.84263308107639,17398.0,18201.0,67441.0,0.9875534697956015,73.36406803131104
227.0,79.76279044799531,17398.0,18702.0,67492.0,0.9875410887433125,73.6547908782959
228.0,79.68302765754731,17398.0,18688.0,67358.0,0.9875286954530332,73.94446396827698
229.0,79.60334462988976,17398.0,18742.0,67105.0,0.987516289912823,74.23710083961487
230.0,79.52374128525987,17398.0,19193.0,67215.0,0.9875038721107298,74.5279471874237
231.0,79.44421754397462,17398.0,18672.0,66897.0,0.9874914420347899,74.81701111793518
232.0,79.36477332643064,17398.0,19183.0,67077.0,0.9874789996730284,75.10830497741699
233.0,79.2854085531042,17398.0,18719.0,66664.0,0.9874665450134593,75.39496302604675
234.0,79.2061231445511,17398.0,18390.0,66780.0,0.9874540780440848,75.68276906013489
235.0,79.12691702140656,17398.0,18410.0,66648.0,0.9874415987528959,75.96939301490784
236.0,79.04779010438514,17398.0,17868.0,66285.0,0.9874291071278724,76.25727701187134
237.0,78.96874231428076,17398.0,18547.0,66754.0,0.9874166031569822,76.54438495635986
238.0,78.88977357196649,17398.0,18369.0,66656.0,0.9874040868281823,76.83319211006165
239.0,78.81088379839451,17398.0,18902.0,66379.0,0.9873915581294179,77.12083697319031
240.0,78.73207291459612,17398.0,19057.0,66395.0,0.987379017048623,77.40692806243896
241.0,78.65334084168153,17398.0,18987.0,66310.0,0.9873664635737198,77.6926019191742
242.0,78.57468750083984,17398.0,18411.0,66396.0,0.9873538976926197,77.97812581062317
243.0,78.49611281333901,17398.0,18977.0,66312.0,0.9873413193932219,78.26375102996826
244.0,78.41761670052567,17398.0,18799.0,65904.0,0.9873287286634145,78.54859185218811
245.0,78.33919908382515,17398.0,18578.0,65911.0,0.9873161254910741,78.83671498298645
246.0,78.26085988474132,17398.0,18573.0,65833.0,0.9873035098640657,79.12199592590332
247.0,78.18259902485659,17398.0,18290.0,66026.0,0.9872908817702428,79.40819478034973
248.0,78.10441642583173,17398.0,18776.0,65709.0,0.9872782411974474,79.69057583808899
249.0,78.0263120094059,17398.0,18867.0,65524.0,0.9872655881335101,79.97595882415771
250.0,77.9482856973965,17398.0,19112.0,65786.0,0.9872529225662496,80.28741002082825
251.0,77.8703374116991,17383.0,18784.0,65371.0,0.9872402444834735,80.57697296142578
252.0,77.7924670742874,17383.0,18703.0,65323.0,0.9872275538729774,80.86374402046204
253.0,77.71467460721311,17383.0,18960.0,65362.0,0.9872148507225458,81.14504194259644
254.0,77.6369599326059,17383.0,18182.0,65374.0,0.9872021350199511,81.42574691772461
255.0,77.5593229726733,17383.0,18622.0,65012.0,0.9871894067529545,81.70581412315369
256.0,77.48176364970062,17383.0,18533.0,65103.0,0.9871766659093054,81.98646306991577
257.0,77.40428188605092,17383.0,18483.0,65073.0,0.9871639124767416,82.26848196983337
258.0,77.32687760416488,17383.0,18754.0,64914.0,0.9871511464429894,82.55028486251831
259.0,77.24955072656071,17383.0,18980.0,64825.0,0.9871383677957634,82.83057188987732
260.0,77.17230117583415,17383.0,18977.0,64681.0,0.9871255765227664,83.10865497589111
261.0,77.09512887465831,17383.0,18809.0,64691.0,0.9871127726116897,83.38642692565918
262.0,77.01803374578365,17383.0,18706.0,64525.0,0.9870999560502131,83.66527199745178
263.0,76.94101571203787,17383.0,18514.0,64507.0,0.9870871268260043,83.94424104690552
264.0,76.86407469632583,17383.0,18540.0,64549.0,0.9870742849267196,84.22124600410461
265.0,76.7872106216295,17383.0,18497.0,64449.0,0.9870614303400035,84.49895191192627
266.0,76.71042341100787,17383.0,18320.0,64494.0,0.987048563053489,84.77562594413757
267.0,76.63371298759685,17383.0,18186.0,64274.0,0.9870356830547969,85.05297493934631
268.0,76.55707927460925,17383.0,18821.0,64058.0,0.987022790331537,85.33778500556946
269.0,76.48052219533464,17383.0,18242.0,63934.0,0.9870098848713067,85.61348390579224
270.0,76.4040416731393,17383.0,18895.0,64005.0,0.9869969666616919,85.88938498497009
271.0,76.32763763146616,17383.0,18764.0,64228.0,0.9869840356902667,86.16571092605591
272.0,76.2513099938347,17383.0,18233.0,63984.0,0.9869710919445935,86.4413709640503
273.0,76.17505868384086,17383.0,18600.0,63799.0,0.986958135412223,86.71661305427551
274.0,76.09888362515701,17358.0,19239.0,63723.0,0.9869451660806939,86.99231195449829
275.0,76.02278474153185,17276.0,19067.0,63775.0,0.9869321839375331,87.26818108558655
276.0,75.94676195679033,17276.0,18638.0,63289.0,0.9869191889702559,87.55287098884583
277.0,75.87081519483354,17276.0,18220.0,63464.0,0.9869061811663655,87.83643102645874
278.0,75.79494437963871,17276.0,18611.0,63326.0,0.9868931605133536,88.11030006408691
279.0,75.71914943525907,17276.0,18675.0,63444.0,0.9868801269986998,88.38363289833069
280.0,75.64343028582381,17276.0,18559.0,63141.0,0.9868670806098718,88.65739893913269
281.0,75.56778685553799,17276.0,18694.0,63190.0,0.9868540213343256,88.93227410316467
282.0,75.49221906868245,17276.0,18468.0,63254.0,0.9868409491595055,89.20639705657959
283.0,75.41672684961377,17276.0,18300.0,62964.0,0.9868278640728433,89.47974300384521
284.0,75.34131012276416,17276.0,18716.0,62797.0,0.9868147660617596,89.75263595581055
285.0,75.26596881264139,17276.0,18496.0,62967.0,0.9868016551136626,90.0245590209961
286.0,75.19070284382875,17276.0,18139.0,62886.0,0.9867885312159488,90.296560049057
287.0,75.11551214098492,17276.0,18099.0,62743.0,0.9867753943560027,90.56761980056763
288.0,75.04039662884394,17276.0,18557.0,62652.0,0.986762244521197,90.84019207954407
289.0,74.96535623221509,17276.0,19063.0,62436.0,0.9867490816988923,91.1105740070343
290.0,74.89039087598287,17276.0,18364.0,62684.0,0.9867359058764372,91.38178277015686
291.0,74.8155004851069,17276.0,18782.0,62478.0,0.9867227170411685,91.65257096290588
292.0,74.7406849846218,17276.0,18361.0,62452.0,0.986709515180411,91.92346096038818
293.0,74.66594429963718,17276.0,18608.0,62345.0,0.9866963002814771,92.19420099258423
294.0,74.59127835533754,17276.0,18548.0,62439.0,0.9866830723316679,92.46294212341309
295.0,74.5166870769822,17276.0,18744.0,62037.0,0.9866698313182719,92.7339301109314
296.0,74.44217038990521,17276.0,18448.0,62117.0,0.9866565772285659,93.0034670829773
297.0,74.36772821951531,17276.0,17967.0,61834.0,0.9866433100498144,93.27384495735168
298.0,74.2933604912958,17276.0,18598.0,61736.0,0.9866300297692703,93.54394602775574
299.0,74.2190671308045,17276.0,18291.0,61898.0,0.9866167363741739,93.81365489959717
300.0,74.1448480636737,17276.0,18655.0,61867.0,0.9866034298517538,94.0826780796051
301.0,74.07070321561004,17276.0,18421.0,61810.0,0.9865901101892263,94.35197806358337
302.0,73.99663251239443,17276.0,19308.0,61667.0,0.9865767773737957,94.62039589881897
303.0,73.92263587988204,17276.0,18363.0,61523.0,0.9865634313926545,94.88864707946777
304.0,73.84871324400216,17276.0,17986.0,61387.0,0.9865500722329824,95.16257119178772
305.0,73.77486453075815,17276.0,18263.0,61261.0,0.9865366998819477,95.43051409721375
306.0,73.70108966622739,17276.0,18488.0,61376.0,0.9865233143267061,95.69661808013916
307.0,73.62738857656116,17276.0,18612.0,61360.0,0.9865099155544015,95.9629168510437
308.0,73.5537611879846,17276.0,18975.0,60996.0,0.9864965035521652,96.23106598854065
309.0,73.48020742679662,17276.0,18479.0,61171.0,0.9864830783071168,96.49629497528076
310.0,73.40672721936983,17276.0,18282.0,60874.0,0.9864696398063635,96.76095080375671
311.0,73.33332049215046,17276.0,18467.0,60756.0,0.9864561880370001,97.02860188484192
312.0,73.25998717165831,17276.0,18312.0,60626.0,0.9864427229861097,97.29358291625977
313.0,73.18672718448666,17276.0,18152.0,60630.0,0.9864292446407629,97.55954694747925
314.0,73.11354045730216,17276.0,17979.0,60799.0,0.986415752988018,97.82481288909912
315.0,73.04042691684486,17276.0,18412.0,60477.0,0.9864022480149213,98.09069800376892
316.0,72.96738648992802,17276.0,18589.0,60746.0,0.9863887297085067,98.35649108886719
317.0,72.8944191034381,17276.0,18493.0,60477.0,0.9863751980557958,98.61955380439758
318.0,72.82152468433466,17276.0,18704.0,60428.0,0.9863616530437982,98.88445901870728
319.0,72.74870315965033,17276.0,18539.0,60234.0,0.9863480946595109,99.14864182472229
320.0,72.67595445649069,17276.0,18997.0,60226.0,0.986334522889919,99.41403985023499
321.0,72.6032785020342,17276.0,18668.0,60119.0,0.9863209377219949,99.67676401138306
322.0,72.53067522353217,17276.0,18816.0,60073.0,0.986307339142699,99.93959903717041
323.0,72.45814454830864,17276.0,18425.0,60091.0,0.9862937271389791,100.20290994644165
324.0,72.38568640376033,17276.0,18669.0,59910.0,0.9862801016977709,100.4666519165039
325.0,72.31330071735657,17276.0,18346.0,59735.0,0.986266462805998,100.72867202758789
326.0,72.24098741663921,17276.0,18810.0,59880.0,0.9862528104505709,100.9905297756195
327.0,72.16874642922258,17276.0,18335.0,59719.0,0.9862391446183885,101.2535948753357
328.0,72.09657768279335,17276.0,18412.0,59566.0,0.9862254652963368,101.51561713218689
329.0,72.02448110511055,17276.0,18797.0,59765.0,0.9862117724712899,101.77729392051697
330.0,71.95245662400544,17276.0,18603.0,59621.0,0.9861980661301091,102.03801202774048
331.0,71.88050416738143,17276.0,18696.0,59711.0,0.9861843462596435,102.29943108558655
332.0,71.80862366321405,17276.0,18436.0,59519.0,0.9861706128467297,102.56131601333618
333.0,71.73681503955083,17276.0,18588.0,59451.0,0.986156865878192,102.82008004188538
334.0,71.66507822451128,17276.0,18885.0,59300.0,0.986143105340842,103.07924103736877
335.0,71.59341314628676,17276.0,19073.0,58978.0,0.9861293312214793,103.34045386314392
336.0,71.52181973314048,17276.0,18697.0,59136.0,0.9861155435068906,103.60064601898193
337.0,71.45029791340734,17276.0,18630.0,59029.0,0.9861017421838503,103.86213898658752
338.0,71.37884761549394,17276.0,18841.0,59021.0,0.9860879272391203,104.12185788154602
339.0,71.30746876787845,17276.0,18124.0,58983.0,0.9860740986594502,104.38077807426453
340.0,71.23616129911056,17276.0,18045.0,58928.0,0.9860602564315767,104.6392548084259
341.0,71.16492513781145,17276.0,18584.0,58932.0,0.9860464005422245,104.89726185798645
342.0,71.09376021267364,17276.0,17826.0,58549.0,0.9860325309781053,105.15685296058655
343.0,71.02266645246097,17276.0,18674.0,58691.0,0.9860186477259185,105.42313599586487
344.0,70.9516437860085,17276.0,18113.0,58678.0,0.9860047507723511,105.68241500854492
345.0,70.8806921422225,17276.0,18933.0,58388.0,0.985990840104077,105.94039583206177
346.0,70.80981145008028,17276.0,18341.0,58351.0,0.9859769157077583,106.19861698150635
347.0,70.7390016386302,17276.0,19004.0,58336.0,0.9859629775700438,106.45648384094238
348.0,70.66826263699157,17276.0,18556.0,58329.0,0.9859490256775701,106.71431589126587
349.0,70.59759437435459,17276.0,18903.0,58337.0,0.9859350600169614,106.97033715248108
350.0,70.52699677998024,17276.0,18500.0,58231.0,0.9859210805748286,107.22603511810303
351.0,70.45646978320026,17253.0,18291.0,57962.0,0.9859070873377708,107.48394083976746
352.0,70.38601331341707,17253.0,19098.0,57848.0,0.9858930802923737,107.73960995674133
353.0,70.31562730010364,17253.0,18188.0,57655.0,0.9858790594252109,107.99535489082336
354.0,70.24531167280354,17253.0,18779.0,57767.0,0.9858650247228432,108.2501928806305
355.0,70.17506636113073,17253.0,18439.0,57565.0,0.9858509761718185,108.50592994689941
356.0,70.1048912947696,17253.0,18377.0,57498.0,0.9858369137586724,108.76219987869263
357.0,70.03478640347483,17253.0,18641.0,57359.0,0.9858228374699276,109.01821613311768
358.0,69.96475161707136,17253.0,18545.0,57551.0,0.9858087472920941,109.27286100387573
359.0,69.89478686545428,17253.0,18583.0,57665.0,0.9857946432116691,109.52755284309387
360.0,69.82489207858882,17253.0,18641.0,57487.0,0.9857805252151374,109.78052306175232
361.0,69.75506718651023,17253.0,18594.0,57375.0,0.9857663932889706,110.03478598594666
362.0,69.68531211932373,17253.0,18625.0,57123.0,0.9857522474196281,110.28916311264038
363.0,69.6156268072044,17253.0,18457.0,57086.0,0.985738087593556,110.54242205619812
364.0,69.5460111803972,17253.0,18078.0,57221.0,0.9857239137971879,110.79708504676819
365.0,69.47646516921681,17253.0,18188.0,56930.0,0.9857097260169448,111.04996395111084
366.0,69.40698870404759,17253.0,18149.0,57159.0,0.9856955242392346,111.30259799957275
367.0,69.33758171534355,17253.0,18378.0,56979.0,0.9856813084504524,111.5564661026001
368.0,69.2682441336282,17253.0,18530.0,56830.0,0.9856670786369809,111.80926179885864
369.0,69.19897588949458,17253.0,17758.0,56694.0,0.9856528347851894,112.06207299232483
370.0,69.12977691360508,17253.0,18921.0,56779.0,0.9856385768814347,112.31512403488159
371.0,69.06064713669149,17253.0,17951.0,56612.0,0.9856243049120608,112.56818890571594
372.0,68.99158648955479,17248.0,18207.0,56595.0,0.9856100188633986,112.82100486755371
373.0,68.92259490306523,17248.0,18436.0,56416.0,0.9855957187217663,113.07322716712952
374.0,68.85367230816216,17248.0,18680.0,56564.0,0.9855814044734693,113.32638812065125
375.0,68.784818635854,17248.0,18149.0,56552.0,0.9855670761048,113.57735395431519
376.0,68.71603381721815,17248.0,19050.0,56151.0,0.9855527336020377,113.82789897918701
377.0,68.64731778340092,17248.0,18179.0,56207.0,0.9855383769514491,114.07754611968994
378.0,68.57867046561752,17248.0,18803.0,56169.0,0.9855240061392878,114.32954287528992
379.0,68.51009179515191,17248.0,18334.0,56229.0,0.9855096211517947,114.57910799980164
380.0,68.44158170335676,17248.0,18186.0,55735.0,0.9854952219751975,114.82876396179199
381.0,68.3731401216534,17248.0,18287.0,55728.0,0.9854808085957107,115.07857894897461
382.0,68.30476698153176,17248.0,19175.0,56019.0,0.9854663809995365,115.32743406295776
383.0,68.23646221455023,17248.0,18723.0,55887.0,0.9854519391728638,115.58302593231201
384.0,68.16822575233567,17248.0,18077.0,55702.0,0.9854374831018682,115.83013582229614
385.0,68.10005752658334,17248.0,18477.0,55541.0,0.9854230127727126,116.0775899887085
386.0,68.03195746905676,17248.0,19016.0,55810.0,0.985408528171547,116.32861185073853
387.0,67.9639255115877,17248.0,18309.0,55487.0,0.9853940292845081,116.57699799537659
388.0,67.89596158607611,17248.0,17895.0,55488.0,0.9853795160977198,116.82482385635376
389.0,67.82806562449004,17248.0,18138.0,55455.0,0.9853649885972927,117.07323503494263
390.0,67.76023755886554,17248.0,18347.0,55442.0,0.9853504467693245,117.32127594947815
391.0,67.69247732130667,17248.0,18353.0,55325.0,0.9853358905998998,117.56757307052612
392.0,67.62478484398537,17248.0,18293.0,55260.0,0.9853213200750901,117.81469702720642
393.0,67.55716005914138,17248.0,18131.0,55139.0,0.9853067351809538,118.06070685386658
394.0,67.48960289908224,17248.0,18166.0,55071.0,0.9852921359035363,118.3070240020752
395.0,67.42211329618316,17248.0,18466.0,55027.0,0.9852775222288697,118.55198192596436
396.0,67.35469118288697,17248.0,18190.0,55096.0,0.985262894142973,118.79768896102905
397.0,67.28733649170408,17248.0,18152.0,54790.0,0.9852482516318521,119.04295992851257
398.0,67.22004915521238,17248.0,18144.0,55087.0,0.9852335946815,119.2888069152832
399.0,67.15282910605717,17248.0,18450.0,54708.0,0.9852189232778961,119.5332670211792
400.0,67.0856762769511,17248.0,18347.0,54606.0,0.9852042374070068,119.77584505081177
401.0,67.01859060067416,17248.0,18047.0,54441.0,0.9851895370547853,120.01902794837952
402.0,66.95157201007349,17248.0,18854.0,54500.0,0.9851748222071718,120.26300501823425
403.0,66.88462043806342,17248.0,18611.0,54464.0,0.9851600928500931,120.50662207603455
404.0,66.81773581762536,17248.0,18981.0,54321.0,0.9851453489694626,120.75157308578491
405.0,66.75091808180774,17248.0,18712.0,54371.0,0.9851305905511809,120.99571013450623
406.0,66.68416716372593,17248.0,18737.0,54074.0,0.985115817581135,121.23796701431274
407.0,66.6174829965622,17248.0,18687.0,54345.0,0.9851010300451987,121.48064708709717
408.0,66.55086551356564,17248.0,18946.0,53996.0,0.9850862279292327,121.72335696220398
409.0,66.48431464805208,17248.0,18285.0,53963.0,0.9850714112190843,121.96646475791931
410.0,66.41783033340403,17248.0,18405.0,53986.0,0.9850565799005875,122.20864081382751
411.0,66.35141250307062,17248.0,18744.0,53929.0,0.9850417339595631,122.45068717002869
412.0,66.28506109056755,17248.0,18921.0,53997.0,0.9850268733818183,122.69155693054199
413.0,66.21877602947698,17248.0,18477.0,53833.0,0.9850119981531473,122.93160676956177
414.0,66.15255725344751,17248.0,18797.0,53500.0,0.984997108259331,123.17294502258301
415.0,66.08640469619407,17248.0,18664.0,53550.0,0.9849822036861364,123.41379904747009
416.0,66.02031829149787,17248.0,17985.0,53658.0,0.9849672844193179,123.65387892723083
417.0,65.95429797320638,17248.0,18281.0,53446.0,0.984952350444616,123.89519810676575
418.0,65.88834367523317,17248.0,17886.0,53336.0,0.984937401747758,124.13470077514648
419.0,65.82245533155795,17248.0,18504.0,53330.0,0.9849224383144578,124.37536096572876
420.0,65.75663287622639,17248.0,18108.0,53232.0,0.9849074601304157,124.61464309692383
421.0,65.69087624335016,17248.0,18939.0,53238.0,0.9848924671813191,124.85348892211914
422.0,65.62518536710681,17248.0,18071.0,53123.0,0.9848774594528412,125.09198808670044
423.0,65.5595601817397,17248.0,17923.0,53052.0,0.9848624369306423,125.33152794837952
424.0,65.49400062155796,17248.0,18586.0,53048.0,0.9848473996003694,125.56927180290222
425.0,65.4285066209364,17248.0,18392.0,52794.0,0.9848323474476555,125.81205105781555
426.0,65.36307811431547,17248.0,18644.0,52825.0,0.9848172804581203,126.04845595359802
427.0,65.29771503620115,17248.0,18231.0,52765.0,0.9848021986173703,126.28531789779663
428.0,65.23241732116496,17248.0,18282.0,52763.0,0.984787101910998,126.52311992645264
429.0,65.16718490384379,17248.0,18622.0,52435.0,0.9847719903245831,126.7602949142456
430.0,65.10201771893995,17248.0,18316.0,52715.0,0.9847568638436909,126.99748682975769
431.0,65.036915701221,17248.0,17886.0,52563.0,0.9847417224538738,127.23517298698425
432.0,64.97187878551978,17248.0,18574.0,52587.0,0.9847265661406706,127.4716739654541
433.0,64.90690690673426,17248.0,18391.0,52657.0,0.9847113948896062,127.70702290534973
434.0,64.84199999982754,17248.0,18276.0,52804.0,0.9846962086861922,127.94256901741028
435.0,64.77715799982771,17248.0,18209.0,52342.0,0.9846810075159266,128.1775770187378
436.0,64.71238084182788,17248.0,18696.0,52289.0,0.9846657913642936,128.41226196289062
437.0,64.64766846098605,17248.0,18660.0,52219.0,0.984650560216764,128.64799904823303
438.0,64.58302079252506,17248.0,18357.0,52243.0,0.984635314058795,128.88311409950256
439.0,64.51843777173254,17248.0,18562.0,52044.0,0.98462005287583,129.11734104156494
440.0,64.4539193339608,17248.0,18540.0,51955.0,0.9846047766532989,129.35160779953003
441.0,64.38946541462684,17248.0,17736.0,51969.0,0.984589485376618,129.58539700508118
442.0,64.32507594921222,17248.0,18486.0,51916.0,0.9845741790311896,129.81820702552795
443.0,64.260750873263,17248.0,17775.0,51899.0,0.9845588576024027,130.05312085151672
444.0,64.19649012238975,17248.0,18551.0,52006.0,0.9845435210756325,130.28556895256042
445.0,64.13229363226736,17248.0,18611.0,51711.0,0.9845281694362403,130.5195028781891
446.0,64.0681613386351,17248.0,18794.0,51660.0,0.984512802669574,130.75122117996216
447.0,64.00409317729645,17248.0,18453.0,51537.0,0.9844974207609675,130.98178005218506
448.0,63.94008908411916,17248.0,17994.0,51454.0,0.9844820236957411,131.2156219482422
449.0,63.87614899503504,17248.0,18170.0,51326.0,0.9844666114592013,131.44784903526306
450.0,63.81227284604,17248.0,18247.0,51409.0,0.9844511840366411,131.6787359714508
451.0,63.74846057319396,17248.0,18240.0,51190.0,0.9844357414133392,131.9103970527649
452.0,63.684712112620765,17248.0,18017.0,51362.0,0.984420283574561,132.14182901382446
453.0,63.62102740050815,17248.0,18631.0,51239.0,0.9844048105055578,132.37247705459595
454.0,63.55740637310764,17196.0,18098.0,51401.0,0.9843893221915674,132.60233879089355
455.0,63.49384896673453,17196.0,18497.0,51132.0,0.9843738186178134,132.84170985221863
456.0,63.430355117767796,17196.0,18747.0,50954.0,0.9843582997695056,133.07092380523682
457.0,63.36692476265003,17196.0,18257.0,50886.0,0.9843427656318405,133.3003180027008
458.0,63.30355783788738,17196.0,18214.0,50821.0,0.9843272161900001,133.53009390830994
459.0,63.24025428004949,17196.0,18286.0,50700.0,0.9843116514291529,133.76124095916748
460.0,63.177014025769445,17196.0,17954.0,50924.0,0.9842960713344532,133.99135398864746
461.0,63.113837011743676,17196.0,18487.0,50642.0,0.9842804758910418,134.2204990386963
462.0,63.050723174731935,17196.0,18804.0,50610.0,0.9842648650840454,134.4507360458374
463.0,62.9876724515572,17196.0,18232.0,50685.0,0.9842492388985766,134.67862010002136
464.0,62.92468477910565,17143.0,18238.0,50598.0,0.9842335973197346,134.9072868824005
465.0,62.86176009432654,17143.0,18595.0,50383.0,0.9842179403326039,135.1358859539032
466.0,62.79889833423221,17143.0,18181.0,50357.0,0.9842022679222557,135.36390209197998
467.0,62.736099435897984,17143.0,18091.0,50238.0,0.984186580073747,135.59164905548096
468.0,62.67336333646209,17143.0,17840.0,50045.0,0.9841708767721209,135.8235318660736
469.0,62.61068997312562,17143.0,17759.0,50092.0,0.9841551580024062,136.04984188079834
470.0,62.5480792831525,17143.0,18711.0,49974.0,0.9841394237496179,136.27578401565552
471.0,62.48553120386934,17143.0,18299.0,49859.0,0.9841236739987573,136.50310492515564
472.0,62.423045672665474,17143.0,18787.0,49879.0,0.9841079087348114,136.72951102256775
473.0,62.36062262699281,17143.0,18393.0,49823.0,0.9840921279427528,136.95743083953857
474.0,62.29826200436582,17143.0,18235.0,49723.0,0.9840763316075407,137.1856050491333
475.0,62.23596374236145,17143.0,18477.0,49693.0,0.9840605197141198,137.41171216964722
476.0,62.17372777861909,17143.0,18121.0,49828.0,0.984044692247421,137.63866186141968
477.0,62.11155405084047,17143.0,18005.0,49769.0,0.9840288491923608,137.86494088172913
478.0,62.04944249678963,17067.0,18721.0,49550.0,0.984012990533842,138.09076380729675
479.0,61.98739305429284,17067.0,18112.0,49559.0,0.9839971162567528,138.31670594215393
480.0,61.92540566123854,17067.0,18842.0,49366.0,0.9839812263459679,138.54063606262207
481.0,61.8634802555773,17067.0,18003.0,49396.0,0.9839653207863472,138.76374316215515
482.0,61.801616775321726,17067.0,18137.0,49227.0,0.9839493995627371,138.98708200454712
483.0,61.739815158546406,17067.0,18454.0,49420.0,0.9839334626599692,139.2124218940735
484.0,61.67807534338786,17067.0,18335.0,49322.0,0.9839175100628613,139.4382610321045
485.0,61.61639726804447,17067.0,17959.0,48959.0,0.983901541756217,139.66085481643677
486.0,61.554780870776426,17067.0,19013.0,49264.0,0.9838855577248259,139.88487195968628
487.0,61.49322608990565,17067.0,18547.0,49167.0,0.9838695579534628,140.10947012901306
488.0,61.43173286381574,17067.0,17918.0,49061.0,0.9838535424268887,140.33154487609863
489.0,61.37030113095192,17067.0,18062.0,48815.0,0.9838375111298505,140.5542869567871
490.0,61.30893082982097,17067.0,18769.0,48660.0,0.9838214640470805,140.7773380279541
491.0,61.24762189899115,17067.0,18267.0,48981.0,0.983805401163297,141.0002579689026
492.0,61.186374277092156,17067.0,18694.0,48851.0,0.9837893224632037,141.2220640182495
493.0,61.125187902815064,17067.0,18050.0,48746.0,0.9837732279314906,141.4450798034668
494.0,61.06406271491225,17067.0,18258.0,48569.0,0.9837571175528328,141.6661069393158
495.0,61.002998652197334,17067.0,18240.0,48507.0,0.9837409913118914,141.88736486434937
496.0,60.941995653545135,17067.0,18410.0,48567.0,0.9837248491933133,142.1079671382904
497.0,60.88105365789159,17067.0,18832.0,48274.0,0.9837086911817307,142.32838106155396
498.0,60.8201726042337,17067.0,18707.0,48400.0,0.9836925172617617,142.5481870174408
499.0,60.759352431629466,17067.0,18610.0,48249.0,0.98367632741801,142.7687749862671
500.0,60.698593079197835,17067.0,17914.0,48283.0,0.9836601216350651,142.9892189502716
501.0,60.63789448611864,16938.0,18078.0,48417.0,0.9836438998975018,143.21035289764404
502.0,60.57725659163252,16938.0,18791.0,48219.0,0.9836276621898807,143.43033981323242
503.0,60.516679335040884,16938.0,18351.0,48175.0,0.9836114084967481,143.65154004096985
504.0,60.456162655705846,16938.0,18186.0,48270.0,0.9835951388026355,143.87100505828857
505.0,60.39570649305014,16938.0,18258.0,47847.0,0.9835788530920604,144.09200286865234
506.0,60.335310786557095,16938.0,18415.0,47779.0,0.9835625513495256,144.31153297424316
507.0,60.27497547577054,16938.0,18640.0,47830.0,0.9835462335595196,144.5303509235382
508.0,60.21470050029477,16938.0,18529.0,47802.0,0.9835298997065163,144.74846291542053
509.0,60.15448579979447,16938.0,18244.0,47729.0,0.9835135497749752,144.96744108200073
510.0,60.09433131399468,16938.0,18760.0,47742.0,0.9834971837493413,145.18742299079895
511.0,60.03423698268068,16938.0,18138.0,47460.0,0.9834808016140449,145.406672000885
512.0,59.974202745698,16938.0,18521.0,47570.0,0.9834644033535023,145.62511014938354
513.0,59.9142285429523,16938.0,18203.0,47458.0,0.9834479889521147,145.84221816062927
514.0,59.85431431440935,16938.0,18362.0,47579.0,0.9834315583942692,146.06427597999573
515.0,59.79446000009494,16938.0,18717.0,47299.0,0.9834151116643379,146.27974486351013
516.0,59.73466554009485,16938.0,18418.0,47160.0,0.9833986487466788,146.49669480323792
517.0,59.674930874554754,16938.0,18367.0,47178.0,0.983382169625635,146.7135729789734
518.0,59.6152559436802,16938.0,18255.0,47131.0,0.9833656742855351,146.92980480194092
519.0,59.55564068773651,16938.0,18305.0,47141.0,0.9833491627106932,147.1456868648529
520.0,59.49608504704878,16938.0,18302.0,47128.0,0.9833326348854086,147.36256790161133
521.0,59.43658896200173,16938.0,18456.0,46998.0,0.9833160907939661,147.5778157711029
522.0,59.37715237303973,16938.0,18563.0,46867.0,0.9832995304206359,147.7941620349884
523.0,59.31777522066669,16938.0,18141.0,46784.0,0.9832829537496733,148.00930500030518
524.0,59.25845744544602,16938.0,18465.0,46867.0,0.9832663607653194,148.2247850894928
525.0,59.199198988000575,16938.0,17975.0,46660.0,0.9832497514517999,148.4400680065155
526.0,59.13999978901258,16938.0,18645.0,46750.0,0.9832331257933268,148.6555678844452
527.0,59.08085978922357,16938.0,18083.0,46491.0,0.9832164837740963,148.8703408241272
528.0,59.02177892943434,16938.0,18482.0,46545.0,0.9831998253782909,149.0851171016693
529.0,58.962757150504906,16938.0,17724.0,46386.0,0.9831831505900774,149.2994818687439
530.0,58.9037943933544,16938.0,18554.0,46295.0,0.9831664593936088,149.51450300216675
531.0,58.84489059896105,16938.0,18661.0,46440.0,0.9831497517730227,149.72727298736572
532.0,58.78604570836209,16938.0,18525.0,46357.0,0.9831330277124422,149.94056797027588
533.0,58.72725966265373,16938.0,17812.0,46532.0,0.9831162871959753,150.15332317352295
534.0,58.668532402991076,16938.0,18784.0,46007.0,0.9830995302077159,150.36670184135437
535.0,58.609863870588086,16938.0,18200.0,46150.0,0.9830827567317424,150.5796980857849
536.0,58.5512540067175,16938.0,18087.0,46146.0,0.9830659667521185,150.7922420501709
537.0,58.492702752710784,16938.0,18596.0,46091.0,0.9830491602528937,151.00444912910461
538.0,58.434210049958075,16938.0,18234.0,46029.0,0.9830323372181017,151.2165629863739
539.0,58.375775839908115,16938.0,18421.0,45938.0,0.983015497631762,151.42832708358765
540.0,58.31740006406821,16938.0,18165.0,45973.0,0.9829986414778791,151.64073085784912
541.0,58.25908266400414,16938.0,17910.0,45839.0,0.9829817687404425,151.85139894485474
542.0,58.20082358134014,16938.0,18491.0,45539.0,0.982964879403427,152.06162118911743
543.0,58.1426227577588,16938.0,17889.0,45576.0,0.9829479734507922,152.2751660346985
544.0,58.084480135001044,16938.0,17816.0,45573.0,0.9829310508664831,152.4856629371643
545.0,58.02639565486604,16938.0,18156.0,45554.0,0.9829141116344297,152.69658780097961
546.0,57.96836925921118,16938.0,17908.0,45532.0,0.9828971557385467,152.90566992759705
547.0,57.910400889951966,16938.0,17725.0,45450.0,0.9828801831627344,153.1158308982849
548.0,57.85249048906201,16938.0,18370.0,45386.0,0.9828631938908777,153.3267638683319
549.0,57.79463799857295,16938.0,17975.0,45277.0,0.9828461879068469,153.53801202774048
550.0,57.736843360574376,16938.0,18439.0,45533.0,0.9828291651944968,153.7487268447876
551.0,57.6791065172138,16938.0,17890.0,45068.0,0.9828121257376677,153.95854806900024
552.0,57.62142741069659,16938.0,18018.0,45302.0,0.9827950695201846,154.16902589797974
553.0,57.563805983285896,16938.0,18179.0,44999.0,0.9827779965258575,154.380038022995
554.0,57.50624217730261,16938.0,18074.0,45053.0,0.9827609067384815,154.58943009376526
555.0,57.448735935125306,16938.0,18276.0,44870.0,0.9827438001418364,154.7976269721985
556.0,57.39128719919018,16938.0,18398.0,45026.0,0.9827266767196869,155.00565695762634
557.0,57.33389591199099,16938.0,18329.0,44900.0,0.9827095364557832,155.21401500701904
558.0,57.276562016079005,16938.0,18355.0,44544.0,0.9826923793338597,155.42105412483215
559.0,57.21928545406293,16938.0,18097.0,44756.0,0.982675205337636,155.62989807128906
560.0,57.16206616860887,16938.0,18033.0,44532.0,0.9826580144508166,155.8363537788391
561.0,57.10490410244026,16938.0,17977.0,44462.0,0.9826408066570907,156.0437650680542
562.0,57.04779919833782,16938.0,17687.0,44593.0,0.9826235819401327,156.25977897644043
563.0,56.990751399139484,16938.0,18605.0,44316.0,0.9826063402836013,156.46538877487183
564.0,56.93376064774034,16938.0,17614.0,44630.0,0.9825890816711406,156.67150807380676
565.0,56.876826887092605,16938.0,17791.0,44386.0,0.9825718060863791,156.87771201133728
566.0,56.819950060205514,16938.0,18506.0,44365.0,0.9825545135129302,157.08387684822083
567.0,56.76313011014531,16938.0,18199.0,44387.0,0.9825372039343924,157.29060101509094
568.0,56.70636698003516,16938.0,18628.0,44411.0,0.9825198773343484,157.496267080307
569.0,56.649660613055126,16938.0,18283.0,44115.0,0.9825025336963662,157.7034788131714
570.0,56.59301095244207,16938.0,17904.0,44096.0,0.9824851730039982,157.91017508506775
571.0,56.53641794148963,16938.0,18436.0,44192.0,0.9824677952407816,158.11620092391968
572.0,56.479881523548144,16938.0,17705.0,43999.0,0.9824504003902386,158.3222460746765
573.0,56.423401642024594,16938.0,18221.0,44157.0,0.9824329884358758,158.52693009376526
574.0,56.36697824038257,16938.0,18756.0,43949.0,0.9824155593611845,158.73374199867249
575.0,56.31061126214219,16938.0,17804.0,43874.0,0.9823981131496409,158.9379849433899
576.0,56.25430065088005,16938.0,18117.0,43831.0,0.9823806497847056,159.1414921283722
577.0,56.19804635022917,16938.0,17795.0,43677.0,0.9823631692498243,159.34720706939697
578.0,56.14184830387894,16938.0,17671.0,43866.0,0.9823456715284268,159.5518410205841
579.0,56.08570645557506,16938.0,17793.0,43624.0,0.9823281566039278,159.7533049583435
580.0,56.02962074911948,16938.0,18213.0,43445.0,0.9823106244597267,159.9579119682312
581.0,55.97359112837036,16938.0,18508.0,43493.0,0.9822930750792074,160.16197681427002
582.0,55.91761753724199,16938.0,18425.0,43652.0,0.9822755084457384,160.36547994613647
583.0,55.86169991970475,16938.0,18393.0,43585.0,0.9822579245426728,160.56790781021118
584.0,55.805838219785045,16938.0,18160.0,43374.0,0.9822403233533482,160.77087497711182
585.0,55.75003238156526,16938.0,18187.0,43171.0,0.982222704861087,160.97241497039795
586.0,55.694282349183695,16938.0,18104.0,42981.0,0.9822050690491957,161.1750931739807
587.0,55.63858806683451,16938.0,18282.0,43244.0,0.9821874159009658,161.37752413749695
588.0,55.582949478767674,16938.0,17753.0,43109.0,0.9821697453996729,161.57913494110107
589.0,55.527366529288905,16938.0,18367.0,42962.0,0.9821520575285775,161.78081893920898
590.0,55.471839162759615,16938.0,18020.0,42937.0,0.9821343522709244,161.98181009292603
591.0,55.41636732359685,16938.0,18310.0,42964.0,0.9821166296099426,162.18281984329224
592.0,55.36095095627326,16938.0,18172.0,43177.0,0.9820988895288462,162.38328409194946
593.0,55.305590005316986,16938.0,18398.0,42861.0,0.982081132010833,162.58511018753052
594.0,55.25028441531167,16938.0,17808.0,42936.0,0.982063357039086,162.7867829799652
595.0,55.19503413089636,16938.0,17974.0,42799.0,0.9820455645967721,162.98730897903442
596.0,55.13983909676546,16938.0,18389.0,42759.0,0.9820277546670426,163.18849992752075
597.0,55.084699257668696,16938.0,18291.0,42683.0,0.9820099272330336,163.3891019821167
598.0,55.029614558411026,16938.0,17796.0,42349.0,0.9819920822778653,163.5888979434967
599.0,54.97458494385261,16938.0,18310.0,42670.0,0.981974219784642,163.78844594955444
600.0,54.91961035890876,16938.0,17946.0,42727.0,0.9819563397364532,163.98889207839966
601.0,54.864690748549855,16938.0,18542.0,42221.0,0.9819384421163718,164.1879940032959
602.0,54.8098260578013,16938.0,18230.0,42253.0,0.9819205269074557,164.38569498062134
603.0,54.755016231743504,16938.0,18572.0,42419.0,0.9819025940927466,164.5844759941101
604.0,54.70026121551176,16938.0,18580.0,42222.0,0.9818846436552711,164.7841658592224
605.0,54.64556095429625,16938.0,18233.0,42134.0,0.9818666755780395,164.98270797729492
606.0,54.59091539334195,16938.0,18137.0,42083.0,0.9818486898440468,165.18114495277405
607.0,54.53632447794861,16938.0,18041.0,42343.0,0.981830686436272,165.3785490989685
608.0,54.48178815347066,16938.0,17954.0,41897.0,0.9818126653376786,165.57768201828003
609.0,54.427306365317186,16938.0,18178.0,42082.0,0.9817946265312142,165.7758400440216
610.0,54.37287905895187,16938.0,17770.0,42014.0,0.9817765699998104,165.9743251800537
611.0,54.318506179892914,16938.0,18064.0,41870.0,0.9817584957263835,166.17233109474182
612.0,54.264187673713025,16938.0,17911.0,41966.0,0.9817404036938338,166.37624788284302
613.0,54.20992348603931,16938.0,18325.0,41553.0,0.9817222938850454,166.5720558166504
614.0,54.15571356255327,16938.0,17975.0,41786.0,0.9817041662828871,166.76852989196777
615.0,54.101557848990716,16938.0,18319.0,41582.0,0.9816860208702118,166.96594285964966
616.0,54.04745629114173,16938.0,18174.0,41427.0,0.9816678576298563,167.1635639667511
617.0,53.993408834850584,16938.0,18582.0,41529.0,0.9816496765446416,167.3596351146698
618.0,53.939415426015735,16938.0,18398.0,41594.0,0.9816314775973729,167.55592608451843
619.0,53.88547601058972,16938.0,18304.0,41402.0,0.9816132607708394,167.75257515907288
620.0,53.83159053457913,16938.0,18174.0,41512.0,0.9815950260478147,167.94844508171082
621.0,53.77775894404455,16938.0,18371.0,41589.0,0.981576773411056,168.14400506019592
622.0,53.723981185100506,16938.0,18784.0,41158.0,0.9815585028433049,168.33956217765808
623.0,53.670257203915405,16938.0,18047.0,41175.0,0.9815402143272871,168.5353569984436
624.0,53.616586946711486,16938.0,17931.0,41137.0,0.981521907845712,168.73200011253357
625.0,53.562970359764776,16938.0,18084.0,41277.0,0.9815035833812734,168.92612195014954
626.0,53.50940738940501,16938.0,18091.0,40918.0,0.9814852409166489,169.12130999565125
627.0,53.45589798201561,16938.0,17673.0,41178.0,0.9814668804345,169.31689310073853
628.0,53.40244208403359,16938.0,18318.0,41073.0,0.9814485019174726,169.51138997077942
629.0,53.34903964194955,16938.0,18009.0,41081.0,0.9814301053481962,169.70385098457336
630.0,53.2956906023076,16938.0,18353.0,41040.0,0.9814116907092844,169.8971769809723
631.0,53.2423949117053,16938.0,18435.0,40936.0,0.9813932579833345,170.09209394454956
632.0,53.18915251679359,16938.0,18763.0,40918.0,0.9813748071529284,170.28589296340942
633.0,53.1359633642768,16938.0,18378.0,40655.0,0.981356338200631,170.47867894172668
634.0,53.08282740091252,16938.0,18274.0,40605.0,0.9813378511089919,170.67265701293945
635.0,53.02974457351161,16938.0,18401.0,40405.0,0.981319345860544,170.86525702476501
636.0,52.97671482893809,16938.0,18250.0,40675.0,0.9813008224378047,171.0581021308899
637.0,52.923738114109156,16938.0,18103.0,40827.0,0.9812822808232746,171.2505979537964
638.0,52.870814375995046,16938.0,18130.0,40475.0,0.9812637209994386,171.4432909488678
639.0,52.81794356161905,16938.0,17769.0,40470.0,0.9812451429487654,171.63583898544312
640.0,52.76512561805743,16938.0,18237.0,40295.0,0.9812265466537072,171.82710695266724
641.0,52.71236049243937,16938.0,18467.0,39984.0,0.9812079320967005,172.01833701133728
642.0,52.65964813194693,16938.0,18216.0,40061.0,0.9811892992601652,172.20859718322754
643.0,52.60698848381498,16938.0,17713.0,40132.0,0.9811706481265052,172.40016198158264
644.0,52.554381495331164,16938.0,18183.0,39941.0,0.981151978678108,172.59330487251282
645.0,52.50182711383583,16938.0,17833.0,40179.0,0.981133290897345,172.78535199165344
646.0,52.449325286721994,16938.0,18313.0,40030.0,0.9811145847665714,172.97587895393372
647.0,52.39687596143527,16938.0,18209.0,39950.0,0.981095860268126,173.16588711738586
648.0,52.344479085473836,16938.0,18294.0,39914.0,0.9810771173843312,173.35714292526245
649.0,52.29213460638836,16938.0,17789.0,39906.0,0.9810583560974934,173.54831504821777
650.0,52.23984247178197,16938.0,18227.0,39771.0,0.9810395763899025,173.73777604103088
651.0,52.187602629310184,16938.0,18006.0,39578.0,0.9810207782438322,173.9273760318756
652.0,52.135415026680874,16938.0,17777.0,39452.0,0.9810019616415396,174.1180670261383
653.0,52.08327961165419,16938.0,18411.0,39436.0,0.9809831265652659,174.30734610557556
654.0,52.03119633204254,16938.0,18180.0,39608.0,0.9809642729972354,174.4969539642334
655.0,51.979165135710495,16938.0,17765.0,39580.0,0.9809454009196565,174.6854910850525
656.0,51.92718597057478,16938.0,18111.0,39689.0,0.980926510314721,174.87339806556702
657.0,51.875258784604206,16938.0,17924.0,39499.0,0.9809076011646041,175.06263399124146
658.0,51.8233835258196,16938.0,18171.0,39224.0,0.9808886734514649,175.25189900398254
659.0,51.77156014229378,16938.0,18542.0,39278.0,0.980869727157446,175.43979001045227
660.0,51.71978858215149,16938.0,18417.0,39264.0,0.9808507622646734,175.6285960674286
661.0,51.66806879356933,16938.0,17986.0,39254.0,0.9808317787552568,175.81512188911438
662.0,51.616400724775765,16938.0,17573.0,39189.0,0.9808127766112894,176.00208187103271
663.0,51.56478432405099,16938.0,17715.0,39031.0,0.9807937558148478,176.19045901298523
664.0,51.51321953972694,16938.0,18478.0,39070.0,0.9807747163479923,176.3777370452881
665.0,51.46170632018721,16938.0,18603.0,38850.0,0.9807556581927663,176.5726079940796
666.0,51.41024461386702,16938.0,18409.0,38798.0,0.9807365813311972,176.7592158317566
667.0,51.35883436925315,16892.0,18348.0,38981.0,0.9807174857452956,176.9450168609619
668.0,51.3074755348839,16892.0,18025.0,38916.0,0.9806983714170554,177.138445854187
669.0,51.256168059349015,16892.0,17763.0,38824.0,0.9806792383284542,177.3232867717743
670.0,51.20491189128967,16892.0,18028.0,38767.0,0.9806600864614526,177.50791311264038
671.0,51.15370697939838,16892.0,18166.0,38884.0,0.9806409157979953,177.69427585601807
672.0,51.10255327241898,16742.0,18516.0,38819.0,0.9806217263200098,177.87987112998962
673.0,51.05145071914656,16742.0,18012.0,38612.0,0.980602518009407,178.06641602516174
674.0,51.000399268427415,16742.0,18678.0,38812.0,0.9805832908480815,178.25057101249695
675.0,50.94939886915899,16742.0,18263.0,38538.0,0.9805640448179112,178.43611192703247
676.0,50.89844947028983,16742.0,17816.0,38539.0,0.9805447799007568,178.62012815475464
677.0,50.847551020819544,16742.0,18044.0,38482.0,0.9805254960784631,178.80583000183105
678.0,50.79670346979872,16742.0,18107.0,38440.0,0.9805061933328576,178.99081897735596
679.0,50.74590676632892,16742.0,18398.0,38495.0,0.9804868716457514,179.17636585235596
680.0,50.69516085956259,16742.0,17899.0,38226.0,0.9804675309989388,179.36157298088074
681.0,50.64446569870303,16742.0,18329.0,38367.0,0.9804481713741975,179.54691004753113
682.0,50.59382123300433,16742.0,18155.0,38260.0,0.9804287927532881,179.73015904426575
683.0,50.543227411771326,16742.0,17842.0,37976.0,0.9804093951179548,179.91373491287231
684.0,50.492684184359554,16742.0,18027.0,37967.0,0.9803899784499247,180.09849309921265
685.0,50.44219150017519,16742.0,17791.0,38092.0,0.9803705427309085,180.28235697746277
686.0,50.39174930867502,16742.0,17954.0,38088.0,0.9803510879425998,180.46520686149597
687.0,50.341357559366344,16742.0,17827.0,37822.0,0.9803316140666756,180.64882707595825
688.0,50.291016201806976,16742.0,17622.0,37777.0,0.9803121210847956,180.83226203918457
689.0,50.24072518560517,16742.0,18279.0,37725.0,0.9802926089786034,181.0138020515442
690.0,50.19048446041957,16742.0,18173.0,37595.0,0.980273077729725,181.19772696495056
691.0,50.140293975959146,16742.0,17650.0,37830.0,0.98025352731977,181.3793339729309
692.0,50.09015368198319,16742.0,18329.0,37493.0,0.9802339577303311,181.5616099834442
693.0,50.040063528301204,16742.0,18039.0,37731.0,0.9802143689429836,181.74186491966248
694.0,49.990023464772904,16742.0,17319.0,37511.0,0.9801947609392867,181.92281794548035
695.0,49.94003344130813,16742.0,18088.0,37578.0,0.980175133700782,182.10567688941956
696.0,49.89009340786682,16742.0,17812.0,37562.0,0.9801554872089944,182.28689908981323
697.0,49.840203314458954,16742.0,17877.0,37460.0,0.9801358214454318,182.4679560661316
698.0,49.790363111144494,16742.0,18197.0,37462.0,0.9801161363915851,182.64827299118042
699.0,49.74057274803335,16742.0,18001.0,37391.0,0.9800964320289285,182.82938885688782
700.0,49.690832175285315,16742.0,17583.0,37392.0,0.9800767083389187,183.01071000099182
701.0,49.64114134311003,16742.0,17736.0,37348.0,0.9800569653029959,183.19099402427673
702.0,49.59150020176692,16742.0,18358.0,37300.0,0.9800372029025829,183.37287211418152
703.0,49.541908701565156,16742.0,18206.0,37092.0,0.9800174211190855,183.55365586280823
704.0,49.49236679286359,16742.0,18256.0,36828.0,0.9799976199338928,183.73372197151184
705.0,49.44287442607073,16742.0,18088.0,37029.0,0.9799777993283764,183.91439700126648
706.0,49.39343155164466,16742.0,18196.0,37023.0,0.979957959283891,184.09572196006775
707.0,49.34403812009302,16742.0,17898.0,36973.0,0.9799380997817742,184.27619695663452
708.0,49.29469408197293,16742.0,18239.0,37073.0,0.9799182208033463,184.45458793640137
709.0,49.245399387890956,16742.0,18228.0,36943.0,0.979898322329911,184.63390588760376
710.0,49.19615398850306,16742.0,17793.0,36647.0,0.9798784043427543,184.81280708312988
711.0,49.14695783451456,16742.0,17725.0,36632.0,0.9798584668231453,184.99042010307312
712.0,49.09781087668004,16742.0,17653.0,36606.0,0.9798385097523359,185.16941905021667
713.0,49.04871306580336,16742.0,17609.0,36791.0,0.9798185331115608,185.34888005256653
714.0,48.99966435273756,16742.0,18158.0,36724.0,0.9797985368820374,185.52719807624817
715.0,48.950664688384826,16742.0,18051.0,36553.0,0.9797785210449662,185.705570936203
716.0,48.90171402369644,16742.0,17906.0,36478.0,0.9797584855815302,185.8839671611786
717.0,48.85281230967274,16707.0,17861.0,36526.0,0.9797384304728952,186.06246209144592
718.0,48.80395949736307,16707.0,17686.0,36362.0,0.9797183557002099,186.24138712882996
719.0,48.755155537865704,16707.0,17930.0,36222.0,0.9796982612446057,186.41979503631592
720.0,48.706400382327836,16707.0,18193.0,36224.0,0.9796781470871964,186.59672093391418
721.0,48.657693981945506,16707.0,17800.0,36091.0,0.9796580132090787,186.78108191490173
722.0,48.60903628796356,16707.0,18013.0,36184.0,0.9796378595913324,186.9574418067932
723.0,48.5604272516756,16707.0,17470.0,36179.0,0.9796176862150194,187.1327178478241
724.0,48.511866824423926,16707.0,18374.0,36076.0,0.9795974930611845,187.30947303771973
725.0,48.4633549575995,16707.0,17578.0,35948.0,0.9795772801108552,187.48645997047424
726.0,48.4148916026419,16707.0,18365.0,36147.0,0.9795570473450415,187.66210389137268
727.0,48.36647671103926,16707.0,17848.0,36059.0,0.979536794744736,187.8392457962036
728.0,48.31811023432822,16707.0,18037.0,35823.0,0.9795165222909142,188.01500916481018
729.0,48.2697921240939,16707.0,17426.0,35970.0,0.9794962299645339,188.19022703170776
730.0,48.2215223319698,16707.0,17754.0,35655.0,0.9794759177465355,188.3655960559845
731.0,48.17330080963783,16707.0,18028.0,35603.0,0.9794555856178421,188.54027390480042
732.0,48.12512750882819,16707.0,17914.0,35733.0,0.9794352335593592,188.7151870727539
733.0,48.07700238131937,16707.0,17871.0,35687.0,0.9794148615519751,188.89085984230042
734.0,48.02892537893805,16707.0,17892.0,35552.0,0.9793944695765603,189.0649118423462
735.0,47.98089645355911,16707.0,18386.0,35732.0,0.9793740576139679,189.23939490318298
736.0,47.93291555710555,16707.0,17696.0,35499.0,0.9793536256450336,189.41434597969055
737.0,47.88498264154845,16707.0,18225.0,35388.0,0.9793331736505755,189.58852696418762
738.0,47.8370976589069,16707.0,17777.0,35212.0,0.979312701611394,189.7615671157837
739.0,47.78926056124799,16707.0,18089.0,35205.0,0.9792922095082726,189.93491888046265
740.0,47.74147130068675,16707.0,17470.0,35493.0,0.9792716973219763,190.1080310344696
741.0,47.69372982938606,16707.0,18204.0,35281.0,0.979251165033253,190.28083109855652
742.0,47.646036099556675,16707.0,17852.0,35448.0,0.9792306126228333,190.45404601097107
743.0,47.59839006345712,16707.0,17803.0,35247.0,0.9792100400714296,190.62734699249268
744.0,47.55079167339366,16707.0,18101.0,35375.0,0.9791894473597372,190.79950189590454
745.0,47.50324088172027,16707.0,17657.0,35049.0,0.9791688344684333,190.97333788871765
746.0,47.45573764083855,16707.0,17622.0,35214.0,0.9791482013781777,191.14567685127258
747.0,47.40828190319771,16707.0,17929.0,35095.0,0.9791275480696127,191.3187038898468
748.0,47.360873621294516,16707.0,17474.0,35088.0,0.9791068745233624,191.48990297317505
749.0,47.31351274767322,16608.0,18159.0,34927.0,0.9790861807200338,191.66115498542786
750.0,47.26619923492555,16608.0,17835.0,34756.0,0.9790654666402159,191.83303093910217
751.0,47.218933035690625,16608.0,18133.0,34662.0,0.9790447322644799,192.00500106811523
752.0,47.17171410265493,16608.0,17861.0,34862.0,0.9790239775733793,192.17549300193787
753.0,47.12454238855228,16608.0,17590.0,34699.0,0.9790032025474502,192.34730410575867
754.0,47.077417846163726,16608.0,17499.0,34693.0,0.9789824071672103,192.51948881149292
755.0,47.030340428317565,16608.0,17458.0,34709.0,0.9789615914131602,192.6894760131836
756.0,46.98331008788925,16608.0,17585.0,34639.0,0.9789407552657821,192.85984587669373
757.0,46.93632677780136,16608.0,17880.0,34566.0,0.9789198987055407,193.03004503250122
758.0,46.88939045102356,16608.0,18313.0,34527.0,0.9788990217128829,193.20099592208862
759.0,46.84250106057254,16608.0,17806.0,34623.0,0.9788781242682378,193.37116599082947
760.0,46.79565855951196,16608.0,18005.0,34365.0,0.9788572063520165,193.54141187667847
761.0,46.74886290095245,16608.0,17651.0,34247.0,0.9788362679446121,193.7115879058838
762.0,46.7021140380515,16608.0,17711.0,34105.0,0.9788153090264001,193.88225102424622
763.0,46.65541192401345,16608.0,17569.0,34274.0,0.9787943295777382,194.05149817466736
764.0,46.608756512089435,16608.0,17874.0,34337.0,0.9787733295789656,194.22150301933289
765.0,46.56214775557734,16608.0,17809.0,33989.0,0.9787523090104043,194.3904950618744
766.0,46.51558560782176,16608.0,17673.0,34029.0,0.978731267852358,194.55965900421143
767.0,46.46907002221394,16608.0,17405.0,34130.0,0.9787102060851123,194.72799491882324
768.0,46.42260095219173,16608.0,17894.0,34046.0,0.9786891236889351,194.89709901809692
769.0,46.37617835123954,16608.0,17501.0,33811.0,0.9786680206440762,195.06560897827148
770.0,46.3298021728883,16608.0,17917.0,33878.0,0.9786468969307676,195.2339129447937
771.0,46.28347237071541,16608.0,17989.0,34027.0,0.9786257525292228,195.40260481834412
772.0,46.23718889834469,16608.0,18031.0,33922.0,0.9786045874196377,195.571604013443
773.0,46.190951709446345,16608.0,17874.0,33818.0,0.9785834015821903,195.73980498313904
774.0,46.1447607577369,16608.0,17973.0,33569.0,0.9785621949970399,195.9075767993927
775.0,46.09861599697916,16608.0,17989.0,33775.0,0.9785409676443283,196.074942111969
776.0,46.05251738098218,16608.0,17395.0,33658.0,0.9785197195041792,196.24191403388977
777.0,46.006464863601195,16608.0,17700.0,33796.0,0.9784984505566976,196.40903496742249
778.0,45.96045839873759,16608.0,17922.0,33714.0,0.9784771607819712,196.57725405693054
779.0,45.914497940338855,16608.0,17985.0,33517.0,0.9784558501600691,196.7439489364624
780.0,45.86858344239852,16608.0,18098.0,33592.0,0.9784345186710424,196.91982197761536
781.0,45.82271485895612,16608.0,17922.0,33450.0,0.9784131662949237,197.085284948349
782.0,45.77689214409716,16608.0,17927.0,33455.0,0.9783917930117281,197.25081086158752
783.0,45.731115251953064,16608.0,17870.0,33291.0,0.9783703988014518,197.417582988739
784.0,45.68538413670111,16608.0,17879.0,33296.0,0.9783489836440733,197.58448600769043
785.0,45.63969875256441,16608.0,18014.0,33143.0,0.9783275475195526,197.75044012069702
786.0,45.59405905381184,16608.0,18200.0,33424.0,0.9783060904078319,197.91508316993713
787.0,45.54846499475803,16608.0,18047.0,33234.0,0.9782846122888343,198.08043813705444
788.0,45.50291652976327,16608.0,17632.0,33036.0,0.9782631131424657,198.2446949481964
789.0,45.457413613233506,16608.0,17937.0,33015.0,0.9782415929486128,198.41050791740417
790.0,45.41195619962027,16608.0,18127.0,32896.0,0.9782200516871447,198.57608890533447
791.0,45.36654424342065,16608.0,17436.0,32904.0,0.9781984893379116,198.7408149242401
792.0,45.32117769917723,16608.0,18007.0,32870.0,0.9781769058807459,198.90627908706665
793.0,45.27585652147805,16608.0,17630.0,32923.0,0.9781553012954614,199.07176995277405
794.0,45.23058066495657,16608.0,18061.0,32896.0,0.9781336755618535,199.23658299446106
795.0,45.18535008429161,16608.0,17867.0,32929.0,0.9781120286596995,199.40117692947388
796.0,45.140164734207325,16608.0,18347.0,32613.0,0.978090360568758,199.56580996513367
797.0,45.09502456947312,16608.0,17172.0,32770.0,0.9780686712687694,199.72961401939392
798.0,45.04992954490365,16608.0,17816.0,32539.0,0.9780469607394557,199.89369297027588
799.0,45.004879615358746,16608.0,17475.0,32714.0,0.9780252289605205,200.0575487613678
800.0,44.95987473574339,16608.0,17380.0,32589.0,0.9780034759116487,200.22198700904846
801.0,44.914914861007645,16608.0,17703.0,32343.0,0.9779817015725071,200.38675212860107
802.0,44.869999946146635,16608.0,17794.0,32486.0,0.9779599059227437,200.54942798614502
803.0,44.82512994620049,16608.0,17897.0,32608.0,0.9779380889419884,200.712641954422
804.0,44.780304816254294,16608.0,17740.0,32381.0,0.9779162506098522,200.8761601448059
805.0,44.73552451143804,16608.0,17801.0,32312.0,0.9778943909059279,201.04009413719177
806.0,44.6907889869266,16608.0,17602.0,32431.0,0.9778725098097897,201.20207691192627
807.0,44.64609819793967,16608.0,17631.0,32160.0,0.977850607300993,201.36439108848572
808.0,44.601452099741735,16547.0,17553.0,32350.0,0.9778286833590751,201.52723789215088
809.0,44.556850647641994,16547.0,18121.0,32033.0,0.9778067379635544,201.68867588043213
810.0,44.51229379699435,16547.0,17832.0,32080.0,0.9777847710939308,201.85098719596863
811.0,44.46778150319736,16547.0,17981.0,31809.0,0.9777627827296855,202.01252388954163
812.0,44.42331372169416,16547.0,18300.0,32025.0,0.9777407728502814,202.1739149093628
813.0,44.37889040797246,16547.0,17857.0,31950.0,0.9777187414351624,202.33575415611267
814.0,44.33451151756449,16547.0,17759.0,31983.0,0.9776966884637538,202.49687695503235
815.0,44.29017700604693,16547.0,17577.0,32012.0,0.9776746139154625,202.65786409378052
816.0,44.245886829040884,16547.0,17893.0,31982.0,0.9776525177696767,202.81926679611206
817.0,44.201640942211846,16547.0,17364.0,31716.0,0.9776304000057655,202.98886585235596
818.0,44.15743930126963,16547.0,17912.0,31680.0,0.9776082606030797,203.14954781532288
819.0,44.11328186196836,16547.0,17998.0,31986.0,0.9775860995409513,203.30896186828613
820.0,44.06916858010639,16547.0,17474.0,31902.0,0.9775639167986936,203.46844100952148
821.0,44.025099411526284,16547.0,17503.0,31731.0,0.9775417123556008,203.62880277633667
822.0,43.98107431211476,16547.0,17220.0,31574.0,0.9775194861909489,203.7899580001831
823.0,43.93709323780264,16547.0,17870.0,31679.0,0.9774972382839946,203.94980382919312
824.0,43.89315614456484,16547.0,18079.0,31644.0,0.9774749686139762,204.10986185073853
825.0,43.84926298842028,16547.0,17667.0,31463.0,0.9774526771601129,204.27038502693176
826.0,43.805413725431855,16547.0,17790.0,31488.0,0.9774303639016053,204.4299018383026
827.0,43.761608311706425,16547.0,17775.0,31563.0,0.977408028817635,204.58877992630005
828.0,43.71784670339472,16547.0,17698.0,31451.0,0.9773856718873648,204.74660682678223
829.0,43.674128856691325,16547.0,18156.0,31482.0,0.9773632930899387,204.90463018417358
830.0,43.63045472783463,16547.0,17595.0,31399.0,0.9773408924044817,205.0641028881073
831.0,43.5868242731068,16547.0,18151.0,31336.0,0.9773184698101,205.22366499900818
832.0,43.54323744883369,16547.0,18108.0,31276.0,0.9772960252858807,205.38211584091187
833.0,43.499694211384856,16547.0,17715.0,31271.0,0.9772735588108923,205.54085993766785
834.0,43.45619451717347,16547.0,17990.0,31190.0,0.9772510703641839,205.69958591461182
835.0,43.412738322656296,16547.0,17609.0,31075.0,0.9772285599247862,205.85751795768738
836.0,43.36932558433364,16547.0,17907.0,30969.0,0.9772060274717105,206.01450777053833
837.0,43.3259562587493,16547.0,18025.0,30979.0,0.9771834729839493,206.17272686958313
838.0,43.28263030249055,16547.0,18098.0,30751.0,0.9771608964404758,206.33086490631104
839.0,43.23934767218806,16547.0,17673.0,31054.0,0.9771382978202446,206.48845195770264
840.0,43.19610832451587,16547.0,17636.0,30849.0,0.977115677102191,206.64623188972473
841.0,43.15291221619135,16547.0,18481.0,30767.0,0.9770930342652315,206.8039791584015
842.0,43.10975930397516,16547.0,17739.0,30912.0,0.9770703692882633,206.96924495697021
843.0,43.066649544671186,16547.0,18164.0,30835.0,0.9770476821501645,207.1256890296936
844.0,43.023582895126516,16547.0,18002.0,30545.0,0.9770249728297941,207.28055787086487
845.0,42.98055931223139,16547.0,17803.0,30662.0,0.9770022413059922,207.43584299087524
846.0,42.93757875291916,16547.0,17489.0,30509.0,0.9769794875575797,207.59167194366455
847.0,42.89464117416624,16547.0,17716.0,30733.0,0.9769567115633582,207.74756002426147
848.0,42.851746532992074,16547.0,17876.0,30709.0,0.9769339133021102,207.90325689315796
849.0,42.808894786459085,16547.0,17641.0,30487.0,0.9769110927525994,208.0579228401184
850.0,42.766085891672624,16547.0,17577.0,30149.0,0.9768882498935695,208.2126579284668
851.0,42.72331980578095,16547.0,17500.0,30416.0,0.976865384703746,208.3709819316864
852.0,42.68059648597517,16547.0,17490.0,30505.0,0.9768424971618342,208.52640008926392
853.0,42.6379158894892,16547.0,18145.0,30408.0,0.9768195872465211,208.68086886405945
854.0,42.595277973599714,16547.0,17883.0,30225.0,0.9767966549364736,208.83517289161682
855.0,42.55268269562612,16547.0,17901.0,30125.0,0.97677370021034,208.9901478290558
856.0,42.51013001293049,16547.0,17545.0,30121.0,0.976750723046749,209.14445185661316
857.0,42.46761988291756,16547.0,17731.0,30175.0,0.97672772342431,209.2988030910492
858.0,42.42515226303464,16547.0,17483.0,30005.0,0.9767047013216131,209.4530849456787
859.0,42.382727110771604,16547.0,17586.0,29946.0,0.9766816567172294,209.60766911506653
860.0,42.340344383660835,16547.0,17598.0,29944.0,0.9766585895897101,209.76117300987244
861.0,42.298004039277174,16547.0,18087.0,30026.0,0.9766354999175875,209.9152238368988
862.0,42.2557060352379,16547.0,17602.0,30197.0,0.9766123876793743,210.0676839351654
863.0,42.213450329202665,16547.0,17978.0,29879.0,0.9765892528535639,210.22197103500366
864.0,42.171236878873465,16547.0,17688.0,29721.0,0.9765660954186304,210.37530612945557
865.0,42.12906564199459,16547.0,17195.0,29858.0,0.9765429153530282,210.5281789302826
866.0,42.0869365763526,16547.0,18243.0,29803.0,0.9765197126351925,210.68257808685303
867.0,42.044849639776245,16547.0,17410.0,29788.0,0.9764964872435391,210.83684396743774
868.0,42.002804790136466,16547.0,17628.0,29826.0,0.9764732391564641,210.99058389663696
869.0,41.96080198534633,16547.0,18290.0,29548.0,0.9764499683523443,211.14360404014587
870.0,41.91884118336098,16547.0,17194.0,29518.0,0.9764266748095372,211.29551696777344
871.0,41.87692234217762,16547.0,17701.0,29452.0,0.9764033585063802,211.4470510482788
872.0,41.835045419835446,16547.0,17781.0,29808.0,0.9763800194211917,211.5987069606781
873.0,41.79321037441561,16547.0,17777.0,29601.0,0.9763566575322704,211.75054812431335
874.0,41.75141716404119,16547.0,17963.0,29360.0,0.9763332728178955,211.9015917778015
875.0,41.70966574687715,16547.0,17782.0,29602.0,0.9763098652563266,212.052738904953
876.0,41.66795608113027,16547.0,17706.0,29523.0,0.9762864348258036,212.20343685150146
877.0,41.62628812504914,16547.0,17168.0,29448.0,0.9762629815045469,212.35433721542358
878.0,41.58466183692409,16547.0,17512.0,29192.0,0.9762395052707574,212.50467705726624
879.0,41.54307717508717,16547.0,18401.0,29120.0,0.9762160061026163,212.65483808517456
880.0,41.501534097912085,16547.0,17705.0,29187.0,0.9761924839782848,212.80520105361938
881.0,41.460032563814174,16547.0,17863.0,29125.0,0.9761689388759052,212.95597505569458
882.0,41.41857253125036,16547.0,17838.0,29146.0,0.9761453707735994,213.10664105415344
883.0,41.37715395871911,16547.0,17143.0,29075.0,0.9761217796494699,213.2571427822113
884.0,41.33577680476039,16547.0,18029.0,29221.0,0.9760981654815997,213.40778398513794
885.0,41.294441027955635,16547.0,17876.0,29159.0,0.9760745282480515,213.55765008926392
886.0,41.25314658692768,16547.0,18011.0,28931.0,0.9760508679268689,213.70751285552979
887.0,41.21189344034075,16547.0,17984.0,28982.0,0.9760271844960754,213.8569848537445
888.0,41.17068154690041,16547.0,18236.0,28895.0,0.9760034779336748,214.00632405281067
889.0,41.12951086535351,16547.0,17503.0,28465.0,0.9759797482176511,214.15549397468567
890.0,41.088381354488156,16547.0,17519.0,28747.0,0.9759559953259686,214.30558609962463
891.0,41.047292973133665,16547.0,17617.0,28663.0,0.9759322192365716,214.4542829990387
892.0,41.00624568016053,16547.0,17977.0,28810.0,0.9759084199273848,214.60365080833435
893.0,40.965239434480374,16547.0,17771.0,28744.0,0.9758845973763128,214.75233006477356
894.0,40.924274195045896,16547.0,18211.0,28639.0,0.9758607515612405,214.90157914161682
895.0,40.88334992085085,16547.0,17541.0,28627.0,0.9758368824600331,215.04935693740845
896.0,40.84246657092999,16358.0,17703.0,28732.0,0.9758129900505355,215.19699215888977
897.0,40.801624104359064,16358.0,17370.0,28376.0,0.9757890743105728,215.34453797340393
898.0,40.7608224802547,16358.0,17631.0,28643.0,0.9757651352179505,215.49414205551147
899.0,40.72006165777445,16358.0,17648.0,28547.0,0.9757411727504539,215.64290380477905
900.0,40.67934159611668,16358.0,17637.0,28321.0,0.9757171868858483,215.79030513763428
901.0,40.63866225452056,16358.0,17439.0,28103.0,0.9756931776018792,215.93775081634521
902.0,40.59802359226604,16358.0,17322.0,28294.0,0.9756691448762719,216.0857880115509
903.0,40.55742556867377,16358.0,18043.0,28449.0,0.9756450886867319,216.2360908985138
904.0,40.5168681431051,16358.0,17669.0,28378.0,0.9756210090109447,216.38345408439636
905.0,40.47635127496199,16358.0,17958.0,28371.0,0.9755969058265757,216.53224396705627
906.0,40.43587492368703,16358.0,18302.0,28263.0,0.97557277911127,216.67920589447021
907.0,40.39543904876334,16358.0,17671.0,28022.0,0.975548628842653,216.82455682754517
908.0,40.35504360971458,16358.0,18045.0,28144.0,0.9755244549983301,216.97292494773865
909.0,40.31468856610486,16358.0,17674.0,28088.0,0.975500257555886,217.12730717658997
910.0,40.27437387753876,16358.0,18199.0,28067.0,0.975476036492886,217.27320313453674
911.0,40.23409950366122,16358.0,17590.0,28025.0,0.9754517917868748,217.41874599456787
912.0,40.193865404157556,16358.0,17731.0,28053.0,0.9754275234153773,217.56461906433105
913.0,40.1536715387534,16358.0,18406.0,27927.0,0.9754032313558979,217.7109489440918
914.0,40.11351786721465,16358.0,17672.0,27977.0,0.975378915585921,217.85732793807983
915.0,40.073404349347435,16358.0,17519.0,27892.0,0.975354576082911,218.003977060318
916.0,40.033330944998085,16358.0,17532.0,27767.0,0.9753302128243118,218.14999294281006
917.0,39.993297614053084,16358.0,17825.0,27654.0,0.9753058257875471,218.2958059310913
918.0,39.95330431643903,16358.0,17692.0,27547.0,0.9752814149500205,218.44211292266846
919.0,39.91335101212259,16358.0,17585.0,27511.0,0.9752569802891153,218.5878620147705
920.0,39.873437661110465,16358.0,17758.0,27454.0,0.9752325217821947,218.73317408561707
921.0,39.83356422344936,16358.0,17702.0,27748.0,0.9752080394066013,218.87916803359985
922.0,39.79373065922591,16358.0,17344.0,27443.0,0.9751835331396576,219.02401185035706
923.0,39.75393692856668,16358.0,17789.0,27348.0,0.9751590029586656,219.16795897483826
924.0,39.71418299163811,16358.0,17175.0,27268.0,0.9751344488409075,219.31217288970947
925.0,39.67446880864647,16358.0,17409.0,27264.0,0.9751098707636444,219.4567699432373
926.0,39.634794339837825,16358.0,17946.0,27560.0,0.9750852687041175,219.60002899169922
927.0,39.595159545497985,16358.0,17812.0,27511.0,0.9750606426395477,219.74308490753174
928.0,39.555564385952486,16358.0,17529.0,27397.0,0.9750359925471352,219.88643312454224
929.0,39.51600882156654,16358.0,17641.0,27200.0,0.9750113184040601,220.02945590019226
930.0,39.47649281274497,16358.0,17794.0,27249.0,0.9749866201874817,220.17386102676392
931.0,39.437016319932226,16358.0,17649.0,27095.0,0.9749618978745392,220.31711292266846
932.0,39.3975793036123,16358.0,17448.0,26999.0,0.9749371514423513,220.46035385131836
933.0,39.358181724308686,16358.0,17215.0,27273.0,0.974912380868016,220.60365915298462
934.0,39.318823542584376,16358.0,17957.0,26816.0,0.9748875861286111,220.7460470199585
935.0,39.27950471904179,16358.0,17152.0,26964.0,0.9748627672011937,220.8888499736786
936.0,39.24022521432275,16358.0,17701.0,27121.0,0.9748379240628006,221.03156304359436
937.0,39.20098498910843,16358.0,17196.0,27084.0,0.9748130566904477,221.1733980178833
938.0,39.16178400411932,16358.0,17124.0,26761.0,0.9747881650611306,221.316321849823
939.0,39.1226222201152,16358.0,17694.0,26669.0,0.9747632491518246,221.45947194099426
940.0,39.083499597895084,16358.0,17259.0,26704.0,0.9747383089394838,221.6030468940735
941.0,39.04441609829719,16358.0,17656.0,26580.0,0.9747133444010422,221.74478197097778
942.0,39.00537168219889,16358.0,17313.0,26517.0,0.9746883555134129,221.8857560157776
943.0,38.96636631051669,16358.0,16876.0,26546.0,0.9746633422534886,222.02725887298584
944.0,38.92739994420617,16358.0,17815.0,26617.0,0.9746383045981413,222.1696457862854
945.0,38.888472544261965,16358.0,17380.0,26801.0,0.9746132425242221,222.31104397773743
946.0,38.8495840717177,16358.0,17581.0,26878.0,0.9745881560085617,222.45168113708496
947.0,38.81073448764598,16358.0,17404.0,26660.0,0.9745630450279702,222.593013048172
948.0,38.77192375315833,16358.0,17219.0,26418.0,0.9745379095592366,222.73500204086304
949.0,38.73315182940517,16358.0,18043.0,26475.0,0.9745127495791294,222.87537384033203
950.0,38.69441867757577,16358.0,17726.0,26306.0,0.9744875650643965,223.01612186431885
951.0,38.65572425889819,16358.0,17065.0,26396.0,0.9744623559917648,223.15620112419128
952.0,38.617068534639294,16358.0,17864.0,26412.0,0.9744371223379406,223.29620099067688
953.0,38.57845146610465,16358.0,16921.0,26381.0,0.9744118640796091,223.43683385849
954.0,38.53987301463855,16358.0,17108.0,26259.0,0.9743865811934354,223.5765278339386
955.0,38.50133314162391,16358.0,17360.0,26351.0,0.974361273656063,223.7173788547516
956.0,38.462831808482285,16358.0,17746.0,26180.0,0.9743359414441148,223.8578770160675
957.0,38.424368976673804,16358.0,17385.0,26163.0,0.9743105845341933,223.99854397773743
958.0,38.385944607697134,16358.0,17145.0,26058.0,0.9742852029028796,224.13823294639587
959.0,38.34755866308944,16358.0,17734.0,26197.0,0.9742597965267339,224.27754187583923
960.0,38.309211104426346,16358.0,17321.0,25977.0,0.974234365382296,224.41657400131226
961.0,38.27090189332192,16358.0,17554.0,26080.0,0.9742089094460844,224.55569291114807
962.0,38.2326309914286,16358.0,17855.0,26092.0,0.9741834286945966,224.6941568851471
963.0,38.19439836043717,16358.0,17931.0,26246.0,0.9741579231043095,224.83287501335144
964.0,38.15620396207673,16358.0,17019.0,26132.0,0.9741323926516788,224.9724440574646
965.0,38.118047758114656,16358.0,17711.0,25830.0,0.9741068373131392,225.11093497276306
966.0,38.07992971035654,16358.0,17245.0,25834.0,0.9740812570651046,225.248948097229
967.0,38.04184978064618,16358.0,17418.0,25508.0,0.9740556518839676,225.38696193695068
968.0,38.003807930865534,16358.0,17498.0,25942.0,0.9740300217461001,225.5240228176117
969.0,37.96580412293467,16358.0,17577.0,25816.0,0.9740043666278527,225.66253089904785
970.0,37.92783831881174,16358.0,17629.0,25728.0,0.9739786865055551,225.80045080184937
971.0,37.88991048049292,16358.0,17490.0,25550.0,0.9739529813555159,225.93933081626892
972.0,37.85202057001243,16358.0,17417.0,25602.0,0.9739272511540225,226.0781970024109
973.0,37.814168549442414,16358.0,17495.0,25767.0,0.9739014958773413,226.2161328792572
974.0,37.77635438089297,16358.0,16987.0,25786.0,0.9738757155017177,226.35460305213928
975.0,37.73857802651207,16358.0,17889.0,25588.0,0.9738499100033756,226.4924349784851
976.0,37.70083944848556,16358.0,17805.0,25489.0,0.9738240793585181,226.63106894493103
977.0,37.66313860903708,16358.0,17971.0,25618.0,0.9737982235433269,226.76819801330566
978.0,37.62547547042804,16358.0,17726.0,25225.0,0.9737723425339627,226.90578389167786
979.0,37.587849994957615,16358.0,17199.0,25514.0,0.973746436306565,227.04195094108582
980.0,37.55026214496266,16358.0,17340.0,25420.0,0.9737205048372518,227.17865204811096
981.0,37.5127118828177,16358.0,17684.0,25262.0,0.9736945481021202,227.32054591178894
982.0,37.47519917093488,16358.0,17080.0,25303.0,0.9736685660772457,227.45519185066223
983.0,37.437723971763944,16358.0,17550.0,25107.0,0.9736425587386831,227.59033107757568
984.0,37.40028624779218,16358.0,17564.0,25186.0,0.9736165260624653,227.72647500038147
985.0,37.362885961544386,16358.0,17496.0,25393.0,0.9735904680246041,227.86823201179504
986.0,37.32552307558284,16358.0,17180.0,25179.0,0.9735643846010904,228.02023577690125
987.0,37.28819755250726,16358.0,17273.0,25034.0,0.9735382757678931,228.15599012374878
988.0,37.25090935495476,16358.0,17316.0,24873.0,0.9735121415009602,228.29068613052368
989.0,37.213658445599805,16358.0,17201.0,24867.0,0.9734859817762181,228.4261028766632
990.0,37.1764447871542,16358.0,17609.0,24847.0,0.9734597965695722,228.5607509613037
991.0,37.139268342367046,16358.0,17241.0,24897.0,0.973433585856906,228.69511795043945
992.0,37.10212907402468,16358.0,17459.0,24949.0,0.9734073496140819,228.83054304122925
993.0,37.06502694495066,16358.0,17369.0,24662.0,0.9733810878169409,228.99164080619812
994.0,37.02796191800571,16358.0,17535.0,24820.0,0.9733548004413023,229.1278109550476
995.0,36.9909339560877,16358.0,17009.0,24985.0,0.9733284874629642,229.2650408744812
996.0,36.95394302213161,16358.0,17442.0,24774.0,0.973302148857703,229.40250778198242
997.0,36.91698907910948,16358.0,17680.0,24614.0,0.9732757846012741,229.53973007202148
998.0,36.88007209003037,16358.0,17362.0,24580.0,0.9732493946694105,229.6778860092163
999.0,36.84319201794034,16358.0,17481.0,24212.0,0.9732229790378246,229.8147599697113
1000.0,36.8063488259224,16358.0,17833.0,24680.0,0.9731965376822068,229.95317482948303
1001.0,36.76954247709648,16358.0,17370.0,24543.0,0.973170070578226,230.0901939868927
1002.0,36.73277293461938,16358.0,17885.0,24617.0,0.9731435777015294,230.22271609306335
1003.0,36.69604016168476,16358.0,17299.0,24650.0,0.9731170590277429,230.3551378250122
1004.0,36.65934412152308,16358.0,17194.0,24501.0,0.9730905145324705,230.48747491836548
1005.0,36.62268477740155,16358.0,17597.0,24261.0,0.9730639441912949,230.62015914916992
1006.0,36.586062092624154,16358.0,17459.0,24529.0,0.973037347979777,230.7534658908844
1007.0,36.54947603053153,16358.0,17709.0,24725.0,0.9730107258734559,230.88599300384521
1008.0,36.512926554501,16358.0,17288.0,24531.0,0.9729840778478492,231.02014589309692
1009.0,36.4764136279465,16358.0,17160.0,24271.0,0.9729574038784529,231.15370774269104
1010.0,36.439937214318554,16358.0,17729.0,24296.0,0.9729307039407409,231.28568196296692
1011.0,36.403497277104236,16358.0,17033.0,24046.0,0.9729039780101659,231.41765594482422
1012.0,36.36709377982713,16358.0,17608.0,24254.0,0.9728772260621587,231.55029106140137
1013.0,36.3307266860473,16228.0,17785.0,24165.0,0.972850448072128,231.68216609954834
1014.0,36.29439595936125,16228.0,17907.0,24149.0,0.9728236440154612,231.81404995918274
1015.0,36.258101563401894,16228.0,17241.0,24074.0,0.9727968138675236,231.94587397575378
1016.0,36.22184346183849,16228.0,17568.0,24166.0,0.972769957603659,232.07869815826416
1017.0,36.18562161837665,16228.0,17137.0,24075.0,0.9727430751991891,232.21002101898193
1018.0,36.14943599675827,16228.0,17649.0,23915.0,0.972716166629414,232.34103989601135
1019.0,36.113286560761516,16228.0,17455.0,23714.0,0.9726892318696115,232.47247195243835
1020.0,36.07717327420075,16228.0,17525.0,23794.0,0.9726622708950383,232.60310411453247
1021.0,36.04109610092655,16228.0,17902.0,24101.0,0.9726352836809286,232.7332067489624
1022.0,36.00505500482563,16228.0,17008.0,23842.0,0.9726082702024949,232.86565899848938
1023.0,35.9690499498208,16228.0,17661.0,23637.0,0.9725812304349276,232.99666500091553
1024.0,35.93308089987098,16228.0,17489.0,23912.0,0.9725541643533957,233.12789487838745
1025.0,35.897147818971106,16228.0,17642.0,23546.0,0.9725270719330456,233.25838804244995
1026.0,35.861250671152135,16228.0,17512.0,23637.0,0.9724999531490022,233.3897988796234
1027.0,35.82538942048098,16228.0,17574.0,23615.0,0.9724728079763681,233.52093982696533
1028.0,35.7895640310605,16228.0,17765.0,23519.0,0.9724456363902243,233.65077590942383
1029.0,35.75377446702944,16228.0,18004.0,23562.0,0.9724184383656295,233.781014919281
1030.0,35.718020692562405,16228.0,17251.0,23529.0,0.9723912138776202,233.9116129875183
1031.0,35.68230267186984,16228.0,17464.0,23505.0,0.9723639629012113,234.0418848991394
1032.0,35.64662036919797,16228.0,16802.0,23495.0,0.9723366854113954,234.17242097854614
1033.0,35.61097374882877,16228.0,17559.0,23517.0,0.972309381383143,234.30119800567627
1034.0,35.57536277507994,16228.0,17264.0,23577.0,0.9722820507914026,234.42935299873352
1035.0,35.53978741230486,16228.0,17336.0,23559.0,0.9722546936111005,234.5590980052948
1036.0,35.50424762489256,16228.0,16844.0,23233.0,0.9722273098171409,234.68850898742676
1037.0,35.468743377267664,16228.0,17449.0,23098.0,0.9721998993844059,234.8169140815735
1038.0,35.4332746338904,16228.0,16869.0,23156.0,0.9721724622877554,234.94828605651855
1039.0,35.39784135925651,16228.0,16909.0,23329.0,0.9721449985020273,235.07742595672607
1040.0,35.362443517897255,16228.0,17234.0,23177.0,0.972117508002037,235.20620799064636
1041.0,35.32708107437936,16228.0,17682.0,23255.0,0.9720899907625778,235.3349027633667
1042.0,35.29175399330498,16228.0,17176.0,23034.0,0.9720624467584209,235.46381187438965
1043.0,35.256462239311674,16228.0,17378.0,23180.0,0.9720348759643151,235.59234380722046
1044.0,35.22120577707236,16228.0,17834.0,23124.0,0.9720072783549872,235.72068214416504
1045.0,35.18598457129529,16228.0,17969.0,22756.0,0.9719796539051415,235.8496060371399
1046.0,35.150798586724,16228.0,17097.0,23059.0,0.9719520025894599,235.97731590270996
1047.0,35.115647788137274,16228.0,17363.0,22936.0,0.9719243243826022,236.10569095611572
1048.0,35.080532140349135,16228.0,17105.0,23005.0,0.971896619259206,236.23365998268127
1049.0,35.045451608208786,16228.0,16993.0,23076.0,0.9718688871938862,236.36173605918884
1050.0,35.01040615660058,16228.0,17489.0,22812.0,0.9718411281612356,236.4895749092102
1051.0,34.97539575044398,16228.0,17217.0,22971.0,0.9718133421358246,236.61730790138245
1052.0,34.940420354693536,16228.0,17313.0,22706.0,0.9717855290922011,236.74394702911377
1053.0,34.90547993433884,16228.0,17137.0,22627.0,0.9717576890048907,236.87122702598572
1054.0,34.870574454404505,16228.0,16879.0,22769.0,0.9717298218483966,236.9974720478058
1055.0,34.8357038799501,16228.0,17779.0,22622.0,0.9717019275971995,237.12440991401672
1056.0,34.80086817607015,16228.0,17513.0,22593.0,0.9716740062257576,237.2518711090088
1057.0,34.76606730789408,16228.0,17249.0,22661.0,0.9716460577085066,237.37880206108093
1058.0,34.73130124058619,16228.0,17463.0,22563.0,0.9716180820198601,237.50472497940063
1059.0,34.69656993934561,16228.0,17260.0,22387.0,0.9715900791342087,237.63061213493347
1060.0,34.661873369406266,16228.0,17193.0,22618.0,0.9715620490259206,237.76614999771118
1061.0,34.62721149603686,16228.0,17337.0,22283.0,0.9715339916693416,237.89144897460938
1062.0,34.59258428454082,16228.0,17391.0,22667.0,0.9715059070387949,238.01618695259094
1063.0,34.55799170025628,16228.0,17157.0,22590.0,0.9714777951085811,238.14148998260498
1064.0,34.52343370855603,16228.0,17006.0,22576.0,0.9714496558529783,238.26668286323547
1065.0,34.48891027484747,16228.0,17188.0,22279.0,0.9714214892462418,238.3915069103241
1066.0,34.454421364572624,16228.0,17243.0,22278.0,0.9713932952626044,238.51785397529602
1067.0,34.41996694320805,16228.0,17222.0,21994.0,0.9713650738762765,238.64240908622742
1068.0,34.38554697626484,16228.0,16850.0,22314.0,0.9713368250614454,238.7682180404663
1069.0,34.351161429288574,16228.0,17825.0,22137.0,0.9713085487922759,238.8928189277649
1070.0,34.31681026785929,16228.0,17674.0,22106.0,0.9712802450429102,239.0183880329132
1071.0,34.28249345759143,16228.0,17358.0,22294.0,0.9712519137874679,239.14329195022583
1072.0,34.24821096413384,16228.0,17007.0,22190.0,0.9712235550000456,239.26715302467346
1073.0,34.2139627531697,16228.0,17193.0,22069.0,0.9711951686547174,239.39115190505981
1074.0,34.17974879041653,16194.0,17331.0,21886.0,0.9711667547255345,239.51395797729492
1075.0,34.14556904162612,16194.0,17141.0,22003.0,0.9711383131865254,239.6388349533081
1076.0,34.11142347258449,16194.0,16950.0,22225.0,0.9711098440116958,239.76187300682068
1077.0,34.0773120491119,16194.0,17244.0,21899.0,0.9710813471750285,239.885901927948
1078.0,34.04323473706279,16194.0,17201.0,22120.0,0.9710528226504836,240.00920510292053
1079.0,34.00919150232573,16194.0,18086.0,21896.0,0.9710242704119985,240.13315892219543
1080.0,33.9751823108234,16194.0,17051.0,21787.0,0.9709956904334874,240.25650000572205
1081.0,33.94120712851257,16194.0,17360.0,21746.0,0.9709670826888419,240.3804497718811
1082.0,33.90726592138406,16194.0,17506.0,21797.0,0.9709384471519308,240.50340104103088
1083.0,33.873358655462674,16194.0,17347.0,21607.0,0.9709097837965995,240.62727785110474
1084.0,33.83948529680721,16194.0,17028.0,21807.0,0.9708810925966711,240.7491490840912
1085.0,33.8056458115104,16194.0,17314.0,21910.0,0.9708523735259453,240.87242698669434
1086.0,33.77184016569889,16194.0,17543.0,21585.0,0.9708236265581992,240.99520802497864
1087.0,33.73806832553319,16194.0,17577.0,21562.0,0.9707948516671866,241.11788988113403
1088.0,33.70433025720766,16194.0,16746.0,21505.0,0.9707660488266386,241.24228596687317
1089.0,33.67062592695045,16194.0,17090.0,21539.0,0.9707372180102631,241.3648989200592
1090.0,33.6369553010235,16194.0,17058.0,21287.0,0.9707083591917451,241.487468957901
1091.0,33.60331834572248,16194.0,16773.0,21678.0,0.9706794723447466,241.60950803756714
1092.0,33.56971502737675,16194.0,17285.0,21394.0,0.9706505574429064,241.73137283325195
1093.0,33.536145312349376,16194.0,16975.0,21274.0,0.9706216144598402,241.85352683067322
1094.0,33.50260916703703,16194.0,17445.0,21500.0,0.9705926433691409,241.97650599479675
1095.0,33.46910655786999,16194.0,17511.0,21212.0,0.970563644144378,242.0970959663391
1096.0,33.435637451312125,16194.0,17186.0,20957.0,0.970534616759098,242.2180690765381
1097.0,33.40220181386081,16194.0,17526.0,21413.0,0.9705055611868244,242.33967804908752
1098.0,33.36879961204695,16194.0,17105.0,21345.0,0.9704764774010574,242.461364030838
1099.0,33.3354308124349,16194.0,17048.0,21339.0,0.9704473653752739,242.5831618309021
1100.0,33.302095381622465,16194.0,17439.0,21351.0,0.9704182250829279,242.70755004882812
1101.0,33.26879328624084,16194.0,16910.0,21092.0,0.9703890564974499,242.8285629749298
1102.0,33.2355244929546,16194.0,16547.0,21233.0,0.9703598595922476,242.94908094406128
1103.0,33.20228896846165,16194.0,17594.0,21214.0,0.970330634340705,243.06919312477112
1104.0,33.16908667949319,16194.0,16815.0,21029.0,0.9703013807161831,243.1893310546875
1105.0,33.1359175928137,16194.0,17175.0,21093.0,0.9702720986920197,243.31041598320007
1106.0,33.10278167522088,16194.0,17208.0,20859.0,0.9702427882415291,243.43081402778625
1107.0,33.069678893545664,16194.0,17274.0,20960.0,0.9702134493380024,243.5511019229889
1108.0,33.03660921465212,16194.0,17477.0,20983.0,0.9701840819547074,243.67058801651
1109.0,33.00357260543746,16194.0,16850.0,21009.0,0.9701546860648886,243.79080414772034
1110.0,32.970569032832024,16194.0,17580.0,20681.0,0.9701252616417672,243.911474943161
1111.0,32.93759846379919,16194.0,16845.0,20868.0,0.9700958086585406,244.03141593933105
1112.0,32.904660865335394,16141.0,17401.0,20796.0,0.9700663270883835,244.15222311019897
1113.0,32.87175620447006,16141.0,17296.0,20785.0,0.9700368169044467,244.27273607254028
1114.0,32.83888444826559,16141.0,16546.0,20552.0,0.9700072780798575,244.39246606826782
1115.0,32.80604556381732,16141.0,17217.0,20786.0,0.9699777105877204,244.51142477989197
1116.0,32.773239518253504,16141.0,17419.0,20698.0,0.9699481144011158,244.63071608543396
1117.0,32.74046627873525,16141.0,17055.0,20557.0,0.969918489493101,244.74851393699646
1118.0,32.70772581245651,16141.0,16972.0,20552.0,0.9698888358367095,244.86711406707764
1119.0,32.67501808664405,15858.0,17198.0,20347.0,0.9698591534049515,244.9848940372467
1120.0,32.64234306855741,15858.0,17718.0,20792.0,0.9698294421708139,245.10470294952393
1121.0,32.60970072548885,15858.0,16931.0,20500.0,0.9697997021072596,245.22408604621887
1122.0,32.57709102476336,15858.0,17366.0,20511.0,0.9697699331872283,245.34210395812988
1123.0,32.5445139337386,15858.0,17190.0,20199.0,0.9697401353836358,245.46040105819702
1124.0,32.51196941980486,15858.0,16771.0,20394.0,0.9697103086693747,245.5782859325409
1125.0,32.479457450385055,15858.0,17032.0,20175.0,0.9696804530173138,245.69633173942566
1126.0,32.44697799293467,15858.0,16859.0,20293.0,0.9696505684002982,245.81481409072876
1127.0,32.41453101494174,15858.0,16866.0,20310.0,0.9696206547911494,245.9329559803009
1128.0,32.382116483926794,15858.0,16765.0,20283.0,0.9695907121626656,246.05189299583435
1129.0,32.34973436744286,15858.0,17316.0,20177.0,0.9695607404876208,246.16982793807983
1130.0,32.31738463307542,15858.0,17635.0,20355.0,0.9695307397387655,246.28775191307068
1131.0,32.285067248442346,15858.0,17270.0,20185.0,0.9695007098888266,246.40516996383667
1132.0,32.2527821811939,15858.0,16870.0,20025.0,0.9694706509105073,246.52247405052185
1133.0,32.220529399012705,15858.0,17354.0,20359.0,0.9694405627764869,246.64016389846802
1134.0,32.18830886961369,15858.0,17542.0,20199.0,0.969410445459421,246.75702595710754
1135.0,32.15612056074408,15858.0,16995.0,20001.0,0.9693802989319416,246.87336206436157
1136.0,32.123964440183336,15858.0,17544.0,19867.0,0.9693501231666566,246.99036192893982
1137.0,32.091840475743155,15858.0,17139.0,20133.0,0.9693199181361503,247.10735392570496
1138.0,32.05974863526741,15858.0,17524.0,19940.0,0.9692896838129831,247.2241611480713
1139.0,32.02768888663214,15858.0,17398.0,20150.0,0.9692594201696918,247.3408658504486
1140.0,31.99566119774551,15858.0,16680.0,19922.0,0.9692291271787888,247.45848393440247
1141.0,31.963665536547765,15858.0,17770.0,19829.0,0.9691988048127633,247.57503294944763
1142.0,31.931701871011217,15858.0,17015.0,19723.0,0.9691684530440802,247.69136595726013
1143.0,31.899770169140204,15858.0,17589.0,19896.0,0.9691380718451804,247.8080439567566
1144.0,31.867870398971064,15858.0,17196.0,19844.0,0.9691076611884812,247.93202996253967
1145.0,31.83600252857209,15858.0,17114.0,19674.0,0.9690772210463758,248.05924201011658
1146.0,31.80416652604352,15858.0,16549.0,19830.0,0.9690467513912334,248.1745309829712
1147.0,31.772362359517476,15858.0,16855.0,19783.0,0.9690162521953993,248.29021501541138
1148.0,31.740589997157958,15858.0,16934.0,19602.0,0.9689857234311949,248.40520787239075
1149.0,31.7088494071608,15858.0,16495.0,19360.0,0.9689551650709174,248.52011513710022
1150.0,31.67714055775364,15858.0,16695.0,19446.0,0.96892457708684,248.6359157562256
1151.0,31.645463417195884,15858.0,16958.0,19687.0,0.9688939594512119,248.75124216079712
1152.0,31.61381795377869,15858.0,17112.0,19556.0,0.9688633121362584,248.8666000366211
1153.0,31.58220413582491,15858.0,16960.0,19400.0,0.9688326351141805,248.98174905776978
1154.0,31.550621931689083,15659.0,17022.0,19532.0,0.9688019283571552,249.09615802764893
1155.0,31.519071309757393,15659.0,16422.0,19525.0,0.9687711918373353,249.2111189365387
1156.0,31.487552238447638,15659.0,16900.0,19427.0,0.9687404255268497,249.32548999786377
1157.0,31.45606468620919,15659.0,16743.0,19407.0,0.9687096293978028,249.43903803825378
1158.0,31.424608621522978,15659.0,17381.0,19359.0,0.9686788034222753,249.5531768798828
1159.0,31.393184012901454,15659.0,16782.0,19487.0,0.9686479475723234,249.66708374023438
1160.0,31.36179082888855,15659.0,16937.0,19224.0,0.9686170618199791,249.78072881698608
1161.0,31.330429038059663,15659.0,16774.0,19132.0,0.9685861461372504,249.89398002624512
1162.0,31.299098609021602,15659.0,17227.0,19181.0,0.9685552004961208,250.00791096687317
1163.0,31.26779951041258,15659.0,16914.0,19137.0,0.9685242248685497,250.1220419406891
1164.0,31.236531710902167,15659.0,17152.0,19248.0,0.9684932192264725,250.23591589927673
1165.0,31.205295179191264,15659.0,17466.0,19071.0,0.9684621835417997,250.349760055542
1166.0,31.174089884012073,15659.0,17553.0,19410.0,0.9684311177864181,250.4636790752411
1167.0,31.14291579412806,15659.0,16981.0,19295.0,0.9684000219321899,250.5771460533142
1168.0,31.111772878333934,15659.0,16862.0,19086.0,0.968368895950953,250.6909818649292
1169.0,31.0806611054556,15659.0,17059.0,19173.0,0.968337739814521,250.80474877357483
1170.0,31.049580444350145,15659.0,17055.0,18955.0,0.968306553494683,250.91878414154053
1171.0,31.018530863905795,15659.0,17213.0,19015.0,0.968275336963204,251.0311200618744
1172.0,30.987512333041888,15659.0,16967.0,18851.0,0.9682440901918244,251.143816947937
1173.0,30.956524820708847,15659.0,17471.0,18830.0,0.9682128131522602,251.25624680519104
1174.0,30.925568295888137,15659.0,16984.0,18834.0,0.968181505816203,251.36848497390747
1175.0,30.89464272759225,15659.0,17033.0,19047.0,0.96815016815532,251.4805669784546
1176.0,30.863748084864657,15659.0,17200.0,18603.0,0.9681188001412536,251.59431099891663
1177.0,30.83288433677979,15659.0,16982.0,18604.0,0.9680874017456224,251.70606088638306
1178.0,30.802051452443013,15659.0,17344.0,18720.0,0.9680559729400199,251.8185420036316
1179.0,30.77124940099057,15659.0,17119.0,18682.0,0.9680245136960153,251.93148398399353
1180.0,30.740478151589578,15659.0,16190.0,18660.0,0.9679930239851532,252.04450297355652
1181.0,30.70973767343799,15659.0,16798.0,18632.0,0.9679615037789537,252.15672087669373
1182.0,30.67902793576455,15659.0,16931.0,18562.0,0.9679299530489126,252.26889204978943
1183.0,30.648348907828787,15659.0,16857.0,18579.0,0.9678983717665005,252.3810429573059
1184.0,30.61770055892096,15659.0,17431.0,18564.0,0.967866759903164,252.49296283721924
1185.0,30.587082858362038,15659.0,17316.0,18471.0,0.9678351174303246,252.60571813583374
1186.0,30.556495775503677,15659.0,17351.0,18497.0,0.9678034443193796,252.7168447971344
1187.0,30.525939279728174,15659.0,16761.0,18738.0,0.9677717405417013,252.82881379127502
1188.0,30.495413340448447,15659.0,17289.0,18601.0,0.9677400060686376,252.93988013267517
1189.0,30.464917927107997,15659.0,16829.0,18459.0,0.9677082408715116,253.05070900917053
1190.0,30.43445300918089,15659.0,16640.0,18344.0,0.9676764449216216,253.16192078590393
1191.0,30.404018556171707,15659.0,17491.0,18288.0,0.9676446181902413,253.27214193344116
1192.0,30.373614537615534,15659.0,16829.0,18374.0,0.9676127606486197,253.3827669620514
1193.0,30.343240923077918,15659.0,16643.0,18419.0,0.9675808722679808,253.49353194236755
1194.0,30.31289768215484,15659.0,17408.0,18293.0,0.9675489530195243,253.60419583320618
1195.0,30.282584784472686,15659.0,17144.0,18081.0,0.9675170028744244,253.71490383148193
1196.0,30.252302199688213,15659.0,16736.0,18322.0,0.9674850218038314,253.8251211643219
1197.0,30.222049897488525,15659.0,16904.0,18375.0,0.96745300977887,253.93541598320007
1198.0,30.191827847591036,15659.0,17387.0,18259.0,0.9674209667706405,254.04529190063477
1199.0,30.161636019743444,15659.0,16806.0,18132.0,0.967388892750218,254.15595388412476
1200.0,30.1314743837237,15659.0,16638.0,18224.0,0.9673567876886531,254.2660481929779
1201.0,30.101342909339976,15659.0,16660.0,18139.0,0.9673246515569712,254.3753890991211
1202.0,30.071241566430636,15659.0,16671.0,18296.0,0.9672924843261732,254.48520612716675
1203.0,30.041170324864204,15643.0,17064.0,18157.0,0.9672602859672346,254.59469604492188
1204.0,30.01112915453934,15643.0,16551.0,17880.0,0.9672280564511061,254.70428705215454
1205.0,29.981118025384802,15643.0,17577.0,17920.0,0.9671957957487136,254.81316304206848
1206.0,29.951136907359416,15643.0,16914.0,17982.0,0.967163503830958,254.92312693595886
1207.0,29.921185770452055,15643.0,17076.0,17965.0,0.9671311806687151,255.03199791908264
1208.0,29.891264584681604,15643.0,16982.0,17966.0,0.9670988262328356,255.1410369873047
1209.0,29.861373320096924,15643.0,16747.0,18064.0,0.9670664404941455,255.25094985961914
1210.0,29.83151194677683,15643.0,16879.0,17827.0,0.9670340234234454,255.3597149848938
1211.0,29.80168043483005,15643.0,16705.0,17772.0,0.9670015749915111,255.46884393692017
1212.0,29.77187875439522,15643.0,17232.0,18109.0,0.9669690951690932,255.57889604568481
1213.0,29.742106875640825,15643.0,17307.0,17904.0,0.9669365839269173,255.68672394752502
1214.0,29.712364768765184,15643.0,17015.0,17735.0,0.9669040412356836,255.79514002799988
1215.0,29.682652403996418,15643.0,17311.0,17703.0,0.9668714670660677,255.90398597717285
1216.0,29.652969751592423,15643.0,16360.0,17672.0,0.9668388613887196,256.0127069950104
1217.0,29.62331678184083,15643.0,17256.0,17761.0,0.9668062241742641,256.12049174308777
1218.0,29.59369346505899,15643.0,16763.0,17674.0,0.9667735553933012,256.2272090911865
1219.0,29.56409977159393,15643.0,16857.0,17586.0,0.9667408550164056,256.33473896980286
1220.0,29.534535671822336,15643.0,16908.0,17241.0,0.9667081230141265,256.4423999786377
1221.0,29.505001136150515,15643.0,16888.0,17395.0,0.9666753593569881,256.54948806762695
1222.0,29.475496135014364,15643.0,17076.0,17537.0,0.9666425640154893,256.6565029621124
1223.0,29.44602063887935,15643.0,16484.0,17584.0,0.9666097369601038,256.7641339302063
1224.0,29.41657461824047,15643.0,16758.0,17660.0,0.9665768781612799,256.87068915367126
1225.0,29.38715804362223,15643.0,16525.0,17604.0,0.9665439875894408,256.97848892211914
1226.0,29.357770885578606,15643.0,16654.0,17266.0,0.9665110652149841,257.08528184890747
1227.0,29.328413114693028,15643.0,17050.0,17204.0,0.9664781110082823,257.1909830570221
1228.0,29.299084701578334,15643.0,17105.0,17375.0,0.9664451249396824,257.296560049057
1229.0,29.269785616876757,15643.0,16701.0,17315.0,0.9664121069795062,257.40346598625183
1230.0,29.24051583125988,15643.0,17274.0,17470.0,0.9663790570980498,257.51066398620605
1231.0,29.211275315428622,15643.0,16634.0,17518.0,0.9663459752655844,257.6172151565552
1232.0,29.182064040113193,15643.0,16925.0,17049.0,0.9663128614523553,257.7232840061188
1233.0,29.15288197607308,15643.0,16737.0,17057.0,0.9662797156285825,257.8299639225006
1234.0,29.123729094097005,15643.0,16559.0,17388.0,0.9662465377644608,257.94318199157715
1235.0,29.09460536500291,15643.0,16344.0,17064.0,0.9662133278301592,258.048681974411
1236.0,29.065510759637906,15643.0,17007.0,16969.0,0.9661800857958215,258.1542890071869
1237.0,29.03644524887827,15643.0,16791.0,17074.0,0.9661468116315656,258.25961995124817
1238.0,29.007408803629392,15643.0,16741.0,17063.0,0.9661135053074842,258.36586594581604
1239.0,28.978401394825763,15643.0,16940.0,17127.0,0.9660801667936445,258.47071599960327
1240.0,28.949422993430936,15643.0,17061.0,17045.0,0.9660467960600879,258.57555103302
1241.0,28.920473570437505,15643.0,16609.0,16665.0,0.9660133930768304,258.6808588504791
1242.0,28.891553096867067,15643.0,16868.0,16913.0,0.9659799578138624,258.7863278388977
1243.0,28.8626615437702,15643.0,16673.0,16925.0,0.9659464902411485,258.89228081703186
1244.0,28.833798882226432,15643.0,17204.0,16783.0,0.965912990328628,258.997416973114
1245.0,28.804965083344207,15643.0,16666.0,16936.0,0.9658794580462143,259.102520942688
1246.0,28.77616011826086,15643.0,17168.0,16998.0,0.9658458933637953,259.2068009376526
1247.0,28.7473839581426,15643.0,16530.0,16684.0,0.9658122962512332,259.31133794784546
1248.0,28.71863657418446,15643.0,16866.0,16711.0,0.9657786666783643,259.4154808521271
1249.0,28.689917937610275,15643.0,16752.0,16668.0,0.9657450046149993,259.520565032959
1250.0,28.661228019672667,15643.0,16850.0,16845.0,0.9657113100309236,259.62434697151184
1251.0,28.632566791652994,15643.0,16634.0,16665.0,0.9656775828958961,259.7286379337311
1252.0,28.60393422486134,15643.0,17193.0,16412.0,0.9656438231796505,259.8329379558563
1253.0,28.57533029063648,15643.0,17021.0,16736.0,0.9656100308518945,259.93630194664
1254.0,28.546754960345844,15643.0,16841.0,16500.0,0.9655762058823101,260.0392961502075
1255.0,28.5182082053855,15643.0,16233.0,16461.0,0.9655423482405533,260.1430170536041
1256.0,28.48968999718011,15643.0,16618.0,16445.0,0.9655084578962545,260.24695801734924
1257.0,28.46120030718293,15643.0,16719.0,16543.0,0.9654745348190182,260.35040187835693
1258.0,28.432739106875747,15643.0,16625.0,16681.0,0.965440578978423,260.45297503471375
1259.0,28.40430636776887,15643.0,16790.0,16682.0,0.9654065903440215,260.55666399002075
1260.0,28.375902061401103,15643.0,17022.0,16618.0,0.9653725688853406,260.6602940559387
1261.0,28.3475261593397,15643.0,17105.0,16287.0,0.9653385145718812,260.7632007598877
1262.0,28.31917863318036,15643.0,16479.0,16535.0,0.9653044273731183,260.86532497406006
1263.0,28.29085945454718,15643.0,16907.0,16449.0,0.9652703072585008,260.9676880836487
1264.0,28.262568595092635,15643.0,17039.0,16491.0,0.9652361541974519,261.0699510574341
1265.0,28.234306026497542,15637.0,16918.0,16147.0,0.9652019681593687,261.17310905456543
1266.0,28.206071720471044,15637.0,16874.0,16419.0,0.965167749113622,261.275249004364
1267.0,28.177865648750572,15637.0,17081.0,16277.0,0.9651334970295571,261.3768651485443
1268.0,28.14968778310182,15637.0,17067.0,16170.0,0.965099211876493,261.4803421497345
1269.0,28.12153809531872,15637.0,16496.0,16493.0,0.9650648936237225,261.5832939147949
1270.0,28.0934165572234,15637.0,16990.0,16175.0,0.9650305422405128,261.68612480163574
1271.0,28.065323140666177,15637.0,17324.0,16336.0,0.9649961576961044,261.7886128425598
1272.0,28.03725781752551,15637.0,17239.0,16239.0,0.964961739959712,261.89110112190247
1273.0,28.009220559707984,15637.0,16812.0,16263.0,0.9649272890005245,261.9925398826599
1274.0,27.981211339148278,15637.0,16977.0,16064.0,0.9648928047877041,262.0954740047455
1275.0,27.953230127809128,15637.0,17228.0,16165.0,0.9648582872903871,262.19826889038086
1276.0,27.925276897681318,15637.0,16558.0,16076.0,0.9648237364776838,262.2997760772705
1277.0,27.89735162078364,15637.0,16416.0,16332.0,0.964789152318678,262.40113496780396
1278.0,27.869454269162855,15637.0,16960.0,16193.0,0.9647545347824275,262.50252199172974
1279.0,27.841584814893693,15637.0,17174.0,16018.0,0.9647198838379636,262.60365986824036
1280.0,27.8137432300788,15637.0,16448.0,15893.0,0.9646851994542918,262.70567512512207
1281.0,27.78592948684872,15637.0,16660.0,15884.0,0.9646504816003909,262.8073010444641
1282.0,27.75814355736187,15637.0,16157.0,16091.0,0.9646157302452139,262.9088900089264
1283.0,27.73038541380451,15637.0,17261.0,16001.0,0.9645809453576869,263.0098969936371
1284.0,27.702655028390705,15637.0,16307.0,15813.0,0.9645461269067103,263.11145401000977
1285.0,27.674952373362313,15637.0,16542.0,15923.0,0.9645112748611578,263.2133038043976
1286.0,27.64727742098895,15637.0,16786.0,15876.0,0.9644763891898769,263.3144941329956
1287.0,27.61963014356796,15637.0,16796.0,15881.0,0.9644414698616888,263.414990901947
1288.0,27.59201051342439,15637.0,16721.0,15862.0,0.9644065168453879,263.51592683792114
1289.0,27.564418502910968,15637.0,16998.0,15995.0,0.9643715301097429,263.61695289611816
1290.0,27.536854084408056,15637.0,16611.0,15503.0,0.9643365096234954,263.7165551185608
1291.0,27.50931723032365,15637.0,16747.0,15596.0,0.964301455355361,263.8171401023865
1292.0,27.481807913093327,15625.0,16255.0,15585.0,0.9642663672740289,263.9186358451843
1293.0,27.454326105180233,15625.0,16780.0,15627.0,0.9642312453481616,264.0190579891205
1294.0,27.426871779075054,15625.0,16482.0,15650.0,0.9641960895463951,264.1193108558655
1295.0,27.39944490729598,15625.0,16776.0,15597.0,0.9641608998373391,264.21894884109497
1296.0,27.372045462388684,15625.0,16485.0,15555.0,0.9641256761895766,264.31896901130676
1297.0,27.344673416926295,15625.0,15939.0,15535.0,0.9640904185716642,264.41865706443787
1298.0,27.317328743509368,15625.0,17034.0,15622.0,0.9640551269521319,264.51923990249634
1299.0,27.290011414765857,15625.0,17192.0,15531.0,0.9640198012994832,264.61879682540894
1300.0,27.26272140335109,15625.0,16559.0,15424.0,0.9639844415821949,264.7171769142151
1301.0,27.23545868194774,15625.0,16601.0,15523.0,0.9639490477687171,264.81621193885803
1302.0,27.208223223265794,15625.0,16677.0,15388.0,0.9639136198274738,264.91866087913513
1303.0,27.181015000042528,15625.0,16480.0,15386.0,0.9638781577268618,265.01779890060425
1304.0,27.153833985042485,15625.0,17132.0,15660.0,0.9638426614352514,265.1175928115845
1305.0,27.126680151057442,15625.0,16537.0,15259.0,0.9638071309209865,265.21577501296997
1306.0,27.099553470906386,15625.0,16753.0,15373.0,0.9637715661523838,265.31380891799927
1307.0,27.072453917435478,15625.0,16800.0,15274.0,0.9637359670977339,265.4123511314392
1308.0,27.045381463518044,15625.0,16758.0,15240.0,0.9637003337253002,265.5127799510956
1309.0,27.018336082054525,15625.0,16923.0,15132.0,0.9636646660033195,265.611967086792
1310.0,26.99131774597247,15625.0,16719.0,15394.0,0.9636289639000021,265.7112329006195
1311.0,26.964326428226496,15625.0,16869.0,15129.0,0.963593227383531,265.80951595306396
1312.0,26.937362101798268,15625.0,17143.0,15131.0,0.963557456422063,265.90702390670776
1313.0,26.91042473969647,15625.0,16762.0,15122.0,0.9635216509837279,266.005163192749
1314.0,26.883514314956773,15580.0,16618.0,15021.0,0.9634858110366282,266.10397386550903
1315.0,26.856630800641817,15580.0,17012.0,15079.0,0.9634499365488404,266.20177602767944
1316.0,26.829774169841176,15580.0,15906.0,15090.0,0.9634140274884134,266.29934906959534
1317.0,26.802944395671336,15580.0,17022.0,15016.0,0.9633780838233696,266.3980438709259
1318.0,26.776141451275663,15580.0,16280.0,14991.0,0.9633421055217046,266.4960448741913
1319.0,26.749365309824388,15580.0,16997.0,15004.0,0.9633060925513868,266.5942008495331
1320.0,26.722615944514562,15580.0,16505.0,14733.0,0.9632700448803577,266.69277906417847
1321.0,26.695893328570047,15580.0,16699.0,14830.0,0.9632339624765321,266.78998589515686
1322.0,26.66919743524148,15580.0,16555.0,14847.0,0.9631978453077977,266.8873870372772
1323.0,26.64252823780624,15580.0,16692.0,14836.0,0.9631616933420153,266.98464488983154
1324.0,26.61588570956843,15580.0,16480.0,14700.0,0.9631255065470185,267.0822739601135
1325.0,26.589269823858864,15580.0,16411.0,14823.0,0.963089284890614,267.17923498153687
1326.0,26.562680554035005,15580.0,16457.0,14940.0,0.9630530283405816,267.27629590034485
1327.0,26.53611787348097,15580.0,16726.0,14969.0,0.9630167368646739,267.3732051849365
1328.0,26.50958175560749,15580.0,16383.0,14708.0,0.9629804104306166,267.46977496147156
1329.0,26.48307217385188,15580.0,16914.0,14701.0,0.962944049006108,267.5668251514435
1330.0,26.456589101678027,15580.0,16830.0,14626.0,0.9629076525588196,267.6632778644562
1331.0,26.43013251257635,15580.0,17115.0,14826.0,0.9628712210563959,267.760370016098
1332.0,26.403702380063773,15580.0,16010.0,14774.0,0.9628347544664538,267.85689783096313
1333.0,26.377298677683708,15580.0,16614.0,14644.0,0.9627982527565835,267.9606821537018
1334.0,26.350921379006024,15580.0,16636.0,14607.0,0.9627617158943477,268.0565400123596
1335.0,26.32457045762702,15539.0,16335.0,14474.0,0.9627251438472822,268.1516270637512
1336.0,26.29824588716939,15456.0,16695.0,14493.0,0.9626885365828954,268.2468891143799
1337.0,26.27194764128222,15456.0,16413.0,14399.0,0.9626518940686687,268.34198784828186
1338.0,26.24567569364094,15456.0,16739.0,14425.0,0.962615216272056,268.4367229938507
1339.0,26.2194300179473,15456.0,16805.0,14437.0,0.9625785031604842,268.5337369441986
1340.0,26.193210587929354,15456.0,16370.0,14438.0,0.9625417547013527,268.6288149356842
1341.0,26.167017377341423,15375.0,16443.0,14239.0,0.9625049708620337,268.7235631942749
1342.0,26.14085035996408,15375.0,17034.0,14518.0,0.9624681516098722,268.8199088573456
1343.0,26.114709509604115,15375.0,16632.0,14524.0,0.9624312969121859,268.91660594940186
1344.0,26.088594800094512,15375.0,16280.0,14485.0,0.962394406736265,269.0126118659973
1345.0,26.06250620529442,15375.0,16907.0,14083.0,0.9623574810493722,269.10999298095703
1346.0,26.036443699089123,15375.0,16657.0,14371.0,0.9623205198187434,269.2052161693573
1347.0,26.010407255390035,15375.0,16698.0,14312.0,0.9622835230115867,269.30096197128296
1348.0,25.984396848134644,15375.0,16560.0,14249.0,0.9622464905950827,269.39641404151917
1349.0,25.95841245128651,15375.0,16736.0,14420.0,0.9622094225363849,269.4903419017792
1350.0,25.932454038835225,15375.0,15957.0,14177.0,0.9621723188026191,269.5844659805298
1351.0,25.90652158479639,15375.0,16947.0,14250.0,0.9621351793608839,269.6783969402313
1352.0,25.880615063211593,15375.0,16274.0,14192.0,0.9620980041782501,269.7725598812103
1353.0,25.85473444814838,15375.0,16571.0,14048.0,0.9620607932217612,269.867623090744
1354.0,25.828879713700232,15375.0,16236.0,14054.0,0.9620235464584334,269.9621138572693
1355.0,25.803050833986532,15375.0,16570.0,14268.0,0.9619862638552549,270.0557429790497
1356.0,25.777247783152546,15375.0,16540.0,14264.0,0.9619489453791868,270.1498908996582
1357.0,25.751470535369393,15375.0,16398.0,13975.0,0.9619115909971625,270.24375104904175
1358.0,25.725719064834024,15375.0,16248.0,14066.0,0.9618742006760876,270.3369560241699
1359.0,25.69999334576919,15375.0,16105.0,13922.0,0.9618367743828405,270.4308488368988
1360.0,25.674293352423422,15375.0,16083.0,13918.0,0.9617993120842717,270.5245189666748
1361.0,25.648619059071,15375.0,16823.0,14002.0,0.9617618137472042,270.6187958717346
1362.0,25.622970440011926,15375.0,16570.0,13806.0,0.9617242793384332,270.7122859954834
1363.0,25.597347469571915,15375.0,16219.0,14033.0,0.9616867088247266,270.8058269023895
1364.0,25.571750122102344,15375.0,16352.0,13972.0,0.9616491021728242,270.89809489250183
1365.0,25.546178371980243,15375.0,16647.0,14053.0,0.9616114593494384,270.99084401130676
1366.0,25.520632193608265,15375.0,16321.0,13775.0,0.9615737803212538,271.0838930606842
1367.0,25.495111561414657,15375.0,16477.0,13909.0,0.9615360650549272,271.1775960922241
1368.0,25.46961644985324,15375.0,16079.0,13476.0,0.9614983135170878,271.2703619003296
1369.0,25.444146833403387,15375.0,16230.0,13871.0,0.9614605256743368,271.36339688301086
1370.0,25.418702686569983,15375.0,16875.0,13770.0,0.961422701493248,271.45734000205994
1371.0,25.393283983883414,15375.0,16588.0,13989.0,0.9613848409403671,271.54969096183777
1372.0,25.36789069989953,15375.0,16306.0,13656.0,0.961346943982212,271.64307594299316
1373.0,25.34252280919963,15375.0,16821.0,13712.0,0.961309010585273,271.73620104789734
1374.0,25.31718028639043,15375.0,16489.0,13712.0,0.9612710407160121,271.82898116111755
1375.0,25.29186310610404,15375.0,16698.0,13659.0,0.9612330343408642,271.92143297195435
1376.0,25.266571242997934,15375.0,16550.0,13749.0,0.9611949914262354,272.0131080150604
1377.0,25.241304671754936,15375.0,16851.0,13834.0,0.9611569119385046,272.1067759990692
1378.0,25.21606336708318,15375.0,16318.0,13339.0,0.9611187958440226,272.1990568637848
1379.0,25.190847303716097,15375.0,16843.0,13715.0,0.961080643109112,272.29020977020264
1380.0,25.165656456412382,15375.0,15949.0,13582.0,0.9610424537000679,272.3818209171295
1381.0,25.14049079995597,15375.0,16465.0,13473.0,0.9610042275831571,272.4740719795227
1382.0,25.115350309156014,15375.0,16685.0,13617.0,0.9609659647246185,272.5662889480591
1383.0,25.090234958846857,15375.0,16749.0,13528.0,0.960927665090663,272.6585600376129
1384.0,25.06514472388801,15375.0,16380.0,13461.0,0.9608893286474736,272.7508249282837
1385.0,25.04007957916412,15375.0,16446.0,13377.0,0.9608509553612051,272.84163212776184
1386.0,25.015039499584958,15375.0,16610.0,13335.0,0.9608125451979844,272.9322409629822
1387.0,24.990024460085372,15375.0,16396.0,13455.0,0.9607740981239102,273.0244140625
1388.0,24.965034435625288,15375.0,16969.0,13299.0,0.9607356141050533,273.11596608161926
1389.0,24.940069401189664,15375.0,16597.0,13260.0,0.960697093107456,273.20653796195984
1390.0,24.915129331788474,15375.0,16964.0,13212.0,0.9606585350971331,273.29729104042053
1391.0,24.890214202456686,15375.0,16605.0,13230.0,0.9606199400400707,273.38820791244507
1392.0,24.86532398825423,15375.0,16215.0,13058.0,0.960581307902227,273.4784939289093
1393.0,24.840458664265974,15375.0,16256.0,13075.0,0.960542638649532,273.5693221092224
1394.0,24.81561820560171,15375.0,15994.0,13234.0,0.9605039322478877,273.66013407707214
1395.0,24.790802587396108,15375.0,16187.0,13250.0,0.9604651886631675,273.75071001052856
1396.0,24.76601178480871,15375.0,16526.0,13173.0,0.960426407861217,273.8415141105652
1397.0,24.741245773023902,15375.0,16727.0,13249.0,0.9603875898078532,273.93243193626404
1398.0,24.716504527250876,15375.0,16380.0,13006.0,0.9603487344688652,274.0226011276245
1399.0,24.691788022723625,15375.0,15943.0,12987.0,0.9603098418100133,274.11279916763306
1400.0,24.6670962347009,15375.0,16304.0,13031.0,0.9602709117970303,274.2037079334259
1401.0,24.6424291384662,15375.0,16329.0,13037.0,0.9602319443956199,274.29470801353455
1402.0,24.61778670932773,15375.0,16522.0,12920.0,0.960192939571458,274.38540291786194
1403.0,24.593168922618403,15375.0,16741.0,12981.0,0.9601538972901921,274.47585105895996
1404.0,24.568575753695786,15375.0,16529.0,12856.0,0.960114817517441,274.56595492362976
1405.0,24.54400717794209,15375.0,16464.0,12784.0,0.9600757002187956,274.65526008605957
1406.0,24.519463170764148,15375.0,16489.0,12896.0,0.9600365453598181,274.7444450855255
1407.0,24.494943707593382,15375.0,16306.0,12795.0,0.9599973529060423,274.8341021537781
1408.0,24.470448763885788,15219.0,15866.0,12743.0,0.9599581228229738,274.9239339828491
1409.0,24.445978315121902,15219.0,16668.0,12902.0,0.9599188550760895,275.01280188560486
1410.0,24.42153233680678,15219.0,16223.0,12754.0,0.9598795496308381,275.1025288105011
1411.0,24.397110804469975,15219.0,16321.0,12754.0,0.9598402064526397,275.19140887260437
1412.0,24.372713693665506,15219.0,16516.0,12583.0,0.9598008255068858,275.2790250778198
1413.0,24.34834097997184,15219.0,16568.0,12564.0,0.9597614067589396,275.3675558567047
1414.0,24.323992638991868,15219.0,16503.0,12875.0,0.9597219501741356,275.4565751552582
1415.0,24.299668646352877,15219.0,16411.0,12908.0,0.95968245571778,275.5454738140106
1416.0,24.275368977706524,15219.0,16026.0,12745.0,0.9596429233551501,275.634516954422
1417.0,24.251093608728816,15219.0,16113.0,12439.0,0.9596033530514949,275.72333693504333
1418.0,24.226842515120087,15219.0,16263.0,12670.0,0.9595637447720348,275.81211495399475
1419.0,24.202615672604967,15219.0,16374.0,12810.0,0.9595240984819614,275.90116000175476
1420.0,24.178413056932364,15219.0,16751.0,12690.0,0.9594844141464379,275.98915791511536
1421.0,24.15423464387543,15219.0,15973.0,12697.0,0.9594446917305988,276.0768349170685
1422.0,24.130080409231553,15219.0,16025.0,12613.0,0.9594049311995496,276.1646161079407
1423.0,24.10595032882232,15217.0,16549.0,12448.0,0.9593651325183679,276.2526910305023
1424.0,24.0818443784935,15217.0,16278.0,12632.0,0.9593252956521018,276.3404109477997
1425.0,24.057762534115007,15217.0,16360.0,12736.0,0.959285420565771,276.42765283584595
1426.0,24.03370477158089,15217.0,16277.0,12503.0,0.9592455072243669,276.51563000679016
1427.0,24.009671066809307,15217.0,16942.0,12520.0,0.9592055555928513,276.6026918888092
1428.0,23.985661395742497,15217.0,16102.0,12499.0,0.959165565636158,276.6903829574585
1429.0,23.961675734346755,15217.0,16378.0,12580.0,0.9591255373191917,276.7777638435364
1430.0,23.937714058612407,15217.0,16526.0,12445.0,0.9590854706068282,276.8644528388977
1431.0,23.913776344553796,15217.0,16313.0,12453.0,0.959045365463915,276.952486038208
1432.0,23.889862568209242,15217.0,16192.0,12378.0,0.95900522185527,277.0393888950348
1433.0,23.865972705641035,15217.0,16299.0,12215.0,0.9589650397456829,277.12653493881226
1434.0,23.842106732935395,15217.0,16305.0,12543.0,0.9589248190999143,277.21426796913147
1435.0,23.81826462620246,15217.0,16211.0,12244.0,0.958884559882696,277.30112290382385
1436.0,23.794446361576256,15217.0,16106.0,12212.0,0.9588442620587307,277.3881239891052
1437.0,23.77065191521468,15217.0,16170.0,12421.0,0.9588039255926926,277.475115776062
1438.0,23.746881263299464,15217.0,16558.0,12477.0,0.9587635504492265,277.5628309249878
1439.0,23.723134382036164,15217.0,16435.0,12245.0,0.9587231365929484,277.649512052536
1440.0,23.69941124765413,15217.0,16157.0,12265.0,0.9586826839884457,277.7376778125763
1441.0,23.675711836406474,15217.0,16067.0,12112.0,0.9586421926002764,277.825119972229
1442.0,23.652036124570067,15217.0,16687.0,12041.0,0.9586016623929697,277.91285586357117
1443.0,23.628384088445497,15217.0,16278.0,11997.0,0.9585610933310258,277.9996178150177
1444.0,23.60475570435705,15217.0,16560.0,12007.0,0.9585204853789158,278.0868890285492
1445.0,23.58115094865269,15217.0,15993.0,12215.0,0.9584798385010818,278.1801030635834
1446.0,23.55756979770404,15217.0,15974.0,11832.0,0.9584391526619367,278.26585602760315
1447.0,23.534012227906338,15217.0,16443.0,12183.0,0.9583984278258646,278.3514688014984
1448.0,23.510478215678432,15217.0,16428.0,11979.0,0.9583576639572203,278.4365699291229
1449.0,23.486967737462756,15217.0,16329.0,12031.0,0.9583168610203298,278.5223250389099
1450.0,23.463480769725294,15217.0,16170.0,12086.0,0.9582760189794893,278.6080279350281
1451.0,23.44001728895557,15217.0,15849.0,12181.0,0.9582351377989667,278.69334506988525
1452.0,23.416577271666615,15217.0,16237.0,11743.0,0.9581942174430002,278.7796890735626
1453.0,23.393160694394947,15217.0,16185.0,11870.0,0.9581532578757989,278.86534309387207
1454.0,23.369767533700553,15217.0,16519.0,11829.0,0.9581122590615427,278.9505469799042
1455.0,23.346397766166852,15217.0,15988.0,11948.0,0.9580712209643826,279.03642106056213
1456.0,23.323051368400684,15217.0,16617.0,11996.0,0.9580301435484401,279.1218729019165
1457.0,23.299728317032283,15217.0,16361.0,11883.0,0.9579890267778073,279.2078070640564
1458.0,23.276428588715252,15217.0,16348.0,11875.0,0.9579478706165475,279.29232597351074
1459.0,23.253152160126536,15217.0,16113.0,11674.0,0.9579066750286943,279.37758803367615
1460.0,23.22989900796641,15217.0,16805.0,11762.0,0.9578654399782524,279.46267104148865
1461.0,23.206669108958444,15217.0,16046.0,11947.0,0.9578241654291968,279.5482828617096
1462.0,23.183462439849485,15217.0,15698.0,11544.0,0.9577828513454734,279.6333270072937
1463.0,23.160278977409636,15217.0,15982.0,11706.0,0.9577414976909986,279.7174470424652
1464.0,23.137118698432225,15217.0,15945.0,11636.0,0.9577001044296598,279.8016641139984
1465.0,23.113981579733792,15217.0,16330.0,11634.0,0.9576586715253147,279.8865349292755
1466.0,23.09086759815406,15217.0,15884.0,11610.0,0.9576171989417916,279.970566034317
1467.0,23.067776730555906,15217.0,16306.0,11360.0,0.9575756866428897,280.05413699150085
1468.0,23.04470895382535,15217.0,16142.0,11638.0,0.9575341345923783,280.1382260322571
1469.0,23.021664244871523,15217.0,16197.0,11528.0,0.9574925427539979,280.22260999679565
1470.0,22.99864258062665,15217.0,15996.0,11755.0,0.9574509110914589,280.3070948123932
1471.0,22.975643938046023,15217.0,16178.0,11385.0,0.9574092395684426,280.3906829357147
1472.0,22.952668294107976,15217.0,16294.0,11596.0,0.9573675281486007,280.47422099113464
1473.0,22.92971562581387,15207.0,16550.0,11596.0,0.9573257767955554,280.5579831600189
1474.0,22.906785910188056,15207.0,16037.0,11446.0,0.9572839854728996,280.6424000263214
1475.0,22.88387912427787,15207.0,16627.0,11490.0,0.9572421541441962,280.72617506980896
1476.0,22.86099524515359,15207.0,16220.0,11306.0,0.9572002827729789,280.8092818260193
1477.0,22.838134249908435,15207.0,16193.0,11462.0,0.9571583713227518,280.89224004745483
1478.0,22.815296115658526,15207.0,16106.0,11376.0,0.9571164197569894,280.9754309654236
1479.0,22.792480819542867,15207.0,16210.0,11541.0,0.9570744280391363,281.0583918094635
1480.0,22.769688338723324,15207.0,16508.0,11417.0,0.957032396132608,281.1418640613556
1481.0,22.7469186503846,15170.0,16319.0,11316.0,0.95699032400079,281.2254319190979
1482.0,22.724171731734216,15170.0,16413.0,11198.0,0.9569482116070382,281.3081669807434
1483.0,22.70144756000248,15170.0,16303.0,11471.0,0.956906058914679,281.390869140625
1484.0,22.67874611244248,15170.0,16314.0,11424.0,0.9568638658870089,281.4732120037079
1485.0,22.656067366330035,15170.0,16589.0,11194.0,0.9568216324872948,281.55573987960815
1486.0,22.633411298963704,15170.0,15893.0,11155.0,0.9567793586787738,281.63840794563293
1487.0,22.61077788766474,15170.0,16787.0,11145.0,0.9567370444246536,281.7205469608307
1488.0,22.588167109777075,15170.0,16173.0,11295.0,0.9566946896881117,281.80317187309265
1489.0,22.565578942667297,15170.0,15926.0,11025.0,0.9566522944322959,281.88544487953186
1490.0,22.54301336372463,15170.0,16668.0,11164.0,0.9566098586203247,281.9680268764496
1491.0,22.520470350360906,15170.0,15581.0,11186.0,0.956567382215286,282.05084705352783
1492.0,22.497949880010545,15170.0,15996.0,11207.0,0.9565248651802388,282.13330483436584
1493.0,22.475451930130536,15170.0,15996.0,11066.0,0.9564823074782115,282.21600914001465
1494.0,22.452976478200405,15170.0,15958.0,10969.0,0.956439709072203,282.29814410209656
1495.0,22.430523501722206,15170.0,16018.0,11196.0,0.9563970699251824,282.38075399398804
1496.0,22.408092978220484,15170.0,16221.0,11201.0,0.9563543900000886,282.4633491039276
1497.0,22.385684885242263,15170.0,16344.0,10978.0,0.956311669259831,282.5447618961334
1498.0,22.36329920035702,15170.0,16076.0,10954.0,0.9562689076672889,282.62632513046265
1499.0,22.340935901156662,15147.0,16139.0,10835.0,0.9562261051853115,282.707457780838
1500.0,22.318594965255507,15147.0,15792.0,10715.0,0.9561832617767184,282.7889869213104
1501.0,22.29627637029025,15147.0,15964.0,11003.0,0.9561403774042989,282.8706851005554
1502.0,22.27398009391996,15147.0,16498.0,10855.0,0.9560974520308126,282.95245385169983
1503.0,22.25170611382604,15147.0,15599.0,10887.0,0.9560544856189891,283.03437304496765
1504.0,22.22945440771221,15147.0,16102.0,10914.0,0.9560114781315276,283.11533093452454
1505.0,22.2072249533045,15147.0,16113.0,10718.0,0.9559684295310978,283.1961281299591
1506.0,22.185017728351195,15094.0,16309.0,10748.0,0.9559253397803391,283.27721881866455
1507.0,22.162832710622844,15094.0,15942.0,10965.0,0.9558822088418607,283.3587329387665
1508.0,22.14066987791222,15094.0,15854.0,10654.0,0.9558390366782419,283.4409501552582
1509.0,22.118529208034307,15094.0,15886.0,10724.0,0.955795823252032,283.5213248729706
1510.0,22.096410678826274,15094.0,16484.0,10828.0,0.9557525685257501,283.602490901947
1511.0,22.074314268147447,15094.0,15930.0,10547.0,0.9557092724618851,283.68316197395325
1512.0,22.052239953879297,15094.0,16003.0,10764.0,0.9556659350228958,283.76345205307007
1513.0,22.030187713925418,15024.0,15880.0,10613.0,0.955622556171211,283.8436198234558
1514.0,22.00815752621149,15024.0,16376.0,10627.0,0.9555791358692289,283.92400193214417
1515.0,21.98614936868528,15024.0,15547.0,10517.0,0.955535674079318,284.0037651062012
1516.0,21.964163219316593,15024.0,16137.0,10506.0,0.9554921707638165,284.0842478275299
1517.0,21.942199056097277,15024.0,16251.0,10667.0,0.9554486258850322,284.16463708877563
1518.0,21.920256857041178,15024.0,16344.0,10592.0,0.9554050394052428,284.24455189704895
1519.0,21.898336600184138,15024.0,16280.0,10658.0,0.9553614112866955,284.32504296302795
1520.0,21.876438263583953,14893.0,15472.0,10423.0,0.9553177414916076,284.4053478240967
1521.0,21.85456182532037,14893.0,16284.0,10650.0,0.955274029982166,284.4852890968323
1522.0,21.83270726349505,14893.0,15849.0,10568.0,0.9552302767205272,284.5644910335541
1523.0,21.810874556231553,14893.0,16188.0,10503.0,0.9551864816688174,284.6439230442047
1524.0,21.789063681675323,14893.0,15820.0,10386.0,0.9551426447891324,284.72261476516724
1525.0,21.767274617993646,14893.0,16499.0,10442.0,0.9550987660435379,284.8019018173218
1526.0,21.745507343375653,14893.0,15468.0,10803.0,0.955054845394069,284.8815529346466
1527.0,21.723761836032278,14893.0,16053.0,10382.0,0.9550108828027307,284.96084213256836
1528.0,21.702038074196246,14893.0,15899.0,10438.0,0.9549668782314972,285.04038405418396
1529.0,21.68033603612205,14893.0,15532.0,10219.0,0.9549228316423126,285.119824886322
1530.0,21.658655700085927,14893.0,15808.0,10402.0,0.9548787429970904,285.19907808303833
1531.0,21.63699704438584,14893.0,16252.0,10426.0,0.9548346122577138,285.2788197994232
1532.0,21.615360047341454,14893.0,15918.0,10338.0,0.9547904393860355,285.3578588962555
1533.0,21.593744687294112,14893.0,15399.0,10443.0,0.9547462243438777,285.436851978302
1534.0,21.572150942606818,14893.0,16476.0,10243.0,0.954701967093032,285.51645398139954
1535.0,21.55057879166421,14893.0,16184.0,10408.0,0.9546576675952597,285.5955379009247
1536.0,21.529028212872547,14893.0,15614.0,10110.0,0.9546133258122915,285.6750648021698
1537.0,21.507499184659675,14893.0,15716.0,10267.0,0.9545689417058275,285.7575697898865
1538.0,21.485991685475014,14893.0,15911.0,10175.0,0.9545245152375372,285.8362169265747
1539.0,21.46450569378954,14893.0,15927.0,10244.0,0.9544800463690598,285.9141640663147
1540.0,21.44304118809575,14893.0,15283.0,10430.0,0.9544355350620035,285.99202704429626
1541.0,21.421598146907655,14893.0,15659.0,10138.0,0.9543909812779464,286.06978392601013
1542.0,21.400176548760747,14893.0,16042.0,10344.0,0.9543463849784355,286.1476299762726
1543.0,21.378776372211988,14893.0,16359.0,10243.0,0.9543017461249874,286.2249460220337
1544.0,21.357397595839775,14893.0,16235.0,10125.0,0.9542570646790882,286.30293798446655
1545.0,21.336040198243936,14893.0,16162.0,10412.0,0.954212340602193,286.38055300712585
1546.0,21.314704158045693,14893.0,16638.0,10017.0,0.9541675738557264,286.4586269855499
1547.0,21.29338945388765,14893.0,16052.0,10286.0,0.9541227644010822,286.5368239879608
1548.0,21.27209606443376,14893.0,15711.0,9982.0,0.9540779121996238,286.61452984809875
1549.0,21.25082396836933,14893.0,16398.0,10047.0,0.9540330172126835,286.69261288642883
1550.0,21.22957314440096,14893.0,15584.0,10203.0,0.9539880794015632,286.77024602890015
1551.0,21.20834357125656,14893.0,15844.0,9769.0,0.9539430987275335,286.8475008010864
1552.0,21.187135227685303,14893.0,15913.0,9901.0,0.9538980751518348,286.92394399642944
1553.0,21.16594809245762,14893.0,16575.0,9909.0,0.9538530086356763,287.00094079971313
1554.0,21.144782144365163,14893.0,15968.0,9914.0,0.9538078991402369,287.0778729915619
1555.0,21.123637362220798,14893.0,15648.0,9858.0,0.953762746626664,287.15482878685
1556.0,21.10251372485858,14893.0,15793.0,10032.0,0.9537175510560748,287.2319519519806
1557.0,21.08141121113372,14893.0,15742.0,10093.0,0.9536723123895551,287.30932998657227
1558.0,21.060329799922584,14893.0,15607.0,9669.0,0.9536270305881603,287.3858377933502
1559.0,21.03926947012266,14893.0,15981.0,9865.0,0.9535817056129146,287.4626898765564
1560.0,21.01823020065254,14893.0,15896.0,9674.0,0.9535363374248114,287.5392048358917
1561.0,20.997211970451886,14893.0,15845.0,9891.0,0.9534909259848132,287.61592507362366
1562.0,20.976214758481433,14893.0,15669.0,9664.0,0.9534454712538517,287.6923680305481
1563.0,20.955238543722952,14893.0,15902.0,9904.0,0.9533999731928273,287.76905703544617
1564.0,20.93428330517923,14893.0,16094.0,9668.0,0.9533544317626098,287.84496998786926
1565.0,20.913349021874048,14893.0,15905.0,9536.0,0.9533088469240378,287.9208309650421
1566.0,20.892435672852173,14893.0,15468.0,9511.0,0.9532632186379191,287.99742794036865
1567.0,20.87154323717932,14802.0,15162.0,9495.0,0.9532175468650301,288.0727229118347
1568.0,20.85067169394214,14802.0,15936.0,9727.0,0.9531718315661168,288.1530089378357
1569.0,20.829821022248197,14802.0,15997.0,9845.0,0.9531260727018935,288.2291829586029
1570.0,20.80899120122595,14802.0,15615.0,9709.0,0.9530802702330441,288.30585980415344
1571.0,20.788182210024726,14802.0,15867.0,9582.0,0.9530344241202208,288.3816969394684
1572.0,20.7673940278147,14802.0,15514.0,9757.0,0.952988534324045,288.4565739631653
1573.0,20.746626633786885,14802.0,16138.0,9369.0,0.9529426008051071,288.53194093704224
1574.0,20.725880007153098,14802.0,15780.0,9583.0,0.9528966235239663,288.60672092437744
1575.0,20.705154127145946,14802.0,15281.0,9647.0,0.9528506024411506,288.68265295028687
1576.0,20.6844489730188,14802.0,15681.0,9590.0,0.9528045375171569,288.7581160068512
1577.0,20.66376452404578,14802.0,15661.0,9507.0,0.952758428712451,288.8334460258484
1578.0,20.643100759521737,14802.0,16113.0,9572.0,0.9527122759874673,288.90925693511963
1579.0,20.622457658762215,14802.0,15540.0,9475.0,0.9526660793026094,288.9841659069061
1580.0,20.60183520110345,14802.0,15495.0,9391.0,0.9526198386182493,289.0588119029999
1581.0,20.58123336590235,14802.0,15832.0,9504.0,0.9525735538947279,289.1339888572693
1582.0,20.560652132536447,14802.0,15745.0,9383.0,0.952527225092355,289.2080750465393
1583.0,20.54009148040391,14802.0,15801.0,9492.0,0.9524808521714091,289.28283977508545
1584.0,20.519551388923507,14802.0,15674.0,9266.0,0.9524344350921372,289.35804080963135
1585.0,20.499031837534584,14802.0,15970.0,9429.0,0.9523879738147553,289.4324848651886
1586.0,20.47853280569705,14802.0,15772.0,9129.0,0.9523414682994479,289.50736808776855
1587.0,20.458054272891353,14802.0,15462.0,9252.0,0.9522949185063683,289.5815498828888
1588.0,20.437596218618463,14802.0,15473.0,9124.0,0.9522483243956386,289.6557080745697
1589.0,20.417158622399846,14802.0,15692.0,9211.0,0.9522016859273491,289.7301080226898
1590.0,20.396741463777445,14802.0,15684.0,9331.0,0.9521550030615593,289.8045608997345
1591.0,20.376344722313668,14802.0,16204.0,9433.0,0.9521082757582968,289.87878584861755
1592.0,20.355968377591353,14802.0,15955.0,9221.0,0.9520615039775584,289.9532060623169
1593.0,20.335612409213763,14802.0,15698.0,9244.0,0.9520146876793089,290.0276999473572
1594.0,20.31527679680455,14802.0,15503.0,9200.0,0.9519678268234819,290.1017110347748
1595.0,20.294961520007746,14802.0,15943.0,9003.0,0.9519209213699797,290.1742990016937
1596.0,20.274666558487738,14802.0,15745.0,9057.0,0.9518739712786732,290.2476809024811
1597.0,20.25439189192925,14802.0,16399.0,9268.0,0.9518269765094015,290.321170091629
1598.0,20.23413750003732,14802.0,15527.0,9330.0,0.9517799370219724,290.3948049545288
1599.0,20.213903362537284,14802.0,15486.0,9090.0,0.9517328527761622,290.4679288864136
1600.0,20.193689459174745,14802.0,15610.0,9184.0,0.9516857237317157,290.5413830280304
1601.0,20.173495769715572,14802.0,15714.0,9225.0,0.9516385498483463,290.6150517463684
1602.0,20.153322273945857,14802.0,15740.0,9101.0,0.9515913310857355,290.688688993454
1603.0,20.133168951671912,14802.0,15897.0,9045.0,0.9515440674035336,290.7621579170227
1604.0,20.11303578272024,14802.0,16213.0,8969.0,0.9514967587613591,290.83534598350525
1605.0,20.092922746937518,14802.0,15929.0,9055.0,0.9514494051187992,290.90949416160583
1606.0,20.07282982419058,14802.0,15486.0,9114.0,0.9514020064354091,290.9828050136566
1607.0,20.05275699436639,14707.0,16128.0,9014.0,0.9513545626707126,291.05497097969055
1608.0,20.032704237372023,14707.0,15860.0,8828.0,0.951307073784202,291.12824988365173
1609.0,20.01267153313465,14707.0,15537.0,8833.0,0.9512595397353376,291.2008378505707
1610.0,19.992658861601516,14707.0,16141.0,8873.0,0.9512119604835484,291.27304196357727
1611.0,19.972666202739916,14707.0,15853.0,8972.0,0.9511643359882316,291.34611797332764
1612.0,19.952693536537176,14707.0,15380.0,8792.0,0.9511166662087526,291.4185528755188
1613.0,19.932740843000637,14707.0,15553.0,8817.0,0.9510689511044451,291.49085903167725
1614.0,19.912808102157637,14707.0,15885.0,8922.0,0.9510211906346113,291.563677072525
1615.0,19.892895294055478,14707.0,15356.0,8814.0,0.9509733847585214,291.6359598636627
1616.0,19.87300239876142,14707.0,15465.0,8645.0,0.9509255334354141,291.70784401893616
1617.0,19.85312939636266,14707.0,16153.0,8881.0,0.9508776366244961,291.78032898902893
1618.0,19.833276266966298,14707.0,15393.0,9204.0,0.9508296942849424,291.8517119884491
1619.0,19.813442990699333,14707.0,15553.0,8408.0,0.9507817063758962,291.9250659942627
1620.0,19.793629547708633,14707.0,15534.0,8602.0,0.950733672856469,291.99813318252563
1621.0,19.773835918160923,14707.0,15407.0,8781.0,0.9506855936857405,292.0705749988556
1622.0,19.75406208224276,14707.0,15422.0,8695.0,0.9506374688227581,292.14285802841187
1623.0,19.73430802016052,14707.0,15716.0,8722.0,0.9505892982265381,292.2145848274231
1624.0,19.714573712140357,14707.0,15604.0,8843.0,0.9505410818560643,292.2862169742584
1625.0,19.694859138428217,14707.0,15308.0,8580.0,0.950492819670289,292.3578860759735
1626.0,19.67516427928979,14707.0,15665.0,8593.0,0.9504445116281321,292.42913484573364
1627.0,19.6554891150105,14707.0,15527.0,8406.0,0.9503961576884824,292.50037002563477
1628.0,19.63583362589549,14707.0,15485.0,8494.0,0.9503477578101961,292.5730810165405
1629.0,19.616197792269595,14707.0,15703.0,8677.0,0.9502993119520977,292.6445789337158
1630.0,19.596581594477325,14707.0,15821.0,8341.0,0.9502508200729797,292.7159330844879
1631.0,19.576985012882847,14707.0,16122.0,8496.0,0.9502022821316025,292.78781390190125
1632.0,19.557408027869965,14707.0,15529.0,8486.0,0.9501536980866949,292.8589987754822
1633.0,19.537850619842096,14707.0,15755.0,8654.0,0.9501050678969535,292.9296119213104
1634.0,19.518312769222256,14707.0,15785.0,8425.0,0.9500563915210425,293.0010678768158
1635.0,19.498794456453034,14707.0,15380.0,8627.0,0.9500076689175948,293.0718369483948
1636.0,19.47929566199658,14707.0,15677.0,8526.0,0.9499589000452107,293.1428418159485
1637.0,19.459816366334586,14707.0,15432.0,8720.0,0.9499100848624585,293.2133400440216
1638.0,19.44035654996825,14707.0,15221.0,8367.0,0.9498612233278748,293.28494811058044
1639.0,19.420916193418282,14707.0,15320.0,8374.0,0.9498123153999638,293.3555438518524
1640.0,19.401495277224864,14707.0,15932.0,8396.0,0.9497633610371976,293.42624592781067
1641.0,19.38209378194764,14707.0,15535.0,8284.0,0.9497143601980162,293.4968829154968
1642.0,19.362711688165692,14707.0,15380.0,8183.0,0.9496653128408277,293.5672011375427
1643.0,19.343348976477525,14707.0,15700.0,8302.0,0.9496162189240077,293.63827204704285
1644.0,19.324005627501048,14707.0,15125.0,8530.0,0.9495670784058999,293.70900106430054
1645.0,19.30468162187355,14707.0,15567.0,8214.0,0.9495178912448158,293.77926898002625
1646.0,19.285376940251677,14707.0,15406.0,8368.0,0.9494686573990346,293.8502721786499
1647.0,19.266091563311424,14707.0,15342.0,8356.0,0.9494193768268033,293.92076086997986
1648.0,19.246825471748114,14707.0,15556.0,8237.0,0.9493700494863369,293.99136090278625
1649.0,19.227578646276367,14707.0,15760.0,8261.0,0.9493206753358179,294.0615119934082
1650.0,19.20835106763009,14707.0,15447.0,8193.0,0.9492712543333968,294.13140201568604
1651.0,19.18914271656246,14707.0,15781.0,8565.0,0.9492217864371915,294.20131397247314
1652.0,19.1699535738459,14707.0,15345.0,8166.0,0.949172271605288,294.27158999443054
1653.0,19.15078362027205,14707.0,15909.0,8227.0,0.94912270979574,294.34168791770935
1654.0,19.13163283665178,14707.0,15648.0,8325.0,0.9490731009665684,294.411306142807
1655.0,19.11250120381513,14707.0,15510.0,8298.0,0.9490234450757625,294.48087882995605
1656.0,19.093388702611314,14707.0,15397.0,8146.0,0.9489737420812788,294.55076479911804
1657.0,19.074295313908703,14707.0,15192.0,8144.0,0.9489239919410415,294.619677066803
1658.0,19.055221018594793,14707.0,15375.0,8154.0,0.9488741946129426,294.68890500068665
1659.0,19.0361657975762,14707.0,15716.0,8096.0,0.9488243500548418,294.7581479549408
1660.0,19.017129631778623,14707.0,15678.0,8211.0,0.948774458224566,294.82736706733704
1661.0,18.998112502146846,14707.0,15434.0,8041.0,0.9487245190799102,294.897274017334
1662.0,18.9791143896447,14707.0,15809.0,8127.0,0.9486745325786365,294.9667720794678
1663.0,18.960135275255055,14707.0,15474.0,8251.0,0.9486244986784752,295.036630153656
1664.0,18.9411751399798,14707.0,15027.0,7881.0,0.9485744173371234,295.1059329509735
1665.0,18.922233964839823,14707.0,15344.0,8211.0,0.9485242885122466,295.174996137619
1666.0,18.903311730874982,14607.0,15638.0,7869.0,0.9484741121614769,295.2433180809021
1667.0,18.88440841914411,14607.0,15691.0,8198.0,0.9484238882424147,295.3122179508209
1668.0,18.865524010724965,14607.0,15185.0,8120.0,0.9483736167126275,295.3807499408722
1669.0,18.84665848671424,14607.0,15475.0,7749.0,0.9483232975296505,295.44928073883057
1670.0,18.827811828227524,14607.0,15396.0,7978.0,0.9482729306509862,295.5185408592224
1671.0,18.808984016399297,14607.0,15390.0,8074.0,0.9482225160341046,295.58799600601196
1672.0,18.790175032382898,14607.0,15542.0,7913.0,0.9481720536364432,295.656711101532
1673.0,18.771384857350515,14607.0,15276.0,7923.0,0.9481215434154069,295.72475814819336
1674.0,18.752613472493163,14607.0,15475.0,8027.0,0.9480709853283681,295.79305720329285
1675.0,18.73386085902067,14607.0,15050.0,7994.0,0.9480203793326666,295.86211800575256
1676.0,18.715126998161647,14607.0,15513.0,8043.0,0.9479697253856093,295.93010807037354
1677.0,18.696411871163484,14607.0,15491.0,7807.0,0.9479190234444711,295.9985020160675
1678.0,18.67771545929232,14607.0,15567.0,7972.0,0.9478682734664935,296.06707286834717
1679.0,18.659037743833025,14607.0,14949.0,7739.0,0.9478174754088861,296.1350429058075
1680.0,18.64037870608919,14607.0,15867.0,7748.0,0.9477666292288253,296.2036199569702
1681.0,18.621738327383103,14607.0,15212.0,7978.0,0.9477157348834551,296.27193880081177
1682.0,18.60311658905572,14607.0,15433.0,7691.0,0.9476647923298865,296.339830160141
1683.0,18.584513472466664,14607.0,15463.0,7791.0,0.9476138015251984,296.40780997276306
1684.0,18.5659289589942,14607.0,15312.0,7496.0,0.9475627624264363,296.47468996047974
1685.0,18.547363030035203,14607.0,15487.0,7825.0,0.9475116749906136,296.5421278476715
1686.0,18.52881566700517,14541.0,15182.0,7537.0,0.9474605391747104,296.60963106155396
1687.0,18.510286851338165,14541.0,15095.0,7535.0,0.9474093549356744,296.6768698692322
1688.0,18.491776564486827,14541.0,15654.0,7722.0,0.9473581222304203,296.7442350387573
1689.0,18.47328478792234,14541.0,15267.0,7919.0,0.9473068410158303,296.8113911151886
1690.0,18.454811503134415,14541.0,14996.0,7558.0,0.9472555112487535,296.8784248828888
1691.0,18.436356691631282,14541.0,15247.0,7601.0,0.9472041328860066,296.94605803489685
1692.0,18.41792033493965,14541.0,15302.0,7556.0,0.947152705884373,297.0131549835205
1693.0,18.39950241460471,14541.0,14931.0,7687.0,0.9471012302006035,297.0801739692688
1694.0,18.381102912190105,14541.0,15632.0,7436.0,0.9470497057914161,297.14718198776245
1695.0,18.362721809277915,14541.0,15465.0,7586.0,0.946998132613496,297.2149109840393
1696.0,18.344359087468636,14541.0,15795.0,7559.0,0.9469465106234952,297.2824320793152
1697.0,18.326014728381168,14541.0,15688.0,7650.0,0.9468948397780331,297.34935784339905
1698.0,18.307688713652787,14541.0,15075.0,7360.0,0.9468431200336962,297.41583800315857
1699.0,18.289381024939136,14541.0,15561.0,7450.0,0.946791351347038,297.48199582099915
1700.0,18.271091643914197,14541.0,15613.0,7563.0,0.9467395336745789,297.5492250919342
1701.0,18.252820552270283,14541.0,15347.0,7414.0,0.9466876669728066,297.61597990989685
1702.0,18.234567731718013,14541.0,15770.0,7572.0,0.9466357511981759,297.68262100219727
1703.0,18.216333163986295,14541.0,14673.0,7339.0,0.9465837863071084,297.74911403656006
1704.0,18.198116830822308,14541.0,15414.0,7498.0,0.9465317722559929,297.81492590904236
1705.0,18.179918713991484,14515.0,15504.0,7474.0,0.9464797090011853,297.8813531398773
1706.0,18.161738795277493,14515.0,15145.0,7534.0,0.946427596499008,297.9478988647461
1707.0,18.143577056482215,14450.0,15302.0,7310.0,0.946375434705751,298.01396203041077
1708.0,18.125433479425734,14450.0,15521.0,7371.0,0.946323223577671,298.0877320766449
1709.0,18.107308045946308,14450.0,15977.0,7617.0,0.9462709630709913,298.1533799171448
1710.0,18.089200737900363,14450.0,15262.0,7461.0,0.946218653141903,298.21917700767517
1711.0,18.071111537162462,14450.0,15164.0,7187.0,0.9461662937465632,298.2843279838562
1712.0,18.0530404256253,14450.0,15493.0,7317.0,0.9461138848410966,298.3494379520416
1713.0,18.034987385199678,14450.0,15228.0,7261.0,0.9460614263815944,298.41510796546936
1714.0,18.016952397814478,14450.0,15337.0,7329.0,0.9460089183241149,298.48074412345886
1715.0,17.998935445416663,14450.0,15289.0,7313.0,0.9459563606246832,298.5463078022003
1716.0,17.980936509971247,14450.0,15385.0,7237.0,0.9459037532392912,298.61191415786743
1717.0,17.962955573461276,14450.0,15326.0,7054.0,0.945851096123898,298.67737102508545
1718.0,17.944992617887813,14301.0,15441.0,6961.0,0.9457983892344288,298.7430601119995
1719.0,17.927047625269925,14301.0,15755.0,7229.0,0.9457456325267766,298.8092381954193
1720.0,17.909120577644654,14301.0,15312.0,7376.0,0.9456928259568003,298.87457394599915
1721.0,17.89121145706701,14301.0,15447.0,7257.0,0.9456399694803262,298.94034218788147
1722.0,17.873320245609943,14301.0,15543.0,7087.0,0.9455870630531473,299.00487089157104
1723.0,17.855446925364333,14301.0,15870.0,7217.0,0.9455341066310232,299.0698461532593
1724.0,17.83759147843897,14301.0,15137.0,7172.0,0.9454811001696802,299.13516187667847
1725.0,17.81975388696053,14301.0,15236.0,7109.0,0.9454280436248118,299.1998128890991
1726.0,17.80193413307357,14301.0,15582.0,7096.0,0.9453749369520776,299.2648301124573
1727.0,17.784132198940494,14301.0,15377.0,7104.0,0.9453217801071045,299.3298420906067
1728.0,17.766348066741553,14301.0,15408.0,6945.0,0.9452685730454857,299.3944480419159
1729.0,17.748581718674814,14301.0,15003.0,7167.0,0.9452153157227815,299.45916295051575
1730.0,17.73083313695614,14301.0,15028.0,6765.0,0.9451620080945186,299.524395942688
1731.0,17.713102303819184,14301.0,15558.0,6986.0,0.9451086501161903,299.5904531478882
1732.0,17.695389201515365,14301.0,14863.0,7010.0,0.9450552417432567,299.6549861431122
1733.0,17.677693812313848,14301.0,15160.0,7064.0,0.9450017829311448,299.71883893013
1734.0,17.660016118501535,14301.0,15227.0,6987.0,0.9449482736352478,299.78323006629944
1735.0,17.642356102383033,14301.0,15432.0,6842.0,0.9448947138109257,299.8480589389801
1736.0,17.62471374628065,14301.0,15412.0,7079.0,0.9448411034135054,299.92030596733093
1737.0,17.607089032534372,14301.0,15269.0,7040.0,0.9447874423982798,300.02196311950684
1738.0,17.589481943501838,14301.0,14830.0,7046.0,0.944733730720509,300.09237480163574
1739.0,17.571892461558335,14301.0,15045.0,7061.0,0.9446799683354193,300.16244316101074
1740.0,17.554320569096777,14301.0,15151.0,7017.0,0.9446261551982037,300.23268485069275
1741.0,17.53676624852768,14301.0,14982.0,7020.0,0.9445722912640218,300.29695177078247
1742.0,17.51922948227915,14301.0,15346.0,6854.0,0.9445183764879995,300.36014699935913
1743.0,17.501710252796872,14301.0,15835.0,7178.0,0.9444644108252296,300.4239408969879
1744.0,17.484208542544074,14301.0,15402.0,7054.0,0.9444103942307711,300.4875910282135
1745.0,17.46672433400153,14301.0,14891.0,6843.0,0.9443563266596496,300.5509159564972
1746.0,17.449257609667526,14301.0,15318.0,6669.0,0.9443022080668574,300.61415100097656
1747.0,17.43180835205786,14301.0,15387.0,7059.0,0.9442480384073529,300.6772060394287
1748.0,17.414376543705803,14301.0,14648.0,6822.0,0.9441938176360613,300.74039101600647
1749.0,17.396962167162098,14301.0,15479.0,6762.0,0.9441395457078741,300.8032488822937
1750.0,17.379565204994936,14268.0,15058.0,6841.0,0.9440852225776493,300.8656768798828
1751.0,17.362185639789942,14070.0,15031.0,6795.0,0.9440308482002111,300.92839002609253
1752.0,17.344823454150152,14070.0,15356.0,6675.0,0.9439764225303506,300.9916019439697
1753.0,17.327478630696003,14070.0,15459.0,6790.0,0.943921945522825,301.0549750328064
1754.0,17.310151152065306,14070.0,14819.0,6698.0,0.9438674171323579,301.117378950119
1755.0,17.29284100091324,14070.0,15238.0,6787.0,0.9438128373136393,301.179936170578
1756.0,17.275548159912326,14070.0,15336.0,6804.0,0.9437582060213255,301.242644071579
1757.0,17.258272611752414,14070.0,15632.0,6697.0,0.9437035232100395,301.3050730228424
1758.0,17.241014339140662,14070.0,15006.0,6775.0,0.9436487888343702,301.3678159713745
1759.0,17.22377332480152,14070.0,14962.0,6751.0,0.9435940028488732,301.43017983436584
1760.0,17.20654955147672,14070.0,15622.0,6725.0,0.9435391652080702,301.49298000335693
1761.0,17.18934300192524,14070.0,14687.0,6775.0,0.9434842758664493,301.55517983436584
1762.0,17.172153658923317,14070.0,15166.0,6464.0,0.9434293347784649,301.61743998527527
1763.0,17.154981505264395,14070.0,15333.0,6635.0,0.9433743418985379,301.6797499656677
1764.0,17.13782652375913,14070.0,15718.0,6703.0,0.9433192971810549,301.7416400909424
1765.0,17.120688697235373,14070.0,15052.0,6548.0,0.9432642005803694,301.8034677505493
1766.0,17.103568008538137,14070.0,15477.0,6648.0,0.9432090520508007,301.8651030063629
1767.0,17.0864644405296,14070.0,14876.0,6757.0,0.9431538515466349,301.92704701423645
1768.0,17.06937797608907,14070.0,15098.0,6502.0,0.9430985990221237,301.9885449409485
1769.0,17.05230859811298,14070.0,15039.0,6394.0,0.9430432944314855,302.0505769252777
1770.0,17.035256289514866,14070.0,15078.0,6851.0,0.9429879377289044,302.11231803894043
1771.0,17.018221033225352,14070.0,15673.0,6633.0,0.9429325288685314,302.1740708351135
1772.0,17.001202812192126,14070.0,14748.0,6718.0,0.9428770678044831,302.2355840206146
1773.0,16.984201609379934,14070.0,14985.0,6341.0,0.9428215544908426,302.2976839542389
1774.0,16.967217407770555,14070.0,15325.0,6289.0,0.9427659888816591,302.3591499328613
1775.0,16.950250190362784,14070.0,15075.0,6519.0,0.9427103709309477,302.4211139678955
1776.0,16.93329994017242,14070.0,14880.0,6428.0,0.94265470059269,302.48243594169617
1777.0,16.916366640232248,14070.0,15232.0,6486.0,0.9425989778208337,302.54388308525085
1778.0,16.899450273592016,14070.0,15502.0,6781.0,0.9425432025692922,302.6047029495239
1779.0,16.882550823318425,14070.0,15167.0,6349.0,0.9424873747919458,302.6659789085388
1780.0,16.865668272495107,14070.0,15445.0,6297.0,0.9424314944426401,302.7268590927124
1781.0,16.848802604222612,14070.0,15133.0,6198.0,0.9423755614751872,302.78688383102417
1782.0,16.83195380161839,14070.0,15473.0,6423.0,0.9423195758433652,302.8470470905304
1783.0,16.815121847816773,14070.0,15541.0,6357.0,0.9422635375009183,302.90737795829773
1784.0,16.798306725968956,14070.0,15169.0,6220.0,0.9422074464015567,302.9681770801544
1785.0,16.781508419242986,14070.0,14906.0,6436.0,0.9421513024989567,303.02874302864075
1786.0,16.764726910823743,14070.0,15180.0,6319.0,0.9420951057467606,303.0892608165741
1787.0,16.747962183912918,14070.0,14816.0,6156.0,0.9420388560985766,303.1544289588928
1788.0,16.731214221729005,14070.0,14832.0,6257.0,0.9419825535079792,303.21915197372437
1789.0,16.714483007507276,14070.0,15145.0,6155.0,0.9419261979285088,303.2802047729492
1790.0,16.697768524499768,14070.0,15082.0,6392.0,0.9418697893136716,303.34063506126404
1791.0,16.681070755975266,14070.0,15230.0,6449.0,0.9418133276169399,303.40160489082336
1792.0,16.66438968521929,14070.0,14900.0,6199.0,0.941756812791752,303.46465277671814
1793.0,16.647725295534073,14062.0,15161.0,6234.0,0.9417002447915124,303.54288601875305
1794.0,16.63107757023854,14062.0,15409.0,6387.0,0.941643623569591,303.63129687309265
1795.0,16.6144464926683,14062.0,15136.0,6181.0,0.9415869490793239,303.7112469673157
1796.0,16.597832046175633,14062.0,14809.0,6150.0,0.9415302212740134,303.82326889038086
1797.0,16.581234214129456,14062.0,14891.0,6082.0,0.9414734401069275,303.8873119354248
1798.0,16.564652979915326,14062.0,14750.0,6230.0,0.9414166055312998,303.94997787475586
1799.0,16.54808832693541,14062.0,14929.0,5880.0,0.9413597175003302,304.0118639469147
1800.0,16.531540238608475,14062.0,14874.0,6180.0,0.9413027759671845,304.07355403900146
1801.0,16.515008698369865,14062.0,15343.0,6057.0,0.9412457808849941,304.134644985199
1802.0,16.498493689671495,14062.0,15381.0,6254.0,0.9411887322068565,304.1957368850708
1803.0,16.481995195981824,14062.0,14812.0,6078.0,0.9411316298858349,304.25722789764404
1804.0,16.465513200785843,14062.0,14398.0,6206.0,0.9410744738749584,304.3177649974823
1805.0,16.449047687585058,14062.0,15326.0,6319.0,0.941017264127222,304.3783829212189
1806.0,16.432598639897474,14062.0,14468.0,5979.0,0.9409600005955864,304.43859696388245
1807.0,16.416166041257576,14062.0,14858.0,6050.0,0.9409026832329781,304.50131392478943
1808.0,16.39974987521632,14062.0,14989.0,6050.0,0.9408453119922897,304.56318497657776
1809.0,16.383350125341103,14062.0,15049.0,6172.0,0.9407878868263793,304.6244659423828
1810.0,16.36696677521576,14062.0,14877.0,6035.0,0.9407304076880706,304.68533301353455
1811.0,16.350599808440546,14062.0,14670.0,5791.0,0.9406728745301537,304.7461290359497
1812.0,16.334249208632105,14062.0,14872.0,6072.0,0.9406152873053838,304.80808782577515
1813.0,16.317914959423472,14062.0,14818.0,5884.0,0.9405576459664824,304.8684630393982
1814.0,16.30159704446405,14062.0,14695.0,5900.0,0.9404999504661362,304.9279499053955
1815.0,16.285295447419585,14062.0,14618.0,5900.0,0.9404422007569981,304.9883379936218
1816.0,16.269010151972164,14062.0,15044.0,5937.0,0.9403843967916866,305.0492351055145
1817.0,16.25274114182019,14062.0,14617.0,6003.0,0.9403265385227857,305.11002492904663
1818.0,16.236488400678372,14062.0,15059.0,5949.0,0.9402686259028452,305.16991090774536
1819.0,16.220251912277693,14062.0,14553.0,5718.0,0.9402106588843808,305.22904205322266
1820.0,16.204031660365416,14062.0,15088.0,5826.0,0.9401526374198738,305.2887649536133
1821.0,16.18782762870505,14062.0,14327.0,5701.0,0.9400945614617708,305.34756898880005
1822.0,16.171639801076346,14062.0,15079.0,5771.0,0.9400364309624847,305.40607500076294
1823.0,16.15546816127527,14062.0,14758.0,5900.0,0.9399782458743935,305.46493697166443
1824.0,16.139312693113993,14062.0,14854.0,5765.0,0.9399200061498412,305.52384996414185
1825.0,16.12317338042088,14062.0,15344.0,5913.0,0.9398617117411371,305.58213686943054
1826.0,16.10705020704046,14062.0,14648.0,5704.0,0.9398033626005565,305.6410231590271
1827.0,16.09094315683342,14062.0,15295.0,5875.0,0.9397449586803401,305.6999650001526
1828.0,16.074852213676586,14062.0,15287.0,5934.0,0.9396864999326944,305.7579867839813
1829.0,16.05877736146291,14062.0,14927.0,5873.0,0.9396279863097909,305.81670904159546
1830.0,16.042718584101447,14062.0,14793.0,6030.0,0.9395694177637676,305.87591576576233
1831.0,16.026675865517344,14062.0,14860.0,5803.0,0.9395107942467273,305.9349489212036
1832.0,16.010649189651826,14062.0,15537.0,5924.0,0.9394521157107389,305.9942090511322
1833.0,15.994638540462175,14062.0,15232.0,5814.0,0.9393933821078365,306.05278396606445
1834.0,15.978643901921712,14062.0,14962.0,5769.0,0.9393345933900199,306.21312499046326
1835.0,15.96266525801979,14062.0,15056.0,5823.0,0.9392757495092544,306.2755229473114
1836.0,15.94670259276177,14062.0,14839.0,5554.0,0.9392168504174708,306.33453702926636
1837.0,15.930755890169008,14062.0,15026.0,5575.0,0.9391578960665657,306.3939208984375
1838.0,15.91482513427884,14062.0,14706.0,5812.0,0.9390988864084008,306.4554798603058
1839.0,15.89891030914456,14062.0,14542.0,5595.0,0.9390398213948035,306.514497756958
1840.0,15.883011398835414,13861.0,15057.0,5565.0,0.9389807009775667,306.5737187862396
1841.0,15.867128387436578,13861.0,15230.0,5627.0,0.9389215251084487,306.6325068473816
1842.0,15.851261259049142,13861.0,14662.0,5667.0,0.9388622937391735,306.6911859512329
1843.0,15.835409997790093,13861.0,14721.0,5497.0,0.9388030068214304,306.74960112571716
1844.0,15.819574587792303,13861.0,14686.0,5530.0,0.9387436643068741,306.8079409599304
1845.0,15.80375501320451,13861.0,14735.0,5514.0,0.9386842661471246,306.8658709526062
1846.0,15.787951258191306,13861.0,14920.0,5709.0,0.938624812293768,306.9235849380493
1847.0,15.772163306933114,13861.0,14777.0,5523.0,0.9385653026983551,306.9813709259033
1848.0,15.756391143626182,13861.0,14791.0,5666.0,0.9385057373124025,307.03911781311035
1849.0,15.740634752482556,13861.0,14642.0,5450.0,0.9384461160873921,307.09682297706604
1850.0,15.724894117730074,13861.0,14492.0,5378.0,0.9383864389747713,307.15475702285767
1851.0,15.709169223612344,13861.0,15360.0,5390.0,0.9383267059259527,307.21285486221313
1852.0,15.693460054388732,13861.0,14767.0,5506.0,0.9382669168923145,307.2701268196106
1853.0,15.677766594334344,13861.0,14425.0,5556.0,0.9382070718252001,307.3277997970581
1854.0,15.662088827740009,13861.0,14445.0,5547.0,0.9381471706759186,307.3858850002289
1855.0,15.646426738912268,13861.0,14315.0,5522.0,0.938087213395744,307.44269704818726
1856.0,15.630780312173355,13861.0,14398.0,5300.0,0.9380271999359159,307.5004189014435
1857.0,15.615149531861181,13861.0,14685.0,5535.0,0.9379671302476393,307.55792593955994
1858.0,15.59953438232932,13861.0,14953.0,5341.0,0.9379070042820844,307.61653113365173
1859.0,15.583934847946992,13861.0,14959.0,5452.0,0.9378468219903869,307.67433500289917
1860.0,15.568350913099044,13861.0,14496.0,5464.0,0.9377865833236476,307.7311999797821
1861.0,15.552782562185945,13861.0,14430.0,5376.0,0.9377262882329328,307.7881717681885
1862.0,15.53722977962376,13861.0,14279.0,5453.0,0.9376659366692739,307.84487199783325
1863.0,15.521692549844136,13861.0,14555.0,5348.0,0.9376055285836679,307.9022800922394
1864.0,15.506170857294292,13861.0,14760.0,5332.0,0.9375450639270766,307.95875692367554
1865.0,15.490664686436997,13861.0,14636.0,5413.0,0.9374845426504278,308.01535391807556
1866.0,15.47517402175056,13861.0,14236.0,5348.0,0.9374239647046138,308.0714099407196
1867.0,15.45969884772881,13861.0,14593.0,5246.0,0.9373633300404927,308.1276261806488
1868.0,15.444239148881081,13861.0,15191.0,5424.0,0.9373026386088875,308.1851239204407
1869.0,15.4287949097322,13807.0,14903.0,5258.0,0.9372418903605869,308.24287605285645
1870.0,15.413366114822468,13807.0,15062.0,5154.0,0.9371810852463442,308.3003969192505
1871.0,15.397952748707645,13807.0,14386.0,5160.0,0.9371202232168787,308.3577501773834
1872.0,15.382554795958937,13807.0,14710.0,5183.0,0.9370593042228741,308.4148449897766
1873.0,15.367172241162978,13643.0,14864.0,5037.0,0.93699832821498,308.4709119796753
1874.0,15.351805068921815,13643.0,14624.0,5353.0,0.9369372951438106,308.5269777774811
1875.0,15.336453263852892,13643.0,14470.0,5189.0,0.9368762049599461,308.58313512802124
1876.0,15.32111681058904,13643.0,14671.0,5255.0,0.936815057613931,308.6389310359955
1877.0,15.30579569377845,13643.0,14764.0,5148.0,0.9367538530562756,308.6940779685974
1878.0,15.29048989808467,13643.0,14747.0,5234.0,0.9366925912374551,308.74971199035645
1879.0,15.275199408186586,13643.0,14662.0,5254.0,0.93663127210791,308.805459022522
1880.0,15.259924208778399,13643.0,14683.0,5324.0,0.9365698956180458,308.86113691329956
1881.0,15.24466428456962,13643.0,14958.0,5352.0,0.9365084617182333,308.91732001304626
1882.0,15.22941962028505,13643.0,14691.0,5235.0,0.9364469703588085,308.9728889465332
1883.0,15.214190200664765,13643.0,14226.0,4963.0,0.9363854214900724,309.0288209915161
1884.0,15.1989760104641,13643.0,14592.0,5075.0,0.9363238150622911,309.0843999385834
1885.0,15.183777034453637,13643.0,14480.0,5257.0,0.936262151025696,309.14087891578674
1886.0,15.168593257419184,13643.0,14573.0,5151.0,0.9362004293304833,309.19678711891174
1887.0,15.153424664161765,13643.0,14365.0,5238.0,0.9361386499268147,309.2520709037781
1888.0,15.138271239497604,13643.0,14453.0,5107.0,0.9360768127648168,309.3067328929901
1889.0,15.123132968258107,13643.0,14907.0,5201.0,0.9360149177945812,309.3614499568939
1890.0,15.108009835289849,13643.0,14835.0,5236.0,0.9359529649661649,309.4163920879364
1891.0,15.09290182545456,13643.0,15107.0,5139.0,0.9358909542295896,309.4716429710388
1892.0,15.077808923629105,13643.0,14311.0,5165.0,0.9358288855348422,309.5263829231262
1893.0,15.062731114705477,13643.0,14241.0,4895.0,0.9357667588318749,309.58139991760254
1894.0,15.047668383590771,13643.0,14331.0,4892.0,0.9357045740706047,309.6366648674011
1895.0,15.03262071520718,13643.0,14563.0,4998.0,0.9356423312009137,309.69113516807556
1896.0,15.017588094491973,13643.0,14877.0,4987.0,0.9355800301726491,309.7458140850067
1897.0,15.00257050639748,13643.0,14372.0,4987.0,0.9355176709356231,309.8006811141968
1898.0,14.987567935891084,13643.0,14726.0,5060.0,0.935455253439613,309.85467410087585
1899.0,14.972580367955192,13643.0,14308.0,4903.0,0.9353927776343609,309.9090609550476
1900.0,14.957607787587238,13643.0,14279.0,4921.0,0.9353302434695742,309.9637668132782
1901.0,14.942650179799651,13643.0,14795.0,4764.0,0.9352676508949251,310.01868891716003
1902.0,14.927707529619852,13643.0,14390.0,4891.0,0.9352049998600511,310.07455492019653
1903.0,14.912779822090233,13643.0,14571.0,4758.0,0.9351422903145543,310.1289749145508
1904.0,14.897867042268143,13643.0,14675.0,4964.0,0.9350795222080022,310.1841719150543
1905.0,14.882969175225874,13643.0,14375.0,4849.0,0.9350166954899267,310.2385821342468
1906.0,14.868086206050648,13643.0,14449.0,4990.0,0.9349538101098254,310.2927289009094
1907.0,14.853218119844598,13643.0,14453.0,4766.0,0.9348908660171602,310.3462600708008
1908.0,14.838364901724754,13643.0,14216.0,4708.0,0.9348278631613586,310.400691986084
1909.0,14.82352653682303,13643.0,15203.0,5074.0,0.9347648014918125,310.4547770023346
1910.0,14.808703010286207,13643.0,14617.0,4868.0,0.9347016809578792,310.5087890625
1911.0,14.79389430727592,13643.0,14044.0,4743.0,0.9346385015088806,310.5625298023224
1912.0,14.779100412968644,13643.0,14207.0,4600.0,0.9345752630941037,310.6162300109863
1913.0,14.764321312555674,13643.0,14074.0,4678.0,0.9345119656628004,310.6702139377594
1914.0,14.749556991243118,13643.0,14990.0,4861.0,0.9344486091641876,310.7233340740204
1915.0,14.734807434251875,13643.0,14749.0,4949.0,0.934385193547447,310.7774350643158
1916.0,14.720072626817624,13643.0,14517.0,4822.0,0.9343217187617252,310.8305559158325
1917.0,14.705352554190807,13643.0,14568.0,4761.0,0.934258184756134,310.88411808013916
1918.0,14.690647201636615,13643.0,14826.0,4810.0,0.9341945914797498,310.9379050731659
1919.0,14.675956554434979,13643.0,14565.0,4720.0,0.9341309388816139,310.991329908371
1920.0,14.661280597880545,13643.0,14928.0,4856.0,0.9340672269107326,311.04571294784546
1921.0,14.646619317282664,13643.0,14049.0,4784.0,0.9340034555160772,311.09927892684937
1922.0,14.63197269796538,13477.0,14181.0,4581.0,0.9339396246465835,311.1527729034424
1923.0,14.617340725267415,13477.0,14348.0,4671.0,0.9338757342511528,311.20580887794495
1924.0,14.602723384542147,13477.0,14485.0,4668.0,0.9338117842786504,311.2597510814667
1925.0,14.588120661157605,13477.0,14403.0,4815.0,0.9337477746779074,311.3133430480957
1926.0,14.573532540496448,13477.0,13815.0,4765.0,0.9336837053977189,311.3663058280945
1927.0,14.558959007955952,13477.0,14590.0,4708.0,0.9336195763868457,311.41910696029663
1928.0,14.544400048947995,13477.0,14019.0,4743.0,0.9335553875940127,311.4716069698334
1929.0,14.529855648899048,13477.0,14537.0,4672.0,0.9334911389679099,311.52571201324463
1930.0,14.515325793250149,13477.0,15037.0,4827.0,0.9334268304571924,311.58947014808655
1931.0,14.5008104674569,13477.0,14093.0,4745.0,0.9333624620104799,311.64232301712036
1932.0,14.486309656989443,13477.0,14339.0,4438.0,0.9332980335763567,311.6946339607239
1933.0,14.471823347332453,13477.0,14934.0,4571.0,0.9332335451033724,311.7473759651184
1934.0,14.457351523985121,13477.0,13900.0,4511.0,0.933168996540041,311.79943680763245
1935.0,14.442894172461136,13477.0,14143.0,4487.0,0.9331043878348416,311.85211992263794
1936.0,14.428451278288675,13477.0,14393.0,4600.0,0.933039718936218,311.9045820236206
1937.0,14.414022827010387,13477.0,14758.0,4621.0,0.9329749897925786,311.9568238258362
1938.0,14.399608804183377,13477.0,14832.0,4499.0,0.932910200352297,312.0087261199951
1939.0,14.385209195379193,13477.0,13901.0,4365.0,0.9328453505637112,312.06103110313416
1940.0,14.370823986183813,13477.0,14471.0,4451.0,0.9327804403751243,312.1131958961487
1941.0,14.35645316219763,13477.0,14026.0,4521.0,0.9327154697348039,312.1661469936371
1942.0,14.342096709035433,13477.0,14328.0,4467.0,0.9326504385909825,312.218652009964
1943.0,14.327754612326398,13477.0,14195.0,4520.0,0.9325853468918575,312.27140378952026
1944.0,14.313426857714072,13477.0,14428.0,4489.0,0.9325201945855909,312.324275970459
1945.0,14.299113430856357,13477.0,13873.0,4377.0,0.9324549816203093,312.3767650127411
1946.0,14.2848143174255,13477.0,14284.0,4358.0,0.9323897079441045,312.429016828537
1947.0,14.270529503108074,13477.0,14231.0,4433.0,0.9323243735050327,312.48062896728516
1948.0,14.256258973604966,13477.0,14653.0,4333.0,0.932258978251115,312.53215193748474
1949.0,14.242002714631361,13477.0,14611.0,4468.0,0.9321935221303371,312.58493089675903
1950.0,14.22776071191673,13477.0,14253.0,4446.0,0.9321280050906496,312.6368751525879
1951.0,14.213532951204813,13477.0,14488.0,4474.0,0.9320624270799678,312.6882710456848
1952.0,14.199319418253609,13477.0,13993.0,4508.0,0.9319967880461716,312.7404179573059
1953.0,14.185120098835355,13477.0,14391.0,4266.0,0.9319310879371058,312.7922010421753
1954.0,14.17093497873652,13477.0,14208.0,4379.0,0.9318653267005796,312.8443579673767
1955.0,14.156764043757784,13477.0,13912.0,4480.0,0.9317995042843675,312.89608097076416
1956.0,14.142607279714026,13477.0,13789.0,4266.0,0.9317336206362082,312.9477288722992
1957.0,14.128464672434312,13477.0,14506.0,4435.0,0.9316676757038053,312.99906492233276
1958.0,14.114336207761877,13477.0,13863.0,4192.0,0.931601669434827,313.050096988678
1959.0,14.100221871554115,13477.0,14091.0,4363.0,0.9315356017769063,313.10149693489075
1960.0,14.08612164968256,13477.0,14320.0,4496.0,0.9314694726776409,313.1530010700226
1961.0,14.072035528032877,13477.0,13989.0,4370.0,0.9314032820845932,313.2048530578613
1962.0,14.057963492504845,13477.0,14486.0,4329.0,0.9313370299452902,313.2565200328827
1963.0,14.04390552901234,13477.0,14269.0,4276.0,0.9312707162072236,313.3070650100708
1964.0,14.029861623483328,13477.0,14347.0,4469.0,0.9312043408178499,313.35821080207825
1965.0,14.015831761859845,13477.0,14350.0,4334.0,0.93113790372459,313.4093110561371
1966.0,14.001815930097985,13477.0,14045.0,4422.0,0.93107140487483,313.46135783195496
1967.0,13.987814114167888,13477.0,14146.0,4294.0,0.9310048442159201,313.51289987564087
1968.0,13.97382630005372,13477.0,13885.0,4269.0,0.9309382216951754,313.5632119178772
1969.0,13.959852473753665,13477.0,14333.0,4232.0,0.9308715372598757,313.6145050525665
1970.0,13.945892621279912,13477.0,14241.0,4408.0,0.9308047908572653,313.66550397872925
1971.0,13.931946728658632,13477.0,14104.0,4267.0,0.9307379824345535,313.71648597717285
1972.0,13.918014781929973,13477.0,14839.0,4485.0,0.930671111938914,313.76768589019775
1973.0,13.904096767148042,13477.0,14286.0,4359.0,0.9306041793174851,313.8187999725342
1974.0,13.890192670380895,13306.0,13460.0,4035.0,0.9305371845173698,313.8700439929962
1975.0,13.876302477710514,13306.0,14598.0,4235.0,0.9304701274856357,313.92085003852844
1976.0,13.862426175232804,13306.0,14293.0,4206.0,0.9304030081693153,313.971951007843
1977.0,13.84856374905757,13306.0,14246.0,4070.0,0.9303358265154054,314.02301812171936
1978.0,13.834715185308513,13306.0,13841.0,4162.0,0.9302685824708676,314.0736029148102
1979.0,13.820880470123203,13306.0,14116.0,4195.0,0.9302012759826283,314.12462091445923
1980.0,13.80705958965308,13306.0,14255.0,4186.0,0.9301339069975779,314.1749279499054
1981.0,13.793252530063429,13306.0,14142.0,4300.0,0.9300664754625723,314.22570300102234
1982.0,13.779459277533364,13306.0,14496.0,4129.0,0.9299989813244314,314.2762818336487
1983.0,13.765679818255832,13306.0,14146.0,4047.0,0.9299314245299398,314.32646584510803
1984.0,13.751914138437575,13306.0,14260.0,4048.0,0.929863805025847,314.37688994407654
1985.0,13.738162224299138,13306.0,13787.0,3964.0,0.9297961227588668,314.4264237880707
1986.0,13.724424062074839,13306.0,13963.0,4005.0,0.9297283776756778,314.4770131111145
1987.0,13.710699638012764,13306.0,13783.0,3892.0,0.9296605697229232,314.52700996398926
1988.0,13.696988938374751,13306.0,14824.0,3876.0,0.9295926988472107,314.57722997665405
1989.0,13.683291949436377,13306.0,14227.0,4148.0,0.9295247649951127,314.627592086792
1990.0,13.669608657486942,13306.0,14161.0,4123.0,0.9294567681131661,314.6773090362549
1991.0,13.655939048829454,13306.0,14025.0,3993.0,0.9293887081478724,314.7273619174957
1992.0,13.642283109780625,13306.0,13904.0,4200.0,0.9293205850456979,314.7772490978241
1993.0,13.628640826670845,13306.0,14181.0,4006.0,0.9292523987530734,314.8268840312958
1994.0,13.615012185844174,13306.0,14295.0,4153.0,0.9291841492163941,314.8770251274109
1995.0,13.601397173658329,13306.0,14437.0,4105.0,0.92911583638202,314.9269959926605
1996.0,13.58779577648467,13306.0,13874.0,4147.0,0.9290474601962756,314.97677302360535
1997.0,13.574207980708186,13306.0,14216.0,3848.0,0.92897902060545,315.02632188796997
1998.0,13.560633772727478,13306.0,14318.0,4122.0,0.928910517555797,315.07670998573303
1999.0,13.547073138954751,13306.0,14134.0,4051.0,0.9288419509935348,315.12612795829773
2000.0,13.533526065815796,13306.0,14617.0,3974.0,0.9287733208648463,315.1759569644928
2001.0,13.51999253974998,13306.0,14249.0,4172.0,0.9287046271158789,315.2253110408783
2002.0,13.50647254721023,13306.0,13984.0,3982.0,0.9286358696927446,315.2742528915405
2003.0,13.49296607466302,13306.0,14417.0,3970.0,0.9285670485415201,315.3245840072632
2004.0,13.479473108588357,13306.0,14224.0,3964.0,0.9284981636082463,315.37362909317017
2005.0,13.465993635479768,13306.0,14035.0,3778.0,0.9284292148389294,315.42404198646545
2006.0,13.452527641844288,13306.0,13934.0,4146.0,0.9283602021795393,315.4732928276062
2007.0,13.439075114202444,13306.0,14049.0,3946.0,0.9282911255760111,315.52309799194336
2008.0,13.425636039088241,13306.0,13834.0,3906.0,0.9282219849742442,315.5718901157379
2009.0,13.412210403049153,13306.0,14343.0,3899.0,0.9281527803201026,315.62155294418335
2010.0,13.398798192646105,13306.0,14190.0,3848.0,0.9280835115594149,315.6707458496094
2011.0,13.385399394453458,13306.0,14486.0,3969.0,0.9280141786379743,315.72013807296753
2012.0,13.372013995059005,13306.0,13956.0,3947.0,0.9279447815015385,315.7697501182556
2013.0,13.358641981063945,13306.0,14125.0,3845.0,0.9278753200958296,315.81843996047974
2014.0,13.345283339082881,13306.0,14114.0,3676.0,0.9278057943665348,315.8674190044403
2015.0,13.331938055743798,13306.0,14177.0,3772.0,0.9277362042593051,315.9159698486328
2016.0,13.318606117688054,13306.0,13811.0,3768.0,0.9276665497197567,315.96454882621765
2017.0,13.305287511570366,13306.0,13668.0,3889.0,0.9275968306934702,316.0139379501343
2018.0,13.291982224058795,13306.0,14310.0,3877.0,0.9275270471259904,316.0630450248718
2019.0,13.278690241834736,13306.0,13618.0,3833.0,0.9274571989628272,316.1115229129791
2020.0,13.265411551592901,13306.0,13897.0,3807.0,0.9273872861494545,316.1594879627228
2021.0,13.252146140041308,13306.0,13970.0,3739.0,0.9273173086313115,316.2081320285797
2022.0,13.238893993901266,13306.0,14812.0,3968.0,0.9272472663538011,316.25697898864746
2023.0,13.225655099907366,13306.0,14082.0,3846.0,0.9271771592622912,316.3057827949524
2024.0,13.212429444807459,13306.0,14163.0,3849.0,0.9271069873021144,316.3543140888214
2025.0,13.19921701536265,13306.0,14221.0,3929.0,0.9270367504185676,316.4030239582062
2026.0,13.186017798347288,13306.0,13543.0,3647.0,0.9269664485569123,316.45154905319214
2027.0,13.172831780548941,13306.0,14293.0,3542.0,0.9268960816623747,316.49993991851807
2028.0,13.159658948768392,13306.0,14175.0,3790.0,0.9268256496801452,316.548122882843
2029.0,13.146499289819623,13306.0,14317.0,3683.0,0.9267551525553792,316.59596610069275
2030.0,13.133352790529804,13306.0,14154.0,3726.0,0.9266845902331964,316.6446259021759
2031.0,13.120219437739275,13306.0,14266.0,3698.0,0.9266139626586809,316.69225788116455
2032.0,13.107099218301535,13306.0,13976.0,3678.0,0.9265432697768818,316.7402808666229
2033.0,13.093992119083234,13306.0,14037.0,3637.0,0.9264725115328125,316.7890467643738
2034.0,13.08089812696415,13306.0,13926.0,3790.0,0.9264016878714508,316.8365490436554
2035.0,13.067817228837187,13306.0,14336.0,3612.0,0.9263307987377393,316.88426995277405
2036.0,13.05474941160835,13306.0,14149.0,3806.0,0.926259844076585,316.9318878650665
2037.0,13.041694662196742,13306.0,13996.0,3825.0,0.9261888238328597,316.97976779937744
2038.0,13.028652967534544,13306.0,13805.0,3643.0,0.9261177379513994,317.0266010761261
2039.0,13.01562431456701,13306.0,13698.0,3603.0,0.9260465863770049,317.0745701789856
2040.0,13.002608690252442,13301.0,13544.0,3517.0,0.9259753690544414,317.1213970184326
2041.0,12.98960608156219,13151.0,13218.0,3460.0,0.9259040859284391,317.1693367958069
2042.0,12.976616475480627,13151.0,13766.0,3443.0,0.925832736943692,317.21756505966187
2043.0,12.963639859005147,13151.0,13920.0,3583.0,0.9257613220448592,317.26536202430725
2044.0,12.95067621914614,13104.0,13700.0,3420.0,0.9256898411765643,317.31279015541077
2045.0,12.937725542926994,13104.0,14247.0,3515.0,0.9256182942833954,317.3599729537964
2046.0,12.924787817384068,13104.0,14337.0,3670.0,0.9255466813099049,317.40803480148315
2047.0,12.911863029566684,13104.0,13403.0,3583.0,0.9254750022006104,317.4554159641266
2048.0,12.898951166537117,13104.0,13839.0,3483.0,0.9254032568999935,317.5025329589844
2049.0,12.88605221537058,13104.0,13617.0,3520.0,0.9253314453525004,317.5501608848572
2050.0,12.87316616315521,13104.0,13970.0,3682.0,0.9252595675025422,317.5971579551697
2051.0,12.860292996992055,13104.0,13547.0,3641.0,0.9251876232944943,317.64356207847595
2052.0,12.847432703995063,12961.0,13326.0,3254.0,0.9251156126726968,317.6901137828827
2053.0,12.834585271291068,12961.0,13938.0,3400.0,0.9250435355814542,317.7374339103699
2054.0,12.821750686019778,12961.0,14062.0,3478.0,0.9249713919650359,317.78386211395264
2055.0,12.808928935333757,12961.0,13926.0,3618.0,0.9248991817676754,317.8305821418762
2056.0,12.796120006398423,12961.0,13874.0,3524.0,0.9248269049335712,317.8767681121826
2057.0,12.783323886392024,12961.0,13399.0,3412.0,0.9247545614068862,317.92414593696594
2058.0,12.770540562505632,12961.0,13986.0,3457.0,0.9246821511317478,317.9708459377289
2059.0,12.757770021943125,12961.0,13599.0,3343.0,0.9246096740522481,318.01749300956726
2060.0,12.745012251921182,12961.0,13476.0,3541.0,0.9245371301124439,318.0636639595032
2061.0,12.73226723966926,12961.0,13910.0,3473.0,0.9244645192563562,318.11021900177
2062.0,12.71953497242959,12961.0,13566.0,3451.0,0.924391841427971,318.1566729545593
2063.0,12.706815437457161,12961.0,13773.0,3483.0,0.9243190965712387,318.20345401763916
2064.0,12.694108622019703,12961.0,13933.0,3407.0,0.9242462846300741,318.2497088909149
2065.0,12.681414513397684,12961.0,14239.0,3352.0,0.924173405548357,318.2960479259491
2066.0,12.668733098884285,12961.0,13646.0,3468.0,0.9241004592699315,318.3421788215637
2067.0,12.6560643657854,12961.0,13652.0,3359.0,0.9240274457386064,318.38793778419495
2068.0,12.643408301419615,12961.0,13705.0,3169.0,0.9239543648981551,318.4338037967682
2069.0,12.630764893118196,12961.0,14020.0,3373.0,0.9238812166923156,318.4794099330902
2070.0,12.618134128225078,12961.0,13869.0,3286.0,0.9238080010647904,318.5251290798187
2071.0,12.605515994096853,12961.0,13753.0,3356.0,0.9237347179592468,318.570729970932
2072.0,12.592910478102757,12961.0,13648.0,3326.0,0.9236613673193165,318.6169970035553
2073.0,12.580317567624654,12961.0,13639.0,3184.0,0.9235879490885959,318.66275000572205
2074.0,12.567737250057029,12961.0,13487.0,3290.0,0.9235144632106461,318.70895504951477
2075.0,12.555169512806971,12961.0,13415.0,3149.0,0.9234409096289928,318.7547700405121
2076.0,12.542614343294165,12961.0,13699.0,3215.0,0.9233672882871262,318.80098485946655
2077.0,12.53007172895087,12961.0,13857.0,3239.0,0.9232935991285012,318.84668612480164
2078.0,12.51754165722192,12961.0,14036.0,3456.0,0.9232198420965372,318.8923559188843
2079.0,12.505024115564698,12961.0,13962.0,3460.0,0.9231460171346185,318.93798780441284
2080.0,12.492519091449132,12961.0,13834.0,3397.0,0.9230721241860939,318.98383808135986
2081.0,12.480026572357684,12961.0,13583.0,3242.0,0.9229981631942767,319.0293998718262
2082.0,12.467546545785325,12961.0,14069.0,3317.0,0.9229241341024451,319.07499504089355
2083.0,12.45507899923954,12961.0,13753.0,3298.0,0.9228500368538416,319.12081599235535
2084.0,12.4426239202403,12961.0,13957.0,3275.0,0.9227758713916737,319.1663110256195
2085.0,12.43018129632006,12961.0,13871.0,3432.0,0.9227016376591133,319.2119970321655
2086.0,12.417751115023739,12961.0,13453.0,3229.0,0.9226273355992972,319.2570049762726
2087.0,12.405333363908715,12961.0,13903.0,3077.0,0.9225529651553266,319.30206298828125
2088.0,12.392928030544807,12961.0,14235.0,3184.0,0.9224785262702674,319.34730100631714
2089.0,12.380535102514262,12961.0,13760.0,3281.0,0.9224040188871503,319.39347100257874
2090.0,12.368154567411748,12961.0,13846.0,3283.0,0.9223294429489707,319.43843698501587
2091.0,12.355786412844337,12961.0,13742.0,3258.0,0.9222547983986884,319.4846019744873
2092.0,12.343430626431493,12961.0,13887.0,3396.0,0.9221800851792282,319.529541015625
2093.0,12.331087195805061,12961.0,13793.0,3306.0,0.9221053032334794,319.57518911361694
2094.0,12.318756108609255,12961.0,13574.0,3036.0,0.9220304525042959,319.6204581260681
2095.0,12.306437352500646,12961.0,13736.0,3182.0,0.9219555329344966,319.6656219959259
2096.0,12.294130915148145,12961.0,13812.0,3254.0,0.9218805444668647,319.7102291584015
2097.0,12.281836784232997,12961.0,13568.0,3112.0,0.9218054870441484,319.7551748752594
2098.0,12.269554947448764,12961.0,13551.0,3048.0,0.9217303606090606,319.7999141216278
2099.0,12.257285392501315,12961.0,13699.0,3124.0,0.9216551651042786,319.84520292282104
2100.0,12.245028107108814,12953.0,13579.0,3033.0,0.9215799004724449,319.88911294937134
2101.0,12.232783079001704,12953.0,13337.0,3124.0,0.9215045666561661,319.9338710308075
2102.0,12.220550295922703,12953.0,13706.0,3084.0,0.9214291635980141,319.9781370162964
2103.0,12.20832974562678,12953.0,13991.0,3176.0,0.9213536912405252,320.0226819515228
2104.0,12.196121415881153,12953.0,14112.0,3153.0,0.9212781495262006,320.06716990470886
2105.0,12.183925294465272,12953.0,13681.0,3305.0,0.921202538397506,320.11164593696594
2106.0,12.171741369170807,12953.0,13126.0,3110.0,0.9211268577968721,320.15593004226685
2107.0,12.159569627801636,12731.0,13069.0,2966.0,0.9210511076666943,320.2001760005951
2108.0,12.147410058173834,12731.0,13319.0,3065.0,0.9209752879493326,320.24469208717346
2109.0,12.13526264811566,12731.0,13887.0,2962.0,0.9208993985871118,320.2898588180542
2110.0,12.123127385467544,12731.0,13709.0,3225.0,0.9208234395223216,320.3337459564209
2111.0,12.111004258082076,12731.0,13908.0,3107.0,0.9207474106972163,320.37823605537415
2112.0,12.098893253823993,12731.0,13702.0,3026.0,0.9206713120540152,320.42266607284546
2113.0,12.086794360570169,12731.0,13611.0,3106.0,0.920595143534902,320.46673583984375
2114.0,12.074707566209598,12731.0,13224.0,2969.0,0.9205189050820257,320.5108160972595
2115.0,12.062632858643388,12731.0,13327.0,3102.0,0.9204425966374996,320.55463194847107
2116.0,12.050570225784744,12731.0,13510.0,2920.0,0.920366218143402,320.5982780456543
2117.0,12.038519655558959,12731.0,13195.0,2862.0,0.9202897695417761,320.6419620513916
2118.0,12.026481135903401,12731.0,13137.0,2775.0,0.9202132507746298,320.6856861114502
2119.0,12.014454654767498,12731.0,13554.0,3087.0,0.9201366617839357,320.7290210723877
2120.0,12.00244020011273,12731.0,13530.0,3062.0,0.9200600025116316,320.77239513397217
2121.0,11.990437759912616,12731.0,13325.0,2998.0,0.9199832728996195,320.81631803512573
2122.0,11.978447322152704,12731.0,13519.0,2896.0,0.9199064728897669,320.8595299720764
2123.0,11.96646887483055,12731.0,13399.0,2887.0,0.9198296024239057,320.9032368659973
2124.0,11.95450240595572,12731.0,13846.0,2972.0,0.9197526614438328,320.94733595848083
2125.0,11.942547903549764,12731.0,13763.0,3151.0,0.91967564989131,320.9907531738281
2126.0,11.930605355646215,12731.0,13502.0,3002.0,0.9195985677080639,321.03510785102844
2127.0,11.918674750290569,12731.0,13255.0,2995.0,0.9195214148357859,321.07893419265747
2128.0,11.906756075540278,12731.0,13432.0,2892.0,0.9194441912161323,321.1225838661194
2129.0,11.894849319464738,12731.0,13808.0,3005.0,0.9193668967907244,321.16625595092773
2130.0,11.882954470145274,12731.0,13653.0,3018.0,0.9192895315011482,321.2098979949951
2131.0,11.871071515675128,12731.0,13485.0,2952.0,0.9192120952889548,321.25310492515564
2132.0,11.859200444159454,12731.0,13331.0,2990.0,0.91913458809566,321.29657101631165
2133.0,11.847341243715293,12731.0,13533.0,2860.0,0.9190570098627445,321.33997797966003
2134.0,11.835493902471578,12731.0,13765.0,2873.0,0.9189793605316542,321.38364601135254
2135.0,11.823658408569106,12731.0,13656.0,3059.0,0.9189016400437996,321.42678904533386
2136.0,11.811834750160537,12731.0,13610.0,2973.0,0.9188238483405563,321.47007298469543
2137.0,11.800022915410377,12731.0,13238.0,2826.0,0.9187459853632648,321.51318311691284
2138.0,11.788222892494966,12731.0,13830.0,2903.0,0.9186680510532305,321.55669689178467
2139.0,11.776434669602471,12731.0,13356.0,3028.0,0.9185900453517237,321.59989309310913
2140.0,11.764658234932869,12731.0,13438.0,2942.0,0.9185119681999799,321.64341402053833
2141.0,11.752893576697936,12731.0,13727.0,2881.0,0.9184338195391993,321.6867129802704
2142.0,11.741140683121237,12731.0,13865.0,2818.0,0.9183555993105473,321.7401261329651
2143.0,11.729399542438117,12731.0,13402.0,2885.0,0.918277307455154,321.7825119495392
2144.0,11.717670142895678,12731.0,13825.0,2858.0,0.9181989439141147,321.82573986053467
2145.0,11.705952472752783,12731.0,13455.0,2877.0,0.9181205086284897,321.8677201271057
2146.0,11.69424652028003,12731.0,13616.0,2935.0,0.9180420015393043,321.9105408191681
2147.0,11.68255227375975,12731.0,13538.0,2783.0,0.9179634225875486,321.953243970871
2148.0,11.67086972148599,12731.0,13456.0,2761.0,0.917884771714178,321.995805978775
2149.0,11.659198851764504,12731.0,13215.0,2815.0,0.9178060488601129,322.0381679534912
2150.0,11.647539652912739,12731.0,13255.0,2834.0,0.9177272539662384,322.08008098602295
2151.0,11.635892113259827,12731.0,13198.0,2862.0,0.9176483869734051,322.1224238872528
2152.0,11.624256221146567,12731.0,13604.0,2843.0,0.9175694478224286,322.1647219657898
2153.0,11.61263196492542,12731.0,13411.0,2881.0,0.9174904364540891,322.20658707618713
2154.0,11.601019332960494,12588.0,13562.0,2756.0,0.9174113528091323,322.2489070892334
2155.0,11.589418313627533,12588.0,13438.0,2756.0,0.9173321968282692,322.29095697402954
2156.0,11.577828895313905,12588.0,13259.0,2857.0,0.9172529684521751,322.3342800140381
2157.0,11.566251066418591,12588.0,13551.0,2723.0,0.9171736676214912,322.3763439655304
2158.0,11.554684815352172,12588.0,13583.0,2738.0,0.9170942942768234,322.41932797431946
2159.0,11.54313013053682,12588.0,13450.0,2639.0,0.9170148483587428,322.46103501319885
2160.0,11.531587000406283,12588.0,13304.0,2645.0,0.9169353298077857,322.50325202941895
2161.0,11.520055413405876,12588.0,13736.0,2720.0,0.9168557385644533,322.5450839996338
2162.0,11.50853535799247,12588.0,13508.0,2794.0,0.9167760745692124,322.5871329307556
2163.0,11.497026822634478,12588.0,13459.0,2803.0,0.9166963377624944,322.62921500205994
2164.0,11.485529795811843,12588.0,12749.0,2671.0,0.9166165280846962,322.6711571216583
2165.0,11.474044266016032,12588.0,13009.0,2536.0,0.91653664547618,322.71348214149475
2166.0,11.462570221750015,12588.0,13485.0,2609.0,0.9164566898772728,322.75555205345154
2167.0,11.451107651528265,12588.0,13448.0,2719.0,0.9163766612282671,322.79714584350586
2168.0,11.439656543876737,12588.0,13106.0,2733.0,0.9162965594694206,322.83896684646606
2169.0,11.42821688733286,12588.0,13002.0,2638.0,0.9162163845409559,322.8806929588318
2170.0,11.416788670445527,12588.0,13142.0,2662.0,0.9161361363830612,322.9221110343933
2171.0,11.405371881775082,12588.0,13023.0,2606.0,0.9160558149358897,322.96290707588196
2172.0,11.393966509893307,12588.0,13782.0,2688.0,0.9159754201395601,323.00467586517334
2173.0,11.382572543383414,12588.0,13300.0,2751.0,0.915894951934156,323.0465819835663
2174.0,11.371189970840032,12522.0,13028.0,2466.0,0.9158144102597267,323.0881350040436
2175.0,11.359818780869192,12522.0,13501.0,2632.0,0.9157337950562862,323.12956404685974
2176.0,11.348458962088323,12522.0,12862.0,2644.0,0.9156531062638142,323.1702859401703
2177.0,11.337110503126235,12522.0,13750.0,2469.0,0.9155723438222559,323.2116029262543
2178.0,11.325773392623109,12522.0,13241.0,2504.0,0.9154915076715213,323.2527289390564
2179.0,11.314447619230485,12522.0,13556.0,2603.0,0.915410597751486,323.29350686073303
2180.0,11.303133171611254,12522.0,13361.0,2545.0,0.9153296140019909,323.3346309661865
2181.0,11.291830038439644,12522.0,13522.0,2638.0,0.9152485563628422,323.37530612945557
2182.0,11.280538208401204,12522.0,13443.0,2553.0,0.9151674247738115,323.41632175445557
2183.0,11.269257670192802,12522.0,13035.0,2583.0,0.9150862191746357,323.4574410915375
2184.0,11.257988412522609,12522.0,13005.0,2515.0,0.9150049395050173,323.49827694892883
2185.0,11.246730424110087,12522.0,13008.0,2536.0,0.9149235857046238,323.53870606422424
2186.0,11.235483693685977,12522.0,13287.0,2514.0,0.9148421577130885,323.5792238712311
2187.0,11.224248209992291,12522.0,13317.0,2575.0,0.9147606554700098,323.620157957077
2188.0,11.2130239617823,12522.0,13043.0,2537.0,0.9146790789149517,323.66081190109253
2189.0,11.201810937820518,12522.0,12896.0,2471.0,0.9145974279874436,323.70181798934937
2190.0,11.190609126882698,12522.0,12910.0,2600.0,0.9145157026269803,323.74257588386536
2191.0,11.179418517755815,12522.0,13201.0,2531.0,0.9144339027730221,323.7833528518677
2192.0,11.16823909923806,12522.0,13149.0,2616.0,0.9143520283649947,323.82420802116394
2193.0,11.157070860138822,12522.0,13229.0,2594.0,0.9142700793422894,323.86474895477295
2194.0,11.145913789278683,12522.0,13174.0,2501.0,0.9141880556442631,323.9052879810333
2195.0,11.134767875489405,12522.0,13438.0,2647.0,0.9141059572102378,323.9456510543823
2196.0,11.123633107613916,12522.0,12949.0,2478.0,0.9140237839795013,323.98633193969727
2197.0,11.112509474506302,12522.0,13375.0,2460.0,0.9139415358913071,324.0265040397644
2198.0,11.101396965031796,12522.0,13271.0,2378.0,0.9138592128848739,324.06694197654724
2199.0,11.090295568066765,12522.0,13164.0,2400.0,0.9137768148993861,324.1071798801422
2200.0,11.079205272498697,12522.0,13283.0,2570.0,0.9136943418739937,324.1480531692505
2201.0,11.0681260672262,12522.0,13165.0,2591.0,0.9136117937478123,324.1886191368103
2202.0,11.057057941158973,12522.0,13213.0,2455.0,0.913529170459923,324.2295660972595
2203.0,11.046000883217815,12522.0,13186.0,2374.0,0.9134464719493726,324.26984310150146
2204.0,11.034954882334597,12522.0,12911.0,2463.0,0.9133636981551734,324.3109390735626
2205.0,11.023919927452262,12522.0,13490.0,2513.0,0.9132808490163036,324.3512010574341
2206.0,11.012896007524809,12522.0,12860.0,2526.0,0.9131979244717067,324.3912489414215
2207.0,11.001883111517284,12522.0,13190.0,2412.0,0.9131149244602922,324.4317660331726
2208.0,10.990881228405767,12522.0,13563.0,2508.0,0.9130318489209349,324.47211503982544
2209.0,10.979890347177362,12522.0,13290.0,2491.0,0.9129486977924758,324.5122489929199
2210.0,10.968910456830184,12522.0,13021.0,2472.0,0.9128654710137211,324.55202293395996
2211.0,10.957941546373354,12522.0,12916.0,2355.0,0.912782168523443,324.59214901924133
2212.0,10.94698360482698,12404.0,12899.0,2270.0,0.9126987902603793,324.6319398880005
2213.0,10.936036621222154,12404.0,12887.0,2237.0,0.9126153361632336,324.6720521450043
2214.0,10.925100584600932,12404.0,12952.0,2368.0,0.9125318061706754,324.7118217945099
2215.0,10.914175484016331,12404.0,12845.0,2394.0,0.9124482002213397,324.7517840862274
2216.0,10.903261308532315,12404.0,13030.0,2436.0,0.9123645182538275,324.7914698123932
2217.0,10.892358047223782,12404.0,13407.0,2413.0,0.9122807602067053,324.8313329219818
2218.0,10.881465689176558,12404.0,12885.0,2378.0,0.9121969260185061,324.87137484550476
2219.0,10.87058422348738,12404.0,12906.0,2433.0,0.912113015627728,324.91129088401794
2220.0,10.859713639263893,12404.0,12643.0,2292.0,0.9120290289728351,324.95080614089966
2221.0,10.84885392562463,12404.0,12957.0,2294.0,0.9119449659922577,324.9905459880829
2222.0,10.838005071699005,12404.0,13568.0,2488.0,0.9118608266243917,325.03024196624756
2223.0,10.827167066627306,12404.0,13176.0,2329.0,0.9117766108075989,325.0694921016693
2224.0,10.816339899560678,12404.0,13354.0,2350.0,0.9116923184802072,325.1089069843292
2225.0,10.805523559661117,12404.0,12781.0,2379.0,0.9116079495805101,325.1476471424103
2226.0,10.794718036101456,12404.0,12994.0,2278.0,0.9115235040467672,325.18648409843445
2227.0,10.783923318065353,12404.0,13166.0,2325.0,0.9114389818172043,325.2257878780365
2228.0,10.773139394747288,12404.0,12924.0,2343.0,0.9113543828300127,325.26489996910095
2229.0,10.762366255352541,12404.0,12872.0,2262.0,0.9112697070233501,325.30428099632263
2230.0,10.751603889097188,12404.0,13028.0,2197.0,0.9111849543353397,325.3433518409729
2231.0,10.74085228520809,12404.0,13003.0,2262.0,0.9111001247040714,325.38253808021545
2232.0,10.730111432922882,12404.0,13384.0,2422.0,0.9110152180676007,325.42129015922546
2233.0,10.71938132148996,12404.0,13022.0,2402.0,0.9109302343639489,325.46014189720154
2234.0,10.70866194016847,12404.0,13545.0,2462.0,0.9108451735311041,325.49895691871643
2235.0,10.697953278228303,12404.0,13221.0,2354.0,0.9107600355070196,325.53817892074585
2236.0,10.687255324950074,12404.0,13179.0,2320.0,0.9106748202296155,325.57783699035645
2237.0,10.676568069625125,12404.0,12787.0,2174.0,0.9105895276367777,325.61650490760803
2238.0,10.6658915015555,12404.0,13297.0,2340.0,0.9105041576663583,325.65571784973145
2239.0,10.655225610053945,12404.0,12786.0,2255.0,0.9104187102561755,325.69397592544556
2240.0,10.644570384443892,12332.0,12976.0,2046.0,0.9103331853440136,325.7322199344635
2241.0,10.633925814059447,12332.0,12786.0,2126.0,0.9102475828676232,325.7712049484253
2242.0,10.623291888245388,12221.0,12518.0,2054.0,0.9101619027647211,325.8099820613861
2243.0,10.612668596357143,12221.0,12580.0,2120.0,0.9100761449729903,325.84886598587036
2244.0,10.602055927760786,12221.0,12806.0,2188.0,0.9099903094300797,325.88766384124756
2245.0,10.591453871833025,12221.0,12681.0,2169.0,0.9099043960736051,325.9263319969177
2246.0,10.580862417961193,12221.0,12791.0,2256.0,0.9098184048411478,325.9645550251007
2247.0,10.57028155554323,12221.0,13210.0,2205.0,0.9097323356702562,326.0028839111328
2248.0,10.559711273987688,12221.0,12655.0,2216.0,0.9096461884984443,326.0410339832306
2249.0,10.5491515627137,12221.0,12896.0,2120.0,0.9095599632631927,326.0794870853424
2250.0,10.538602411150986,12221.0,12803.0,2160.0,0.9094736599019484,326.11778378486633
2251.0,10.528063808739835,12221.0,12820.0,2124.0,0.9093872783521245,326.1561050415039
2252.0,10.517535744931095,12221.0,12947.0,2212.0,0.9093008185511008,326.19455075263977
2253.0,10.507018209186164,12221.0,12665.0,2105.0,0.9092142804362232,326.2324619293213
2254.0,10.496511190976978,11872.0,12539.0,2085.0,0.9091276639448042,326.2703950405121
2255.0,10.486014679786,11872.0,13062.0,2139.0,0.9090409690141226,326.3099720478058
2256.0,10.475528665106214,11872.0,12927.0,2240.0,0.9089541955814237,326.3486249446869
2257.0,10.465053136441108,11872.0,12444.0,2079.0,0.9088673435839191,326.3864018917084
2258.0,10.454588083304667,11872.0,13068.0,2209.0,0.9087804129587872,326.4249129295349
2259.0,10.444133495221363,11872.0,12883.0,2279.0,0.9086934036431725,326.46337485313416
2260.0,10.433689361726142,11872.0,12879.0,2084.0,0.9086063155741865,326.50207710266113
2261.0,10.423255672364416,11872.0,13042.0,2259.0,0.9085191486889067,326.54051995277405
2262.0,10.412832416692051,11872.0,13101.0,2161.0,0.9084319029243776,326.5784239768982
2263.0,10.402419584275359,11872.0,13202.0,2278.0,0.9083445782176098,326.61632084846497
2264.0,10.392017164691083,11872.0,12922.0,2127.0,0.9082571745055811,326.65481305122375
2265.0,10.381625147526393,11872.0,12969.0,2205.0,0.9081696917252353,326.6935839653015
2266.0,10.371243522378865,11872.0,13057.0,2255.0,0.9080821298134832,326.73135018348694
2267.0,10.360872278856487,11872.0,12704.0,2113.0,0.9079944887072022,326.76904296875
2268.0,10.350511406577631,11872.0,12638.0,2162.0,0.9079067683432362,326.807049036026
2269.0,10.340160895171053,11872.0,12824.0,2110.0,0.9078189686583961,326.8447709083557
2270.0,10.329820734275883,11872.0,12608.0,2079.0,0.9077310895894589,326.8823399543762
2271.0,10.319490913541607,11872.0,12634.0,2046.0,0.9076431310731692,326.9200129508972
2272.0,10.309171422628065,11872.0,12778.0,2110.0,0.9075550930462376,326.95731115341187
2273.0,10.298862251205437,11872.0,12993.0,2076.0,0.9074669754453417,326.994961977005
2274.0,10.28856338895423,11872.0,12936.0,2094.0,0.9073787782071261,327.0326511859894
2275.0,10.278274825565276,11872.0,12870.0,2016.0,0.907290501268202,327.0700409412384
2276.0,10.267996550739712,11872.0,13151.0,2130.0,0.9072021445651474,327.1074278354645
2277.0,10.257728554188972,11872.0,12608.0,2023.0,0.9071137080345072,327.1451449394226
2278.0,10.247470825634784,11872.0,12840.0,2069.0,0.9070251916127932,327.18231296539307
2279.0,10.23722335480915,11872.0,12908.0,2033.0,0.9069365952364841,327.2202410697937
2280.0,10.22698613145434,11872.0,13030.0,1931.0,0.9068479188420253,327.2578749656677
2281.0,10.216759145322886,11872.0,12942.0,2170.0,0.9067591623658295,327.2951400279999
2282.0,10.206542386177563,11872.0,12828.0,2069.0,0.9066703257442761,327.3327009677887
2283.0,10.196335843791386,11872.0,12691.0,2058.0,0.9065814089137115,327.36991906166077
2284.0,10.186139507947596,11872.0,12927.0,2075.0,0.9064924118104492,327.40795612335205
2285.0,10.175953368439648,11872.0,12421.0,1996.0,0.9064033343707694,327.4453799724579
2286.0,10.165777415071208,11872.0,12785.0,1994.0,0.9063141765309197,327.4831540584564
2287.0,10.155611637656136,11872.0,12921.0,2002.0,0.9062249382271147,327.52015590667725
2288.0,10.145456026018481,11872.0,12532.0,2042.0,0.906135619395536,327.5580461025238
2289.0,10.135310569992463,11872.0,12916.0,1918.0,0.9060462199723321,327.59449100494385
2290.0,10.12517525942247,11872.0,12938.0,2034.0,0.9059567398936191,327.63124108314514
2291.0,10.115050084163046,11872.0,12894.0,2043.0,0.9058671790954798,327.66850900650024
2292.0,10.104935034078883,11872.0,12585.0,2043.0,0.9057775375139644,327.70510506629944
2293.0,10.094830099044804,11872.0,12856.0,1978.0,0.9056878150850901,327.7417778968811
2294.0,10.08473526894576,11872.0,12419.0,1980.0,0.9055980117448417,327.77882981300354
2295.0,10.074650533676815,11872.0,12542.0,1885.0,0.9055081274291708,327.8159739971161
2296.0,10.064575883143139,11872.0,12597.0,1909.0,0.9054181620739963,327.8525478839874
2297.0,10.054511307259995,11872.0,12809.0,1995.0,0.9053281156152048,327.8892979621887
2298.0,10.044456795952735,11872.0,12675.0,1877.0,0.9052379879886497,327.92592906951904
2299.0,10.034412339156782,11872.0,12595.0,1793.0,0.9051477791301521,327.96259212493896
2300.0,10.024377926817625,11872.0,12512.0,1854.0,0.9050574889755001,327.9997730255127
2301.0,10.014353548890806,11872.0,12484.0,1942.0,0.9049671174604494,328.03654885292053
2302.0,10.004339195341915,11872.0,12998.0,1964.0,0.9048766645207231,328.0735158920288
2303.0,9.994334856146573,11872.0,12821.0,2077.0,0.9047861300920118,328.11023020744324
2304.0,9.984340521290425,11872.0,12438.0,1847.0,0.9046955141099732,328.14642691612244
2305.0,9.974356180769135,11872.0,12482.0,1909.0,0.9046048165102327,328.1829149723053
2306.0,9.964381824588365,11872.0,12568.0,1838.0,0.9045140372283832,328.21939277648926
2307.0,9.954417442763777,11872.0,12633.0,1928.0,0.9044231761999851,328.2563967704773
2308.0,9.944463025321014,11872.0,12865.0,1959.0,0.9043322333605662,328.29280710220337
2309.0,9.934518562295693,11872.0,12588.0,1934.0,0.9042412086456222,328.3294417858124
2310.0,9.924584043733397,11872.0,12636.0,1852.0,0.904150101990616,328.3654479980469
2311.0,9.914659459689663,11872.0,12370.0,1838.0,0.9040589133309781,328.4013879299164
2312.0,9.904744800229974,11872.0,12703.0,1802.0,0.903967642602107,328.4375379085541
2313.0,9.894840055429745,11872.0,12843.0,2033.0,0.9038762897393687,328.47346115112305
2314.0,9.884945215374314,11872.0,12565.0,1859.0,0.9037848546780968,328.5090799331665
2315.0,9.87506027015894,11872.0,12854.0,1796.0,0.9036933373535925,328.5449719429016
2316.0,9.86518520988878,11872.0,12716.0,1850.0,0.903601737701125,328.58127188682556
2317.0,9.85532002467889,11872.0,12944.0,1897.0,0.903510055655931,328.61754298210144
2318.0,9.845464704654212,11872.0,12549.0,1857.0,0.9034182911532153,328.6539957523346
2319.0,9.835619239949558,11872.0,12312.0,1810.0,0.9033264441281502,328.6904559135437
2320.0,9.82578362070961,11872.0,12595.0,1727.0,0.903234514515876,328.72621393203735
2321.0,9.8159578370889,11872.0,12520.0,1767.0,0.9031425022515007,328.7623100280762
2322.0,9.806141879251811,11872.0,12884.0,1958.0,0.9030504072701004,328.7987108230591
2323.0,9.796335737372559,11872.0,12822.0,1910.0,0.902958229506719,328.83429408073425
2324.0,9.786539401635187,11872.0,12519.0,1877.0,0.9028659688963684,328.87056589126587
2325.0,9.776752862233552,11872.0,12547.0,1820.0,0.9027736253740282,328.9061999320984
2326.0,9.766976109371319,11872.0,12483.0,1733.0,0.9026811988746463,328.9425239562988
2327.0,9.757209133261947,11872.0,12726.0,1790.0,0.9025886893331385,328.97795009613037
2328.0,9.747451924128685,11872.0,12409.0,1796.0,0.9024960966843886,329.0135929584503
2329.0,9.737704472204555,11872.0,12659.0,1785.0,0.9024034208632485,329.0492219924927
2330.0,9.727966767732351,11872.0,12695.0,1824.0,0.9023106618045383,329.08460998535156
2331.0,9.718238800964619,11872.0,12553.0,1803.0,0.902217819443046,329.12075996398926
2332.0,9.708520562163654,11872.0,12934.0,1766.0,0.9021248937135279,329.1567499637604
2333.0,9.69881204160149,11872.0,12460.0,1765.0,0.9020318845507084,329.1918089389801
2334.0,9.689113229559888,11872.0,12290.0,1799.0,0.9019387918892802,329.22713685035706
2335.0,9.679424116330328,11872.0,12418.0,1759.0,0.901845615663904,329.2621319293976
2336.0,9.669744692213998,11872.0,12578.0,1753.0,0.9017523558092091,329.2975471019745
2337.0,9.660074947521784,11872.0,12434.0,1766.0,0.9016590122597928,329.3323600292206
2338.0,9.650414872574261,11872.0,12648.0,1742.0,0.9015655849502208,329.3674011230469
2339.0,9.640764457701687,11872.0,12690.0,1753.0,0.9014720738150271,329.4024348258972
2340.0,9.631123693243985,11872.0,12605.0,1857.0,0.9013784787887142,329.4377579689026
2341.0,9.62149256955074,11872.0,12443.0,1748.0,0.9012847998057528,329.47359800338745
2342.0,9.61187107698119,11854.0,12083.0,1612.0,0.9011910368005822,329.50876092910767
2343.0,9.60225920590421,11854.0,12583.0,1655.0,0.90109718970761,329.5436728000641
2344.0,9.592656946698305,11854.0,12391.0,1684.0,0.9010032584612124,329.57919907569885
2345.0,9.583064289751608,11852.0,11999.0,1644.0,0.9009092429957339,329.61427116394043
2346.0,9.573481225461856,11852.0,12279.0,1752.0,0.9008151432454878,329.6492397785187
2347.0,9.563907744236394,11852.0,12193.0,1711.0,0.9007209591447559,329.68427085876465
2348.0,9.554343836492157,11852.0,12422.0,1666.0,0.9006266906277883,329.71914410591125
2349.0,9.544789492655665,11852.0,12358.0,1779.0,0.9005323376288042,329.75372982025146
2350.0,9.53524470316301,11852.0,12418.0,1844.0,0.900437900081991,329.78828978538513
2351.0,9.525709458459847,11852.0,12677.0,1785.0,0.9003433779215051,329.8228929042816
2352.0,9.516183749001387,11852.0,12279.0,1664.0,0.9002487710814714,329.85737204551697
2353.0,9.506667565252386,11852.0,12275.0,1521.0,0.9001540794959837,329.8924911022186
2354.0,9.497160897687133,11810.0,11909.0,1654.0,0.9000593030991043,329.9267809391022
2355.0,9.487663736789445,11810.0,12214.0,1617.0,0.8999644418248647,329.96169781684875
2356.0,9.478176073052655,11810.0,12580.0,1727.0,0.8998694956072649,329.99642610549927
2357.0,9.468697896979602,11810.0,12176.0,1583.0,0.8997744643802739,330.0313820838928
2358.0,9.459229199082623,11810.0,12022.0,1619.0,0.8996793480778295,330.0663900375366
2359.0,9.44976996988354,11764.0,12257.0,1612.0,0.8995841466338383,330.1012051105499
2360.0,9.440320199913657,11764.0,12307.0,1592.0,0.8994888599821764,330.1361999511719
2361.0,9.430879879713743,11764.0,12231.0,1602.0,0.8993934880566882,330.17103385925293
2362.0,9.421448999834029,11764.0,12376.0,1558.0,0.8992980307911873,330.20537304878235
2363.0,9.412027550834194,11764.0,12166.0,1667.0,0.8992024881194567,330.24025106430054
2364.0,9.40261552328336,11764.0,12455.0,1704.0,0.8991068599752479,330.27443289756775
2365.0,9.393212907760077,11764.0,12447.0,1687.0,0.899011146292282,330.3083448410034
2366.0,9.383819694852317,11764.0,12321.0,1573.0,0.8989153470042489,330.3427710533142
2367.0,9.374435875157465,11764.0,12301.0,1650.0,0.8988194620448079,330.37673783302307
2368.0,9.365061439282307,11764.0,12447.0,1719.0,0.8987234913475872,330.41075682640076
2369.0,9.355696377843024,11764.0,12405.0,1648.0,0.8986274348461846,330.44500494003296
2370.0,9.34634068146518,11764.0,11936.0,1634.0,0.8985312924741667,330.47911190986633
2371.0,9.336994340783715,11764.0,12616.0,1560.0,0.8984350641650698,330.5136971473694
2372.0,9.327657346442932,11764.0,12147.0,1712.0,0.8983387498523994,330.5472688674927
2373.0,9.318329689096489,11764.0,12152.0,1552.0,0.8982423494696301,330.5817539691925
2374.0,9.309011359407393,11764.0,12472.0,1559.0,0.8981458629502063,330.6158528327942
2375.0,9.299702348047985,11764.0,12425.0,1665.0,0.8980492902275414,330.64984798431396
2376.0,9.290402645699936,11764.0,12402.0,1550.0,0.8979526312350187,330.68373680114746
2377.0,9.281112243054237,11764.0,12180.0,1597.0,0.8978558859059904,330.718346118927
2378.0,9.271831130811183,11764.0,12410.0,1591.0,0.8977590541737789,330.7519519329071
2379.0,9.262559299680373,11764.0,12323.0,1552.0,0.8976621359716755,330.7858610153198
2380.0,9.253296740380692,11764.0,12326.0,1595.0,0.8975651312329416,330.8197319507599
2381.0,9.244043443640312,11764.0,12166.0,1622.0,0.8974680398908077,330.8531138896942
2382.0,9.234799400196671,11764.0,12390.0,1605.0,0.8973708618784745,330.88708901405334
2383.0,9.225564600796474,11764.0,12588.0,1591.0,0.8972735971291118,330.92122888565063
2384.0,9.216339036195677,11764.0,12094.0,1490.0,0.8971762455758596,330.9553439617157
2385.0,9.207122697159482,11764.0,12181.0,1489.0,0.8970788071518275,330.98962903022766
2386.0,9.197915574462323,11764.0,12336.0,1548.0,0.8969812817900946,331.02379393577576
2387.0,9.18871765888786,11764.0,11957.0,1537.0,0.8968836694237103,331.05750799179077
2388.0,9.179528941228972,11764.0,12415.0,1493.0,0.8967859699856934,331.09082198143005
2389.0,9.170349412287743,11534.0,11577.0,1499.0,0.8966881834090329,331.1242859363556
2390.0,9.161179062875455,11474.0,12334.0,1469.0,0.8965903096266874,331.15828680992126
2391.0,9.15201788381258,11474.0,12324.0,1545.0,0.8964923485715858,331.19204211235046
2392.0,9.142865865928767,11474.0,12492.0,1612.0,0.8963943001766267,331.22499203681946
2393.0,9.133723000062838,11474.0,12523.0,1580.0,0.896296164374679,331.2579119205475
2394.0,9.124589277062775,11474.0,12327.0,1567.0,0.8961979410985812,331.2911639213562
2395.0,9.115464687785712,11474.0,12020.0,1509.0,0.8960996302811423,331.32436203956604
2396.0,9.106349223097926,11474.0,12466.0,1554.0,0.8960012318551414,331.35796999931335
2397.0,9.097242873874828,11474.0,12324.0,1483.0,0.8959027457533275,331.39069986343384
2398.0,9.088145631000954,11474.0,12073.0,1608.0,0.89580417190842,331.42374897003174
2399.0,9.079057485369953,11474.0,12265.0,1537.0,0.8957055102531084,331.45697593688965
2400.0,9.069978427884584,11474.0,12081.0,1448.0,0.8956067607200527,331.4894759654999
2401.0,9.060908449456699,11474.0,12370.0,1441.0,0.8955079232418829,331.5225098133087
2402.0,9.051847541007243,11474.0,12361.0,1450.0,0.8954089977511994,331.5550501346588
2403.0,9.042795693466235,11474.0,12327.0,1481.0,0.8953099841805733,331.58801007270813
2404.0,9.03375289777277,11474.0,12049.0,1580.0,0.8952108824625455,331.621474981308
2405.0,9.024719144874997,11474.0,12233.0,1522.0,0.895111692529628,331.6542899608612
2406.0,9.015694425730121,11474.0,12142.0,1554.0,0.8950124143143027,331.68709683418274
2407.0,9.00667873130439,11474.0,12019.0,1471.0,0.8949130477490225,331.7200119495392
2408.0,8.997672052573085,11474.0,12258.0,1418.0,0.8948135927662104,331.75290298461914
2409.0,8.988674380520512,11474.0,11772.0,1396.0,0.8947140492982606,331.7859091758728
2410.0,8.979685706139993,11474.0,12242.0,1505.0,0.8946144172775372,331.81826996803284
2411.0,8.970706020433852,11474.0,12103.0,1458.0,0.8945146966363755,331.85087609291077
2412.0,8.961735314413417,11474.0,12252.0,1495.0,0.8944148873070813,331.8874797821045
2413.0,8.952773579099004,11474.0,11944.0,1436.0,0.8943149892219312,331.9248421192169
2414.0,8.943820805519906,11474.0,11809.0,1470.0,0.8942150023131725,331.95701694488525
2415.0,8.934876984714386,11474.0,12130.0,1411.0,0.8941149265130233,331.9977970123291
2416.0,8.925942107729671,11474.0,12178.0,1564.0,0.8940147617536727,332.03009486198425
2417.0,8.917016165621941,11474.0,12305.0,1516.0,0.8939145079672806,332.06243896484375
2418.0,8.90809914945632,11474.0,12112.0,1430.0,0.8938141650859777,332.0947370529175
2419.0,8.899191050306863,11474.0,12477.0,1438.0,0.893713733041866,332.12667894363403
2420.0,8.890291859256555,11474.0,12274.0,1442.0,0.893613211767018,332.15903997421265
2421.0,8.8814015673973,11474.0,11869.0,1449.0,0.8935126011934779,332.19150495529175
2422.0,8.872520165829902,11474.0,12038.0,1373.0,0.8934119012532604,332.2234888076782
2423.0,8.863647645664072,11474.0,11995.0,1411.0,0.8933111118783517,332.255380153656
2424.0,8.854783998018407,11474.0,12192.0,1412.0,0.8932102330007088,332.287456035614
2425.0,8.845929214020389,11474.0,12230.0,1447.0,0.8931092645522601,332.31928515434265
2426.0,8.837083284806369,11474.0,11861.0,1456.0,0.8930082064649056,332.3512210845947
2427.0,8.828246201521562,11474.0,12386.0,1448.0,0.8929070586705159,332.3832018375397
2428.0,8.819417955320041,11474.0,12162.0,1494.0,0.8928058211009334,332.4154489040375
2429.0,8.81059853736472,11474.0,12024.0,1321.0,0.8927044936879717,332.4470658302307
2430.0,8.801787938827356,11474.0,12237.0,1396.0,0.8926030763634156,332.4790060520172
2431.0,8.79298615088853,11474.0,12256.0,1455.0,0.8925015690590218,332.5108709335327
2432.0,8.78419316473764,11474.0,12357.0,1455.0,0.892399971706518,332.54261112213135
2433.0,8.775408971572903,11474.0,12109.0,1503.0,0.8922982842376037,332.57419204711914
2434.0,8.76663356260133,11474.0,12312.0,1428.0,0.8921965065839501,332.6061861515045
2435.0,8.757866929038729,11474.0,12025.0,1459.0,0.8920946386771995,332.63814091682434
2436.0,8.74910906210969,11474.0,12069.0,1381.0,0.8919926804489663,332.6701090335846
2437.0,8.74035995304758,11474.0,12366.0,1379.0,0.8918906318308363,332.7021760940552
2438.0,8.731619593094532,11474.0,12287.0,1390.0,0.8917884927543672,332.7340178489685
2439.0,8.722887973501438,11474.0,11861.0,1350.0,0.8916862631510885,332.7653169631958
2440.0,8.714165085527936,11474.0,11848.0,1348.0,0.8915839429525012,332.79672408103943
2441.0,8.705450920442408,11474.0,11764.0,1370.0,0.8914815320900785,332.8279139995575
2442.0,8.696745469521964,11474.0,11995.0,1335.0,0.8913790304952653,332.8595299720764
2443.0,8.688048724052443,11474.0,11762.0,1345.0,0.8912764380994784,332.8909010887146
2444.0,8.679360675328391,11474.0,11636.0,1330.0,0.8911737548341069,332.92217206954956
2445.0,8.670681314653063,11474.0,12098.0,1276.0,0.8910709806305113,332.9536521434784
2446.0,8.66201063333841,11474.0,12019.0,1315.0,0.8909681154200246,332.98511385917664
2447.0,8.65334862270507,11474.0,11807.0,1288.0,0.890865159133952,333.0166668891907
2448.0,8.644695274082366,11474.0,11803.0,1299.0,0.8907621117035704,333.04861283302307
2449.0,8.636050578808284,11474.0,11993.0,1392.0,0.8906589730601294,333.08012890815735
2450.0,8.627414528229476,11474.0,11957.0,1422.0,0.8905557431348504,333.11147713661194
2451.0,8.618787113701247,11474.0,11938.0,1292.0,0.8904524218589273,333.14336800575256
2452.0,8.610168326587546,11474.0,11905.0,1289.0,0.8903490091635261,333.1747019290924
2453.0,8.601558158260959,11474.0,12154.0,1427.0,0.8902455049797854,333.20584988594055
2454.0,8.592956600102697,11474.0,11822.0,1327.0,0.8901419092388161,333.2368700504303
2455.0,8.584363643502595,11474.0,11822.0,1320.0,0.8900382218717016,333.26816391944885
2456.0,8.575779279859093,11474.0,11658.0,1270.0,0.8899344428094975,333.29930877685547
2457.0,8.567203500579234,11474.0,12256.0,1289.0,0.8898305719832325,333.3303849697113
2458.0,8.558636297078655,11474.0,11863.0,1323.0,0.8897266093239073,333.36174392700195
2459.0,8.550077660781577,11474.0,12118.0,1372.0,0.8896225547624955,333.39268684387207
2460.0,8.541527583120795,11474.0,11510.0,1331.0,0.8895184082299434,333.4238269329071
2461.0,8.532986055537673,11474.0,11818.0,1235.0,0.8894141696571699,333.45515298843384
2462.0,8.524453069482135,11474.0,12171.0,1407.0,0.8893098389750667,333.48648405075073
2463.0,8.515928616412653,11474.0,12045.0,1348.0,0.8892054161144982,333.5173840522766
2464.0,8.50741268779624,11474.0,11844.0,1350.0,0.8891009010063018,333.54799914360046
2465.0,8.498905275108443,11474.0,11605.0,1229.0,0.8889962935812876,333.57893991470337
2466.0,8.490406369833336,11474.0,12062.0,1245.0,0.888891593770239,333.610200881958
2467.0,8.481915963463502,11474.0,12008.0,1276.0,0.8887868015039118,333.6415021419525
2468.0,8.473434047500039,11474.0,11829.0,1322.0,0.8886819167130354,333.67249178886414
2469.0,8.464960613452538,11413.0,11783.0,1301.0,0.8885769393283119,333.7032558917999
2470.0,8.456495652839086,11413.0,12046.0,1315.0,0.8884718692804169,333.73464798927307
2471.0,8.448039157186248,11413.0,11859.0,1306.0,0.8883667064999985,333.76570892333984
2472.0,8.439591118029062,11413.0,11633.0,1237.0,0.8882614509176786,333.7967848777771
2473.0,8.431151526911034,11413.0,11733.0,1160.0,0.8881561024640523,333.82805490493774
2474.0,8.422720375384122,11413.0,11540.0,1145.0,0.8880506610696877,333.85851407051086
2475.0,8.414297655008738,11227.0,11388.0,1160.0,0.8879451266651265,333.8889911174774
2476.0,8.40588335735373,11142.0,11679.0,1187.0,0.8878394991808837,333.9200620651245
2477.0,8.397477473996377,11142.0,11837.0,1205.0,0.8877337785474477,333.9512038230896
2478.0,8.38907999652238,11142.0,11784.0,1199.0,0.8876279646952806,333.981920003891
2479.0,8.380690916525857,11142.0,11784.0,1288.0,0.8875220575548177,334.0125091075897
2480.0,8.372310225609331,11142.0,11803.0,1203.0,0.8874160570564683,334.04263520240784
2481.0,8.36393791538372,11142.0,11842.0,1238.0,0.8873099631306149,334.0736458301544
2482.0,8.355573977468337,11142.0,11871.0,1282.0,0.8872037757076142,334.10397505760193
2483.0,8.347218403490869,11142.0,11854.0,1265.0,0.887097494717796,334.1343960762024
2484.0,8.338871185087378,11142.0,11538.0,1245.0,0.8869911200914643,334.1652228832245
2485.0,8.33053231390229,11142.0,11743.0,1201.0,0.8868846517588969,334.1956970691681
2486.0,8.322201781588388,11142.0,11758.0,1267.0,0.8867780896503453,334.22597002983093
2487.0,8.3138795798068,11142.0,11718.0,1223.0,0.8866714336960352,334.25624895095825
2488.0,8.305565700226992,11142.0,11718.0,1211.0,0.8865646838261658,334.2863471508026
2489.0,8.297260134526766,11142.0,11784.0,1170.0,0.886457839970911,334.3165888786316
2490.0,8.28896287439224,11142.0,11705.0,1195.0,0.8863509020604181,334.34683299064636
2491.0,8.280673911517848,11142.0,11819.0,1261.0,0.886243870024809,334.37664914131165
2492.0,8.27239323760633,11142.0,11633.0,1151.0,0.8861367437941794,334.40694093704224
2493.0,8.264120844368724,11142.0,11723.0,1155.0,0.8860295232985995,334.4367880821228
2494.0,8.255856723524357,11142.0,11871.0,1220.0,0.8859222084681138,334.4667329788208
2495.0,8.247600866800832,11142.0,11448.0,1163.0,0.8858147992327406,334.496778011322
2496.0,8.239353265934032,11142.0,11797.0,1103.0,0.8857072955224734,334.5265610218048
2497.0,8.231113912668098,11142.0,11905.0,1277.0,0.8855996972672795,334.55691409111023
2498.0,8.22288279875543,11142.0,11830.0,1230.0,0.8854920043971009,334.5870590209961
2499.0,8.214659915956675,11142.0,11781.0,1145.0,0.8853842168418539,334.6168990135193
2500.0,8.206445256040718,11142.0,11662.0,1173.0,0.8852763345314297,334.64673495292664
2501.0,8.198238810784677,11142.0,11867.0,1155.0,0.885168357395694,334.6761999130249
2502.0,8.190040571973892,11142.0,11384.0,1163.0,0.8850602853644871,334.7064769268036
2503.0,8.181850531401919,11118.0,11594.0,1136.0,0.884952118367624,334.7361581325531
2504.0,8.173668680870517,11118.0,12046.0,1187.0,0.8848438563348946,334.7658121585846
2505.0,8.165495012189647,11118.0,11952.0,1257.0,0.8847354991960636,334.795649766922
2506.0,8.157329517177457,11118.0,11512.0,1153.0,0.8846270468808706,334.82521295547485
2507.0,8.14917218766028,11118.0,11620.0,1145.0,0.8845184993190299,334.8553078174591
2508.0,8.14102301547262,11118.0,11766.0,1156.0,0.8844098564402313,334.8847508430481
2509.0,8.132881992457147,11118.0,11628.0,1163.0,0.8843011181741389,334.9146378040314
2510.0,8.12474911046469,11118.0,11666.0,1135.0,0.8841922844503927,334.9440989494324
2511.0,8.116624361354225,11118.0,11493.0,1109.0,0.8840833551986073,334.97322392463684
2512.0,8.10850773699287,11118.0,11699.0,1044.0,0.8839743303483725,335.00304794311523
2513.0,8.100399229255878,11118.0,11425.0,1206.0,0.8838652098292537,335.03288197517395
2514.0,8.092298830026621,11118.0,11696.0,1150.0,0.8837559935707912,335.06222701072693
2515.0,8.084206531196594,11118.0,11780.0,1117.0,0.883646681502501,335.09226393699646
2516.0,8.076122324665398,11118.0,11439.0,1078.0,0.8835372735538745,335.1218030452728
2517.0,8.068046202340733,11118.0,11485.0,1085.0,0.8834277696543781,335.15139389038086
2518.0,8.059978156138392,11118.0,11481.0,1144.0,0.8833181697334542,335.1810898780823
2519.0,8.051918177982254,11118.0,11710.0,1075.0,0.8832084737205207,335.21008491516113
2520.0,8.043866259804272,11118.0,11310.0,1088.0,0.883098681544971,335.23967385292053
2521.0,8.035822393544468,11118.0,11716.0,1061.0,0.8829887931361741,335.26913499832153
2522.0,8.027786571150923,11118.0,11698.0,1088.0,0.8828788084234749,335.2983479499817
2523.0,8.019758784579771,11118.0,11502.0,1093.0,0.882768727336194,335.3275852203369
2524.0,8.011739025795192,11118.0,11712.0,1098.0,0.8826585498036282,335.35706996917725
2525.0,8.003727286769397,11118.0,11510.0,1157.0,0.8825482757550496,335.3863799571991
2526.0,7.995723559482628,11118.0,11596.0,1049.0,0.8824379051197067,335.4156608581543
2527.0,7.987727835923145,11118.0,11827.0,1065.0,0.8823274378268235,335.44475984573364
2528.0,7.979740108087222,11118.0,11661.0,1148.0,0.882216873805601,335.4737811088562
2529.0,7.971760367979135,11118.0,11615.0,1078.0,0.8821062129852153,335.5028078556061
2530.0,7.963788607611156,11118.0,11433.0,967.0,0.8819954552948193,335.5319781303406
2531.0,7.955824819003545,11118.0,11617.0,1076.0,0.8818846006635419,335.5606589317322
2532.0,7.9478689941845415,11118.0,11450.0,1055.0,0.8817736490204884,335.5897271633148
2533.0,7.939921125190357,11118.0,11631.0,1134.0,0.8816626002947404,335.6188659667969
2534.0,7.931981204065166,11118.0,11346.0,1113.0,0.8815514544153559,335.64776515960693
2535.0,7.924049222861101,11118.0,11465.0,1011.0,0.8814402113113693,335.6765468120575
2536.0,7.91612517363824,11118.0,11634.0,1179.0,0.8813288709117917,335.7051830291748
2537.0,7.9082090484646015,11118.0,11262.0,1052.0,0.8812174331456105,335.7337827682495
2538.0,7.900300839416137,11118.0,11447.0,1049.0,0.8811058979417901,335.76243114471436
2539.0,7.892400538576721,11118.0,11772.0,1126.0,0.8809942652292712,335.79158210754395
2540.0,7.884508138038145,11118.0,12145.0,1162.0,0.8808825349369716,335.81999015808105
2541.0,7.876623629900107,11118.0,11953.0,1125.0,0.8807707069937855,335.8485851287842
2542.0,7.8687470062702065,11118.0,11653.0,1112.0,0.8806587813285843,335.8772518634796
2543.0,7.860878259263936,11118.0,11613.0,1098.0,0.8805467578702164,335.9057848453522
2544.0,7.853017381004673,11118.0,11761.0,1036.0,0.880434636547507,335.93425703048706
2545.0,7.845164363623668,11118.0,11792.0,1153.0,0.8803224172892581,335.9630780220032
2546.0,7.837319199260044,11118.0,11915.0,1074.0,0.8802101000242492,335.9921338558197
2547.0,7.829481880060784,11118.0,11682.0,1109.0,0.8800976846812368,336.02066111564636
2548.0,7.821652398180723,11118.0,11552.0,1007.0,0.8799851711889547,336.0496850013733
2549.0,7.813830745782543,11118.0,11628.0,1051.0,0.8798725594761138,336.0783360004425
2550.0,7.80601691503676,11118.0,11356.0,1119.0,0.8797598494714024,336.1067988872528
2551.0,7.798210898121723,11118.0,11475.0,947.0,0.8796470411034865,336.1357319355011
2552.0,7.7904126872236015,11118.0,11297.0,999.0,0.8795341343010089,336.16457200050354
2553.0,7.782622274536378,11073.0,11365.0,993.0,0.8794211289925907,336.19288897514343
2554.0,7.774839652261841,11055.0,11246.0,989.0,0.8793080251068299,336.22222805023193
2555.0,7.767064812609579,11055.0,11391.0,1009.0,0.8791948225723026,336.2505669593811
2556.0,7.759297747796969,11055.0,11299.0,943.0,0.8790815213175625,336.27850699424744
2557.0,7.751538450049172,11055.0,11648.0,1018.0,0.8789681212711408,336.3071298599243
2558.0,7.743786911599123,11055.0,11432.0,1012.0,0.8788546223615468,336.3349871635437
2559.0,7.736043124687524,11055.0,11425.0,1018.0,0.8787410245172675,336.36315989494324
2560.0,7.7283070815628365,11055.0,11538.0,1021.0,0.8786273276667681,336.3916161060333
2561.0,7.7205787744812735,11055.0,11361.0,1041.0,0.8785135317384916,336.41942596435547
2562.0,7.712858195706792,11055.0,11598.0,1001.0,0.878399636660859,336.4480860233307
2563.0,7.705145337511085,11055.0,11677.0,1036.0,0.8782856423622696,336.47662901878357
2564.0,7.697440192173573,11055.0,11367.0,1064.0,0.8781715487711008,336.504390001297
2565.0,7.6897427519814,11055.0,11506.0,1012.0,0.8780573558157084,336.5320611000061
2566.0,7.682053009229418,11055.0,11826.0,959.0,0.8779430634244264,336.5601029396057
2567.0,7.674370956220188,11055.0,11399.0,1021.0,0.8778286715255671,336.5876450538635
2568.0,7.666696585263968,11055.0,11428.0,1012.0,0.8777141800474213,336.61563301086426
2569.0,7.659029888678704,11055.0,11525.0,928.0,0.8775995889182584,336.64374685287476
2570.0,7.651370858790026,11055.0,11175.0,929.0,0.8774848980663263,336.6714551448822
2571.0,7.643719487931236,11055.0,11587.0,989.0,0.8773701074198516,336.69953179359436
2572.0,7.6360757684433045,11055.0,11387.0,993.0,0.8772552169070392,336.72816014289856
2573.0,7.628439692674861,11055.0,11288.0,992.0,0.8771402264560736,336.75587797164917
2574.0,7.620811252982186,11055.0,11498.0,1030.0,0.8770251359951172,336.7835659980774
2575.0,7.613190441729204,11055.0,11398.0,965.0,0.8769099454523119,336.81147813796997
2576.0,7.605577251287475,11055.0,11622.0,1013.0,0.8767946547557783,336.8392150402069
2577.0,7.597971674036187,11055.0,11561.0,994.0,0.8766792638336162,336.8667631149292
2578.0,7.590373702362151,11055.0,11758.0,1009.0,0.8765637726139042,336.8938949108124
2579.0,7.582783328659789,11055.0,11517.0,991.0,0.8764481810247002,336.92156505584717
2580.0,7.575200545331129,11055.0,11340.0,965.0,0.8763324889940415,336.94924879074097
2581.0,7.567625344785798,10968.0,11470.0,902.0,0.8762166964499443,336.97698497772217
2582.0,7.560057719441012,10968.0,11637.0,958.0,0.8761008033204045,337.00461506843567
2583.0,7.552497661721571,10968.0,11462.0,1007.0,0.8759848095333972,337.0318338871002
2584.0,7.5449451640598495,10968.0,11452.0,941.0,0.875868715016877,337.0592978000641
2585.0,7.537400218895789,10968.0,11636.0,992.0,0.8757525196987781,337.08665776252747
2586.0,7.529862818676894,10968.0,11391.0,930.0,0.8756362235070143,337.11419892311096
2587.0,7.522332955858217,10968.0,11239.0,913.0,0.8755198263694791,337.142294883728
2588.0,7.514810622902359,10968.0,11095.0,894.0,0.8754033282140457,337.16992592811584
2589.0,7.507295812279456,10968.0,11208.0,915.0,0.875286728968567,337.1977870464325
2590.0,7.499788516467177,10968.0,11485.0,966.0,0.8751700285608759,337.2254710197449
2591.0,7.49228872795071,10968.0,11235.0,953.0,0.8750532269187854,337.252809047699
2592.0,7.484796439222759,10968.0,11444.0,946.0,0.8749363239700884,337.28014492988586
2593.0,7.477311642783536,10968.0,11517.0,936.0,0.8748193196425574,337.3073260784149
2594.0,7.469834331140753,10968.0,11306.0,906.0,0.8747022138639461,337.3350119590759
2595.0,7.462364496809612,10968.0,11300.0,931.0,0.8745850065619872,337.3625659942627
2596.0,7.454902132312802,10968.0,11437.0,951.0,0.8744676976643947,337.3895058631897
2597.0,7.447447230180489,10968.0,11537.0,900.0,0.8743502870988623,337.4168930053711
2598.0,7.439999782950308,10968.0,11156.0,909.0,0.8742327747930645,337.4439477920532
2599.0,7.432559783167358,10968.0,11555.0,865.0,0.8741151606746561,337.47079205513
2600.0,7.425127223384191,10968.0,11505.0,918.0,0.8739974446712725,337.4978070259094
2601.0,7.417702096160807,10968.0,11175.0,958.0,0.8738796267105297,337.5251009464264
2602.0,7.410284394064646,10968.0,11499.0,918.0,0.8737617067200244,337.55190205574036
2603.0,7.402874109670581,10968.0,11153.0,896.0,0.8736436846273342,337.57869815826416
2604.0,7.39547123556091,10968.0,11049.0,833.0,0.8735255603600175,337.60566091537476
2605.0,7.388075764325349,10828.0,11075.0,869.0,0.8734073338456134,337.63316011428833
2606.0,7.380687688561024,10828.0,11214.0,837.0,0.8732890050116423,337.66092896461487
2607.0,7.3733070008724635,10828.0,11121.0,927.0,0.8731705737856054,337.68798089027405
2608.0,7.365933693871591,10828.0,11236.0,832.0,0.873052040094985,337.7148208618164
2609.0,7.35856776017772,10828.0,11362.0,863.0,0.8729334038672449,337.74199414253235
2610.0,7.351209192417542,10828.0,10990.0,833.0,0.8728146650298299,337.76926589012146
2611.0,7.343857983225124,10828.0,11369.0,846.0,0.8726958235101661,337.79650688171387
2612.0,7.336514125241899,10828.0,11282.0,867.0,0.8725768792356612,337.82326793670654
2613.0,7.329177611116657,10828.0,11493.0,842.0,0.8724578321337042,337.85056805610657
2614.0,7.321848433505541,10828.0,11293.0,854.0,0.8723386821316659,337.87719106674194
2615.0,7.314526585072035,10828.0,11449.0,856.0,0.8722194291568984,337.90409779548645
2616.0,7.307212058486963,10828.0,11491.0,976.0,0.8721000731367358,337.9313440322876
2617.0,7.2999048464284755,10828.0,11167.0,925.0,0.8719806139984936,337.95793104171753
2618.0,7.292604941582047,10828.0,11185.0,856.0,0.8718610516694696,337.98453402519226
2619.0,7.285312336640465,10828.0,11157.0,915.0,0.8717413860769432,338.01200103759766
2620.0,7.2780270243038245,10828.0,11384.0,902.0,0.8716216171481758,338.03858494758606
2621.0,7.2707489972795205,10828.0,11256.0,860.0,0.8715017448104109,338.0653569698334
2622.0,7.263478248282241,10828.0,11279.0,849.0,0.8713817689908743,338.0918219089508
2623.0,7.256214770033959,10828.0,10931.0,902.0,0.8712616896167736,338.11912298202515
2624.0,7.2489585552639255,10526.0,10711.0,735.0,0.8711415066152994,338.1454510688782
2625.0,7.241709596708661,10526.0,10944.0,814.0,0.8710212199136238,338.17293906211853
2626.0,7.234467887111952,10526.0,11069.0,842.0,0.870900829438902,338.1997368335724
2627.0,7.227233419224841,10526.0,11149.0,867.0,0.8707803351182712,338.2256610393524
2628.0,7.220006185805616,10526.0,11257.0,833.0,0.8706597368788517,338.2520549297333
2629.0,7.21278617961981,10526.0,11395.0,850.0,0.870539034647746,338.27841806411743
2630.0,7.20557339344019,10526.0,10920.0,839.0,0.8704182283520394,338.30448389053345
2631.0,7.19836782004675,10526.0,11378.0,827.0,0.8702973179188004,338.3306550979614
2632.0,7.191169452226703,10526.0,11288.0,880.0,0.87017630327508,338.3567249774933
2633.0,7.183978282774476,10526.0,11147.0,803.0,0.8700551843479122,338.3829379081726
2634.0,7.176794304491701,10526.0,11220.0,828.0,0.8699339610643141,338.40924096107483
2635.0,7.1696175101872095,10526.0,11220.0,844.0,0.8698126333512859,338.4352169036865
2636.0,7.162447892677022,10526.0,11146.0,841.0,0.8696912011358111,338.4617381095886
2637.0,7.1552854447843455,10526.0,11214.0,809.0,0.8695696643448563,338.4880769252777
2638.0,7.148130159339561,10526.0,11199.0,804.0,0.8694480229053714,338.5138518810272
2639.0,7.140982029180222,10526.0,11075.0,797.0,0.86932627674429,338.54034900665283
2640.0,7.133841047151042,10526.0,11352.0,812.0,0.869204425788529,338.56600189208984
2641.0,7.126707206103891,10526.0,11062.0,852.0,0.8690824699649886,338.5918469429016
2642.0,7.119580498897787,10526.0,11202.0,814.0,0.8689604092005534,338.6177718639374
2643.0,7.112460918398889,10526.0,11085.0,789.0,0.8688382434220909,338.64367389678955
2644.0,7.10534845748049,10526.0,10946.0,775.0,0.8687159725564529,338.66995000839233
2645.0,7.098243109023009,10526.0,11350.0,847.0,0.8685935965304752,338.69648909568787
2646.0,7.091144865913987,10526.0,10950.0,814.0,0.868471115270977,338.722384929657
2647.0,7.084053721048073,10526.0,11192.0,784.0,0.868348528704762,338.7486879825592
2648.0,7.076969667327025,10526.0,10930.0,791.0,0.8682258367586179,338.77472400665283
2649.0,7.069892697659697,10526.0,11092.0,811.0,0.8681030393593167,338.8011107444763
2650.0,7.062822804962038,10526.0,11029.0,810.0,0.8679801364336144,338.8268370628357
2651.0,7.055759982157076,10526.0,11017.0,814.0,0.8678571279082518,338.8526360988617
2652.0,7.048704222174918,10526.0,11081.0,788.0,0.8677340137099536,338.8784730434418
2653.0,7.041655517952743,10526.0,10971.0,772.0,0.8676107937654296,338.90391516685486
2654.0,7.0346138624347905,10526.0,11031.0,757.0,0.8674874680013738,338.9293088912964
2655.0,7.027579248572356,10526.0,10977.0,776.0,0.8673640363444649,338.95528984069824
2656.0,7.020551669323783,10526.0,11052.0,773.0,0.8672404987213667,338.980721950531
2657.0,7.01353111765446,10526.0,11008.0,794.0,0.8671168550587275,339.00598192214966
2658.0,7.0065175865368055,10526.0,11146.0,832.0,0.8669931052831806,339.031485080719
2659.0,6.999511068950269,10526.0,10916.0,789.0,0.8668692493213445,339.05724596977234
2660.0,6.992511557881318,10526.0,10906.0,761.0,0.8667452870998225,339.0828597545624
2661.0,6.985519046323437,10526.0,11006.0,805.0,0.8666212185452032,339.10841393470764
2662.0,6.978533527277113,10526.0,11052.0,784.0,0.8664970435840607,339.13404512405396
2663.0,6.9715549937498364,10526.0,11098.0,814.0,0.8663727621429539,339.15888690948486
2664.0,6.964583438756087,10526.0,11014.0,817.0,0.8662483741484277,339.18392992019653
2665.0,6.957618855317331,10526.0,11089.0,786.0,0.8661238795270122,339.20944809913635
2666.0,6.950661236462014,10526.0,10977.0,671.0,0.8659992782052229,339.23445415496826
2667.0,6.943710575225552,10526.0,10894.0,741.0,0.8658745701095615,339.25942397117615
2668.0,6.936766864650326,10526.0,11241.0,771.0,0.8657497551665149,339.28470516204834
2669.0,6.9298300977856755,10526.0,11144.0,798.0,0.8656248333025562,339.3100929260254
2670.0,6.92290026768789,10526.0,11241.0,754.0,0.8654998044441443,339.3351881504059
2671.0,6.915977367420202,10526.0,11185.0,776.0,0.8653746685177242,339.3602240085602
2672.0,6.9090613900527815,10526.0,10994.0,802.0,0.8652494254497267,339.38537406921387
2673.0,6.902152328662729,10526.0,11102.0,770.0,0.8651240751665691,339.4101278781891
2674.0,6.895250176334066,10526.0,11282.0,761.0,0.8649986175946548,339.4352729320526
2675.0,6.888354926157732,10526.0,11262.0,769.0,0.8648730526603736,339.4601409435272
2676.0,6.881466571231575,10526.0,11312.0,810.0,0.8647473802901018,339.4853699207306
2677.0,6.874585104660343,10526.0,11228.0,793.0,0.8646216004102019,339.51016211509705
2678.0,6.867710519555683,10526.0,11001.0,756.0,0.8644957129470234,339.5350329875946
2679.0,6.860842809036127,10526.0,10767.0,682.0,0.8643697178269023,339.5601589679718
2680.0,6.85398196622709,10526.0,10923.0,686.0,0.8642436149761613,339.58505511283875
2681.0,6.847127984260863,10526.0,11048.0,746.0,0.8641174043211102,339.61071395874023
2682.0,6.840280856276602,10526.0,10949.0,758.0,0.8639910857880455,339.6360750198364
2683.0,6.833440575420326,10526.0,10971.0,721.0,0.8638646593032507,339.66080498695374
2684.0,6.826607134844906,10526.0,11146.0,715.0,0.8637381247929968,339.6856110095978
2685.0,6.819780527710061,10526.0,11045.0,732.0,0.8636114821835417,339.7103509902954
2686.0,6.812960747182351,10526.0,10970.0,734.0,0.8634847314011305,339.7346088886261
2687.0,6.806147786435169,10526.0,10896.0,756.0,0.863357872371996,339.75926303863525
2688.0,6.799341638648734,10526.0,10872.0,716.0,0.8632309050223582,339.784304857254
2689.0,6.792542297010085,10526.0,10853.0,735.0,0.8631038292784248,339.80914998054504
2690.0,6.785749754713075,10526.0,10888.0,681.0,0.8629766450663913,339.83387303352356
2691.0,6.778964004958362,10526.0,10977.0,700.0,0.8628493523124404,339.85855078697205
2692.0,6.772185040953404,10526.0,10807.0,666.0,0.8627219509427433,339.8828639984131
2693.0,6.765412855912451,10526.0,10973.0,706.0,0.8625944408834586,339.90757989883423
2694.0,6.758647443056538,10526.0,10846.0,716.0,0.8624668220607332,339.9318799972534
2695.0,6.751888795613481,10526.0,11024.0,720.0,0.8623390944007021,339.9565751552582
2696.0,6.7451369068178675,10526.0,10944.0,716.0,0.8622112578294883,339.98199105262756
2697.0,6.73839176991105,10526.0,11057.0,768.0,0.862083312273203,340.00697779655457
2698.0,6.7316533781411385,10526.0,10911.0,720.0,0.8619552576579461,340.0313959121704
2699.0,6.724921724762997,10526.0,10914.0,724.0,0.8618270939098058,340.0561239719391
2700.0,6.718196803038234,10526.0,11062.0,765.0,0.8616988209548588,340.08157896995544
2701.0,6.711478606235196,10526.0,10835.0,696.0,0.8615704387191705,340.10594296455383
2702.0,6.704767127628961,10526.0,10863.0,672.0,0.861441947128795,340.1301488876343
2703.0,6.698062360501332,10526.0,10932.0,734.0,0.8613133461097751,340.1545000076294
2704.0,6.69136429814083,10526.0,10579.0,689.0,0.8611846355881426,340.1788430213928
2705.0,6.684672933842689,10526.0,10827.0,707.0,0.8610558154899186,340.2034239768982
2706.0,6.677988260908847,10526.0,10809.0,686.0,0.8609268857411129,340.22722482681274
2707.0,6.671310272647938,10526.0,10757.0,688.0,0.8607978462677246,340.25214195251465
2708.0,6.66463896237529,10526.0,11064.0,663.0,0.8606686969957421,340.2763478755951
2709.0,6.6579743234129145,10526.0,10923.0,777.0,0.8605394378511432,340.30049896240234
2710.0,6.651316349089502,10526.0,11155.0,762.0,0.8604100687598952,340.32472681999207
2711.0,6.644665032740412,10526.0,10892.0,764.0,0.860280589647955,340.3489439487457
2712.0,6.6380203677076715,10526.0,10923.0,646.0,0.8601510004412688,340.37301898002625
2713.0,6.631382347339963,10526.0,10733.0,688.0,0.860021301065773,340.39723205566406
2714.0,6.624750964992623,10526.0,10885.0,674.0,0.8598914914473936,340.42158699035645
2715.0,6.6181262140276305,10526.0,10888.0,666.0,0.8597615715120468,340.4460198879242
2716.0,6.611508087813603,10526.0,10950.0,626.0,0.8596315411856384,340.47010684013367
2717.0,6.604896579725789,10526.0,10884.0,697.0,0.8595014003940648,340.4943277835846
2718.0,6.598291683146064,10526.0,10740.0,706.0,0.8593711490632121,340.51844215393066
2719.0,6.591693391462917,10526.0,10896.0,675.0,0.8592407871189572,340.54261112213135
2720.0,6.585101698071455,10526.0,11130.0,729.0,0.8591103144871672,340.5665340423584
2721.0,6.578516596373383,10526.0,10959.0,719.0,0.8589797310936998,340.59101915359497
2722.0,6.57193807977701,10526.0,10585.0,703.0,0.8588490368644032,340.61498498916626
2723.0,6.5653661416972335,10526.0,10823.0,652.0,0.8587182317251163,340.63902401924133
2724.0,6.558800775555536,10526.0,10792.0,675.0,0.8585873156016688,340.6627070903778
2725.0,6.552241974779981,10526.0,10851.0,627.0,0.8584562884198814,340.68686294555664
2726.0,6.545689732805201,10526.0,11140.0,712.0,0.8583251501055658,340.7104971408844
2727.0,6.539144043072396,10526.0,10891.0,700.0,0.8581939005845246,340.7342689037323
2728.0,6.532604899029323,10526.0,10868.0,694.0,0.8580625397825519,340.7583088874817
2729.0,6.5260722941302935,10526.0,10740.0,685.0,0.8579310676254326,340.78253293037415
2730.0,6.519546221836163,10526.0,10732.0,656.0,0.8577994840389436,340.8060748577118
2731.0,6.513026675614326,10526.0,10819.0,638.0,0.8576677889488528,340.8295760154724
2732.0,6.506513648938712,10526.0,10734.0,678.0,0.8575359822809199,340.85302996635437
2733.0,6.500007135289773,10526.0,10886.0,673.0,0.8574040639608961,340.8765940666199
2734.0,6.493507128154484,10526.0,10662.0,605.0,0.8572720339145247,340.9001359939575
2735.0,6.487013621026329,10526.0,10831.0,626.0,0.8571398920675406,340.9235908985138
2736.0,6.480526607405303,10526.0,11099.0,645.0,0.8570076383456707,340.9467759132385
2737.0,6.474046080797898,10526.0,10804.0,650.0,0.8568752726746341,340.97051191329956
2738.0,6.4675720347171,10526.0,10776.0,660.0,0.8567427949801422,340.994295835495
2739.0,6.461104462682383,10526.0,10872.0,683.0,0.8566102051878982,341.018296957016
2740.0,6.4546433582197,10508.0,10587.0,610.0,0.8564775032235981,341.0418839454651
2741.0,6.44818871486148,10467.0,10641.0,586.0,0.8563446890129301,341.065789937973
2742.0,6.441740526146619,10435.0,10568.0,583.0,0.8562117624815755,341.0891318321228
2743.0,6.435298785620472,10435.0,10775.0,630.0,0.8560787235552075,341.11287212371826
2744.0,6.428863486834851,10372.0,10468.0,560.0,0.8559455721594929,341.1359269618988
2745.0,6.422434623348017,10372.0,10657.0,627.0,0.8558123082200906,341.15937900543213
2746.0,6.416012188724669,10372.0,10692.0,644.0,0.8556789316626532,341.1828360557556
2747.0,6.409596176535945,10372.0,10789.0,658.0,0.8555454424128258,341.2063479423523
2748.0,6.403186580359408,10372.0,10554.0,656.0,0.8554118403962471,341.2296221256256
2749.0,6.396783393779049,10372.0,10897.0,581.0,0.8552781255385489,341.25317215919495
2750.0,6.39038661038527,10372.0,10835.0,663.0,0.8551442977653564,341.27706599235535
2751.0,6.383996223774885,10372.0,10815.0,655.0,0.8550103570022883,341.30009603500366
2752.0,6.37761222755111,10372.0,10746.0,644.0,0.8548763031749572,341.3232669830322
2753.0,6.371234615323559,10372.0,10622.0,649.0,0.854742136208969,341.34652400016785
2754.0,6.364863380708235,10372.0,10519.0,600.0,0.8546078560299236,341.3702208995819
2755.0,6.3584985173275275,10339.0,10522.0,605.0,0.8544734625634147,341.3936460018158
2756.0,6.3521400188102,10339.0,10576.0,580.0,0.8543389557350302,341.4172329902649
2757.0,6.3457878787913895,10289.0,10385.0,557.0,0.8542043354703519,341.44100999832153
2758.0,6.339442090912598,10289.0,10552.0,571.0,0.8540696016949562,341.46449279785156
2759.0,6.3331026488216855,10289.0,10702.0,598.0,0.8539347543344133,341.4874141216278
2760.0,6.326769546172864,10289.0,10815.0,586.0,0.8537997933142885,341.5103268623352
2761.0,6.320442776626691,10289.0,10719.0,612.0,0.8536647185601409,341.5338478088379
2762.0,6.314122333850064,10289.0,10707.0,587.0,0.853529529997525,341.55682396888733
2763.0,6.307808211516214,10289.0,10658.0,597.0,0.8533942275519893,341.5797529220581
2764.0,6.301500403304698,10289.0,10824.0,563.0,0.8532588111490781,341.60263991355896
2765.0,6.295198902901393,10289.0,10827.0,590.0,0.8531232807143297,341.62565994262695
2766.0,6.288903703998492,10289.0,10950.0,653.0,0.8529876361732782,341.64839005470276
2767.0,6.2826148002944935,10289.0,10991.0,639.0,0.8528518774514524,341.6708769798279
2768.0,6.276332185494199,10289.0,10989.0,633.0,0.8527160044743767,341.69369673728943
2769.0,6.270055853308705,10289.0,11003.0,654.0,0.8525800171675709,341.7169711589813
2770.0,6.263785797455396,10289.0,10875.0,621.0,0.8524439154565502,341.7397348880768
2771.0,6.257522011657941,10289.0,10856.0,675.0,0.8523076992668253,341.7625958919525
2772.0,6.2512644896462835,10289.0,10794.0,609.0,0.8521713685239029,341.7852177619934
2773.0,6.2450132251566375,10289.0,10697.0,552.0,0.8520349231532853,341.80799078941345
2774.0,6.238768211931481,10289.0,10845.0,582.0,0.8518983630804711,341.83070397377014
2775.0,6.2325294437195495,10289.0,10655.0,565.0,0.8517616882309544,341.8532130718231
2776.0,6.22629691427583,10289.0,10584.0,548.0,0.851624898530226,341.8757359981537
2777.0,6.220070617361554,10289.0,10719.0,624.0,0.8514879939037727,341.8984708786011
2778.0,6.213850546744192,10289.0,10531.0,536.0,0.8513509742770778,341.920747756958
2779.0,6.207636696197448,10289.0,10441.0,535.0,0.851213839575621,341.94302201271057
2780.0,6.20142905950125,10289.0,10535.0,544.0,0.8510765897248787,341.9663739204407
2781.0,6.195227630441749,10289.0,10617.0,615.0,0.8509392246503238,341.98938608169556
2782.0,6.189032402811307,10289.0,10683.0,563.0,0.8508017442774264,342.01212906837463
2783.0,6.182843370408496,10289.0,10714.0,577.0,0.8506641485316532,342.0347008705139
2784.0,6.176660527038088,10289.0,10597.0,542.0,0.8505264373384682,342.06633496284485
2785.0,6.1704838665110495,10289.0,10432.0,545.0,0.8503886106233325,342.089182138443
2786.0,6.164313382644538,10289.0,10647.0,592.0,0.8502506683117043,342.1115069389343
2787.0,6.158149069261894,10289.0,10700.0,554.0,0.8501126103290393,342.13393688201904
2788.0,6.151990920192632,10289.0,10754.0,604.0,0.849974436600791,342.15635800361633
2789.0,6.145838929272439,10289.0,10653.0,608.0,0.84983614705241,342.17858481407166
2790.0,6.139693090343166,10289.0,10628.0,594.0,0.8496977416093449,342.20082902908325
2791.0,6.133553397252823,10289.0,10743.0,554.0,0.8495592201970422,342.22327399253845
2792.0,6.12741984385557,10289.0,10852.0,615.0,0.8494205827409463,342.24577808380127
2793.0,6.121292424011714,10289.0,10833.0,567.0,0.8492818291664997,342.2680950164795
2794.0,6.115171131587703,10289.0,10575.0,516.0,0.849142959399143,342.29040598869324
2795.0,6.109055960456115,10289.0,10812.0,534.0,0.849003973364315,342.31253600120544
2796.0,6.102946904495659,10289.0,10776.0,624.0,0.8488648709874532,342.3345670700073
2797.0,6.0968439575911635,10289.0,10707.0,575.0,0.8487256521939935,342.3568751811981
2798.0,6.090747113633572,10289.0,10543.0,514.0,0.8485863169093705,342.3789908885956
2799.0,6.084656366519939,10289.0,10650.0,504.0,0.8484468650590173,342.40102195739746
2800.0,6.078571710153419,10289.0,10809.0,585.0,0.8483072965683662,342.42300605773926
2801.0,6.072493138443265,10289.0,10846.0,608.0,0.8481676113628485,342.4451310634613
2802.0,6.066420645304822,10289.0,10772.0,573.0,0.8480278093678943,342.46710300445557
2803.0,6.060354224659517,10289.0,10597.0,534.0,0.8478878905089332,342.48916387557983
2804.0,6.054293870434858,10289.0,10656.0,518.0,0.847747854711394,342.51126885414124
2805.0,6.0482395765644235,10289.0,10648.0,512.0,0.8476077019007052,342.53335189819336
2806.0,6.042191336987859,10289.0,10502.0,603.0,0.8474674320022946,342.55528497695923
2807.0,6.036149145650871,10289.0,10396.0,549.0,0.8473270449415897,342.5769519805908
2808.0,6.03011299650522,10289.0,10478.0,527.0,0.8471865406440182,342.599004983902
2809.0,6.024082883508714,10289.0,10630.0,557.0,0.8470459190350073,342.6209638118744
2810.0,6.018058800625205,10289.0,10456.0,527.0,0.8469051800399844,342.642511844635
2811.0,6.01204074182458,10281.0,10313.0,504.0,0.8467643235843771,342.66470408439636
2812.0,6.006028701082756,10163.0,10478.0,534.0,0.8466233495936134,342.6865270137787
2813.0,6.000022672381673,10163.0,10245.0,524.0,0.8464822579931216,342.7087209224701
2814.0,5.994022649709292,10101.0,10225.0,510.0,0.8463410487083304,342.73017406463623
2815.0,5.988028627059583,10101.0,10302.0,494.0,0.8461997216646694,342.75246810913086
2816.0,5.982040598432524,10101.0,10455.0,473.0,0.8460582767875688,342.77402997016907
2817.0,5.976058557834091,10101.0,10335.0,533.0,0.8459167140024599,342.79581809043884
2818.0,5.970082499276257,10101.0,10436.0,500.0,0.8457750332347749,342.81746220588684
2819.0,5.964112416776981,10101.0,10415.0,542.0,0.8456332344099469,342.83893299102783
2820.0,5.958148304360204,10101.0,10297.0,527.0,0.8454913174534106,342.86045694351196
2821.0,5.952190156055844,10101.0,10618.0,516.0,0.8453492822906019,342.8820209503174
2822.0,5.946237965899788,10101.0,10368.0,531.0,0.8452071288469584,342.904128074646
2823.0,5.940291727933888,10101.0,10338.0,485.0,0.845064857047919,342.92526507377625
2824.0,5.9343514362059535,10101.0,10483.0,506.0,0.8449224668189247,342.9467878341675
2825.0,5.928417084769747,10101.0,10560.0,505.0,0.8447799580854182,342.96842408180237
2826.0,5.922488667684978,10101.0,10428.0,528.0,0.8446373307728441,342.99034786224365
2827.0,5.916566179017293,10101.0,10165.0,503.0,0.8444945848066494,343.01237201690674
2828.0,5.9106496128382755,10101.0,10345.0,442.0,0.8443517201122829,343.0338020324707
2829.0,5.904738963225437,10101.0,10462.0,505.0,0.8442087366151962,343.0556149482727
2830.0,5.898834224262211,10101.0,10496.0,512.0,0.8440656342408432,343.0772171020508
2831.0,5.892935390037949,10101.0,10395.0,554.0,0.8439224129146806,343.0994210243225
2832.0,5.887042454647911,10101.0,10385.0,469.0,0.8437790725621673,343.1210699081421
2833.0,5.881155412193263,10101.0,10206.0,481.0,0.8436356131087659,343.142441034317
2834.0,5.87527425678107,10101.0,10366.0,467.0,0.8434920344799411,343.16381907463074
2835.0,5.869398982524289,10101.0,10360.0,532.0,0.8433483366011614,343.185968875885
2836.0,5.863529583541765,10101.0,10242.0,497.0,0.8432045193978983,343.2070679664612
2837.0,5.857666053958223,10076.0,10111.0,494.0,0.8430605827956266,343.2284939289093
2838.0,5.851808387904264,10047.0,10061.0,506.0,0.8429165267198246,343.25008487701416
2839.0,5.84595657951636,9896.0,10179.0,415.0,0.8427723510959745,343.2724540233612
2840.0,5.840110622936844,9896.0,10067.0,420.0,0.8426280558495619,343.29386496543884
2841.0,5.834270512313907,9896.0,10210.0,434.0,0.8424836409060763,343.3151388168335
2842.0,5.828436241801593,9896.0,10254.0,464.0,0.8423391061910115,343.33622694015503
2843.0,5.822607805559791,9896.0,10219.0,475.0,0.8421944516298653,343.35768604278564
2844.0,5.816785197754231,9896.0,10213.0,479.0,0.8420496771481395,343.3789429664612
2845.0,5.810968412556477,9896.0,10274.0,490.0,0.8419047826713407,343.39995408058167
2846.0,5.80515744414392,9896.0,10239.0,528.0,0.8417597681249798,343.4210069179535
2847.0,5.799352286699777,9896.0,10338.0,443.0,0.8416146334345722,343.4416790008545
2848.0,5.793552934413077,9896.0,10360.0,506.0,0.8414693785256385,343.46279191970825
2849.0,5.787759381478664,9896.0,10415.0,489.0,0.8413240033237038,343.4841260910034
2850.0,5.781971622097186,9896.0,10212.0,495.0,0.8411785077542987,343.5051851272583
2851.0,5.7761896504750885,9896.0,10327.0,438.0,0.8410328917429583,343.52588391304016
2852.0,5.770413460824614,9896.0,10461.0,463.0,0.8408871552152235,343.5467619895935
2853.0,5.764643047363789,9896.0,10445.0,478.0,0.8407412980966406,343.56754899024963
2854.0,5.758878404316425,9896.0,10374.0,456.0,0.8405953203127613,343.5883469581604
2855.0,5.753119525912108,9896.0,10479.0,464.0,0.8404492217891432,343.6093010902405
2856.0,5.747366406386196,9896.0,10591.0,477.0,0.8403030024513494,343.6304700374603
2857.0,5.74161903997981,9896.0,10327.0,442.0,0.8401566622249491,343.65178298950195
2858.0,5.73587742093983,9896.0,10196.0,449.0,0.8400102010355179,343.67291498184204
2859.0,5.73014154351889,9896.0,10497.0,473.0,0.8398636188086374,343.6940529346466
2860.0,5.724411401975371,9896.0,10306.0,538.0,0.8397169154698951,343.71464681625366
2861.0,5.718686990573396,9896.0,10377.0,510.0,0.8395700909448858,343.7355568408966
2862.0,5.712968303582822,9896.0,10363.0,486.0,0.8394231451592103,343.75643706321716
2863.0,5.707255335279239,9896.0,10365.0,454.0,0.8392760780384767,343.77731490135193
2864.0,5.70154807994396,9896.0,10180.0,442.0,0.8391288895082994,343.79784989356995
2865.0,5.6958465318640155,9896.0,10348.0,452.0,0.8389815794943002,343.818706035614
2866.0,5.690150685332151,9896.0,10271.0,474.0,0.8388341479221081,343.83926796913147
2867.0,5.684460534646819,9896.0,10403.0,457.0,0.838686594717359,343.86030292510986
2868.0,5.6787760741121724,9896.0,10218.0,481.0,0.8385389198056967,343.88069200515747
2869.0,5.67309729803806,9896.0,10194.0,455.0,0.8383911231127723,343.9011859893799
2870.0,5.667424200740022,9896.0,10212.0,466.0,0.8382432045642447,343.92186880111694
2871.0,5.661756776539282,9896.0,10354.0,469.0,0.8380951640857807,343.94283986091614
2872.0,5.656095019762743,9896.0,10463.0,457.0,0.8379470016030548,343.96359300613403
2873.0,5.65043892474298,9896.0,10287.0,455.0,0.8377987170417499,343.9842038154602
2874.0,5.644788485818237,9896.0,10224.0,424.0,0.8376503103275571,344.0049958229065
2875.0,5.639143697332419,9896.0,10327.0,400.0,0.8375017813861758,344.0262129306793
2876.0,5.6335045536350865,9896.0,10229.0,468.0,0.8373531301433139,344.0466368198395
2877.0,5.627871049081452,9896.0,10318.0,447.0,0.8372043565246882,344.0671880245209
2878.0,5.62224317803237,9896.0,10234.0,492.0,0.837055460456024,344.0876808166504
2879.0,5.616620934854338,9896.0,10545.0,486.0,0.8369064418630555,344.1089949607849
2880.0,5.611004313919484,9896.0,10589.0,521.0,0.8367573006715265,344.12962102890015
2881.0,5.605393309605564,9896.0,10486.0,455.0,0.8366080368071895,344.15000104904175
2882.0,5.599787916295958,9896.0,10170.0,448.0,0.8364586501958067,344.17062997817993
2883.0,5.594188128379662,9896.0,10106.0,447.0,0.8363091407631493,344.1911029815674
2884.0,5.5885939402512825,9896.0,10215.0,426.0,0.8361595084349989,344.2111220359802
2885.0,5.583005346311031,9896.0,10230.0,407.0,0.836009753137146,344.23155999183655
2886.0,5.577422340964721,9896.0,10281.0,443.0,0.8358598747953917,344.25207591056824
2887.0,5.571844918623756,9896.0,10171.0,450.0,0.835709873335547,344.2723968029022
2888.0,5.5662730737051325,9896.0,10238.0,428.0,0.835559748683433,344.293142080307
2889.0,5.5607068006314275,9896.0,10342.0,454.0,0.835409500764881,344.3130090236664
2890.0,5.555146093830796,9896.0,10079.0,426.0,0.8352591295057331,344.3330671787262
2891.0,5.549590947736966,9896.0,10034.0,439.0,0.8351086348318421,344.3529360294342
2892.0,5.544041356789228,9896.0,10010.0,421.0,0.8349580166690709,344.37348198890686
2893.0,5.538497315432439,9896.0,10274.0,400.0,0.8348072749432942,344.39341974258423
2894.0,5.532958818117006,9896.0,10321.0,455.0,0.8346564095803971,344.4135298728943
2895.0,5.527425859298889,9896.0,10188.0,465.0,0.8345054205062763,344.4336779117584
2896.0,5.52189843343959,9896.0,10243.0,448.0,0.8343543076468396,344.45375394821167
2897.0,5.516376535006151,9896.0,10037.0,410.0,0.8342030709280064,344.4739148616791
2898.0,5.510860158471145,9896.0,9993.0,380.0,0.8340517102757078,344.4937150478363
2899.0,5.505349298312674,9896.0,10172.0,412.0,0.8339002256158864,344.51375913619995
2900.0,5.499843949014362,9896.0,10095.0,402.0,0.833748616874497,344.5339879989624
2901.0,5.494344105065347,9896.0,10093.0,391.0,0.8335968839775064,344.5544068813324
2902.0,5.488849760960282,9896.0,10044.0,412.0,0.8334450268508936,344.574098110199
2903.0,5.4833609111993225,9896.0,10262.0,394.0,0.8332930454206501,344.5939769744873
2904.0,5.477877550288123,9896.0,10070.0,418.0,0.8331409396127795,344.61417984962463
2905.0,5.472399672737835,9896.0,10188.0,409.0,0.8329887093532984,344.63431191444397
2906.0,5.466927273065097,9896.0,10255.0,397.0,0.8328363545682362,344.6542410850525
2907.0,5.461460345792032,9896.0,10354.0,434.0,0.8326838751836352,344.67411494255066
2908.0,5.45599888544624,9896.0,10105.0,409.0,0.8325312711255507,344.6939821243286
2909.0,5.450542886560794,9896.0,10314.0,426.0,0.8323785423200513,344.7138090133667
2910.0,5.445092343674233,9896.0,10183.0,440.0,0.832225688693219,344.73346281051636
2911.0,5.439647251330559,9896.0,10003.0,408.0,0.8320727101711494,344.75329995155334
2912.0,5.434207604079228,9896.0,10242.0,436.0,0.8319196066799517,344.77283787727356
2913.0,5.428773396475149,9896.0,10044.0,406.0,0.8317663781457489,344.7926359176636
2914.0,5.423344623078674,9896.0,9957.0,416.0,0.8316130244946782,344.81233501434326
2915.0,5.417921278455595,9864.0,10083.0,380.0,0.8314595456528907,344.83188104629517
2916.0,5.4125033571771395,9864.0,10266.0,408.0,0.8313059415465519,344.8517189025879
2917.0,5.4070908538199625,9864.0,10265.0,462.0,0.8311522121018418,344.87130999565125
2918.0,5.401683762966142,9864.0,10169.0,400.0,0.8309983572449549,344.89079904556274
2919.0,5.396282079203176,9864.0,10046.0,350.0,0.8308443769021002,344.9105010032654
2920.0,5.390885797123973,9864.0,10227.0,388.0,0.8306902709995022,344.9299900531769
2921.0,5.385494911326849,9864.0,10213.0,438.0,0.8305360394633999,344.94961190223694
2922.0,5.3801094164155225,9864.0,10114.0,384.0,0.8303816822200478,344.9690508842468
2923.0,5.374729306999107,9864.0,10089.0,412.0,0.8302271991957155,344.98853492736816
2924.0,5.369354577692108,9864.0,10225.0,399.0,0.8300725903166883,345.00794410705566
2925.0,5.363985223114415,9864.0,10059.0,429.0,0.829917855509267,345.02740693092346
2926.0,5.358621237891301,9864.0,10213.0,391.0,0.8297629946997684,345.04693698883057
2927.0,5.353262616653409,9864.0,10399.0,398.0,0.8296080078145252,345.06683802604675
2928.0,5.347909354036756,9864.0,10288.0,405.0,0.8294528947798859,345.08601093292236
2929.0,5.342561444682719,9864.0,10241.0,414.0,0.8292976555222158,345.10529804229736
2930.0,5.3372188832380365,9864.0,10258.0,389.0,0.8291422899678962,345.12459897994995
2931.0,5.331881664354799,9864.0,10010.0,350.0,0.8289867980433252,345.14417791366577
2932.0,5.326549782690444,9864.0,10033.0,353.0,0.8288311796749175,345.16365814208984
2933.0,5.321223232907753,9864.0,9968.0,370.0,0.8286754347891049,345.1830348968506
2934.0,5.315902009674845,9864.0,10023.0,382.0,0.8285195633123359,345.20250701904297
2935.0,5.310586107665171,9864.0,10021.0,380.0,0.8283635651710765,345.22197580337524
2936.0,5.305275521557506,9864.0,9969.0,393.0,0.8282074402918098,345.2417049407959
2937.0,5.299970246035948,9864.0,9991.0,395.0,0.8280511886010369,345.26099014282227
2938.0,5.294670275789912,9864.0,10146.0,393.0,0.8278948100252759,345.2802939414978
2939.0,5.289375605514122,9864.0,10153.0,382.0,0.8277383044910632,345.2994818687439
2940.0,5.284086229908608,9864.0,10079.0,402.0,0.8275816719249531,345.31848883628845
2941.0,5.2788021436787,9864.0,9991.0,362.0,0.8274249122535179,345.33772802352905
2942.0,5.273523341535022,9864.0,9930.0,375.0,0.8272680254033483,345.3567099571228
2943.0,5.268249818193486,9864.0,10084.0,380.0,0.8271110113010535,345.37600016593933
2944.0,5.2629815683752925,9864.0,10134.0,380.0,0.8269538698732612,345.39499592781067
2945.0,5.257718586806917,9864.0,10037.0,387.0,0.826796601046618,345.41433691978455
2946.0,5.25246086822011,9864.0,10081.0,355.0,0.8266392047477894,345.4336841106415
2947.0,5.24720840735189,9864.0,10194.0,400.0,0.82648168090346,345.45292592048645
2948.0,5.241961198944538,9864.0,10049.0,392.0,0.8263240294403335,345.4723880290985
2949.0,5.236719237745594,9864.0,10011.0,369.0,0.8261662502851334,345.49226784706116
2950.0,5.231482518507848,9788.0,9898.0,364.0,0.8260083433646023,345.51101899147034
2951.0,5.22625103598934,9784.0,9862.0,365.0,0.8258503086055029,345.530396938324
2952.0,5.22102478495335,9784.0,9994.0,374.0,0.8256921459346178,345.54931688308716
2953.0,5.215803760168397,9784.0,10025.0,350.0,0.8255338552787495,345.568156003952
2954.0,5.2105879564082285,9784.0,9989.0,349.0,0.8253754365647207,345.5873849391937
2955.0,5.2053773684518205,9784.0,9896.0,370.0,0.8252168897193746,345.6060938835144
2956.0,5.200171991083368,9772.0,9772.0,350.0,0.825058214669575,345.62497901916504
2957.0,5.194971819092285,9767.0,10000.0,349.0,0.8248994113422063,345.6439790725708
2958.0,5.189776847273193,9767.0,9984.0,389.0,0.8247404796641739,345.6628351211548
2959.0,5.18458707042592,9767.0,9884.0,385.0,0.8245814195624039,345.68178391456604
2960.0,5.179402483355494,9767.0,10007.0,352.0,0.8244222309638443,345.701092004776
2961.0,5.174223080872139,9767.0,9968.0,342.0,0.8242629137954638,345.7198438644409
2962.0,5.1690488577912665,9767.0,9859.0,329.0,0.8241034679842528,345.73876905441284
2963.0,5.163879808933475,9767.0,9923.0,315.0,0.8239438934572237,345.75805282592773
2964.0,5.158715929124542,9767.0,9865.0,362.0,0.8237841901414106,345.77699303627014
2965.0,5.153557213195417,9755.0,9930.0,319.0,0.8236243579638693,345.7957887649536
2966.0,5.1484036559822215,9755.0,9839.0,366.0,0.8234643968516785,345.8147768974304
2967.0,5.143255252326239,9755.0,9944.0,377.0,0.8233043067319386,345.8336179256439
2968.0,5.138111997073913,9755.0,9887.0,342.0,0.8231440875317727,345.8524560928345
2969.0,5.132973885076839,9746.0,9782.0,370.0,0.8229837391783271,345.8707721233368
2970.0,5.127840911191762,9690.0,9774.0,351.0,0.8228232615987703,345.889151096344
2971.0,5.12271307028057,9690.0,9748.0,351.0,0.8226626547202941,345.90788102149963
2972.0,5.11759035721029,9690.0,9853.0,327.0,0.8225019184701136,345.92664098739624
2973.0,5.112472766853079,9690.0,9923.0,353.0,0.8223410527754672,345.94490003585815
2974.0,5.107360294086226,9690.0,9817.0,343.0,0.8221800575636168,345.96360993385315
2975.0,5.1022529337921405,9690.0,9837.0,328.0,0.822018932761848,345.98211908340454
2976.0,5.097150680858348,9690.0,9787.0,333.0,0.8218576782974706,346.00040888786316
2977.0,5.09205353017749,9664.0,9715.0,358.0,0.8216962940978179,346.01904106140137
2978.0,5.086961476647313,9587.0,9598.0,291.0,0.8215347800902477,346.0375759601593
2979.0,5.081874515170666,9547.0,9783.0,325.0,0.8213731362021424,346.05644702911377
2980.0,5.076792640655495,9547.0,9881.0,364.0,0.8212113623609086,346.0752499103546
2981.0,5.07171584801484,9547.0,9757.0,338.0,0.8210494584939779,346.0935618877411
2982.0,5.066644132166825,9547.0,10089.0,362.0,0.8208874245288068,346.11208295822144
2983.0,5.061577488034659,9547.0,10090.0,343.0,0.8207252603928765,346.13052797317505
2984.0,5.056515910546624,9547.0,9979.0,355.0,0.820562966013694,346.14881706237793
2985.0,5.051459394636077,9547.0,10023.0,330.0,0.8204005413187915,346.1668198108673
2986.0,5.046407935241441,9547.0,10035.0,357.0,0.8202379862357265,346.1850600242615
2987.0,5.0413615273062,9547.0,9742.0,359.0,0.8200753006920827,346.2033848762512
2988.0,5.036320165778894,9547.0,9772.0,353.0,0.8199124846154695,346.22166895866394
2989.0,5.031283845613115,9547.0,9783.0,316.0,0.8197495379335227,346.23987102508545
2990.0,5.026252561767501,9547.0,9793.0,318.0,0.8195864605739039,346.2585530281067
2991.0,5.021226309205733,9547.0,9699.0,341.0,0.8194232524643017,346.27735900878906
2992.0,5.016205082896528,9547.0,9662.0,306.0,0.819259913532431,346.2959449291229
2993.0,5.011188877813631,9547.0,9761.0,310.0,0.8190964437060335,346.3141248226166
2994.0,5.006177688935818,9547.0,9744.0,332.0,0.8189328429128783,346.33251786231995
2995.0,5.001171511246882,9547.0,9738.0,309.0,0.8187691110807611,346.35082507133484
2996.0,4.996170339735635,9547.0,9610.0,275.0,0.8186052481375053,346.3691830635071
2997.0,4.9911741693959,9525.0,9570.0,269.0,0.818441254010962,346.3872170448303
2998.0,4.986182995226504,9525.0,9655.0,282.0,0.8182771286290094,346.4054820537567
2999.0,4.9811968122312775,9525.0,9726.0,320.0,0.8181128719195541,346.4235348701477
3000.0,4.976215615419046,9525.0,9619.0,300.0,0.8179484838105305,346.4422218799591
3001.0,4.971239399803627,9525.0,9784.0,322.0,0.8177839642299015,346.46028995513916
3002.0,4.966268160403824,9525.0,9773.0,314.0,0.817619313105658,346.4781861305237
3003.0,4.96130189224342,9525.0,10006.0,330.0,0.8174545303658199,346.4962410926819
3004.0,4.956340590351177,9525.0,9965.0,378.0,0.8172896159384356,346.5141849517822
3005.0,4.951384249760825,9525.0,9805.0,332.0,0.8171245697515825,346.53246808052063
3006.0,4.946432865511064,9525.0,9858.0,295.0,0.8169593917333674,346.5501298904419
3007.0,4.941486432645553,9525.0,9894.0,306.0,0.8167940818119259,346.56829810142517
3008.0,4.936544946212908,9525.0,9869.0,334.0,0.8166286399154234,346.5862159729004
3009.0,4.931608401266694,9525.0,10078.0,355.0,0.8164630659720552,346.60404109954834
3010.0,4.926676792865428,9525.0,10000.0,344.0,0.8162973599100459,346.62207198143005
3011.0,4.9217501160725625,9525.0,9868.0,334.0,0.8161315216576506,346.63999915122986
3012.0,4.91682836595649,9525.0,9921.0,341.0,0.8159655511431544,346.657595872879
3013.0,4.911911537590533,9525.0,9910.0,321.0,0.8157994482948727,346.67537689208984
3014.0,4.906999626052943,9525.0,10038.0,333.0,0.8156332130411519,346.69323992729187
3015.0,4.90209262642689,9525.0,9959.0,338.0,0.8154668453103687,346.71089696884155
3016.0,4.897190533800463,9525.0,9870.0,320.0,0.8153003450309311,346.7284860610962
3017.0,4.892293343266662,9525.0,9958.0,306.0,0.8151337121312778,346.7459509372711
3018.0,4.887401049923395,9525.0,9836.0,350.0,0.8149669465398793,346.7637679576874
3019.0,4.882513648873472,9525.0,9762.0,308.0,0.8148000481852373,346.78167510032654
3020.0,4.877631135224599,9525.0,9823.0,304.0,0.8146330169958853,346.7999041080475
3021.0,4.872753504089374,9525.0,9879.0,326.0,0.8144658529003886,346.81730699539185
3022.0,4.867880750585285,9525.0,9944.0,317.0,0.8142985558273448,346.8349599838257
3023.0,4.8630128698347,9525.0,9889.0,341.0,0.8141311257053832,346.85281014442444
3024.0,4.858149856964865,9525.0,9896.0,303.0,0.813963562463166,346.8704459667206
3025.0,4.853291707107901,9525.0,9803.0,303.0,0.8137958660293879,346.88826084136963
3026.0,4.848438415400793,9525.0,9619.0,308.0,0.8136280363327764,346.9059600830078
3027.0,4.843589976985392,9525.0,9709.0,312.0,0.8134600733020918,346.9236550331116
3028.0,4.838746387008406,9525.0,9880.0,296.0,0.813291976866128,346.9412958621979
3029.0,4.833907640621398,9525.0,9643.0,305.0,0.8131237469537117,346.9594430923462
3030.0,4.829073732980777,9525.0,9658.0,300.0,0.8129553834937038,346.9771888256073
3031.0,4.824244659247796,9525.0,9853.0,288.0,0.8127868864149983,346.9949278831482
3032.0,4.819420414588548,9525.0,9650.0,282.0,0.8126182556465236,347.0122141838074
3033.0,4.81460099417396,9525.0,9770.0,309.0,0.8124494911172419,347.0297169685364
3034.0,4.8097863931797855,9525.0,9721.0,326.0,0.8122805927561499,347.04749488830566
3035.0,4.804976606786606,9467.0,9573.0,275.0,0.8121115604922788,347.06523609161377
3036.0,4.800171630179819,9467.0,9603.0,262.0,0.8119423942546945,347.0826997756958
3037.0,4.795371458549639,9467.0,9672.0,302.0,0.8117730939724975,347.10000491142273
3038.0,4.79057608709109,9467.0,9508.0,285.0,0.8116036595748238,347.11743998527527
3039.0,4.785785511003999,9449.0,9638.0,283.0,0.8114340909908444,347.1347589492798
3040.0,4.780999725492995,9449.0,9630.0,298.0,0.8112643881497659,347.1522409915924
3041.0,4.776218725767502,9449.0,9725.0,318.0,0.8110945509808302,347.1694390773773
3042.0,4.771442507041734,9449.0,9686.0,270.0,0.8109245794133153,347.1871178150177
3043.0,4.766671064534693,9449.0,9553.0,314.0,0.8107544733765355,347.20437479019165
3044.0,4.761904393470158,9449.0,9654.0,294.0,0.8105842327998409,347.2224819660187
3045.0,4.757142489076688,9449.0,9666.0,250.0,0.8104138576126182,347.24004006385803
3046.0,4.7523853465876105,9449.0,9755.0,301.0,0.8102433477442905,347.25757598876953
3047.0,4.747632961241023,9449.0,9959.0,289.0,0.8100727031243182,347.27487301826477
3048.0,4.742885328279782,9449.0,9889.0,304.0,0.8099019236821983,347.2920868396759
3049.0,4.738142442951503,9449.0,9800.0,300.0,0.809731009347465,347.30999517440796
3050.0,4.7334043005085515,9449.0,9744.0,318.0,0.80955996004969,347.32740592956543
3051.0,4.728670896208043,9449.0,9693.0,288.0,0.8093887757184826,347.3447058200836
3052.0,4.723942225311835,9449.0,9772.0,255.0,0.8092174562834898,347.3620328903198
3053.0,4.719218283086523,9449.0,9702.0,290.0,0.8090460016743968,347.3794379234314
3054.0,4.714499064803436,9449.0,9616.0,291.0,0.8088744118209267,347.396919965744
3055.0,4.709784565738633,9449.0,9604.0,253.0,0.8087026866528411,347.4140329360962
3056.0,4.705074781172894,9449.0,9664.0,292.0,0.8085308260999401,347.43108105659485
3057.0,4.700369706391721,9449.0,9659.0,305.0,0.8083588300920629,347.4485619068146
3058.0,4.69566933668533,9449.0,9714.0,278.0,0.8081866985590871,347.46549582481384
3059.0,4.690973667348644,9449.0,9897.0,308.0,0.80801443143093,347.4829828739166
3060.0,4.686282693681296,9449.0,9758.0,281.0,0.807842028637548,347.50010776519775
3061.0,4.6815964109876145,9449.0,9654.0,286.0,0.8076694901089371,347.5173399448395
3062.0,4.676914814576627,9449.0,9745.0,288.0,0.807496815775133,347.53502917289734
3063.0,4.67223789976205,9449.0,9626.0,252.0,0.8073240055662115,347.5521218776703
3064.0,4.667565661862287,9449.0,9747.0,276.0,0.8071510594122887,347.56968784332275
3065.0,4.662898096200425,9449.0,9721.0,266.0,0.8069779772435206,347.58718180656433
3066.0,4.658235198104224,9449.0,9683.0,308.0,0.8068047589901043,347.60413098335266
3067.0,4.653576962906119,9449.0,9666.0,277.0,0.8066314045822773,347.621120929718
3068.0,4.648923385943213,9433.0,9591.0,294.0,0.8064579139503183,347.63800406455994
3069.0,4.64427446255727,9433.0,9484.0,253.0,0.8062842870245469,347.6550030708313
3070.0,4.639630188094713,9433.0,9641.0,268.0,0.8061105237353245,347.67251896858215
3071.0,4.634990557906618,9433.0,9605.0,278.0,0.8059366240130538,347.6892681121826
3072.0,4.630355567348711,9433.0,9646.0,271.0,0.8057625877881792,347.7060480117798
3073.0,4.625725211781362,9433.0,9584.0,248.0,0.8055884149911873,347.7227740287781
3074.0,4.621099486569581,9433.0,9685.0,256.0,0.8054141055526068,347.7393419742584
3075.0,4.616478387083012,9433.0,9640.0,276.0,0.8052396594030088,347.75598096847534
3076.0,4.6118619086959285,9433.0,9629.0,265.0,0.8050650764730071,347.77252888679504
3077.0,4.607250046787232,9433.0,9715.0,308.0,0.8048903566932581,347.7896831035614
3078.0,4.6026427967404455,9400.0,9400.0,267.0,0.8047154999944616,347.8064730167389
3079.0,4.598040153943705,9388.0,9492.0,247.0,0.8045405063073601,347.82333183288574
3080.0,4.593442113789761,9289.0,9307.0,245.0,0.8043653755627399,347.84030508995056
3081.0,4.588848671675971,9289.0,9443.0,240.0,0.8041901076914307,347.85740995407104
3082.0,4.584259823004295,9289.0,9546.0,261.0,0.8040147026243064,347.87422704696655
3083.0,4.579675563181291,9289.0,9692.0,257.0,0.8038391602922846,347.890832901001
3084.0,4.57509588761811,9289.0,9584.0,251.0,0.8036634806263273,347.9074430465698
3085.0,4.570520791730492,9289.0,9609.0,259.0,0.8034876635574411,347.9243459701538
3086.0,4.565950270938761,9289.0,9473.0,263.0,0.8033117090166767,347.9407708644867
3087.0,4.561384320667822,9289.0,9574.0,282.0,0.8031356169351305,347.95751881599426
3088.0,4.556822936347155,9289.0,9626.0,240.0,0.8029593872439433,347.9741299152374
3089.0,4.552266113410807,9289.0,9708.0,262.0,0.8027830198743018,347.9906368255615
3090.0,4.547713847297397,9289.0,9605.0,261.0,0.8026065147574377,348.00760293006897
3091.0,4.543166133450099,9289.0,9594.0,255.0,0.8024298718246288,348.02413988113403
3092.0,4.538622967316649,9289.0,9529.0,242.0,0.8022530910071985,348.04034399986267
3093.0,4.534084344349332,9289.0,9454.0,259.0,0.8020761722365166,348.05705404281616
3094.0,4.529550260004982,9289.0,9629.0,278.0,0.8018991154439992,348.0735650062561
3095.0,4.525020709744977,9289.0,9693.0,253.0,0.8017219205611089,348.08993101119995
3096.0,4.520495689035232,9289.0,9666.0,262.0,0.8015445875193552,348.10637402534485
3097.0,4.515975193346197,9289.0,9584.0,222.0,0.8013671162502944,348.12286496162415
3098.0,4.511459218152851,9289.0,9476.0,256.0,0.8011895066855304,348.1393418312073
3099.0,4.506947758934698,9289.0,9629.0,225.0,0.8010117587567139,348.1556029319763
3100.0,4.502440811175763,9289.0,9495.0,256.0,0.8008338723955438,348.1717851161957
3101.0,4.497938370364587,9289.0,9622.0,245.0,0.8006558475337666,348.18901205062866
3102.0,4.493440431994223,9289.0,9531.0,246.0,0.800477684103177,348.20516991615295
3103.0,4.488946991562229,9289.0,9596.0,270.0,0.8002993820356178,348.2214548587799
3104.0,4.484458044570667,9289.0,9533.0,256.0,0.8001209412629804,348.23752093315125
3105.0,4.479973586526096,9289.0,9614.0,254.0,0.7999423617172048,348.2539520263672
3106.0,4.47549361293957,9289.0,9591.0,272.0,0.7997636433302802,348.2703559398651
3107.0,4.471018119326631,9289.0,9572.0,280.0,0.7995847860342447,348.28680300712585
3108.0,4.466547101207304,9289.0,9475.0,254.0,0.7994057897611857,348.303414106369
3109.0,4.462080554106096,9289.0,9523.0,208.0,0.7992266544432406,348.3194971084595
3110.0,4.457618473551991,9289.0,9622.0,256.0,0.7990473800125961,348.33541107177734
3111.0,4.453160855078439,9289.0,9522.0,266.0,0.7988679664014892,348.3515748977661
3112.0,4.44870769422336,9289.0,9290.0,251.0,0.798688413542207,348.367714881897
3113.0,4.444258986529137,9279.0,9436.0,208.0,0.7985087213670872,348.3837778568268
3114.0,4.439814727542608,9279.0,9507.0,245.0,0.7983288898085179,348.4000840187073
3115.0,4.435374912815065,9279.0,9588.0,253.0,0.7981489187989386,348.41627192497253
3116.0,4.430939537902249,9279.0,9497.0,234.0,0.7979688082708393,348.43254685401917
3117.0,4.4265085983643475,9279.0,9468.0,267.0,0.7977885581567618,348.4490120410919
3118.0,4.422082089765984,9279.0,9478.0,262.0,0.7976081683892992,348.46492195129395
3119.0,4.417660007676218,9279.0,9394.0,233.0,0.7974276389010964,348.4808540344238
3120.0,4.413242347668541,9279.0,9445.0,230.0,0.7972469696248503,348.49694085121155
3121.0,4.408829105320873,9279.0,9559.0,245.0,0.7970661604933102,348.5128741264343
3122.0,4.404420276215552,9279.0,9413.0,254.0,0.7968852114392778,348.52881383895874
3123.0,4.400015855939336,9279.0,9472.0,241.0,0.7967041223956072,348.5446879863739
3124.0,4.395615840083397,9279.0,9459.0,217.0,0.7965228932952054,348.56065487861633
3125.0,4.391220224243313,9279.0,9499.0,229.0,0.7963415240710331,348.57649278640747
3126.0,4.38682900401907,9279.0,9562.0,254.0,0.7961600146561035,348.5925359725952
3127.0,4.382442175015051,9279.0,9474.0,229.0,0.795978364983484,348.6090078353882
3128.0,4.378059732840035,9279.0,9425.0,223.0,0.7957965749862953,348.62477707862854
3129.0,4.373681673107195,9279.0,9507.0,261.0,0.7956146445977126,348.64088678359985
3130.0,4.369307991434088,9279.0,9485.0,231.0,0.7954325737509649,348.6569879055023
3131.0,4.364938683442654,9279.0,9399.0,234.0,0.7952503623793359,348.6728529930115
3132.0,4.360573744759211,9279.0,9364.0,218.0,0.7950680104161639,348.689414024353
3133.0,4.356213171014452,9279.0,9464.0,226.0,0.7948855177948423,348.7051510810852
3134.0,4.351856957843437,9279.0,9317.0,215.0,0.7947028844488192,348.7209041118622
3135.0,4.347505100885594,9175.0,9194.0,201.0,0.7945201103115985,348.73703694343567
3136.0,4.343157595784708,9175.0,9394.0,191.0,0.7943371953167396,348.753121137619
3137.0,4.3388144381889235,9175.0,9315.0,219.0,0.7941541393978575,348.76899003982544
3138.0,4.334475623750735,9175.0,9286.0,211.0,0.7939709424886235,348.7854118347168
3139.0,4.330141148126984,9114.0,9153.0,188.0,0.7937876045227651,348.80148696899414
3140.0,4.3258110069788565,9084.0,9210.0,225.0,0.7936041254340663,348.8174948692322
3141.0,4.321485195971878,9084.0,9345.0,222.0,0.7934205051563678,348.83353781700134
3142.0,4.3171637107759055,9084.0,9449.0,233.0,0.7932367436235673,348.84941697120667
3143.0,4.31284654706513,9084.0,9264.0,192.0,0.7930528407696197,348.8657901287079
3144.0,4.308533700518065,9084.0,9241.0,218.0,0.7928687965285374,348.88160490989685
3145.0,4.304225166817546,9084.0,9199.0,227.0,0.7926846108343903,348.89709091186523
3146.0,4.299920941650728,9084.0,9132.0,198.0,0.7925002836213064,348.9128248691559
3147.0,4.295621020709078,9072.0,9219.0,207.0,0.7923158148234717,348.9284129142761
3148.0,4.291325399688368,9072.0,9305.0,227.0,0.7921312043751305,348.9441339969635
3149.0,4.287034074288679,9072.0,9467.0,196.0,0.7919464522105858,348.9597158432007
3150.0,4.282747040214391,9072.0,9297.0,230.0,0.7917615582641995,348.9753727912903
3151.0,4.278464293174176,9072.0,9182.0,199.0,0.7915765224703922,348.9907658100128
3152.0,4.274185828881002,9072.0,9210.0,196.0,0.7913913447636444,349.00625705718994
3153.0,4.269911643052121,9072.0,9268.0,216.0,0.7912060250784955,349.022038936615
3154.0,4.265641731409069,9072.0,9320.0,210.0,0.7910205633495448,349.0376899242401
3155.0,4.26137608967766,9072.0,9259.0,233.0,0.7908349595114521,349.05313897132874
3156.0,4.257114713587983,9072.0,9203.0,187.0,0.7906492134989368,349.0685348510742
3157.0,4.252857598874395,9072.0,9216.0,208.0,0.7904633252467791,349.0840759277344
3158.0,4.24860474127552,9072.0,9225.0,215.0,0.7902772946898198,349.0995919704437
3159.0,4.244356136534245,9072.0,9240.0,197.0,0.7900911217629606,349.11529898643494
3160.0,4.240111780397711,9072.0,9200.0,189.0,0.7899048064011646,349.1307909488678
3161.0,4.235871668617313,9072.0,9217.0,208.0,0.7897183485394561,349.14595103263855
3162.0,4.231635796948695,9072.0,9284.0,222.0,0.789531748112921,349.16097497940063
3163.0,4.227404161151747,9072.0,9273.0,172.0,0.7893450050567075,349.1766400337219
3164.0,4.223176756990595,9072.0,9180.0,211.0,0.7891581193060253,349.1918931007385
3165.0,4.218953580233604,9072.0,9148.0,189.0,0.7889710907961469,349.20739006996155
3166.0,4.214734626653371,9072.0,9196.0,203.0,0.7887839194624076,349.22280192375183
3167.0,4.210519892026718,9072.0,9207.0,198.0,0.7885966052402048,349.23809695243835
3168.0,4.206309372134691,9072.0,9238.0,244.0,0.7884091480649998,349.25335001945496
3169.0,4.202103062762556,9072.0,9322.0,211.0,0.7882215478723168,349.2689230442047
3170.0,4.197900959699794,9072.0,9273.0,204.0,0.7880338045977435,349.2841308116913
3171.0,4.193703058740094,9072.0,9156.0,196.0,0.7878459181769318,349.299516916275
3172.0,4.189509355681354,9072.0,9198.0,199.0,0.7876578885455973,349.3147449493408
3173.0,4.185319846325672,9072.0,9196.0,204.0,0.7874697156395201,349.3299648761749
3174.0,4.1811345264793465,9072.0,9198.0,206.0,0.7872813993945447,349.3452320098877
3175.0,4.176953391952867,9072.0,9245.0,229.0,0.7870929397465803,349.3605499267578
3176.0,4.172776438560914,9072.0,9245.0,194.0,0.7869043366316015,349.37574005126953
3177.0,4.168603662122353,9072.0,9179.0,203.0,0.786715589985648,349.3908259868622
3178.0,4.1644350584602305,9072.0,9236.0,224.0,0.7865266997448247,349.40583205223083
3179.0,4.16027062340177,9072.0,9176.0,207.0,0.7863376658453026,349.42074513435364
3180.0,4.156110352778368,9072.0,9251.0,179.0,0.7861484882233187,349.4355580806732
3181.0,4.15195424242559,9072.0,9301.0,167.0,0.7859591668151762,349.45062494277954
3182.0,4.147802288183164,9072.0,9261.0,197.0,0.7857697015572447,349.46613788604736
3183.0,4.143654485894981,9072.0,9325.0,202.0,0.7855800923859606,349.4813997745514
3184.0,4.139510831409086,9072.0,9250.0,198.0,0.7853903392378272,349.49622893333435
3185.0,4.1353713205776765,9072.0,9370.0,201.0,0.7852004420494153,349.51122999191284
3186.0,4.131235949257099,9072.0,9427.0,204.0,0.785010400757363,349.5261950492859
3187.0,4.127104713307842,9072.0,9259.0,215.0,0.784820215298376,349.54109287261963
3188.0,4.122977608594534,9072.0,9222.0,196.0,0.7846298856092283,349.55655789375305
3189.0,4.11885463098594,9072.0,9093.0,178.0,0.7844394116267618,349.5713801383972
3190.0,4.114735776354954,9070.0,9184.0,171.0,0.7842487932878872,349.58641600608826
3191.0,4.110621040578599,9070.0,9230.0,195.0,0.7840580305295837,349.6014721393585
3192.0,4.10651041953802,9070.0,9248.0,194.0,0.7838671232888993,349.6166968345642
3193.0,4.1024039091184825,9070.0,9196.0,182.0,0.7836760715029518,349.6317231655121
3194.0,4.098301505209364,9070.0,9160.0,201.0,0.7834848751089281,349.64661407470703
3195.0,4.094203203704155,9070.0,9198.0,186.0,0.7832935340440847,349.6614480018616
3196.0,4.090109000500451,9070.0,9115.0,185.0,0.7831020482457484,349.6762111186981
3197.0,4.0860188914999505,9070.0,9199.0,203.0,0.782910417651316,349.69114899635315
3198.0,4.0819328726084505,9070.0,9218.0,186.0,0.7827186421982548,349.7057149410248
3199.0,4.077850939735842,9070.0,9158.0,193.0,0.782526721824103,349.7205069065094
3200.0,4.073773088796106,9070.0,9279.0,183.0,0.7823346564664697,349.7353060245514
3201.0,4.069699315707309,9070.0,9161.0,198.0,0.7821424460630353,349.7499580383301
3202.0,4.065629616391602,9070.0,9223.0,197.0,0.7819500905515515,349.7647240161896
3203.0,4.0615639867752105,9070.0,9220.0,209.0,0.781757589869842,349.7794508934021
3204.0,4.057502422788435,9070.0,9320.0,186.0,0.7815649439558023,349.7939701080322
3205.0,4.053444920365647,9070.0,9218.0,180.0,0.7813721527474004,349.8085341453552
3206.0,4.049391475445281,9070.0,9153.0,186.0,0.7811792161826765,349.8234169483185
3207.0,4.045342083969836,9070.0,9205.0,165.0,0.7809861341997439,349.83821082115173
3208.0,4.0412967418858665,9070.0,9195.0,215.0,0.7807929067367887,349.85284996032715
3209.0,4.03725544514398,9070.0,9198.0,179.0,0.7805995337320704,349.8675079345703
3210.0,4.033218189698837,9070.0,9192.0,153.0,0.7804060151239218,349.8822228908539
3211.0,4.029184971509138,9059.0,9090.0,195.0,0.7802123508507501,349.89694905281067
3212.0,4.025155786537629,9059.0,9197.0,166.0,0.780018540851036,349.9118061065674
3213.0,4.021130630751091,9059.0,9108.0,210.0,0.7798245850633345,349.92634105682373
3214.0,4.017109500120339,9017.0,9062.0,172.0,0.7796304834262756,349.9408540725708
3215.0,4.013092390620219,9017.0,9063.0,202.0,0.7794362358785638,349.95562505722046
3216.0,4.009079298229599,9017.0,9167.0,173.0,0.7792418423589789,349.9702820777893
3217.0,4.00507021893137,8997.0,9002.0,166.0,0.7790473028063758,349.98514008522034
3218.0,4.0010651487124385,8976.0,9131.0,182.0,0.7788526171596852,350.0003731250763
3219.0,3.997064083563726,8976.0,9099.0,168.0,0.7786577853579137,350.01511883735657
3220.0,3.9930670194801623,8976.0,9011.0,190.0,0.778462807340144,350.0296058654785
3221.0,3.989073952460682,8919.0,8967.0,183.0,0.7782676830455351,350.04415702819824
3222.0,3.9850848785082214,8919.0,9100.0,176.0,0.7780724124133227,350.0590739250183
3223.0,3.981099793629713,8919.0,9111.0,195.0,0.7778769953828196,350.07406091690063
3224.0,3.977118693836083,8919.0,9153.0,185.0,0.7776814318934157,350.0887608528137
3225.0,3.973141575142247,8919.0,9121.0,187.0,0.7774857218845781,350.1032438278198
3226.0,3.969168433567105,8919.0,9127.0,183.0,0.7772898652958519,350.1175150871277
3227.0,3.965199265133538,8919.0,9069.0,183.0,0.77709386206686,350.1317479610443
3228.0,3.961234065868404,8919.0,9071.0,175.0,0.7768977121373039,350.1463840007782
3229.0,3.957272831802536,8919.0,9030.0,150.0,0.776701415446963,350.16101598739624
3230.0,3.953315558970733,8919.0,9009.0,195.0,0.7765049719356961,350.17555594444275
3231.0,3.9493622434117626,8919.0,9090.0,165.0,0.7763083815434406,350.19010376930237
3232.0,3.945412881168351,8919.0,9001.0,195.0,0.7761116442102134,350.2044167518616
3233.0,3.9414674682871826,8919.0,9042.0,182.0,0.7759147598761108,350.21854281425476
3234.0,3.9375260008188953,8919.0,9000.0,160.0,0.7757177284813093,350.23281598091125
3235.0,3.9335884748180763,8882.0,8950.0,161.0,0.775520549966065,350.2466950416565
3236.0,3.929654886343258,8882.0,9032.0,162.0,0.7753232242707149,350.2610487937927
3237.0,3.925725231456915,8882.0,9077.0,167.0,0.7751257513356762,350.27538800239563
3238.0,3.921799506225458,8882.0,9089.0,196.0,0.7749281311014472,350.28945112228394
3239.0,3.9178777067192327,8882.0,9090.0,168.0,0.7747303635086075,350.3031587600708
3240.0,3.9139598290125135,8882.0,8999.0,149.0,0.7745324484978178,350.31736612319946
3241.0,3.910045869183501,8882.0,9141.0,164.0,0.7743343860098209,350.3321750164032
3242.0,3.9061358233143175,8882.0,9235.0,167.0,0.7741361759854413,350.3462839126587
3243.0,3.9022296874910034,8882.0,9230.0,177.0,0.773937818365586,350.3605341911316
3244.0,3.8983274578035125,8882.0,9246.0,183.0,0.7737393130912442,350.37476801872253
3245.0,3.894429130345709,8882.0,9298.0,176.0,0.7735406601034884,350.38907194137573
3246.0,3.8905347012153633,8882.0,9284.0,170.0,0.7733418593434737,350.40311789512634
3247.0,3.886644166514148,8882.0,9292.0,160.0,0.7731429107524387,350.417475938797
3248.0,3.882757522347634,8882.0,9232.0,171.0,0.7729438142717057,350.4321208000183
3249.0,3.8788747648252864,8882.0,9205.0,177.0,0.7727445698426808,350.4460959434509
3250.0,3.874995890060461,8882.0,9165.0,136.0,0.7725451774068544,350.4602358341217
3251.0,3.8711208941704007,8882.0,9037.0,157.0,0.772345636905801,350.4742910861969
3252.0,3.8672497732762303,8882.0,9117.0,165.0,0.7721459482811802,350.4880759716034
3253.0,3.863382523502954,8882.0,9197.0,155.0,0.7719461114747365,350.50226378440857
3254.0,3.859519140979451,8882.0,9116.0,203.0,0.7717461264282994,350.51646399497986
3255.0,3.8556596218384716,8882.0,9032.0,169.0,0.7715459930837842,350.53065299987793
3256.0,3.851803962216633,8882.0,9069.0,168.0,0.7713457113831921,350.5445489883423
3257.0,3.847952158254416,8882.0,9168.0,182.0,0.77114528126861,350.5584568977356
3258.0,3.8441042060961617,8882.0,9155.0,205.0,0.7709447026822115,350.5725247859955
3259.0,3.8402601018900655,8882.0,9132.0,196.0,0.7707439755662567,350.5864279270172
3260.0,3.8364198417881754,8882.0,9096.0,159.0,0.7705430998630929,350.60084319114685
3261.0,3.8325834219463872,8882.0,9155.0,167.0,0.770342075515154,350.6152548789978
3262.0,3.828750838524441,8882.0,9144.0,167.0,0.7701409024649618,350.629154920578
3263.0,3.8249220876859162,8882.0,9256.0,156.0,0.769939580655126,350.6430130004883
3264.0,3.82109716559823,8882.0,9264.0,170.0,0.769738110028344,350.65693283081055
3265.0,3.817276068432632,8882.0,9111.0,153.0,0.7695364905274017,350.67068099975586
3266.0,3.8134587923641994,8882.0,9057.0,179.0,0.7693347220951735,350.68478083610535
3267.0,3.809645333571835,8882.0,9050.0,164.0,0.7691328046746227,350.6993479728699
3268.0,3.8058356882382633,8882.0,9042.0,164.0,0.7689307382088019,350.71304392814636
3269.0,3.802029852550025,8882.0,9080.0,148.0,0.7687285226408528,350.72691893577576
3270.0,3.798227822697475,8882.0,9070.0,189.0,0.7685261579140072,350.7405982017517
3271.0,3.7944295948747775,8882.0,9031.0,147.0,0.7683236439715867,350.75425481796265
3272.0,3.7906351652799026,8882.0,9093.0,156.0,0.7681209807570032,350.76815700531006
3273.0,3.7868445301146227,8882.0,9204.0,185.0,0.7679181682137591,350.7823100090027
3274.0,3.783057685584508,8882.0,9142.0,166.0,0.767715206285448,350.79585003852844
3275.0,3.7792746278989235,8882.0,9145.0,160.0,0.767512094915754,350.80951404571533
3276.0,3.7754953532710247,8882.0,9080.0,153.0,0.7673088340484533,350.82306599617004
3277.0,3.7717198579177538,8882.0,8963.0,177.0,0.7671054236274134,350.83682203292847
3278.0,3.767948138059836,8882.0,9035.0,154.0,0.7669018635965938,350.8505129814148
3279.0,3.764180189921776,8882.0,9015.0,126.0,0.7666981539000466,350.8648269176483
3280.0,3.760416009731854,8882.0,8919.0,152.0,0.7664942944819157,350.87856912612915
3281.0,3.7566555937221224,8826.0,8889.0,146.0,0.7662902852864389,350.89222478866577
3282.0,3.7528989381284004,8826.0,8982.0,150.0,0.7660861262579465,350.90637397766113
3283.0,3.749146039190272,8826.0,9124.0,160.0,0.7658818173408621,350.91999912261963
3284.0,3.745396893151082,8826.0,9172.0,161.0,0.7656773584797034,350.9336168766022
3285.0,3.741651496257931,8826.0,9149.0,153.0,0.7654727496190817,350.9474229812622
3286.0,3.7379098447616728,8826.0,9201.0,156.0,0.7652679907037032,350.96085596084595
3287.0,3.734171934916911,8826.0,9083.0,154.0,0.7650630816783679,350.97454285621643
3288.0,3.730437762981994,8826.0,9113.0,169.0,0.7648580224879712,350.98825001716614
3289.0,3.726707325219012,8826.0,9046.0,149.0,0.7646528130775034,351.00182008743286
3290.0,3.7229806178937928,8826.0,8924.0,155.0,0.7644474533920504,351.0153238773346
3291.0,3.719257637275899,8826.0,8928.0,142.0,0.7642419433767939,351.02932596206665
3292.0,3.715538379638623,8826.0,8952.0,123.0,0.7640362829770112,351.0430819988251
3293.0,3.7118228412589844,8826.0,9014.0,172.0,0.7638304721380764,351.0565221309662
3294.0,3.7081110184177253,8826.0,9005.0,134.0,0.7636245108054599,351.0700271129608
3295.0,3.7044029073993077,8826.0,9076.0,156.0,0.7634183989247292,351.08360409736633
3296.0,3.7006985044919083,8826.0,9117.0,168.0,0.7632121364415487,351.0970809459686
3297.0,3.6969978059874165,8826.0,9111.0,161.0,0.7630057233016808,351.110591173172
3298.0,3.693300808181429,8826.0,9191.0,146.0,0.7627991594509851,351.1246008872986
3299.0,3.6896075073732475,8826.0,9130.0,160.0,0.7625924448354195,351.1380171775818
3300.0,3.685917899865874,8826.0,9074.0,156.0,0.7623855794010405,351.15153908729553
3301.0,3.6822319819660083,8826.0,8981.0,149.0,0.7621785630940029,351.16491198539734
3302.0,3.6785497499840423,8826.0,9093.0,157.0,0.7619713958605605,351.17833495140076
3303.0,3.674871200234058,8826.0,8997.0,138.0,0.7617640776470667,351.19181084632874
3304.0,3.6711963290338243,8826.0,8977.0,165.0,0.761556608399974,351.2052409648895
3305.0,3.6675251327047906,8826.0,8991.0,129.0,0.761348988065835,351.21868991851807
3306.0,3.6638576075720857,8826.0,8987.0,138.0,0.7611412165913023,351.2322278022766
3307.0,3.6601937499645136,8826.0,9001.0,162.0,0.7609332939231291,351.2457718849182
3308.0,3.656533556214549,8826.0,9046.0,147.0,0.7607252200081693,351.25907588005066
3309.0,3.6528770226583345,8826.0,8998.0,149.0,0.7605169947933776,351.2725269794464
3310.0,3.649224145635676,8826.0,9056.0,170.0,0.7603086182258104,351.28579688072205
3311.0,3.6455749214900406,8826.0,9067.0,144.0,0.7601000902526254,351.2990758419037
3312.0,3.6419293465685505,8826.0,8954.0,154.0,0.7598914108210824,351.3124771118164
3313.0,3.638287417221982,8826.0,8951.0,151.0,0.7596825798785432,351.3258740901947
3314.0,3.63464912980476,8826.0,8959.0,128.0,0.7594735973724726,351.33889174461365
3315.0,3.631014480674955,8826.0,9026.0,139.0,0.7592644632504377,351.3521628379822
3316.0,3.62738346619428,8826.0,9003.0,152.0,0.7590551774601092,351.36500310897827
3317.0,3.623756082728086,8826.0,8943.0,152.0,0.7588457399492607,351.3780429363251
3318.0,3.620132326645358,8826.0,8916.0,127.0,0.7586361506657702,351.3913719654083
3319.0,3.6165121943187124,8826.0,8895.0,136.0,0.7584264095576189,351.4044759273529
3320.0,3.612895682124394,8785.0,8793.0,126.0,0.7582165165728931,351.41740894317627
3321.0,3.6092827864422694,8764.0,8836.0,122.0,0.7580064716597834,351.4307680130005
3322.0,3.605673503655827,8764.0,8916.0,126.0,0.7577962747665853,351.44406294822693
3323.0,3.6020678301521714,8764.0,8881.0,144.0,0.7575859258416997,351.4571659564972
3324.0,3.5984657623220193,8764.0,8871.0,134.0,0.7573754248336327,351.4703598022461
3325.0,3.5948672965596975,8764.0,8882.0,138.0,0.7571647716909969,351.48343110084534
3326.0,3.591272429263138,8764.0,8830.0,119.0,0.7569539663625106,351.4964199066162
3327.0,3.5876811568338747,8764.0,8890.0,136.0,0.7567430087969983,351.50940203666687
3328.0,3.5840934756770406,8764.0,8869.0,143.0,0.7565318989433919,351.52251505851746
3329.0,3.5805093822013636,8764.0,8846.0,126.0,0.7563206367507301,351.53537702560425
3330.0,3.5769288728191624,8764.0,8883.0,142.0,0.7561092221681589,351.54835391044617
3331.0,3.573351943946343,8764.0,8910.0,145.0,0.755897655144932,351.56122493743896
3332.0,3.5697785920023968,8764.0,8963.0,117.0,0.7556859356304113,351.57445096969604
3333.0,3.566208813410394,8764.0,8916.0,139.0,0.7554740635740667,351.58768701553345
3334.0,3.562642604596984,8764.0,8951.0,173.0,0.755262038925477,351.6004960536957
3335.0,3.5590799619923867,8764.0,8893.0,146.0,0.7550498616343297,351.61358284950256
3336.0,3.5555208820303945,8764.0,8955.0,125.0,0.7548375316504219,351.6263840198517
3337.0,3.551965361148364,8764.0,8964.0,134.0,0.7546250489236596,351.6392469406128
3338.0,3.548413395787216,8764.0,8959.0,138.0,0.7544124134040592,351.6524817943573
3339.0,3.5448649823914287,8764.0,8931.0,142.0,0.7541996250417471,351.66562485694885
3340.0,3.5413201174090374,8764.0,8936.0,134.0,0.7539866837869601,351.6787028312683
3341.0,3.5377787972916286,8764.0,8914.0,136.0,0.7537735895900459,351.69164299964905
3342.0,3.534241018494337,8764.0,8853.0,145.0,0.7535603424014632,351.7048888206482
3343.0,3.5307067774758427,8762.0,8823.0,150.0,0.7533469421717821,351.717787027359
3344.0,3.527176070698367,8762.0,8868.0,108.0,0.7531333888516846,351.73059582710266
3345.0,3.5236488946276685,8736.0,8736.0,120.0,0.7529196823919644,351.7439398765564
3346.0,3.5201252457330408,8732.0,8805.0,141.0,0.7527058227435279,351.7569320201874
3347.0,3.516605120487308,8732.0,8781.0,126.0,0.752491809857394,351.7696421146393
3348.0,3.5130885153668205,8706.0,8706.0,119.0,0.7522776436846944,351.7825129032135
3349.0,3.5095754268514536,8706.0,8804.0,120.0,0.7520633241766744,351.79553174972534
3350.0,3.5060658514246024,8706.0,8787.0,120.0,0.7518488512846928,351.80819272994995
3351.0,3.502559785573178,8706.0,8795.0,138.0,0.7516342249602223,351.82084798812866
3352.0,3.4990572257876047,8706.0,8747.0,130.0,0.7514194451548496,351.83389592170715
3353.0,3.495558168561817,8670.0,8672.0,123.0,0.7512045118202764,351.84663796424866
3354.0,3.4920626103932553,8670.0,8761.0,109.0,0.750989424908319,351.8596889972687
3355.0,3.488570547782862,8670.0,8730.0,121.0,0.7507741843709088,351.8724889755249
3356.0,3.485081977235079,8670.0,8697.0,117.0,0.750558790160093,351.8851799964905
3357.0,3.481596895257844,8670.0,8766.0,132.0,0.7503432422280343,351.897931098938
3358.0,3.478115298362586,8670.0,8718.0,121.0,0.7501275405270117,351.9107789993286
3359.0,3.4746371830642233,8670.0,8743.0,108.0,0.7499116850094206,351.9232988357544
3360.0,3.471162545881159,8670.0,8780.0,123.0,0.7496956756277734,351.93607997894287
3361.0,3.467691383335278,8670.0,8806.0,127.0,0.7494795123346993,351.9488751888275
3362.0,3.464223691951943,8670.0,8865.0,126.0,0.749263195082945,351.9615330696106
3363.0,3.460759468259991,8670.0,8778.0,122.0,0.749046723825375,351.97413206100464
3364.0,3.4572987087917313,8670.0,8823.0,131.0,0.7488300985149717,351.9868769645691
3365.0,3.4538414100829398,8670.0,8805.0,132.0,0.7486133191048362,351.9998300075531
3366.0,3.450387568672857,8670.0,8928.0,109.0,0.748396385548188,352.01256799697876
3367.0,3.4469371811041842,8670.0,8813.0,140.0,0.7481792977983656,352.025239944458
3368.0,3.44349024392308,8670.0,8799.0,118.0,0.7479620558088271,352.03772711753845
3369.0,3.440046753679157,8670.0,8772.0,124.0,0.7477446595331501,352.05041003227234
3370.0,3.436606706925478,8670.0,8785.0,113.0,0.7475271089250322,352.0630621910095
3371.0,3.4331701002185526,8670.0,8862.0,120.0,0.7473094039382913,352.0755829811096
3372.0,3.429736930118334,8670.0,8909.0,124.0,0.747091544526866,352.08832597732544
3373.0,3.4263071931882156,8670.0,8855.0,120.0,0.7468735306448158,352.1010158061981
3374.0,3.4228808859950273,8670.0,8866.0,129.0,0.7466553622463216,352.1132848262787
3375.0,3.4194580051090324,8670.0,8812.0,123.0,0.7464370392856857,352.12569189071655
3376.0,3.4160385471039234,8670.0,8904.0,119.0,0.7462185617173326,352.13848090171814
3377.0,3.4126225085568196,8670.0,8850.0,132.0,0.7459999294958088,352.1510019302368
3378.0,3.409209886048263,8670.0,8895.0,131.0,0.7457811425757837,352.1633770465851
3379.0,3.405800676162215,8670.0,8902.0,114.0,0.7455622009120493,352.17652106285095
3380.0,3.4023948754860527,8670.0,8839.0,127.0,0.7453431044595209,352.18881583213806
3381.0,3.3989924806105667,8670.0,8813.0,123.0,0.7451238531732376,352.20119404792786
3382.0,3.3955934881299563,8670.0,8841.0,131.0,0.7449044470083623,352.2133719921112
3383.0,3.3921978946418263,8670.0,8836.0,140.0,0.7446848859201821,352.2257261276245
3384.0,3.3888056967471845,8670.0,8791.0,103.0,0.7444651698641084,352.23814487457275
3385.0,3.385416891050437,8670.0,8764.0,125.0,0.744245298795678,352.25036096572876
3386.0,3.382031474159387,8670.0,8838.0,118.0,0.7440252726705525,352.2648949623108
3387.0,3.3786494426852274,8670.0,8800.0,110.0,0.7438050914445193,352.27919697761536
3388.0,3.3752707932425423,8670.0,8839.0,113.0,0.7435847550734915,352.2923889160156
3389.0,3.3718955224492997,8670.0,8804.0,125.0,0.7433642635135086,352.30495500564575
3390.0,3.3685236269268506,8670.0,8768.0,107.0,0.7431436167207365,352.3170998096466
3391.0,3.365155103299924,8670.0,8737.0,124.0,0.7429228146514679,352.32915115356445
3392.0,3.361789948196624,8670.0,8731.0,105.0,0.742701857262123,352.3411967754364
3393.0,3.358428158248427,8669.0,8728.0,99.0,0.7424807445092492,352.35344195365906
3394.0,3.355069730090179,8669.0,8683.0,121.0,0.742259476349522,352.3658797740936
3395.0,3.3517146603600887,8669.0,8735.0,116.0,0.742038052739745,352.3778851032257
3396.0,3.3483629456997286,8669.0,8774.0,125.0,0.7418164736368504,352.39006185531616
3397.0,3.345014582754029,8669.0,8789.0,118.0,0.7415947389978993,352.40226793289185
3398.0,3.341669568171275,8669.0,8825.0,119.0,0.7413728487800818,352.41439604759216
3399.0,3.3383278986031035,8669.0,8704.0,110.0,0.7411508029407178,352.42651081085205
3400.0,3.3349895707045003,8669.0,8782.0,99.0,0.7409286014372569,352.43866777420044
3401.0,3.3316545811337956,8669.0,8768.0,121.0,0.7407062442272792,352.4507620334625
3402.0,3.3283229265526617,8669.0,8759.0,109.0,0.7404837312684949,352.4626567363739
3403.0,3.324994603626109,8669.0,8791.0,109.0,0.7402610625187455,352.4747951030731
3404.0,3.3216696090224826,8669.0,8745.0,103.0,0.7400382379360035,352.48702907562256
3405.0,3.31834793941346,8669.0,8812.0,117.0,0.7398152574783731,352.4989788532257
3406.0,3.3150295914740466,8669.0,8882.0,137.0,0.7395921211040901,352.5108461380005
3407.0,3.3117145618825727,8669.0,8834.0,117.0,0.7393688287715231,352.5228490829468
3408.0,3.30840284732069,8669.0,8860.0,123.0,0.7391453804391727,352.53496503829956
3409.0,3.3050944444733696,8669.0,8806.0,94.0,0.7389217760656728,352.54709577560425
3410.0,3.3017893500288964,8669.0,8776.0,121.0,0.7386980156097903,352.55904483795166
3411.0,3.2984875606788675,8669.0,8745.0,122.0,0.7384740990304259,352.5710418224335
3412.0,3.2951890731181885,8669.0,8715.0,135.0,0.7382500262866143,352.58310294151306
3413.0,3.2918938840450704,8669.0,8725.0,101.0,0.7380257973375242,352.5950999259949
3414.0,3.2886019901610255,8669.0,8727.0,102.0,0.737801412142459,352.60705399513245
3415.0,3.2853133881708643,8669.0,8723.0,124.0,0.7375768706608572,352.6195158958435
3416.0,3.2820280747826933,8655.0,8661.0,109.0,0.7373521728522925,352.63157892227173
3417.0,3.278746046707911,8621.0,8703.0,88.0,0.7371273186764744,352.64364290237427
3418.0,3.275467300661203,8621.0,8664.0,98.0,0.7369023080932482,352.6556968688965
3419.0,3.2721918333605418,8621.0,8648.0,108.0,0.7366771410625955,352.66734290122986
3420.0,3.268919641527181,8587.0,8593.0,124.0,0.736451817544635,352.67929792404175
3421.0,3.265650721885654,8578.0,8618.0,111.0,0.7362263374996216,352.691241979599
3422.0,3.2623850711637683,8578.0,8624.0,96.0,0.7360007008879486,352.70292806625366
3423.0,3.2591226860926046,8578.0,8621.0,90.0,0.7357749076701462,352.7148389816284
3424.0,3.255863563406512,8578.0,8596.0,79.0,0.735548957806883,352.72652196884155
3425.0,3.2526076998431055,8563.0,8563.0,102.0,0.7353228512589659,352.73830103874207
3426.0,3.2493550921432623,8543.0,8637.0,116.0,0.7350965879873407,352.7502360343933
3427.0,3.2461057370511193,8542.0,8546.0,103.0,0.7348701679530921,352.7621510028839
3428.0,3.2428596313140683,8529.0,8543.0,89.0,0.7346435911174445,352.7739768028259
3429.0,3.2396167716827544,8459.0,8468.0,115.0,0.7344168574417617,352.78585982322693
3430.0,3.2363771549110716,8459.0,8511.0,96.0,0.7341899668875479,352.79807901382446
3431.0,3.2331407777561605,8459.0,8577.0,97.0,0.7339629194164479,352.80953097343445
3432.0,3.229907636978404,8459.0,8572.0,88.0,0.733735714990247,352.8209939002991
3433.0,3.2266777293414255,8459.0,8677.0,112.0,0.7335083535708721,352.8324718475342
3434.0,3.2234510516120842,8459.0,8704.0,88.0,0.7332808351203912,352.84410405158997
3435.0,3.220227600560472,8459.0,8646.0,92.0,0.7330531596010145,352.85597920417786
3436.0,3.2170073729599116,8459.0,8710.0,102.0,0.7328253269750942,352.867733001709
3437.0,3.2137903655869517,8459.0,8683.0,113.0,0.7325973372051253,352.87964391708374
3438.0,3.210576575221365,8459.0,8637.0,114.0,0.7323691902537457,352.89164090156555
3439.0,3.2073659986461434,8459.0,8577.0,93.0,0.7321408860837364,352.9033079147339
3440.0,3.204158632647497,8459.0,8555.0,109.0,0.7319124246580222,352.9148528575897
3441.0,3.2009544740148494,8459.0,8596.0,102.0,0.7316838059396719,352.9263870716095
3442.0,3.1977535195408344,8459.0,8599.0,115.0,0.7314550298918985,352.9381699562073
3443.0,3.1945557660212938,8459.0,8684.0,106.0,0.7312260964780599,352.9498188495636
3444.0,3.1913612102552724,8459.0,8675.0,98.0,0.7309970056616589,352.9614329338074
3445.0,3.188169849045017,8459.0,8688.0,116.0,0.7307677574063438,352.97345995903015
3446.0,3.184981679195972,8459.0,8734.0,101.0,0.7305383516759085,352.984925031662
3447.0,3.181796697516776,8459.0,8673.0,108.0,0.7303087884342933,352.99679017066956
3448.0,3.1786149008192592,8459.0,8667.0,113.0,0.7300790676455846,353.0084319114685
3449.0,3.17543628591844,8459.0,8602.0,94.0,0.7298491892740159,353.01993703842163
3450.0,3.1722608496325213,8459.0,8598.0,104.0,0.7296191532839678,353.03139209747314
3451.0,3.1690885887828886,8459.0,8566.0,87.0,0.7293889596399683,353.0428650379181
3452.0,3.165919500194106,8459.0,8560.0,94.0,0.7291586083066937,353.05436086654663
3453.0,3.1627535806939115,8459.0,8562.0,98.0,0.728928099248968,353.0658881664276
3454.0,3.1595908271132176,8459.0,8513.0,87.0,0.7286974324317641,353.0775420665741
3455.0,3.1564312362861044,8459.0,8620.0,94.0,0.728466607820204,353.08896589279175
3456.0,3.1532748050498185,8459.0,8642.0,89.0,0.7282356253795588,353.1003439426422
3457.0,3.1501215302447685,8459.0,8682.0,107.0,0.7280044850752492,353.11198592185974
3458.0,3.1469714087145237,8459.0,8690.0,79.0,0.7277731868728463,353.12330889701843
3459.0,3.1438244373058093,8459.0,8675.0,82.0,0.7275417307380712,353.1347291469574
3460.0,3.1406806128685036,8459.0,8673.0,106.0,0.727310116636796,353.1461389064789
3461.0,3.137539932255635,8459.0,8717.0,104.0,0.7270783445350439,353.157427072525
3462.0,3.1344023923233797,8459.0,8662.0,119.0,0.7268464143989896,353.168643951416
3463.0,3.1312679899310565,8459.0,8643.0,112.0,0.7266143261949594,353.18011593818665
3464.0,3.1281367219411256,8459.0,8670.0,113.0,0.726382079889432,353.19138383865356
3465.0,3.1250085852191845,8459.0,8658.0,84.0,0.7261496754490389,353.2028179168701
3466.0,3.1218835766339654,8459.0,8649.0,104.0,0.725917112840564,353.21411991119385
3467.0,3.1187616930573316,8459.0,8706.0,95.0,0.7256843920309449,353.2256531715393
3468.0,3.1156429313642744,8459.0,8643.0,107.0,0.7254515129872726,353.23715901374817
3469.0,3.11252728843291,8459.0,8625.0,73.0,0.7252184756767923,353.24848914146423
3470.0,3.1094147611444773,8459.0,8573.0,107.0,0.7249852800669037,353.25983810424805
3471.0,3.106305346383333,8459.0,8650.0,94.0,0.7247519261251607,353.2710859775543
3472.0,3.10319904103695,8459.0,8583.0,95.0,0.7245184138192728,353.2825880050659
3473.0,3.100095841995913,8459.0,8565.0,84.0,0.724284743117105,353.29862213134766
3474.0,3.096995746153917,8459.0,8480.0,96.0,0.7240509139866778,353.3128778934479
3475.0,3.0938987504077633,8459.0,8490.0,97.0,0.723816926396168,353.3244090080261
3476.0,3.0908048516573556,8459.0,8478.0,92.0,0.7235827803139092,353.33567690849304
3477.0,3.087714046805698,8459.0,8531.0,100.0,0.7233484757083917,353.34688997268677
3478.0,3.0846263327588925,8459.0,8520.0,100.0,0.7231140125482632,353.35789608955383
3479.0,3.0815417064261337,8459.0,8502.0,94.0,0.7228793908023291,353.369099855423
3480.0,3.0784601647197074,8459.0,8499.0,88.0,0.7226446104395527,353.38008308410645
3481.0,3.075381704554988,8459.0,8559.0,100.0,0.7224096714290559,353.3911361694336
3482.0,3.072306322850433,8459.0,8575.0,93.0,0.7221745737401193,353.402370929718
3483.0,3.069234016527582,8459.0,8651.0,89.0,0.7219393173421823,353.4134910106659
3484.0,3.0661647825110547,8459.0,8611.0,105.0,0.7217039022048445,353.42468905448914
3485.0,3.0630986177285435,8459.0,8561.0,93.0,0.7214683282978648,353.4357399940491
3486.0,3.060035519110815,8459.0,8553.0,95.0,0.7212325955911626,353.447026014328
3487.0,3.056975483591704,8459.0,8601.0,89.0,0.7209967040548179,353.4581849575043
3488.0,3.0539185081081124,8459.0,8609.0,95.0,0.7207606536590716,353.4691390991211
3489.0,3.050864589600004,8459.0,8599.0,82.0,0.7205244443743261,353.4800908565521
3490.0,3.0478137250104043,8459.0,8644.0,87.0,0.7202880761711454,353.49132800102234
3491.0,3.0447659112853938,8459.0,8608.0,113.0,0.7200515490202559,353.5025351047516
3492.0,3.041721145374108,8459.0,8594.0,94.0,0.7198148628925459,353.5136070251465
3493.0,3.038679424228734,8459.0,8582.0,87.0,0.7195780177590673,353.5246539115906
3494.0,3.0356407448045055,8459.0,8593.0,96.0,0.7193410135910344,353.5357849597931
3495.0,3.032605104059701,8459.0,8558.0,80.0,0.7191038503598258,353.5468850135803
3496.0,3.029572498955641,8459.0,8610.0,83.0,0.7188665280369838,353.5578441619873
3497.0,3.0265429264566857,8459.0,8607.0,94.0,0.718629046594215,353.56890082359314
3498.0,3.023516383530229,8459.0,8558.0,97.0,0.7183914060033907,353.5800349712372
3499.0,3.0204928671466984,8459.0,8525.0,94.0,0.7181536062365474,353.5910120010376
3500.0,3.0174723742795515,8459.0,8521.0,79.0,0.7179156472658871,353.60172605514526
3501.0,3.014454901905272,8459.0,8580.0,89.0,0.7176775290637775,353.61280608177185
3502.0,3.0114404470033667,8459.0,8631.0,82.0,0.7174392516027526,353.62355375289917
3503.0,3.0084290065563635,8459.0,8606.0,124.0,0.717200814855513,353.6346619129181
3504.0,3.005420577549807,8459.0,8571.0,84.0,0.7169622187949264,353.6456129550934
3505.0,3.0024151569722575,8459.0,8579.0,76.0,0.7167234633940275,353.65659403800964
3506.0,2.999412741815285,8459.0,8512.0,83.0,0.7164845486260192,353.6674609184265
3507.0,2.99641332907347,8459.0,8583.0,83.0,0.716245474464272,353.678325176239
3508.0,2.993416915744396,8459.0,8552.0,82.0,0.7160062408823252,353.6892068386078
3509.0,2.9904234988286515,8459.0,8568.0,82.0,0.7157668478538872,353.7001328468323
3510.0,2.987433075329823,8457.0,8457.0,95.0,0.7155272953528351,353.71094584465027
3511.0,2.984445642254493,8457.0,8528.0,67.0,0.7152875833532159,353.7219281196594
3512.0,2.981461196612239,8457.0,8492.0,77.0,0.7150477118292465,353.7323799133301
3513.0,2.9784797354156267,8438.0,8454.0,74.0,0.7148076807553145,353.7431571483612
3514.0,2.975501255680211,8438.0,8515.0,86.0,0.714567490105978,353.75413489341736
3515.0,2.972525754424531,8438.0,8500.0,76.0,0.714327139855966,353.7649118900299
3516.0,2.9695532286701063,8428.0,8475.0,73.0,0.7140866299801796,353.77559089660645
3517.0,2.966583675441436,8401.0,8401.0,74.0,0.7138459604536912,353.7863049507141
3518.0,2.9636170917659945,8391.0,8430.0,64.0,0.7136051312517461,353.7971978187561
3519.0,2.9606534746742286,8391.0,8471.0,81.0,0.7133641423497619,353.80791997909546
3520.0,2.9576928211995543,8391.0,8499.0,87.0,0.7131229937233291,353.81863498687744
3521.0,2.954735128378355,8391.0,8503.0,86.0,0.7128816853482122,353.8293778896332
3522.0,2.9517803932499764,8391.0,8496.0,80.0,0.7126402172003489,353.8402671813965
3523.0,2.9488286128567265,8391.0,8501.0,80.0,0.7123985892558514,353.85083985328674
3524.0,2.9458797842438695,8391.0,8552.0,74.0,0.7121568014910067,353.86150598526
3525.0,2.942933904459626,8391.0,8549.0,62.0,0.7119148538822763,353.8723599910736
3526.0,2.9399909705551663,8391.0,8592.0,77.0,0.7116727464062974,353.88283801078796
3527.0,2.9370509795846114,8391.0,8553.0,92.0,0.7114304790398829,353.89329290390015
3528.0,2.9341139286050266,8391.0,8576.0,83.0,0.7111880517600216,353.903785943985
3529.0,2.9311798146764216,8391.0,8550.0,74.0,0.7109454645438793,353.91451811790466
3530.0,2.9282486348617454,8391.0,8535.0,84.0,0.710702717368798,353.9254732131958
3531.0,2.9253203862268835,8391.0,8505.0,81.0,0.7104598102122976,353.9367251396179
3532.0,2.922395065840657,8391.0,8519.0,68.0,0.7102167430520756,353.9472110271454
3533.0,2.919472670774816,8391.0,8499.0,65.0,0.7099735158660071,353.95778012275696
3534.0,2.916553198104041,8391.0,8513.0,74.0,0.7097301286321461,353.9683699607849
3535.0,2.913636644905937,8391.0,8580.0,98.0,0.7094865813287253,353.9791479110718
3536.0,2.910723008261031,8391.0,8537.0,79.0,0.7092428739341567,353.9895889759064
3537.0,2.9078122852527697,8391.0,8558.0,82.0,0.7089990064270318,354.00016689300537
3538.0,2.904904472967517,8391.0,8562.0,89.0,0.7087549787861223,354.01076006889343
3539.0,2.901999568494549,8391.0,8530.0,90.0,0.7085107909903797,354.0215549468994
3540.0,2.8990975689260545,8391.0,8564.0,83.0,0.7082664430189373,354.0320529937744
3541.0,2.8961984713571285,8391.0,8525.0,80.0,0.7080219348511086,354.0423719882965
3542.0,2.8933022728857716,8391.0,8590.0,88.0,0.7077772664663893,354.0529718399048
3543.0,2.890408970612886,8391.0,8535.0,83.0,0.7075324378444566,354.0636670589447
3544.0,2.887518561642273,8391.0,8569.0,89.0,0.7072874489651706,354.0741219520569
3545.0,2.884631043080631,8391.0,8575.0,85.0,0.7070422998085736,354.08467388153076
3546.0,2.88174641203755,8391.0,8486.0,76.0,0.7067969903548912,354.09512400627136
3547.0,2.8788646656255126,8391.0,8458.0,83.0,0.7065515205845327,354.1064291000366
3548.0,2.875985800959887,8391.0,8478.0,93.0,0.7063058904780912,354.11716389656067
3549.0,2.873109815158927,8391.0,8470.0,74.0,0.7060601000163441,354.12786889076233
3550.0,2.870236705343768,8391.0,8531.0,66.0,0.7058141491802534,354.13835406303406
3551.0,2.867366468638424,8391.0,8490.0,66.0,0.7055680379509665,354.1486439704895
3552.0,2.864499102169786,8391.0,8499.0,67.0,0.7053217663098158,354.158921957016
3553.0,2.8616346030676163,8391.0,8514.0,75.0,0.70507533423832,354.16911792755127
3554.0,2.8587729684645486,8391.0,8472.0,82.0,0.7048287417181841,354.1794340610504
3555.0,2.855914195496084,8391.0,8495.0,74.0,0.7045819887312996,354.1903278827667
3556.0,2.853058281300588,8391.0,8509.0,75.0,0.7043350752597449,354.20080494880676
3557.0,2.8502052230192874,8391.0,8486.0,89.0,0.7040880012857864,354.2112190723419
3558.0,2.847355017796268,8391.0,8498.0,67.0,0.7038407667918778,354.22161293029785
3559.0,2.844507662778472,8391.0,8499.0,76.0,0.7035933717606613,354.2321071624756
3560.0,2.8416631551156932,8391.0,8546.0,92.0,0.7033458161749678,354.24244594573975
3561.0,2.8388214919605774,8391.0,8545.0,86.0,0.7030981000178174,354.252562046051
3562.0,2.8359826704686166,8391.0,8509.0,91.0,0.7028502232724192,354.2628149986267
3563.0,2.833146687798148,8391.0,8487.0,64.0,0.7026021859221725,354.27327609062195
3564.0,2.8303135411103497,8391.0,8457.0,89.0,0.7023539879506667,354.2836937904358
3565.0,2.8274832275692394,8391.0,8513.0,71.0,0.7021056293416822,354.2938389778137
3566.0,2.82465574434167,8391.0,8496.0,79.0,0.7018571100791898,354.3041398525238
3567.0,2.821831088597328,8391.0,8425.0,90.0,0.7016084301473523,354.3146960735321
3568.0,2.8190092575087307,8383.0,8407.0,65.0,0.701359589530524,354.3249628543854
3569.0,2.816190248251222,8375.0,8421.0,78.0,0.7011105882132518,354.3352987766266
3570.0,2.813374058002971,8375.0,8413.0,87.0,0.7008614261802749,354.3455340862274
3571.0,2.810560683944968,8367.0,8382.0,70.0,0.7006121034165257,354.35595893859863
3572.0,2.807750123261023,8321.0,8343.0,68.0,0.7003626199071301,354.3662910461426
3573.0,2.804942373137762,8266.0,8269.0,78.0,0.7001129756374077,354.3768000602722
3574.0,2.8021374307646245,8261.0,8298.0,67.0,0.6998631705928724,354.3872039318085
3575.0,2.79933529333386,8261.0,8375.0,68.0,0.6996132047592328,354.3976490497589
3576.0,2.796535958040526,8261.0,8419.0,76.0,0.6993630781223927,354.4078149795532
3577.0,2.7937394220824854,8261.0,8431.0,80.0,0.699112790668451,354.41782903671265
3578.0,2.790945682660403,8261.0,8443.0,81.0,0.6988623423837026,354.42781710624695
3579.0,2.788154736977743,8261.0,8434.0,73.0,0.6986117332546389,354.43821597099304
3580.0,2.785366582240765,8261.0,8440.0,72.0,0.6983609632679477,354.44888615608215
3581.0,2.7825812156585243,8261.0,8485.0,77.0,0.698110032410514,354.4589059352875
3582.0,2.779798634442866,8261.0,8490.0,72.0,0.69785894066942,354.4689700603485
3583.0,2.777018835808423,8261.0,8505.0,81.0,0.6976076880319463,354.47926592826843
3584.0,2.7742418169726144,8261.0,8463.0,86.0,0.6973562744855714,354.48941707611084
3585.0,2.7714675751556417,8261.0,8431.0,70.0,0.6971047000179724,354.4995939731598
3586.0,2.768696107580486,8261.0,8481.0,70.0,0.6968529646170261,354.50956988334656
3587.0,2.7659274114729056,8261.0,8494.0,66.0,0.6966010682708078,354.519672870636
3588.0,2.7631614840614325,8261.0,8488.0,97.0,0.6963490109675938,354.53005194664
3589.0,2.760398322577371,8261.0,8450.0,75.0,0.6960967926958599,354.5403070449829
3590.0,2.7576379242547935,8261.0,8461.0,77.0,0.695844413444283,354.55025005340576
3591.0,2.754880286330539,8261.0,8477.0,84.0,0.6955918732017411,354.56015706062317
3592.0,2.7521254060442084,8261.0,8455.0,77.0,0.6953391719573137,354.57018995285034
3593.0,2.749373280638164,8261.0,8446.0,79.0,0.6950863097002821,354.5799469947815
3594.0,2.746623907357526,8261.0,8442.0,68.0,0.6948332864201301,354.5899348258972
3595.0,2.7438772834501686,8261.0,8398.0,73.0,0.6945801021065443,354.59981298446655
3596.0,2.7411334061667185,8261.0,8441.0,81.0,0.6943267567494145,354.61008191108704
3597.0,2.7383922727605516,8261.0,8473.0,72.0,0.6940732503388337,354.62046813964844
3598.0,2.7356538804877912,8261.0,8453.0,56.0,0.6938195828650994,354.6305339336395
3599.0,2.7329182266073033,8261.0,8454.0,93.0,0.6935657543187131,354.6404640674591
3600.0,2.730185308380696,8261.0,8445.0,70.0,0.6933117646903816,354.65047574043274
3601.0,2.7274551230723154,8261.0,8482.0,62.0,0.6930576139710163,354.66028881073
3602.0,2.724727667949243,8261.0,8490.0,85.0,0.6928033021517345,354.67019295692444
3603.0,2.722002940281294,8261.0,8527.0,63.0,0.6925488292238597,354.67989206314087
3604.0,2.7192809373410127,8261.0,8555.0,78.0,0.6922941951789217,354.68985509872437
3605.0,2.716561656403672,8261.0,8526.0,66.0,0.6920394000086572,354.6996910572052
3606.0,2.7138450947472683,8261.0,8483.0,79.0,0.6917844437050098,354.7097198963165
3607.0,2.711131249652521,8261.0,8455.0,66.0,0.6915293262601316,354.7197949886322
3608.0,2.7084201184028682,8261.0,8539.0,55.0,0.6912740476663821,354.72966480255127
3609.0,2.7057116982844653,8261.0,8451.0,56.0,0.6910186079163295,354.7395279407501
3610.0,2.703005986586181,8261.0,8414.0,58.0,0.6907630070027511,354.74937105178833
3611.0,2.7003029805995946,8261.0,8377.0,54.0,0.6905072449186332,354.75909209251404
3612.0,2.697602677618995,8261.0,8348.0,58.0,0.6902513216571723,354.76869106292725
3613.0,2.694905074941376,8261.0,8332.0,65.0,0.6899952372117747,354.7784140110016
3614.0,2.692210169866435,8261.0,8375.0,78.0,0.6897389915760573,354.7882959842682
3615.0,2.6895179596965684,8261.0,8372.0,67.0,0.6894825847438482,354.7983469963074
3616.0,2.6868284417368717,8261.0,8342.0,61.0,0.6892260167091867,354.80824089050293
3617.0,2.684141613295135,8261.0,8309.0,70.0,0.6889692874663241,354.81795382499695
3618.0,2.68145747168184,8261.0,8271.0,60.0,0.6887123970097239,354.8276791572571
3619.0,2.678776014210158,8261.0,8281.0,58.0,0.6884553453340622,354.83756709098816
3620.0,2.676097238195948,8261.0,8287.0,58.0,0.688198132434228,354.84698605537415
3621.0,2.673421140957752,8261.0,8279.0,66.0,0.6879407583053242,354.8568048477173
3622.0,2.670747719816794,8261.0,8301.0,66.0,0.6876832229426671,354.86648416519165
3623.0,2.6680769720969773,8261.0,8336.0,63.0,0.6874255263417879,354.87627601623535
3624.0,2.66540889512488,8261.0,8271.0,65.0,0.6871676684984321,354.885950088501
3625.0,2.6627434862297554,8261.0,8291.0,65.0,0.6869096494085606,354.8955399990082
3626.0,2.6600807427435256,8261.0,8308.0,51.0,0.6866514690683495,354.90512895584106
3627.0,2.657420662000782,8261.0,8294.0,63.0,0.6863931274741913,354.91480684280396
3628.0,2.654763241338781,8261.0,8314.0,47.0,0.6861346246226949,354.9246859550476
3629.0,2.652108478097442,8261.0,8286.0,63.0,0.6858759605106858,354.93425011634827
3630.0,2.6494563696193447,8261.0,8305.0,63.0,0.6856171351352067,354.94385385513306
3631.0,2.6468069132497254,8261.0,8304.0,71.0,0.6853581484935182,354.9534800052643
3632.0,2.6441601063364755,8261.0,8299.0,64.0,0.685099000583099,354.96301913261414
3633.0,2.641515946230139,8261.0,8311.0,67.0,0.6848396914016461,354.97258400917053
3634.0,2.638874430283909,8261.0,8297.0,67.0,0.6845802209470755,354.9819769859314
3635.0,2.636235555853625,8261.0,8288.0,53.0,0.6843205892175226,354.9916911125183
3636.0,2.633599320297771,8261.0,8279.0,52.0,0.6840607962113424,355.00140285491943
3637.0,2.6309657209774735,8261.0,8316.0,52.0,0.6838008419271105,355.0109441280365
3638.0,2.628334755256496,8261.0,8283.0,53.0,0.6835407263636227,355.02052211761475
3639.0,2.6257064205012397,8259.0,8271.0,73.0,0.683280449519896,355.0301089286804
3640.0,2.6230807140807384,8257.0,8273.0,55.0,0.6830200113951687,355.0405478477478
3641.0,2.620457633366658,8257.0,8326.0,60.0,0.682759411988901,355.0503098964691
3642.0,2.617837175733291,8257.0,8324.0,52.0,0.6824986513007758,355.0599009990692
3643.0,2.6152193385575577,8257.0,8355.0,58.0,0.6822377293306982,355.0694091320038
3644.0,2.612604119219,8257.0,8337.0,66.0,0.6819766460787966,355.07903599739075
3645.0,2.609991515099781,8257.0,8370.0,66.0,0.6817154015454231,355.08855414390564
3646.0,2.607381523584681,8257.0,8317.0,72.0,0.6814539957311537,355.0980050563812
3647.0,2.6047741420610966,8257.0,8317.0,76.0,0.6811924286367889,355.10754013061523
3648.0,2.6021693679190356,8257.0,8319.0,61.0,0.6809307002633537,355.1171200275421
3649.0,2.5995671985511164,8257.0,8340.0,64.0,0.6806688106120986,355.1270868778229
3650.0,2.596967631352565,8257.0,8310.0,63.0,0.6804067596845,355.13662600517273
3651.0,2.5943706637212127,8254.0,8258.0,72.0,0.6801445474822602,355.1461319923401
3652.0,2.5917762930574915,8253.0,8281.0,55.0,0.6798821740073078,355.15558099746704
3653.0,2.589184516764434,8253.0,8325.0,71.0,0.6796196392617987,355.1647310256958
3654.0,2.5865953322476694,8253.0,8339.0,50.0,0.679356943248116,355.1739959716797
3655.0,2.584008736915422,8253.0,8323.0,56.0,0.6790940859688709,355.18339800834656
3656.0,2.5814247281785065,8253.0,8286.0,60.0,0.6788310674269024,355.19287395477295
3657.0,2.578843303450328,8253.0,8324.0,53.0,0.6785678876252782,355.20210003852844
3658.0,2.5762644601468776,8253.0,8324.0,70.0,0.6783045465672956,355.2117419242859
3659.0,2.5736881956867306,8253.0,8343.0,69.0,0.6780410442564808,355.22153782844543
3660.0,2.571114507491044,8253.0,8314.0,67.0,0.6777773806965905,355.23059701919556
3661.0,2.568543392983553,8253.0,8281.0,50.0,0.6775135558916112,355.2397949695587
3662.0,2.565974849590569,8253.0,8271.0,46.0,0.6772495698457607,355.24923396110535
3663.0,2.5634088747409787,8245.0,8245.0,66.0,0.6769854225634876,355.2586200237274
3664.0,2.5608454658662376,8223.0,8230.0,63.0,0.6767211140494724,355.2680468559265
3665.0,2.5582846204003715,8223.0,8257.0,68.0,0.6764566443086278,355.27727007865906
3666.0,2.5557263357799713,8223.0,8225.0,68.0,0.6761920133460986,355.2865297794342
3667.0,2.5531706094441913,8178.0,8208.0,53.0,0.6759272211672629,355.29572010040283
3668.0,2.550617438834747,8178.0,8226.0,61.0,0.675662267777732,355.3051280975342
3669.0,2.5480668213959126,8178.0,8220.0,62.0,0.6753971531833509,355.3143529891968
3670.0,2.5455187545745166,8178.0,8215.0,51.0,0.6751318773901992,355.32351183891296
3671.0,2.542973235819942,8178.0,8234.0,58.0,0.6748664404045908,355.3327970504761
3672.0,2.540430262584122,8178.0,8251.0,57.0,0.6746008422330747,355.3420159816742
3673.0,2.537889832321538,8178.0,8281.0,57.0,0.6743350828824356,355.35123896598816
3674.0,2.535351942489217,8178.0,8249.0,63.0,0.674069162359694,355.3604619503021
3675.0,2.5328165905467275,8178.0,8244.0,60.0,0.6738030806721068,355.36969780921936
3676.0,2.5302837739561808,8178.0,8274.0,70.0,0.6735368378271679,355.37903594970703
3677.0,2.5277534901822247,8178.0,8255.0,58.0,0.673270433832608,355.3881821632385
3678.0,2.5252257366920423,8178.0,8254.0,58.0,0.6730038686963957,355.397598028183
3679.0,2.5227005109553504,8178.0,8278.0,58.0,0.6727371424267381,355.40681409835815
3680.0,2.520177810444395,8178.0,8242.0,58.0,0.6724702550320801,355.41606998443604
3681.0,2.517657632633951,8178.0,8297.0,63.0,0.672203206521106,355.42506980895996
3682.0,2.515139975001317,8178.0,8284.0,58.0,0.6719359969027395,355.43411898612976
3683.0,2.512624835026316,8178.0,8300.0,64.0,0.671668626186144,355.4432089328766
3684.0,2.5101122101912896,8178.0,8290.0,57.0,0.671401094380723,355.4520380496979
3685.0,2.5076020979810982,8178.0,8266.0,67.0,0.6711334014961211,355.4610278606415
3686.0,2.505094495883117,8178.0,8287.0,59.0,0.6708655475422237,355.47030305862427
3687.0,2.5025894013872336,8178.0,8290.0,66.0,0.6705975325291579,355.47941398620605
3688.0,2.5000868119858466,8178.0,8284.0,47.0,0.6703293564672927,355.48847794532776
3689.0,2.4975867251738606,8178.0,8271.0,49.0,0.6700610193672397,355.49759912490845
3690.0,2.495089138448687,8178.0,8270.0,61.0,0.6697925212398532,355.50670099258423
3691.0,2.492594049310238,8178.0,8270.0,46.0,0.6695238620962307,355.5158040523529
3692.0,2.4901014552609277,8178.0,8230.0,46.0,0.6692550419477137,355.5249469280243
3693.0,2.487611353805667,8178.0,8234.0,57.0,0.6689860608058876,355.5338451862335
3694.0,2.485123742451861,8178.0,8249.0,48.0,0.6687169186825827,355.5427930355072
3695.0,2.482638618709409,8178.0,8287.0,47.0,0.6684476155898739,355.55172204971313
3696.0,2.4801559800906996,8178.0,8308.0,45.0,0.6681781515400819,355.56089091300964
3697.0,2.4776758241106087,8178.0,8264.0,50.0,0.6679085265457733,355.5700480937958
3698.0,2.475198148286498,8178.0,8252.0,56.0,0.6676387406197608,355.5790410041809
3699.0,2.4727229501382113,8178.0,8234.0,57.0,0.667368793775104,355.5880160331726
3700.0,2.4702502271880733,8178.0,8242.0,42.0,0.66709868602511,355.5966339111328
3701.0,2.4677799769608852,8178.0,8254.0,61.0,0.6668284173833331,355.6056709289551
3702.0,2.4653121969839242,8178.0,8236.0,55.0,0.6665579878635757,355.6146409511566
3703.0,2.4628468847869405,8178.0,8236.0,53.0,0.6662873974798891,355.62360882759094
3704.0,2.4603840379021533,8178.0,8214.0,58.0,0.6660166462465731,355.63249588012695
3705.0,2.4579236538642513,8178.0,8207.0,50.0,0.6657457341781773,355.64146900177
3706.0,2.455465730210387,8177.0,8181.0,51.0,0.6654746612895008,355.65105390548706
3707.0,2.453010264480177,8140.0,8156.0,56.0,0.6652034275955933,355.659912109375
3708.0,2.450557254215697,8132.0,8132.0,46.0,0.6649320331117546,355.6689438819885
3709.0,2.448106696961481,8131.0,8147.0,50.0,0.6646604778535365,355.67797684669495
3710.0,2.44565859026452,8131.0,8171.0,39.0,0.6643887618367418,355.68696689605713
3711.0,2.4432129316742555,8131.0,8165.0,50.0,0.6641168850774253,355.69591999053955
3712.0,2.4407697187425814,8131.0,8179.0,43.0,0.6638448475918943,355.7048578262329
3713.0,2.438328949023839,8131.0,8208.0,53.0,0.6635726493967095,355.71370792388916
3714.0,2.435890620074815,8131.0,8239.0,84.0,0.663300290508684,355.7225251197815
3715.0,2.4334547294547404,8131.0,8199.0,55.0,0.6630277709448855,355.73183012008667
3716.0,2.4310212747252855,8131.0,8244.0,55.0,0.6627550907226355,355.7408390045166
3717.0,2.4285902534505603,8131.0,8221.0,54.0,0.6624822498595103,355.7497491836548
3718.0,2.4261616631971097,8131.0,8209.0,62.0,0.6622092483733412,355.7583520412445
3719.0,2.4237355015339124,8131.0,8220.0,46.0,0.6619360862822149,355.76711797714233
3720.0,2.4213117660323786,8131.0,8226.0,52.0,0.6616627636044744,355.77580094337463
3721.0,2.418890454266346,8131.0,8193.0,39.0,0.6613892803587189,355.78460597991943
3722.0,2.4164715638120797,8131.0,8191.0,34.0,0.6611156365638043,355.7932209968567
3723.0,2.4140550922482675,8131.0,8175.0,46.0,0.6608418322388443,355.8016719818115
3724.0,2.411641037156019,8131.0,8172.0,31.0,0.6605678674032096,355.81044006347656
3725.0,2.409229396118863,8131.0,8144.0,49.0,0.6602937420765296,355.81924390792847
3726.0,2.4068201667227442,8131.0,8145.0,45.0,0.6600194562786922,355.8281600475311
3727.0,2.4044133465560216,8129.0,8129.0,43.0,0.6597450100298442,355.83674597740173
3728.0,2.4020089332094656,8103.0,8107.0,42.0,0.659470403350392,355.84544706344604
3729.0,2.3996069242762563,8103.0,8139.0,44.0,0.659195636261002,355.8542869091034
3730.0,2.39720731735198,8103.0,8141.0,54.0,0.6589207087826007,355.86304092407227
3731.0,2.394810110034628,8101.0,8120.0,49.0,0.6586456209363758,355.871768951416
3732.0,2.3924152999245933,8101.0,8132.0,41.0,0.6583703727437759,355.8804130554199
3733.0,2.3900228846246687,8101.0,8138.0,48.0,0.6580949642265115,355.88911390304565
3734.0,2.387632861740044,8101.0,8157.0,34.0,0.6578193954065552,355.8976058959961
3735.0,2.385245228878304,8101.0,8178.0,46.0,0.6575436663061421,355.9064211845398
3736.0,2.3828599836494258,8101.0,8168.0,53.0,0.6572677769477704,355.91505908966064
3737.0,2.3804771236657762,8101.0,8181.0,56.0,0.6569917273542017,355.9237070083618
3738.0,2.3780966465421103,8101.0,8188.0,55.0,0.6567155175484618,355.93220114707947
3739.0,2.375718549895568,8101.0,8137.0,38.0,0.6564391475538403,355.94081807136536
3740.0,2.373342831345673,8101.0,8154.0,36.0,0.6561626173938919,355.94938611984253
3741.0,2.3709694885143273,8101.0,8177.0,46.0,0.6558859270924366,355.95802783966064
3742.0,2.368598519025813,8101.0,8156.0,36.0,0.6556090766735602,355.9666419029236
3743.0,2.3662299205067874,8101.0,8215.0,44.0,0.655332066161614,355.9757249355316
3744.0,2.3638636905862804,8101.0,8207.0,51.0,0.6550548955812165,355.98450207710266
3745.0,2.361499826895694,8101.0,8204.0,67.0,0.654777564957253,355.99325704574585
3746.0,2.3591383270687984,8101.0,8167.0,56.0,0.6545000743148762,356.0018708705902
3747.0,2.3567791887417298,8101.0,8153.0,50.0,0.6542224236795067,356.0104479789734
3748.0,2.354422409552988,8101.0,8135.0,39.0,0.6539446130768335,356.0189468860626
3749.0,2.352067987143435,8101.0,8142.0,43.0,0.6536666425328143,356.02766489982605
3750.0,2.3497159191562913,8101.0,8147.0,49.0,0.6533885120736761,356.036465883255
3751.0,2.347366203237135,8101.0,8122.0,40.0,0.6531102217259155,356.0450189113617
3752.0,2.3450188370338982,8101.0,8136.0,51.0,0.6528317715162993,356.053612947464
3753.0,2.3426738181968645,8101.0,8141.0,46.0,0.6525531614718648,356.0621268749237
3754.0,2.3403311443786676,8101.0,8128.0,57.0,0.6522743916199203,356.07108211517334
3755.0,2.337990813234289,8101.0,8118.0,54.0,0.6519954619880456,356.07961678504944
3756.0,2.3356528224210544,8101.0,8152.0,43.0,0.6517163726040921,356.0882740020752
3757.0,2.3333171695986334,8101.0,8151.0,48.0,0.6514371234961841,356.09674096107483
3758.0,2.3309838524290347,8101.0,8199.0,45.0,0.6511577146927182,356.105238199234
3759.0,2.3286528685766057,8101.0,8211.0,33.0,0.6508781462223644,356.11366415023804
3760.0,2.3263242157080293,8101.0,8245.0,54.0,0.6505984181140665,356.12212586402893
3761.0,2.323997891492321,8101.0,8220.0,63.0,0.650318530397042,356.13058280944824
3762.0,2.321673893600829,8101.0,8199.0,44.0,0.6500384831007835,356.13925409317017
3763.0,2.3193522197072283,8101.0,8251.0,52.0,0.6497582762550581,356.1477348804474
3764.0,2.317032867487521,8101.0,8254.0,58.0,0.6494779098899088,356.1561989784241
3765.0,2.3147158346200336,8101.0,8264.0,51.0,0.6491973840356543,356.1652250289917
3766.0,2.3124011187854134,8101.0,8247.0,55.0,0.6489166987228894,356.1736168861389
3767.0,2.310088717666628,8101.0,8231.0,57.0,0.6486358539824861,356.18164682388306
3768.0,2.3077786289489612,8101.0,8231.0,51.0,0.6483548498455936,356.1902689933777
3769.0,2.3054708503200123,8101.0,8247.0,34.0,0.6480736863436383,356.1987359523773
3770.0,2.3031653794696925,8101.0,8257.0,37.0,0.6477923635083253,356.20712518692017
3771.0,2.300862214090223,8101.0,8231.0,51.0,0.647510881371638,356.21545600891113
3772.0,2.2985613518761325,8101.0,8207.0,43.0,0.6472292399658389,356.22388195991516
3773.0,2.2962627905242563,8101.0,8204.0,57.0,0.6469474393234698,356.23226714134216
3774.0,2.293966527733732,8101.0,8211.0,40.0,0.6466654794773526,356.2405698299408
3775.0,2.2916725612059983,8101.0,8189.0,43.0,0.6463833604605898,356.24951696395874
3776.0,2.2893808886447924,8101.0,8208.0,41.0,0.6461010823065639,356.2578909397125
3777.0,2.2870915077561476,8101.0,8209.0,56.0,0.6458186450489395,356.2665889263153
3778.0,2.2848044162483916,8101.0,8212.0,49.0,0.6455360487216624,356.27491211891174
3779.0,2.2825196118321434,8101.0,8227.0,43.0,0.6452532933589609,356.2832269668579
3780.0,2.280237092220311,8101.0,8174.0,41.0,0.6449703789953454,356.29148387908936
3781.0,2.2779568551280907,8101.0,8205.0,56.0,0.6446873056656099,356.2998218536377
3782.0,2.2756788982729628,8101.0,8216.0,45.0,0.6444040734048315,356.30817008018494
3783.0,2.2734032193746896,8101.0,8228.0,41.0,0.6441206822483715,356.3163957595825
3784.0,2.271129816155315,8101.0,8222.0,34.0,0.6438371322318752,356.32454109191895
3785.0,2.2688586863391595,8101.0,8213.0,48.0,0.6435534233912731,356.33283591270447
3786.0,2.2665898276528202,8101.0,8219.0,44.0,0.6432695557627809,356.3412959575653
3787.0,2.264323237825167,8101.0,8214.0,34.0,0.6429855293828999,356.34968614578247
3788.0,2.262058914587342,8101.0,8192.0,49.0,0.6427013442884176,356.3578178882599
3789.0,2.2597968556727546,8101.0,8203.0,42.0,0.6424170005164083,356.36598682403564
3790.0,2.257537058817082,8101.0,8211.0,36.0,0.6421324981042331,356.3743031024933
3791.0,2.255279521758265,8101.0,8207.0,45.0,0.6418478370895407,356.38246488571167
3792.0,2.2530242422365068,8101.0,8175.0,37.0,0.641563017510268,356.3907690048218
3793.0,2.25077121799427,8101.0,8172.0,32.0,0.6412780394046398,356.39890694618225
3794.0,2.2485204467762756,8101.0,8174.0,43.0,0.6409929028111703,356.4070098400116
3795.0,2.2462719263294995,8101.0,8159.0,47.0,0.6407076077686626,356.415146112442
3796.0,2.24402565440317,8101.0,8169.0,46.0,0.64042215431621,356.42351603507996
3797.0,2.241781628748767,8101.0,8161.0,48.0,0.6401365424931953,356.4317970275879
3798.0,2.2395398471200183,8101.0,8187.0,53.0,0.6398507723392926,356.4399399757385
3799.0,2.237300307272898,8101.0,8209.0,54.0,0.6395648438944668,356.44806694984436
3800.0,2.235063006965625,8101.0,8219.0,42.0,0.6392787571989743,356.4563138484955
3801.0,2.2328279439586596,8101.0,8218.0,39.0,0.6389925122933638,356.4645149707794
3802.0,2.230595116014701,8101.0,8230.0,51.0,0.6387061092184761,356.47255396842957
3803.0,2.2283645208986864,8101.0,8250.0,45.0,0.6384195480154451,356.4805021286011
3804.0,2.226136156377788,8101.0,8262.0,54.0,0.6381328287256978,356.4886291027069
3805.0,2.22391002022141,8101.0,8259.0,36.0,0.637845951390955,356.49662494659424
3806.0,2.2216861102011887,8101.0,8236.0,48.0,0.6375589160532322,356.5048348903656
3807.0,2.2194644240909875,8101.0,8202.0,41.0,0.6372717227548391,356.5130159854889
3808.0,2.2172449596668966,8101.0,8194.0,49.0,0.6369843715383807,356.5209789276123
3809.0,2.21502771470723,8101.0,8168.0,38.0,0.6366968624467574,356.5287880897522
3810.0,2.212812686992523,8101.0,8186.0,43.0,0.6364091955231658,356.536985874176
3811.0,2.2105998743055304,8101.0,8208.0,40.0,0.636121370811099,356.5451638698578
3812.0,2.208389274431225,8101.0,8168.0,51.0,0.6358333883543469,356.5531311035156
3813.0,2.2061808851567934,8101.0,8131.0,43.0,0.6355452481969968,356.56120204925537
3814.0,2.2039747042716367,8101.0,8116.0,38.0,0.6352569503834338,356.56924510002136
3815.0,2.201770729567365,8096.0,8096.0,43.0,0.6349684949583414,356.57720398902893
3816.0,2.199568958837798,8087.0,8105.0,40.0,0.6346798819667017,356.5852370262146
3817.0,2.19736938987896,8066.0,8066.0,38.0,0.6343911114537959,356.5935068130493
3818.0,2.195172020489081,8066.0,8087.0,29.0,0.6341021834652049,356.601753950119
3819.0,2.192976848468592,8066.0,8083.0,43.0,0.6338130980468096,356.609797000885
3820.0,2.1907838716201233,8066.0,8093.0,43.0,0.6335238552447915,356.61771297454834
3821.0,2.188593087748503,8066.0,8082.0,34.0,0.6332344551056328,356.62556505203247
3822.0,2.1864044946607546,8066.0,8077.0,36.0,0.6329448976761176,356.63360500335693
3823.0,2.1842180901660937,8063.0,8063.0,41.0,0.6326551830033312,356.6414098739624
3824.0,2.1820338720759276,8049.0,8063.0,40.0,0.6323653111346619,356.64946389198303
3825.0,2.179851838203852,8040.0,8040.0,29.0,0.6320752821178001,356.65757298469543
3826.0,2.177671986365648,8039.0,8044.0,37.0,0.6317850960007396,356.6652970314026
3827.0,2.175494314379282,8039.0,8056.0,49.0,0.6314947528317781,356.6733341217041
3828.0,2.1733188200649027,8039.0,8093.0,35.0,0.6312042526595172,356.68148589134216
3829.0,2.1711455012448377,8039.0,8090.0,34.0,0.6309135955328629,356.68948888778687
3830.0,2.1689743557435928,8039.0,8124.0,38.0,0.6306227815010265,356.69719886779785
3831.0,2.166805381387849,8039.0,8116.0,49.0,0.6303318106135243,356.70515275001526
3832.0,2.1646385760064613,8039.0,8099.0,33.0,0.630040682920179,356.7130880355835
3833.0,2.162473937430455,8039.0,8110.0,35.0,0.6297493984711191,356.72083497047424
3834.0,2.1603114634930245,8039.0,8086.0,40.0,0.6294579573167803,356.72869896888733
3835.0,2.1581511520295313,8039.0,8072.0,47.0,0.6291663595079053,356.7364890575409
3836.0,2.1559930008775017,8039.0,8060.0,40.0,0.6288746050955446,356.744384765625
3837.0,2.153837007876624,8032.0,8032.0,49.0,0.6285826941310567,356.75261902809143
3838.0,2.1516831708687474,8023.0,8037.0,39.0,0.6282906266661087,356.7606418132782
3839.0,2.1495314876978786,8001.0,8005.0,33.0,0.6279984027526766,356.76897287368774
3840.0,2.1473819562101806,7990.0,7990.0,36.0,0.6277060224430462,356.77689599990845
3841.0,2.1452345742539705,7978.0,7983.0,37.0,0.6274134857898129,356.78476190567017
3842.0,2.1430893396797166,7978.0,7985.0,27.0,0.6271207928458826,356.79292607307434
3843.0,2.1409462503400367,7957.0,7965.0,37.0,0.6268279436644718,356.80071091651917
3844.0,2.1388053040896966,7932.0,7932.0,32.0,0.6265349382991087,356.80865383148193
3845.0,2.136666498785607,7932.0,7968.0,27.0,0.6262417768036326,356.81657695770264
3846.0,2.1345298322868214,7932.0,7980.0,33.0,0.6259484592321953,356.8243191242218
3847.0,2.1323953024545346,7932.0,7966.0,32.0,0.6256549856392614,356.832093000412
3848.0,2.13026290715208,7932.0,7973.0,44.0,0.6253613560796081,356.8397889137268
3849.0,2.128132644244928,7932.0,7985.0,36.0,0.6250675706083261,356.84769010543823
3850.0,2.126004511600683,7932.0,7969.0,43.0,0.6247736292808205,356.85547399520874
3851.0,2.1238785070890827,7932.0,7960.0,41.0,0.6244795321528103,356.8631179332733
3852.0,2.1217546285819937,7932.0,7975.0,24.0,0.6241852792803295,356.8710238933563
3853.0,2.1196328739534116,7932.0,7947.0,36.0,0.6238908707197275,356.87872076034546
3854.0,2.1175132410794584,7922.0,7930.0,37.0,0.6235963065276692,356.8864040374756
3855.0,2.115395727838379,7909.0,7920.0,37.0,0.6233015867611358,356.89407896995544
3856.0,2.1132803321105404,7909.0,7939.0,37.0,0.623006711477425,356.90207076072693
3857.0,2.11116705177843,7909.0,7935.0,25.0,0.6227116807341518,356.90985202789307
3858.0,2.1090558847266516,7895.0,7895.0,34.0,0.6224164945892484,356.9174370765686
3859.0,2.106946828841925,7885.0,7908.0,25.0,0.6221211531009653,356.92553186416626
3860.0,2.104839882013083,7885.0,7899.0,28.0,0.6218256563278708,356.9337360858917
3861.0,2.10273504213107,7885.0,7924.0,40.0,0.6215300043288527,356.94208002090454
3862.0,2.100632307088939,7885.0,7930.0,40.0,0.6212341971631179,356.94971799850464
3863.0,2.0985316747818503,7885.0,7930.0,27.0,0.6209382348901927,356.9573640823364
3864.0,2.0964331431070686,7885.0,7949.0,26.0,0.620642117569924,356.96500992774963
3865.0,2.0943367099639616,7885.0,7938.0,37.0,0.6203458452624792,356.97262597084045
3866.0,2.0922423732539976,7885.0,7928.0,35.0,0.6200494180283465,356.98026394844055
3867.0,2.0901501308807435,7885.0,7929.0,36.0,0.619752835928336,356.9880678653717
3868.0,2.088059980749863,7883.0,7892.0,44.0,0.6194560990235797,356.99573802948
3869.0,2.085971920769113,7883.0,7886.0,37.0,0.6191592073755318,357.00339102745056
3870.0,2.083885948848344,7862.0,7874.0,32.0,0.6188621610459693,357.0109419822693
3871.0,2.0818020628994955,7862.0,7896.0,36.0,0.6185649600969929,357.018572807312
3872.0,2.079720260836596,7862.0,7870.0,38.0,0.6182676045910267,357.0265350341797
3873.0,2.0776405405757594,7862.0,7887.0,27.0,0.6179700945908192,357.03409600257874
3874.0,2.075562900035184,7862.0,7902.0,31.0,0.6176724301594433,357.04151678085327
3875.0,2.0734873371351488,7862.0,7905.0,28.0,0.617374611360297,357.04907512664795
3876.0,2.0714138497980135,7862.0,7935.0,30.0,0.6170766382571041,357.0565981864929
3877.0,2.0693424359482155,7862.0,7955.0,25.0,0.616778510913914,357.0641050338745
3878.0,2.0672730935122674,7862.0,7941.0,34.0,0.6164802293951027,357.0716209411621
3879.0,2.0652058204187553,7862.0,7962.0,46.0,0.6161817937653731,357.07911109924316
3880.0,2.0631406145983364,7862.0,7979.0,21.0,0.6158832040897552,357.08654284477234
3881.0,2.061077473983738,7862.0,7981.0,35.0,0.6155844604336067,357.09403800964355
3882.0,2.0590163965097545,7862.0,7999.0,31.0,0.615285562862614,357.1015179157257
3883.0,2.0569573801132446,7862.0,7992.0,35.0,0.6149865114427915,357.1091721057892
3884.0,2.054900422733131,7862.0,8021.0,27.0,0.6146873062404828,357.1167130470276
3885.0,2.052845522310398,7862.0,8010.0,34.0,0.6143879473223615,357.1242299079895
3886.0,2.0507926767880877,7862.0,7997.0,31.0,0.6140884347554304,357.1318869590759
3887.0,2.0487418841113,7862.0,8016.0,27.0,0.6137887686070232,357.13909888267517
3888.0,2.0466931422271886,7862.0,8030.0,19.0,0.6134889489448042,357.1465449333191
3889.0,2.0446464490849614,7862.0,8026.0,35.0,0.6131889758367692,357.15407490730286
3890.0,2.0426018026358763,7862.0,8001.0,29.0,0.6128888493512454,357.1615970134735
3891.0,2.0405592008332403,7862.0,7985.0,30.0,0.6125885695568926,357.16896080970764
3892.0,2.038518641632407,7862.0,8011.0,32.0,0.6122881365227026,357.1764440536499
3893.0,2.0364801229907745,7862.0,8020.0,41.0,0.6119875503180009,357.1836938858032
3894.0,2.034443642867784,7862.0,8013.0,33.0,0.611686811012446,357.1908791065216
3895.0,2.032409199224916,7862.0,8016.0,34.0,0.6113859186760306,357.1982858181
3896.0,2.030376790025691,7862.0,8007.0,33.0,0.6110848733790816,357.20581889152527
3897.0,2.0283464132356652,7862.0,8011.0,35.0,0.6107836751922607,357.21318316459656
3898.0,2.0263180668224297,7862.0,7976.0,31.0,0.6104823241865651,357.22018599510193
3899.0,2.024291748755607,7862.0,7980.0,34.0,0.6101808204333273,357.2273459434509
3900.0,2.0222674570068517,7862.0,7981.0,42.0,0.6098791640042164,357.23467206954956
3901.0,2.0202451895498448,7862.0,7928.0,40.0,0.6095773549712374,357.2419710159302
3902.0,2.018224944360295,7862.0,7926.0,37.0,0.609275393406733,357.2492558956146
3903.0,2.0162067194159348,7862.0,7923.0,31.0,0.608973279383383,357.25653195381165
3904.0,2.0141905126965187,7862.0,7918.0,22.0,0.608671012974205,357.2637851238251
3905.0,2.012176322183822,7862.0,7932.0,33.0,0.6083685942525552,357.27101397514343
3906.0,2.0101641458616384,7862.0,7951.0,38.0,0.6080660232921283,357.27836990356445
3907.0,2.0081539817157767,7862.0,7945.0,31.0,0.6077633001669585,357.28583788871765
3908.0,2.006145827734061,7862.0,7947.0,30.0,0.6074604249514193,357.29327607154846
3909.0,2.004139681906327,7862.0,7951.0,42.0,0.6071573977202244,357.30049180984497
3910.0,2.0021355422244205,7862.0,7970.0,29.0,0.6068542185484282,357.30784606933594
3911.0,2.000133406682196,7862.0,7960.0,33.0,0.6065508875114258,357.3150689601898
3912.0,1.9981332732755137,7862.0,7955.0,35.0,0.6062474046849539,357.3222689628601
3913.0,1.9961351400022382,7862.0,7873.0,32.0,0.6059437701450908,357.32939291000366
3914.0,1.994139004862236,7862.0,7881.0,29.0,0.6056399839682574,357.3367269039154
3915.0,1.9921448658573737,7862.0,7900.0,27.0,0.6053360462312167,357.3439140319824
3916.0,1.9901527209915164,7862.0,7907.0,31.0,0.6050319570110756,357.35117506980896
3917.0,1.9881625682705248,7862.0,7901.0,24.0,0.604727716385284,357.3587169647217
3918.0,1.9861744057022543,7862.0,7904.0,34.0,0.604423324431636,357.36601090431213
3919.0,1.9841882312965522,7862.0,7903.0,29.0,0.6041187812282705,357.37381196022034
3920.0,1.9822040430652557,7862.0,7886.0,33.0,0.6038140868536703,357.38104796409607
3921.0,1.9802218390221904,7862.0,7901.0,24.0,0.6035092413866648,357.3885259628296
3922.0,1.9782416171831683,7862.0,7914.0,23.0,0.6032042449064281,357.3957540988922
3923.0,1.976263375565985,7862.0,7924.0,24.0,0.602899097492481,357.4028389453888
3924.0,1.974287112190419,7862.0,7935.0,33.0,0.6025937992246909,357.41001296043396
3925.0,1.9723128250782287,7862.0,7925.0,26.0,0.6022883501832721,357.4171929359436
3926.0,1.9703405122531505,7862.0,7921.0,25.0,0.6019827504487864,357.4245409965515
3927.0,1.9683701717408975,7862.0,7917.0,24.0,0.6016770001021435,357.43174409866333
3928.0,1.9664018015691564,7862.0,7902.0,25.0,0.6013710992246017,357.43886399269104
3929.0,1.9644353997675872,7862.0,7899.0,20.0,0.6010650478977679,357.44609904289246
3930.0,1.9624709643678195,7862.0,7907.0,28.0,0.6007588462035982,357.4532618522644
3931.0,1.9605084934034518,7862.0,7936.0,33.0,0.6004524942243984,357.46051597595215
3932.0,1.9585479849100484,7862.0,7959.0,27.0,0.6001459920428244,357.46799397468567
3933.0,1.9565894369251384,7862.0,7962.0,22.0,0.5998393397418825,357.474977016449
3934.0,1.9546328474882133,7862.0,7945.0,29.0,0.5995325374049301,357.4820659160614
3935.0,1.952678214640725,7862.0,7937.0,38.0,0.5992255851156759,357.4890809059143
3936.0,1.9507255364260845,7862.0,7916.0,31.0,0.5989184829581805,357.4961678981781
3937.0,1.9487748108896583,7862.0,7921.0,32.0,0.5986112310168568,357.503310918808
3938.0,1.9468260360787686,7862.0,7908.0,22.0,0.5983038293764699,357.5104458332062
3939.0,1.9448792100426897,7862.0,7888.0,27.0,0.5979962781221385,357.5174798965454
3940.0,1.942934330832647,7862.0,7877.0,28.0,0.5976885773393349,357.5246138572693
3941.0,1.9409913965018144,7847.0,7847.0,27.0,0.5973807271138849,357.5317840576172
3942.0,1.9390504051053126,7825.0,7829.0,19.0,0.597072727531969,357.5389988422394
3943.0,1.9371113547002072,7825.0,7855.0,29.0,0.5967645786801226,357.5463140010834
3944.0,1.935174243345507,7825.0,7854.0,20.0,0.5964562806452359,357.5533928871155
3945.0,1.9332390691021615,7825.0,7884.0,27.0,0.5961478335145554,357.56046199798584
3946.0,1.9313058300330592,7825.0,7863.0,25.0,0.5958392373756831,357.56757402420044
3947.0,1.9293745242030262,7825.0,7859.0,24.0,0.5955304923165782,357.5746169090271
3948.0,1.9274451496788232,7825.0,7868.0,27.0,0.595221598425556,357.5815670490265
3949.0,1.9255177045291443,7825.0,7871.0,32.0,0.59491255579129,357.5884828567505
3950.0,1.923592186824615,7825.0,7869.0,26.0,0.594603364502811,357.59549283981323
3951.0,1.9216685946377905,7825.0,7869.0,19.0,0.5942940246495083,357.6025390625
3952.0,1.9197469260431528,7825.0,7927.0,36.0,0.5939845363211298,357.60950803756714
3953.0,1.9178271791171095,7825.0,7909.0,29.0,0.5936748996077824,357.6165039539337
3954.0,1.9159093519379924,7825.0,7867.0,26.0,0.5933651145999326,357.623419046402
3955.0,1.9139934425860543,7825.0,7870.0,24.0,0.5930551813884068,357.63041591644287
3956.0,1.9120794491434683,7825.0,7864.0,21.0,0.5927451000643917,357.6375319957733
3957.0,1.9101673696943249,7825.0,7844.0,31.0,0.5924348707194352,357.6449182033539
3958.0,1.9082572023246305,7825.0,7842.0,25.0,0.5921244934454457,357.65184688568115
3959.0,1.906348945122306,7805.0,7809.0,24.0,0.5918139683346938,357.65884494781494
3960.0,1.9044425961771836,7805.0,7811.0,20.0,0.591503295479812,357.66585087776184
3961.0,1.9025381535810064,7805.0,7828.0,30.0,0.591192474973795,357.6729018688202
3962.0,1.9006356154274253,7805.0,7810.0,18.0,0.590881506910001,357.6796817779541
3963.0,1.898734979811998,7805.0,7820.0,22.0,0.5905703913821508,357.68651390075684
3964.0,1.8968362448321858,7805.0,7833.0,27.0,0.5902591284843298,357.69338393211365
3965.0,1.8949394085873537,7805.0,7840.0,19.0,0.5899477183109867,357.70013093948364
3966.0,1.8930444691787662,7805.0,7840.0,21.0,0.5896361609569353,357.707083940506
3967.0,1.8911514247095875,7805.0,7828.0,19.0,0.5893244565173542,357.7140200138092
3968.0,1.889260273284878,7805.0,7810.0,17.0,0.5890126050877877,357.72106409072876
3969.0,1.887371013011593,7805.0,7809.0,23.0,0.5887006067641456,357.7279031276703
3970.0,1.8854836419985814,7795.0,7830.0,24.0,0.5883884616427042,357.7349109649658
3971.0,1.8835981583565828,7795.0,7825.0,30.0,0.5880761698201064,357.7420189380646
3972.0,1.8817145601982264,7795.0,7809.0,22.0,0.5877637313933621,357.7488820552826
3973.0,1.8798328456380282,7795.0,7826.0,28.0,0.587451146459849,357.75570702552795
3974.0,1.8779530127923902,7795.0,7838.0,23.0,0.5871384151173124,357.7623200416565
3975.0,1.8760750597795979,7795.0,7837.0,18.0,0.5868255374638661,357.7690598964691
3976.0,1.8741989847198184,7795.0,7811.0,31.0,0.5865125135979928,357.7758219242096
3977.0,1.8723247857350986,7795.0,7800.0,20.0,0.5861993436185442,357.7825710773468
3978.0,1.8704524609493636,7795.0,7822.0,31.0,0.5858860276247418,357.7892801761627
3979.0,1.8685820084884142,7795.0,7822.0,19.0,0.5855725657161768,357.7962830066681
3980.0,1.8667134264799257,7795.0,7827.0,21.0,0.5852589579928111,357.8029201030731
3981.0,1.8648467130534456,7795.0,7827.0,20.0,0.5849452045549773,357.8097460269928
3982.0,1.862981866340392,7795.0,7835.0,26.0,0.5846313055033796,357.81661915779114
3983.0,1.8611188844740516,7795.0,7835.0,28.0,0.5843172609390933,357.8234689235687
3984.0,1.8592577655895774,7795.0,7835.0,24.0,0.5840030709635663,357.8303198814392
3985.0,1.8573985078239879,7795.0,7812.0,23.0,0.5836887356786186,357.8370010852814
3986.0,1.8555411093161638,7795.0,7822.0,27.0,0.5833742551864434,357.8437421321869
3987.0,1.8536855682068476,7795.0,7832.0,22.0,0.5830596295896071,357.8505139350891
3988.0,1.8518318826386408,7795.0,7835.0,20.0,0.5827448589910499,357.8572289943695
3989.0,1.8499800507560022,7795.0,7835.0,23.0,0.582429943494086,357.8639750480652
3990.0,1.8481300707052462,7795.0,7816.0,23.0,0.5821148832024043,357.87085700035095
3991.0,1.846281940634541,7795.0,7806.0,30.0,0.5817996782200688,357.8775179386139
3992.0,1.8444356586939064,7795.0,7817.0,14.0,0.5814843286515184,357.8841938972473
3993.0,1.8425912230352124,7795.0,7827.0,19.0,0.5811688346015683,357.89095306396484
3994.0,1.840748631812177,7795.0,7800.0,28.0,0.5808531961754095,357.8974709510803
3995.0,1.838907883180365,7795.0,7821.0,26.0,0.5805374134786099,357.9043710231781
3996.0,1.8370689752971845,7795.0,7811.0,17.0,0.5802214866171141,357.9110448360443
3997.0,1.8352319063218874,7795.0,7821.0,19.0,0.5799054156972446,357.91799306869507
3998.0,1.8333966744155654,7795.0,7829.0,24.0,0.5795892008257011,357.92454195022583
3999.0,1.83156327774115,7795.0,7831.0,22.0,0.579272842109562,357.9311649799347
4000.0,1.8297317144634087,7795.0,7806.0,26.0,0.578956339656284,357.9378488063812
4001.0,1.8279019827489453,7795.0,7814.0,18.0,0.5786396935737033,357.9444360733032
4002.0,1.8260740807661964,7795.0,7803.0,20.0,0.5783229039700347,357.95095205307007
4003.0,1.82424800668543,7778.0,7786.0,31.0,0.578005970953874,357.95747804641724
4004.0,1.8224237586787446,7778.0,7781.0,25.0,0.5776888946341961,357.96421480178833
4005.0,1.8206013349200658,7762.0,7769.0,28.0,0.5773716751203575,357.970685005188
4006.0,1.8187807335851458,7762.0,7764.0,12.0,0.577054312522095,357.9773850440979
4007.0,1.8169619528515606,7755.0,7757.0,20.0,0.5767368069495274,357.98411798477173
4008.0,1.815144990898709,7742.0,7742.0,11.0,0.5764191585131551,357.9914708137512
4009.0,1.8133298459078102,7735.0,7753.0,26.0,0.5761013673238606,357.99834990501404
4010.0,1.8115165160619024,7735.0,7754.0,23.0,0.5757834334929095,358.0049397945404
4011.0,1.8097049995458405,7735.0,7772.0,25.0,0.57546535713195,358.0115900039673
4012.0,1.8078952945462947,7735.0,7785.0,17.0,0.5751471383530142,358.01814889907837
4013.0,1.8060873992517483,7735.0,7799.0,24.0,0.5748287772685176,358.02492809295654
4014.0,1.8042813118524965,7735.0,7806.0,20.0,0.5745102739912601,358.0316410064697
4015.0,1.8024770305406441,7735.0,7810.0,28.0,0.5741916286344265,358.0382831096649
4016.0,1.8006745535101034,7735.0,7796.0,23.0,0.5738728413115863,358.0448868274689
4017.0,1.7988738789565932,7735.0,7800.0,16.0,0.5735539121366948,358.051381111145
4018.0,1.7970750050776367,7735.0,7827.0,25.0,0.5732348412240926,358.05785512924194
4019.0,1.7952779300725592,7735.0,7815.0,20.0,0.5729156286885072,358.0645480155945
4020.0,1.7934826521424867,7735.0,7807.0,20.0,0.5725962746450523,358.0709710121155
4021.0,1.7916891694903443,7735.0,7814.0,24.0,0.5722767792092284,358.07792496681213
4022.0,1.789897480320854,7735.0,7803.0,27.0,0.5719571424969241,358.0845808982849
4023.0,1.7881075828405333,7735.0,7815.0,20.0,0.5716373646244153,358.0912299156189
4024.0,1.7863194752576927,7735.0,7807.0,24.0,0.5713174457083662,358.0977098941803
4025.0,1.784533155782435,7735.0,7809.0,28.0,0.5709973858658296,358.10409712791443
4026.0,1.7827486226266527,7735.0,7794.0,25.0,0.5706771852142473,358.11051392555237
4027.0,1.780965874004026,7735.0,7801.0,29.0,0.5703568438714505,358.11691093444824
4028.0,1.779184908130022,7735.0,7800.0,18.0,0.5700363619556601,358.1233460903168
4029.0,1.7774057232218918,7735.0,7801.0,20.0,0.5697157395854872,358.1297650337219
4030.0,1.77562831749867,7735.0,7791.0,24.0,0.5693949768799333,358.1362431049347
4031.0,1.7738526891811712,7735.0,7828.0,25.0,0.5690740739583913,358.14258098602295
4032.0,1.7720788364919902,7735.0,7843.0,22.0,0.5687530309406447,358.14897179603577
4033.0,1.7703067576554983,7735.0,7841.0,27.0,0.5684318479468693,358.15540599823
4034.0,1.7685364508978427,7735.0,7831.0,26.0,0.5681105250976325,358.16196393966675
4035.0,1.7667679144469448,7735.0,7817.0,32.0,0.5677890625138946,358.1683030128479
4036.0,1.765001146532498,7735.0,7809.0,25.0,0.5674674603170086,358.17471075057983
4037.0,1.7632361453859655,7735.0,7804.0,18.0,0.5671457186287207,358.1810839176178
4038.0,1.7614729092405796,7735.0,7829.0,19.0,0.5668238375711706,358.18732810020447
4039.0,1.759711436331339,7735.0,7854.0,29.0,0.5665018172668924,358.19362688064575
4040.0,1.7579517248950078,7735.0,7840.0,16.0,0.5661796578388142,358.2001087665558
4041.0,1.756193773170113,7735.0,7832.0,31.0,0.5658573594102589,358.2064940929413
4042.0,1.754437579396943,7735.0,7844.0,29.0,0.565534922104945,358.21285581588745
4043.0,1.752683141817546,7735.0,7851.0,23.0,0.565212346046986,358.2191917896271
4044.0,1.7509304586757284,7735.0,7870.0,26.0,0.5648896313608917,358.22571206092834
4045.0,1.7491795282170526,7735.0,7863.0,18.0,0.5645667781715676,358.23223090171814
4046.0,1.7474303486888356,7735.0,7870.0,18.0,0.5642437866043167,358.2387101650238
4047.0,1.7456829183401468,7735.0,7882.0,26.0,0.5639206567848386,358.24495005607605
4048.0,1.7439372354218066,7735.0,7849.0,29.0,0.5635973888392302,358.2515721321106
4049.0,1.7421932981863848,7735.0,7821.0,25.0,0.5632739828939864,358.2578809261322
4050.0,1.7404511048881983,7735.0,7805.0,27.0,0.5629504390760003,358.26420307159424
4051.0,1.7387106537833101,7735.0,7807.0,19.0,0.5626267575125635,358.2705590724945
4052.0,1.7369719431295267,7735.0,7815.0,14.0,0.5623029383313665,358.2768449783325
4053.0,1.7352349711863972,7735.0,7815.0,22.0,0.5619789816604991,358.28307580947876
4054.0,1.733499736215211,7735.0,7813.0,25.0,0.561654887628451,358.28942608833313
4055.0,1.7317662364789956,7735.0,7812.0,19.0,0.5613306563641114,358.2956781387329
4056.0,1.7300344702425166,7735.0,7805.0,20.0,0.5610062879967704,358.3019769191742
4057.0,1.728304435772274,7735.0,7811.0,18.0,0.5606817826561189,358.30818700790405
4058.0,1.7265761313365018,7735.0,7791.0,25.0,0.5603571404722487,358.3144919872284
4059.0,1.7248495552051653,7735.0,7792.0,17.0,0.5600323615756532,358.3209939002991
4060.0,1.7231247056499601,7735.0,7796.0,19.0,0.5597074460972278,358.3274540901184
4061.0,1.7214015809443102,7735.0,7815.0,28.0,0.55938239416827,358.33396887779236
4062.0,1.7196801793633658,7735.0,7818.0,18.0,0.55905720592048,358.34045910835266
4063.0,1.7179604991840025,7735.0,7799.0,21.0,0.5587318814859612,358.3468379974365
4064.0,1.7162425386848186,7735.0,7798.0,25.0,0.5584064209972202,358.35305190086365
4065.0,1.7145262961461338,7735.0,7796.0,24.0,0.558080824587167,358.3592348098755
4066.0,1.7128117698499876,7735.0,7787.0,24.0,0.5577550923891164,358.36533999443054
4067.0,1.7110989580801377,7735.0,7763.0,19.0,0.557429224536787,358.3716700077057
4068.0,1.7093878591220575,7735.0,7761.0,20.0,0.5571032211643026,358.3776960372925
4069.0,1.7076784712629354,7735.0,7768.0,24.0,0.556777082406192,358.3839588165283
4070.0,1.7059707927916725,7735.0,7765.0,26.0,0.5564508083973896,358.39017510414124
4071.0,1.7042648219988807,7735.0,7744.0,25.0,0.5561243992732356,358.39627289772034
4072.0,1.7025605571768818,7735.0,7736.0,25.0,0.5557978551694769,358.4025309085846
4073.0,1.7008579966197048,7730.0,7731.0,23.0,0.5554711762222663,358.4086947441101
4074.0,1.699157138623085,7719.0,7719.0,17.0,0.5551443625681642,358.414883852005
4075.0,1.697457981484462,7715.0,7749.0,27.0,0.5548174143441382,358.4210789203644
4076.0,1.6957605235029773,7715.0,7756.0,20.0,0.5544903316875631,358.4274220466614
4077.0,1.6940647629794743,7715.0,7756.0,27.0,0.5541631147362226,358.4337680339813
4078.0,1.6923706982164948,7715.0,7748.0,25.0,0.553835763628308,358.43993186950684
4079.0,1.6906783275182782,7715.0,7741.0,22.0,0.5535082785024199,358.44597482681274
4080.0,1.6889876491907598,7715.0,7762.0,29.0,0.5531806594975677,358.45199489593506
4081.0,1.687298661541569,7715.0,7772.0,11.0,0.5528529067531703,358.45802783966064
4082.0,1.6856113628800276,7715.0,7759.0,16.0,0.5525250204090567,358.4639940261841
4083.0,1.6839257515171475,7715.0,7733.0,19.0,0.5521970006054658,358.4700140953064
4084.0,1.6822418257656304,7715.0,7718.0,16.0,0.5518688474830471,358.476135969162
4085.0,1.6805595839398648,7715.0,7716.0,7.0,0.5515405611828607,358.48232102394104
4086.0,1.678879024355925,7699.0,7704.0,15.0,0.5512121418463783,358.4883499145508
4087.0,1.6772001453315692,7699.0,7714.0,18.0,0.5508835896154832,358.4946608543396
4088.0,1.6755229451862377,7699.0,7717.0,9.0,0.55055490463247,358.5009820461273
4089.0,1.6738474222410515,7699.0,7700.0,21.0,0.5502260870400464,358.5069589614868
4090.0,1.6721735748188105,7696.0,7725.0,20.0,0.5498971369813319,358.5130980014801
4091.0,1.6705014012439916,7696.0,7729.0,21.0,0.5495680545998597,358.5191168785095
4092.0,1.6688308998427477,7696.0,7731.0,19.0,0.5492388400395755,358.5250039100647
4093.0,1.667162068942905,7696.0,7721.0,15.0,0.5489094934448393,358.53105998039246
4094.0,1.6654949068739622,7696.0,7717.0,19.0,0.5485800149604246,358.537141084671
4095.0,1.6638294119670882,7696.0,7728.0,24.0,0.5482504047315196,358.543105840683
4096.0,1.6621655825551211,7696.0,7708.0,24.0,0.5479206629037269,358.54915595054626
4097.0,1.660503416972566,7686.0,7688.0,22.0,0.5475907896230642,358.5551269054413
4098.0,1.6588429135555935,7686.0,7706.0,20.0,0.5472607850359643,358.56136679649353
4099.0,1.657184070642038,7686.0,7692.0,19.0,0.5469306492892759,358.56735491752625
4100.0,1.655526886571396,7682.0,7692.0,19.0,0.5466003825302639,358.57335782051086
4101.0,1.6538713596848245,7682.0,7698.0,18.0,0.5462699849066089,358.5794839859009
4102.0,1.6522174883251397,7682.0,7701.0,26.0,0.545939456566409,358.5854649543762
4103.0,1.6505652708368146,7682.0,7701.0,24.0,0.5456087976581785,358.59141421318054
4104.0,1.6489147055659779,7682.0,7696.0,14.0,0.5452780083308495,358.5974941253662
4105.0,1.6472657908604118,7682.0,7737.0,22.0,0.5449470887337718,358.6034541130066
4106.0,1.6456185250695514,7682.0,7745.0,18.0,0.544616039016713,358.6093111038208
4107.0,1.643972906544482,7682.0,7747.0,14.0,0.544284859329859,358.61539602279663
4108.0,1.6423289336379374,7682.0,7749.0,16.0,0.5439535498238147,358.6213319301605
4109.0,1.6406866047042994,7682.0,7742.0,23.0,0.5436221106496036,358.62727904319763
4110.0,1.639045918099595,7682.0,7755.0,16.0,0.5432905419586689,358.63321900367737
4111.0,1.6374068721814956,7682.0,7755.0,18.0,0.542958843902873,358.6390941143036
4112.0,1.6357694653093142,7682.0,7747.0,16.0,0.5426270166344985,358.64504885673523
4113.0,1.634133695844005,7682.0,7732.0,23.0,0.5422950603062484,358.65097188949585
4114.0,1.6324995621481608,7682.0,7718.0,23.0,0.5419629750712462,358.65684390068054
4115.0,1.6308670625860127,7682.0,7723.0,13.0,0.5416307610830363,358.66286182403564
4116.0,1.6292361955234267,7682.0,7724.0,24.0,0.5412984184955845,358.6687569618225
4117.0,1.6276069593279032,7682.0,7725.0,15.0,0.5409659474632781,358.6747829914093
4118.0,1.6259793523685753,7682.0,7706.0,20.0,0.5406333481409261,358.68071579933167
4119.0,1.6243533730162067,7682.0,7703.0,11.0,0.5403006206837602,358.6867730617523
4120.0,1.6227290196431905,7682.0,7707.0,13.0,0.5399677652474342,358.69271087646484
4121.0,1.6211062906235474,7682.0,7699.0,21.0,0.539634781988025,358.6989278793335
4122.0,1.6194851843329239,7682.0,7704.0,18.0,0.5393016710620324,358.7048559188843
4123.0,1.617865699148591,7682.0,7696.0,21.0,0.5389684326263802,358.71095514297485
4124.0,1.6162478334494423,7682.0,7690.0,19.0,0.5386350668384156,358.716805934906
4125.0,1.614631585615993,7675.0,7675.0,20.0,0.5383015738559097,358.72268986701965
4126.0,1.613016954030377,7673.0,7686.0,16.0,0.5379679538370586,358.7284939289093
4127.0,1.6114039370763464,7673.0,7675.0,27.0,0.5376342069404829,358.7345130443573
4128.0,1.6097925331392702,7666.0,7669.0,15.0,0.5373003333252281,358.74051308631897
4129.0,1.6081827406061309,7666.0,7675.0,13.0,0.5369663331507653,358.7463870048523
4130.0,1.6065745578655248,7666.0,7682.0,17.0,0.536632206576991,358.7523069381714
4131.0,1.6049679833076593,7666.0,7677.0,14.0,0.5362979537642276,358.75812792778015
4132.0,1.6033630153243517,7659.0,7666.0,15.0,0.5359635748732244,358.7639310359955
4133.0,1.6017596523090274,7647.0,7654.0,12.0,0.5356290700651568,358.76977276802063
4134.0,1.6001578926567184,7647.0,7658.0,11.0,0.535294439501627,358.77595615386963
4135.0,1.5985577347640616,7647.0,7664.0,16.0,0.5349596833446645,358.781729221344
4136.0,1.5969591770292975,7647.0,7660.0,17.0,0.5346248017567264,358.7876069545746
4137.0,1.5953622178522682,7647.0,7663.0,16.0,0.5342897949006977,358.7933430671692
4138.0,1.593766855634416,7647.0,7689.0,18.0,0.5339546629398912,358.79923486709595
4139.0,1.5921730887787815,7647.0,7675.0,14.0,0.5336194060380482,358.80509185791016
4140.0,1.5905809156900028,7647.0,7675.0,18.0,0.5332840243593387,358.8110148906708
4141.0,1.5889903347743128,7647.0,7692.0,19.0,0.5329485180683616,358.8167440891266
4142.0,1.5874013444395385,7647.0,7696.0,9.0,0.5326128873301453,358.82253408432007
4143.0,1.585813943095099,7647.0,7694.0,23.0,0.5322771323101477,358.8281650543213
4144.0,1.584228129152004,7647.0,7672.0,27.0,0.5319412531742564,358.8338179588318
4145.0,1.582643901022852,7647.0,7678.0,15.0,0.5316052500887892,358.8395690917969
4146.0,1.581061257121829,7647.0,7675.0,12.0,0.5312691232204946,358.84538888931274
4147.0,1.5794801958647071,7644.0,7646.0,15.0,0.5309328727365515,358.85100388526917
4148.0,1.5779007156688425,7642.0,7649.0,11.0,0.5305964988045702,358.856920003891
4149.0,1.5763228149531736,7642.0,7660.0,12.0,0.5302600015925919,358.86263513565063
4150.0,1.5747464921382204,7642.0,7658.0,22.0,0.5299233812690899,358.86846804618835
4151.0,1.573171745646082,7642.0,7652.0,16.0,0.5295866380029687,358.8741888999939
4152.0,1.5715985739004361,7642.0,7642.0,12.0,0.5292497719635659,358.87989592552185
4153.0,1.5700269753265357,7636.0,7642.0,11.0,0.5289127833206507,358.8857078552246
4154.0,1.5684569483512092,7636.0,7643.0,11.0,0.5285756722444255,358.891480922699
4155.0,1.566888491402858,7636.0,7649.0,19.0,0.5282384389055257,358.89712381362915
4156.0,1.5653216029114552,7633.0,7633.0,18.0,0.5279010834750197,358.9028389453888
4157.0,1.5637562813085437,7632.0,7645.0,9.0,0.5275636061244099,358.908579826355
4158.0,1.5621925250272353,7632.0,7654.0,19.0,0.5272260070256325,358.9143750667572
4159.0,1.560630332502208,7632.0,7644.0,8.0,0.5268882863510573,358.92003893852234
4160.0,1.5590697021697058,7632.0,7646.0,12.0,0.5265504442734893,358.92571997642517
4161.0,1.557510632467536,7632.0,7640.0,16.0,0.5262124809661676,358.9313371181488
4162.0,1.5559531218350686,7632.0,7649.0,10.0,0.5258743966027666,358.9370279312134
4163.0,1.5543971687132336,7632.0,7638.0,19.0,0.5255361913573958,358.9426257610321
4164.0,1.5528427715445203,7628.0,7630.0,19.0,0.5251978654046,358.94877195358276
4165.0,1.5512899287729758,7624.0,7625.0,22.0,0.5248594189193603,358.95449686050415
4166.0,1.5497386388442027,7624.0,7642.0,8.0,0.5245208520770933,358.96011090278625
4167.0,1.5481889002053586,7624.0,7641.0,7.0,0.5241821650536522,358.96562790870667
4168.0,1.5466407113051532,7624.0,7660.0,26.0,0.5238433580253268,358.97124004364014
4169.0,1.545094070593848,7624.0,7654.0,20.0,0.5235044311688434,358.9768600463867
4170.0,1.5435489765232542,7624.0,7649.0,9.0,0.523165384661366,358.9824879169464
4171.0,1.542005427546731,7624.0,7650.0,15.0,0.5228262186804954,358.98822593688965
4172.0,1.5404634221191842,7624.0,7641.0,16.0,0.5224869334042703,358.9938910007477
4173.0,1.538922958697065,7624.0,7629.0,16.0,0.5221475290111673,358.99944615364075
4174.0,1.537384035738368,7624.0,7634.0,13.0,0.5218080056801011,359.00494503974915
4175.0,1.5358466517026295,7624.0,7652.0,15.0,0.5214683635904247,359.0105187892914
4176.0,1.5343108050509269,7624.0,7646.0,11.0,0.5211286029219301,359.0161380767822
4177.0,1.532776494245876,7624.0,7649.0,13.0,0.5207887238548478,359.02185106277466
4178.0,1.53124371775163,7624.0,7650.0,14.0,0.5204487265698478,359.0273458957672
4179.0,1.5297124740338783,7624.0,7648.0,14.0,0.5201086112480391,359.0332019329071
4180.0,1.5281827615598444,7624.0,7674.0,19.0,0.5197683780709709,359.0387599468231
4181.0,1.5266545787982846,7624.0,7682.0,18.0,0.5194280272206322,359.0442650318146
4182.0,1.5251279242194864,7624.0,7684.0,17.0,0.5190875588794519,359.0497097969055
4183.0,1.523602796295267,7624.0,7670.0,24.0,0.5187469732302995,359.05536913871765
4184.0,1.5220791934989717,7624.0,7663.0,21.0,0.5184062704564854,359.0609390735626
4185.0,1.5205571143054728,7624.0,7670.0,21.0,0.5180654507417604,359.06661581993103
4186.0,1.5190365571911673,7624.0,7665.0,12.0,0.5177245142703167,359.0721187591553
4187.0,1.5175175206339762,7624.0,7653.0,17.0,0.5173834612267884,359.07761693000793
4188.0,1.5160000031133423,7624.0,7644.0,17.0,0.5170422917962505,359.0831489562988
4189.0,1.514484003110229,7624.0,7646.0,8.0,0.5167010061642202,359.0885908603668
4190.0,1.5129695191071186,7624.0,7634.0,12.0,0.5163596045166569,359.09409284591675
4191.0,1.5114565495880115,7624.0,7625.0,17.0,0.5160180870399621,359.09959983825684
4192.0,1.5099450930384235,7624.0,7640.0,14.0,0.5156764539209804,359.1051549911499
4193.0,1.508435147945385,7615.0,7616.0,14.0,0.5153347053469988,359.11059498786926
4194.0,1.5069267127974397,7615.0,7620.0,10.0,0.5149928415057474,359.1161937713623
4195.0,1.5054197860846423,7615.0,7620.0,12.0,0.5146508625853998,359.12202882766724
4196.0,1.5039143662985577,7615.0,7631.0,15.0,0.514308768774573,359.12770795822144
4197.0,1.5024104519322592,7615.0,7643.0,12.0,0.5139665602623278,359.13329100608826
4198.0,1.5009080414803269,7615.0,7632.0,13.0,0.5136242372381691,359.1388750076294
4199.0,1.4994071334388466,7615.0,7634.0,9.0,0.5132817998920456,359.14428997039795
4200.0,1.4979077263054077,7615.0,7633.0,17.0,0.5129392484143511,359.14972496032715
4201.0,1.4964098185791024,7615.0,7630.0,12.0,0.5125965829959236,359.1552119255066
4202.0,1.4949134087605234,7615.0,7616.0,21.0,0.5122538038280461,359.160551071167
4203.0,1.4934184953517629,7613.0,7613.0,13.0,0.5119109111024467,359.16595697402954
4204.0,1.4919250768564112,7611.0,7618.0,7.0,0.5115679050112989,359.17147994041443
4205.0,1.4904331517795548,7611.0,7622.0,8.0,0.5112247857472219,359.17689990997314
4206.0,1.4889427186277753,7611.0,7612.0,11.0,0.5108815535032802,359.18238711357117
4207.0,1.4874537759091475,7590.0,7591.0,18.0,0.5105382084729848,359.18774795532227
4208.0,1.4859663221332384,7589.0,7589.0,14.0,0.5101947508502926,359.19331216812134
4209.0,1.4844803558111053,7586.0,7586.0,13.0,0.5098511808296072,359.1988580226898
4210.0,1.482995875455294,7585.0,7592.0,12.0,0.5095074986057785,359.20428705215454
4211.0,1.481512879579839,7585.0,7596.0,15.0,0.5091637043741034,359.2099721431732
4212.0,1.4800313667002591,7585.0,7588.0,13.0,0.5088197983303259,359.21543884277344
4213.0,1.4785513353335589,7580.0,7580.0,13.0,0.5084757806706371,359.2210011482239
4214.0,1.4770727839982254,7580.0,7599.0,17.0,0.5081316515916758,359.22627305984497
4215.0,1.475595711214227,7580.0,7602.0,9.0,0.5077874112905283,359.23164200782776
4216.0,1.4741201155030128,7580.0,7609.0,12.0,0.5074430599647288,359.2370009422302
4217.0,1.4726459953875097,7580.0,7609.0,17.0,0.5070985978122597,359.24231696128845
4218.0,1.4711733493921222,7580.0,7601.0,14.0,0.5067540250315514,359.2477059364319
4219.0,1.46970217604273,7580.0,7599.0,11.0,0.5064093418214832,359.2529618740082
4220.0,1.4682324738666872,7580.0,7607.0,16.0,0.5060645483813827,359.2584228515625
4221.0,1.4667642413928206,7580.0,7604.0,15.0,0.5057196449110265,359.26372480392456
4222.0,1.4652974771514278,7580.0,7602.0,12.0,0.5053746316106404,359.2690188884735
4223.0,1.4638321796742764,7580.0,7606.0,14.0,0.5050295086808992,359.2743179798126
4224.0,1.462368347494602,7580.0,7609.0,13.0,0.5046842763229274,359.2796719074249
4225.0,1.4609059791471075,7580.0,7610.0,18.0,0.5043389347382993,359.28515005111694
4226.0,1.4594450731679605,7580.0,7606.0,12.0,0.5039934841290383,359.2906460762024
4227.0,1.4579856280947925,7580.0,7593.0,15.0,0.5036479246976188,359.2961528301239
4228.0,1.4565276424666977,7580.0,7590.0,15.0,0.5033022566469647,359.3014130592346
4229.0,1.455071114824231,7580.0,7586.0,8.0,0.5029564801804505,359.3068161010742
4230.0,1.4536160437094068,7580.0,7585.0,14.0,0.5026105955019015,359.3122310638428
4231.0,1.4521624276656975,7580.0,7590.0,10.0,0.5022646028155934,359.3175239562988
4232.0,1.4507102652380317,7580.0,7602.0,8.0,0.501918502326253,359.32281398773193
4233.0,1.4492595549727936,7580.0,7603.0,13.0,0.5015722942390586,359.3280498981476
4234.0,1.4478102954178207,7580.0,7617.0,6.0,0.501225978759639,359.33323192596436
4235.0,1.4463624851224028,7580.0,7606.0,13.0,0.5008795560940754,359.3382968902588
4236.0,1.4449161226372804,7580.0,7604.0,15.0,0.5005330264488999,359.3436350822449
4237.0,1.4434712065146431,7580.0,7586.0,13.0,0.5001863900310967,359.3488929271698
4238.0,1.4420277353081286,7580.0,7590.0,15.0,0.4998396470481021,359.3541190624237
4239.0,1.4405857075728203,7580.0,7583.0,14.0,0.4994927977078044,359.3594579696655
4240.0,1.4391451218652476,7576.0,7582.0,15.0,0.4991458422185445,359.3647789955139
4241.0,1.4377059767433824,7568.0,7578.0,14.0,0.4987987807891155,359.36994791030884
4242.0,1.436268270766639,7566.0,7569.0,19.0,0.4984516136287633,359.3753821849823
4243.0,1.4348320024958723,7566.0,7570.0,7.0,0.4981043409471866,359.38064908981323
4244.0,1.4333971704933763,7566.0,7566.0,7.0,0.49775696295453714,359.38582396507263
4245.0,1.431963773322883,7566.0,7580.0,15.0,0.4974094798614198,359.39155197143555
4246.0,1.43053180954956,7566.0,7574.0,13.0,0.4970618918788928,359.3967251777649
4247.0,1.4291012777400105,7557.0,7558.0,13.0,0.49671419921846793,359.4018430709839
4248.0,1.4276721764622704,7556.0,7565.0,6.0,0.49636640209211025,359.40725684165955
4249.0,1.426244504285808,7543.0,7546.0,10.0,0.496018500712239,359.4122450351715
4250.0,1.4248182597815222,7537.0,7537.0,10.0,0.49567049529172713,359.4174449443817
4251.0,1.4233934415217406,7530.0,7530.0,14.0,0.49532238604390183,359.42280197143555
4252.0,1.4219700480802189,7530.0,7538.0,5.0,0.49497417318254444,359.4280490875244
4253.0,1.4205480780321387,7530.0,7534.0,8.0,0.49462585692189076,359.4332628250122
4254.0,1.4191275299541066,7530.0,7531.0,11.0,0.49427743747663094,359.43843603134155
4255.0,1.4177084024241524,7524.0,7534.0,15.0,0.49392891506191,359.44361996650696
4256.0,1.4162906940217284,7524.0,7526.0,11.0,0.49358028989332775,359.4487979412079
4257.0,1.4148744033277065,7523.0,7523.0,13.0,0.49323156218693887,359.4539999961853
4258.0,1.4134595289243788,7516.0,7519.0,9.0,0.49288273215925327,359.45915508270264
4259.0,1.4120460693954544,7506.0,7506.0,7.0,0.49253380002723607,359.46412992477417
4260.0,1.410634023326059,7505.0,7507.0,7.0,0.49218476600830774,359.4695179462433
4261.0,1.409223389302733,7505.0,7514.0,10.0,0.4918356303203443,359.4745969772339
4262.0,1.4078141659134302,7505.0,7514.0,8.0,0.49148639318167725,359.4798810482025
4263.0,1.4064063517475167,7505.0,7517.0,14.0,0.4911370548110942,359.4848930835724
4264.0,1.4049999453957691,7505.0,7518.0,6.0,0.49078761542783833,359.48995900154114
4265.0,1.4035949454503733,7505.0,7531.0,15.0,0.49043807525160926,359.49486804008484
4266.0,1.402191350504923,7505.0,7535.0,17.0,0.49008843450256234,359.4998857975006
4267.0,1.4007891591544182,7505.0,7531.0,22.0,0.4897386934013095,359.50504517555237
4268.0,1.3993883699952638,7505.0,7539.0,10.0,0.489388852168919,359.510146856308
4269.0,1.3979889816252686,7505.0,7535.0,17.0,0.48903891102691555,359.5152530670166
4270.0,1.3965909926436433,7505.0,7533.0,9.0,0.4886888701972807,359.5201470851898
4271.0,1.3951944016509996,7505.0,7529.0,8.0,0.4883387299024528,359.52530002593994
4272.0,1.3937992072493486,7505.0,7531.0,20.0,0.4879884903653268,359.5302050113678
4273.0,1.3924054080420993,7505.0,7524.0,11.0,0.487638151809255,359.53516697883606
4274.0,1.3910130026340572,7505.0,7519.0,12.0,0.48728771445804664,359.5401999950409
4275.0,1.3896219896314232,7505.0,7526.0,13.0,0.4869371785359682,359.5452809333801
4276.0,1.3882323676417918,7505.0,7525.0,12.0,0.4865865442677435,359.55049204826355
4277.0,1.38684413527415,7505.0,7528.0,18.0,0.48623581187855397,359.5554509162903
4278.0,1.3854572911388758,7505.0,7528.0,13.0,0.4858849815940385,359.5605237483978
4279.0,1.384071833847737,7505.0,7522.0,21.0,0.4855340536402935,359.5656337738037
4280.0,1.382687762013889,7505.0,7525.0,12.0,0.48518302824387344,359.5707700252533
4281.0,1.381305074251875,7505.0,7529.0,12.0,0.48483190563179035,359.57556891441345
4282.0,1.3799237691776232,7505.0,7525.0,17.0,0.4844806860315147,359.5803008079529
4283.0,1.3785438454084455,7505.0,7530.0,13.0,0.48412936967097436,359.58550214767456
4284.0,1.3771653015630372,7505.0,7514.0,18.0,0.483777956778556,359.590295791626
4285.0,1.3757881362614741,7505.0,7506.0,12.0,0.48342644758310416,359.59546303749084
4286.0,1.3744123481252126,7488.0,7488.0,12.0,0.4830748423139219,359.6004800796509
4287.0,1.3730379357770874,7483.0,7483.0,12.0,0.4827231412007707,359.60562109947205
4288.0,1.3716648978413104,7475.0,7479.0,12.0,0.4823713444738705,359.6107201576233
4289.0,1.3702932329434692,7475.0,7483.0,4.0,0.4820194523639,359.6158847808838
4290.0,1.3689229397105256,7475.0,7499.0,13.0,0.4816674651019964,359.6206920146942
4291.0,1.3675540167708151,7475.0,7509.0,12.0,0.48131538291975595,359.6256809234619
4292.0,1.3661864627540443,7475.0,7520.0,12.0,0.4809632060492336,359.6306929588318
4293.0,1.3648202762912902,7475.0,7516.0,11.0,0.4806109347229432,359.6358428001404
4294.0,1.363455456014999,7475.0,7515.0,9.0,0.4802585691738579,359.64073610305786
4295.0,1.362092000558984,7475.0,7515.0,9.0,0.47990610963540975,359.6457738876343
4296.0,1.360729908558425,7475.0,7514.0,13.0,0.4795535563414899,359.65074276924133
4297.0,1.3593691786498665,7475.0,7516.0,10.0,0.47920090952644895,359.65564918518066
4298.0,1.3580098094712167,7475.0,7515.0,11.0,0.4788481694250968,359.66053581237793
4299.0,1.3566517996617455,7475.0,7520.0,11.0,0.4784953362727026,359.66540598869324
4300.0,1.3552951478620838,7475.0,7513.0,11.0,0.4781424103049952,359.67026686668396
4301.0,1.3539398527142217,7475.0,7518.0,9.0,0.47778939175816276,359.6752510070801
4302.0,1.3525859128615074,7475.0,7512.0,6.0,0.4774362808688531,359.6800079345703
4303.0,1.3512333269486458,7475.0,7516.0,12.0,0.47708307787417376,359.68480587005615
4304.0,1.349882093621697,7475.0,7516.0,11.0,0.47672978301169194,359.68973302841187
4305.0,1.3485322115280753,7475.0,7512.0,5.0,0.47637639651943464,359.6945240497589
4306.0,1.3471836793165473,7475.0,7514.0,7.0,0.47602291863588875,359.69938802719116
4307.0,1.3458364956372306,7475.0,7525.0,10.0,0.47566934960000085,359.704293012619
4308.0,1.3444906591415935,7475.0,7533.0,7.0,0.47531568965117765,359.7091579437256
4309.0,1.343146168482452,7475.0,7526.0,7.0,0.4749619390292858,359.71402287483215
4310.0,1.3418030223139694,7475.0,7519.0,7.0,0.4746080979746519,359.71904277801514
4311.0,1.3404612192916554,7475.0,7529.0,7.0,0.47425416672806275,359.7239279747009
4312.0,1.3391207580723636,7475.0,7546.0,17.0,0.47390014553076526,359.72880482673645
4313.0,1.3377816373142912,7475.0,7544.0,6.0,0.4735460346244664,359.73365688323975
4314.0,1.3364438556769769,7475.0,7541.0,14.0,0.47319183425133354,359.7386519908905
4315.0,1.3351074118213,7475.0,7542.0,13.0,0.47283754465399414,359.7435338497162
4316.0,1.3337723044094787,7475.0,7531.0,14.0,0.4724831660755361,359.7485349178314
4317.0,1.3324385321050691,7475.0,7529.0,8.0,0.4721286987595074,359.753221988678
4318.0,1.3311060935729642,7475.0,7536.0,8.0,0.47177414294991676,359.7580780982971
4319.0,1.3297749874793912,7475.0,7545.0,12.0,0.4714194988912328,359.76297092437744
4320.0,1.3284452124919117,7475.0,7547.0,9.0,0.47106476682838505,359.76775789260864
4321.0,1.3271167672794197,7475.0,7551.0,8.0,0.4707099470067632,359.77243995666504
4322.0,1.3257896505121403,7475.0,7548.0,20.0,0.4703550396722175,359.7772099971771
4323.0,1.3244638608616282,7475.0,7552.0,14.0,0.4700000450710586,359.7820408344269
4324.0,1.3231393970007665,7475.0,7564.0,16.0,0.4696449634500579,359.7866168022156
4325.0,1.3218162576037658,7475.0,7557.0,10.0,0.469289795056447,359.7912850379944
4326.0,1.320494441346162,7475.0,7548.0,9.0,0.46893454013791847,359.7962131500244
4327.0,1.3191739469048158,7475.0,7544.0,13.0,0.46857919894262506,359.8008599281311
4328.0,1.317854772957911,7475.0,7539.0,15.0,0.4682237717191804,359.8056960105896
4329.0,1.316536918184953,7475.0,7528.0,11.0,0.46786825871665844,359.81051993370056
4330.0,1.3152203812667682,7475.0,7521.0,18.0,0.46751266018459403,359.81533694267273
4331.0,1.3139051608855015,7475.0,7532.0,7.0,0.4671569763729825,359.82002210617065
4332.0,1.312591255724616,7475.0,7517.0,16.0,0.46680120753227977,359.8247880935669
4333.0,1.3112786644688914,7475.0,7521.0,10.0,0.46644535391340247,359.8293478488922
4334.0,1.3099673858044225,7475.0,7521.0,5.0,0.4660894157677277,359.8340139389038
4335.0,1.3086574184186182,7475.0,7514.0,9.0,0.4657333933470934,359.8389730453491
4336.0,1.3073487610001995,7475.0,7500.0,13.0,0.465377286903798,359.8436439037323
4337.0,1.3060414122391992,7475.0,7496.0,8.0,0.46502109669060054,359.84833097457886
4338.0,1.30473537082696,7475.0,7497.0,8.0,0.46466482296072087,359.8530418872833
4339.0,1.3034306354561331,7475.0,7490.0,12.0,0.4643084659678392,359.85787987709045
4340.0,1.302127204820677,7475.0,7486.0,12.0,0.4639520259660964,359.86263394355774
4341.0,1.3008250776158563,7475.0,7486.0,7.0,0.46359550321009413,359.86742401123047
4342.0,1.2995242525382404,7475.0,7487.0,8.0,0.4632388979548942,359.87224984169006
4343.0,1.2982247282857022,7475.0,7489.0,10.0,0.46288221045601946,359.8769419193268
4344.0,1.2969265035574165,7475.0,7492.0,11.0,0.4625254409694529,359.8817870616913
4345.0,1.295629577053859,7475.0,7498.0,8.0,0.4621685897516383,359.88640999794006
4346.0,1.2943339474768052,7475.0,7499.0,8.0,0.4618116570594798,359.8910050392151
4347.0,1.2930396135293283,7475.0,7499.0,6.0,0.46145464315034185,359.8956639766693
4348.0,1.291746573915799,7475.0,7499.0,7.0,0.46109754828204974,359.90027809143066
4349.0,1.2904548273418832,7475.0,7498.0,7.0,0.46074037271288887,359.90510082244873
4350.0,1.2891643725145414,7475.0,7496.0,11.0,0.4603831167016051,359.90964794158936
4351.0,1.2878752081420268,7475.0,7510.0,16.0,0.46002578050740456,359.91438603401184
4352.0,1.2865873329338848,7475.0,7506.0,10.0,0.45966836438995384,359.91893887519836
4353.0,1.2853007456009509,7475.0,7512.0,7.0,0.45931086860937964,359.9237790107727
4354.0,1.28401544485535,7475.0,7507.0,9.0,0.45895329342626906,359.92842197418213
4355.0,1.2827314294104946,7475.0,7512.0,6.0,0.45859563910166923,359.93307614326477
4356.0,1.281448697981084,7475.0,7504.0,11.0,0.4582379058970875,359.93772983551025
4357.0,1.2801672492831029,7475.0,7501.0,2.0,0.45788009407449143,359.94232988357544
4358.0,1.2788870820338198,7475.0,7503.0,6.0,0.4575222038963085,359.94703793525696
4359.0,1.2776081949517861,7475.0,7501.0,9.0,0.4571642356254262,359.95172095298767
4360.0,1.2763305867568344,7475.0,7504.0,7.0,0.4568061895251919,359.95635890960693
4361.0,1.2750542561700775,7475.0,7501.0,11.0,0.45644806585941305,359.9608438014984
4362.0,1.2737792019139074,7475.0,7504.0,16.0,0.45608986489235687,359.965430021286
4363.0,1.2725054227119934,7475.0,7511.0,12.0,0.45573158688875026,359.97002696990967
4364.0,1.2712329172892813,7475.0,7506.0,11.0,0.45537323211378006,359.97453713417053
4365.0,1.269961684371992,7475.0,7508.0,8.0,0.4550148008330924,359.97901916503906
4366.0,1.26869172268762,7475.0,7502.0,12.0,0.45465629331279345,359.9835469722748
4367.0,1.2674230309649324,7475.0,7504.0,10.0,0.45429770981944856,359.9879341125488
4368.0,1.2661556079339675,7475.0,7480.0,18.0,0.45393905062008266,359.99245595932007
4369.0,1.2648894523260337,7473.0,7473.0,4.0,0.45358031598218007,359.99705696105957
4370.0,1.2636245628737077,7469.0,7469.0,7.0,0.4532215061736844,360.00172305107117
4371.0,1.262360938310834,7468.0,7476.0,6.0,0.45286262146299844,360.0064389705658
4372.0,1.2610985773725232,7466.0,7468.0,13.0,0.45250366211898413,360.0108880996704
4373.0,1.2598374787951507,7466.0,7469.0,4.0,0.45214462841096265,360.01550793647766
4374.0,1.2585776413163556,7461.0,7462.0,10.0,0.45178552060871396,360.0199909210205
4375.0,1.2573190636750393,7461.0,7462.0,11.0,0.451426338982477,360.0245840549469
4376.0,1.2560617446113642,7459.0,7459.0,11.0,0.45106708380294946,360.02923798561096
4377.0,1.2548056828667529,7457.0,7459.0,9.0,0.450707755341288,360.0338308811188
4378.0,1.2535508771838861,7457.0,7465.0,8.0,0.4503483538691076,360.03837490081787
4379.0,1.2522973263067023,7457.0,7465.0,6.0,0.4499888796584819,360.0429358482361
4380.0,1.2510450289803956,7457.0,7466.0,5.0,0.4496293329819429,360.04751086235046
4381.0,1.2497939839514152,7457.0,7460.0,7.0,0.4492697141124812,360.05202889442444
4382.0,1.2485441899674639,7457.0,7469.0,8.0,0.44891002332354535,360.0565929412842
4383.0,1.2472956457774964,7457.0,7473.0,11.0,0.44855026088904215,360.0611560344696
4384.0,1.246048350131719,7457.0,7467.0,10.0,0.4481904270833365,360.0656268596649
4385.0,1.2448023017815872,7457.0,7471.0,11.0,0.447830522181251,360.0700681209564
4386.0,1.2435574994798058,7457.0,7475.0,9.0,0.44747054645806644,360.07459115982056
4387.0,1.242313941980326,7457.0,7475.0,10.0,0.4471105001895208,360.0792579650879
4388.0,1.2410716280383456,7457.0,7470.0,6.0,0.4467503836518101,360.0836250782013
4389.0,1.2398305564103071,7457.0,7472.0,6.0,0.4463901971215875,360.08813190460205
4390.0,1.2385907258538968,7457.0,7472.0,11.0,0.4460299408759638,360.0924618244171
4391.0,1.237352135128043,7457.0,7470.0,7.0,0.4456696151925068,360.0967597961426
4392.0,1.2361147829929149,7457.0,7478.0,13.0,0.44530922034924153,360.10141706466675
4393.0,1.234878668209922,7457.0,7472.0,11.0,0.44494875662464983,360.1060440540314
4394.0,1.233643789541712,7457.0,7465.0,11.0,0.44458822429767053,360.1104600429535
4395.0,1.2324101457521703,7457.0,7475.0,6.0,0.4442276236476992,360.11488604545593
4396.0,1.2311777356064182,7457.0,7484.0,14.0,0.44386695495458783,360.1193780899048
4397.0,1.2299465578708118,7457.0,7483.0,4.0,0.44350621849864497,360.12384009361267
4398.0,1.2287166113129409,7457.0,7479.0,7.0,0.4431454145606355,360.12833189964294
4399.0,1.227487894701628,7457.0,7470.0,12.0,0.4427845434217803,360.1327681541443
4400.0,1.2262604068069263,7457.0,7465.0,13.0,0.44242360536375647,360.13720297813416
4401.0,1.2250341464001193,7457.0,7471.0,12.0,0.4420626006686969,360.14151883125305
4402.0,1.2238091122537191,7457.0,7462.0,12.0,0.44170152961919007,360.1458251476288
4403.0,1.2225853031414655,7448.0,7448.0,10.0,0.4413403924982804,360.1503279209137
4404.0,1.221362717838324,7448.0,7454.0,11.0,0.4409791895894673,360.1548249721527
4405.0,1.2201413551204856,7444.0,7444.0,5.0,0.4406179211767057,360.1592490673065
4406.0,1.218921213765365,7439.0,7440.0,12.0,0.44025658754440555,360.1638219356537
4407.0,1.2177022925515997,7439.0,7439.0,11.0,0.43989518897743196,360.16828203201294
4408.0,1.216484590259048,7437.0,7446.0,3.0,0.4395337257611045,360.17274618148804
4409.0,1.2152681056687888,7437.0,7445.0,8.0,0.43917219818119757,360.17706513404846
4410.0,1.21405283756312,7428.0,7428.0,8.0,0.43881060652394,360.1814968585968
4411.0,1.212838784725557,7428.0,7436.0,8.0,0.4384489510760149,360.1857612133026
4412.0,1.2116259459408314,7428.0,7433.0,9.0,0.4380872321245594,360.19000697135925
4413.0,1.2104143199948905,7428.0,7434.0,12.0,0.4377254499571647,360.1944010257721
4414.0,1.2092039056748956,7428.0,7440.0,6.0,0.4373636048618758,360.1987941265106
4415.0,1.2079947017692207,7428.0,7444.0,12.0,0.43700169712719117,360.20351910591125
4416.0,1.2067867070674516,7428.0,7444.0,7.0,0.4366397270420627,360.2081050872803
4417.0,1.205579920360384,7428.0,7446.0,8.0,0.43627769489589535,360.2124409675598
4418.0,1.2043743404400238,7428.0,7447.0,6.0,0.4359156009785476,360.2168769836426
4419.0,1.2031699660995838,7428.0,7446.0,4.0,0.4355534455803302,360.2212359905243
4420.0,1.2019667961334843,7428.0,7441.0,7.0,0.4351912289920069,360.22557187080383
4421.0,1.200764829337351,7425.0,7425.0,11.0,0.4348289515047938,360.2298948764801
4422.0,1.1995640645080137,7424.0,7424.0,9.0,0.4344666134103592,360.2342870235443
4423.0,1.1983645004435057,7414.0,7414.0,7.0,0.4341042150008236,360.2387249469757
4424.0,1.1971661359430623,7413.0,7418.0,5.0,0.43374175656875924,360.243262052536
4425.0,1.1959689698071192,7408.0,7408.0,11.0,0.43337923840719006,360.2479131221771
4426.0,1.194773000837312,7398.0,7398.0,10.0,0.4330166608095915,360.2523810863495
4427.0,1.1935782278364748,7396.0,7402.0,7.0,0.4326540240698901,360.25694704055786
4428.0,1.1923846496086383,7396.0,7408.0,7.0,0.4322913284824636,360.26127910614014
4429.0,1.1911922649590296,7396.0,7409.0,9.0,0.4319285743421405,360.26559710502625
4430.0,1.1900010726940706,7396.0,7410.0,7.0,0.43156576194419977,360.2698247432709
4431.0,1.1888110716213764,7396.0,7402.0,3.0,0.43120289158437086,360.2740099430084
4432.0,1.187622260549755,7396.0,7407.0,9.0,0.43083996355883347,360.27852296829224
4433.0,1.1864346382892053,7393.0,7394.0,9.0,0.43047697816421704,360.2828848361969
4434.0,1.185248203650916,7392.0,7402.0,8.0,0.4301139356976008,360.2871398925781
4435.0,1.184062955447265,7392.0,7411.0,6.0,0.4297508364565135,360.29144406318665
4436.0,1.1828788924918177,7392.0,7412.0,3.0,0.42938768073893313,360.29580307006836
4437.0,1.1816960135993257,7392.0,7416.0,6.0,0.4290244688432866,360.3001251220703
4438.0,1.1805143175857264,7392.0,7418.0,3.0,0.4286612010684496,360.30440402030945
4439.0,1.1793338032681406,7392.0,7417.0,6.0,0.42829787771374644,360.3087058067322
4440.0,1.1781544694648725,7392.0,7419.0,8.0,0.4279344990789497,360.3128569126129
4441.0,1.1769763149954076,7392.0,7415.0,1.0,0.42757106546428,360.3170340061188
4442.0,1.1757993386804122,7392.0,7410.0,4.0,0.42720757717040564,360.321231842041
4443.0,1.1746235393417317,7392.0,7406.0,7.0,0.42684403449844255,360.3255047798157
4444.0,1.17344891580239,7392.0,7398.0,5.0,0.42648043774995403,360.3298189640045
4445.0,1.1722754668865876,7392.0,7392.0,10.0,0.42611678722695034,360.3342008590698
4446.0,1.171103191419701,7389.0,7389.0,4.0,0.42575308323188854,360.33835101127625
4447.0,1.1699320882282813,7389.0,7391.0,11.0,0.4253893260676722,360.3426311016083
4448.0,1.168762156140053,7389.0,7393.0,4.0,0.42502551603765104,360.34704995155334
4449.0,1.167593393983913,7389.0,7399.0,7.0,0.4246616534456211,360.35119700431824
4450.0,1.166425800589929,7389.0,7405.0,6.0,0.42429773859582376,360.35536003112793
4451.0,1.1652593747893392,7389.0,7412.0,7.0,0.42393377179294606,360.3594980239868
4452.0,1.1640941154145499,7389.0,7410.0,6.0,0.42356975334212016,360.3636350631714
4453.0,1.1629300212991354,7389.0,7410.0,3.0,0.42320568354892313,360.3678858280182
4454.0,1.1617670912778362,7389.0,7415.0,5.0,0.42284156271937673,360.3720829486847
4455.0,1.1606053241865584,7389.0,7426.0,6.0,0.4224773911599469,360.3762741088867
4456.0,1.1594447188623718,7389.0,7424.0,8.0,0.42211316917754377,360.3804929256439
4457.0,1.1582852741435095,7389.0,7428.0,6.0,0.42174889707952135,360.384694814682
4458.0,1.157126988869366,7389.0,7428.0,7.0,0.42138457517367683,360.3889169692993
4459.0,1.1559698618804968,7389.0,7436.0,7.0,0.4210202037682508,360.39304208755493
4460.0,1.1548138920186162,7389.0,7439.0,5.0,0.42065578317192653,360.39714908599854
4461.0,1.1536590781265976,7389.0,7442.0,6.0,0.4202913136938303,360.4012701511383
4462.0,1.152505419048471,7389.0,7434.0,9.0,0.41992679564353025,360.4053330421448
4463.0,1.1513529136294225,7389.0,7433.0,2.0,0.41956222933103676,360.409481048584
4464.0,1.1502015607157932,7389.0,7437.0,9.0,0.4191976150668019,360.41369795799255
4465.0,1.1490513591550773,7389.0,7442.0,10.0,0.4188329531617189,360.41798090934753
4466.0,1.1479023077959223,7389.0,7445.0,12.0,0.41846824392712234,360.4221520423889
4467.0,1.1467544054881265,7389.0,7451.0,6.0,0.41810348767478733,360.4262008666992
4468.0,1.1456076510826383,7389.0,7442.0,10.0,0.4177386847169295,360.4304840564728
4469.0,1.1444620434315556,7389.0,7445.0,9.0,0.4173738353662046,360.43448209762573
4470.0,1.143317581388124,7389.0,7442.0,14.0,0.4170089399357082,360.43859696388245
4471.0,1.1421742638067358,7389.0,7437.0,11.0,0.4166439987389753,360.4427499771118
4472.0,1.1410320895429291,7389.0,7434.0,8.0,0.4162790120899801,360.4467611312866
4473.0,1.1398910574533863,7389.0,7433.0,5.0,0.4159139803031355,360.4509530067444
4474.0,1.1387511663959329,7389.0,7424.0,9.0,0.41554890369329295,360.4550738334656
4475.0,1.137612415229537,7389.0,7421.0,11.0,0.4151837825757421,360.45925307273865
4476.0,1.1364748028143075,7389.0,7424.0,7.0,0.4148186172662103,360.4632000923157
4477.0,1.1353383280114933,7389.0,7414.0,15.0,0.41445340808086234,360.4671869277954
4478.0,1.1342029896834818,7389.0,7408.0,10.0,0.4140881553363004,360.4712519645691
4479.0,1.1330687866937983,7389.0,7406.0,5.0,0.41372285934956293,360.4753448963165
4480.0,1.1319357179071046,7389.0,7403.0,9.0,0.4133575204381254,360.4793529510498
4481.0,1.1308037821891974,7389.0,7403.0,4.0,0.4129921389198988,360.48345398902893
4482.0,1.1296729784070083,7389.0,7397.0,9.0,0.41262671511323024,360.48760509490967
4483.0,1.1285433054286014,7389.0,7393.0,9.0,0.412261249336902,360.4917268753052
4484.0,1.1274147621231727,7389.0,7394.0,3.0,0.41189574191013134,360.4958539009094
4485.0,1.1262873473610495,7389.0,7394.0,2.0,0.4115301931525703,360.4998700618744
4486.0,1.1251610600136885,7389.0,7393.0,10.0,0.41116460338430494,360.5041182041168
4487.0,1.124035898953675,7389.0,7390.0,7.0,0.4107989729258555,360.50809502601624
4488.0,1.1229118630547212,7385.0,7385.0,5.0,0.41043330209817547,360.5122661590576
4489.0,1.1217889511916666,7382.0,7386.0,6.0,0.41006759122265174,360.51642990112305
4490.0,1.120667162240475,7382.0,7388.0,9.0,0.40970184062110376,360.5205719470978
4491.0,1.1195464950782343,7382.0,7391.0,9.0,0.40933605061578354,360.5247151851654
4492.0,1.1184269485831562,7382.0,7394.0,5.0,0.408970221529375,360.52854681015015
4493.0,1.117308521634573,7382.0,7390.0,8.0,0.40860435368499376,360.53238677978516
4494.0,1.1161912131129386,7382.0,7389.0,6.0,0.4082384474061865,360.53651213645935
4495.0,1.1150750218998255,7382.0,7389.0,3.0,0.4078725030169309,360.5406129360199
4496.0,1.1139599468779258,7382.0,7389.0,8.0,0.407506520841635,360.5445809364319
4497.0,1.1128459869310479,7382.0,7391.0,9.0,0.4071405012051371,360.548583984375
4498.0,1.111733140944117,7382.0,7396.0,5.0,0.40677444443270483,360.55261993408203
4499.0,1.1106214078031729,7382.0,7395.0,6.0,0.40640835085003524,360.5566668510437
4500.0,1.1095107863953697,7382.0,7393.0,7.0,0.40604222078325414,360.56072902679443
4501.0,1.1084012756089743,7382.0,7396.0,7.0,0.4056760545589158,360.564740896225
4502.0,1.1072928743333652,7382.0,7399.0,8.0,0.40530985250400264,360.56872510910034
4503.0,1.1061855814590318,7382.0,7396.0,6.0,0.40494361494592446,360.5727479457855
4504.0,1.1050793958775726,7382.0,7388.0,8.0,0.4045773422125183,360.57665491104126
4505.0,1.103974316481695,7382.0,7387.0,7.0,0.40421103463204816,360.5806040763855
4506.0,1.1028703421652133,7382.0,7392.0,10.0,0.40384469253320404,360.58466601371765
4507.0,1.1017674718230481,7382.0,7396.0,6.0,0.4034783162451022,360.58868384361267
4508.0,1.1006657043512251,7382.0,7401.0,6.0,0.40311190609728415,360.5927860736847
4509.0,1.0995650386468738,7382.0,7399.0,5.0,0.4027454624197164,360.596745967865
4510.0,1.0984654736082269,7382.0,7399.0,7.0,0.40237898554279034,360.6007890701294
4511.0,1.0973670081346187,7382.0,7400.0,3.0,0.40201247579732124,360.60483479499817
4512.0,1.096269641126484,7382.0,7397.0,8.0,0.4016459335145484,360.608745098114
4513.0,1.0951733714853575,7382.0,7403.0,9.0,0.4012793590261341,360.61270689964294
4514.0,1.094078198113872,7382.0,7400.0,3.0,0.40091275266416376,360.616730928421
4515.0,1.0929841199157582,7382.0,7396.0,7.0,0.40054611476114493,360.6205530166626
4516.0,1.0918911357958425,7382.0,7394.0,9.0,0.4001794456500073,360.6242859363556
4517.0,1.0907992446600467,7382.0,7390.0,6.0,0.399812745664102,360.6282970905304
4518.0,1.0897084454153867,7382.0,7390.0,7.0,0.399446015137201,360.63235306739807
4519.0,1.0886187369699714,7382.0,7390.0,3.0,0.39907925440349706,360.6362679004669
4520.0,1.0875301182330013,7382.0,7391.0,7.0,0.3987124637976029,360.64014506340027
4521.0,1.0864425881147683,7382.0,7386.0,7.0,0.3983456436545511,360.6439039707184
4522.0,1.0853561455266536,7382.0,7387.0,4.0,0.39797879430979305,360.6478171348572
4523.0,1.084270789381127,7382.0,7398.0,8.0,0.39761191609919905,360.6517970561981
4524.0,1.0831865185917458,7382.0,7398.0,6.0,0.3972450093590575,360.65567803382874
4525.0,1.082103332073154,7382.0,7396.0,4.0,0.3968780744260747,360.6596140861511
4526.0,1.0810212287410808,7382.0,7398.0,8.0,0.39651111163737407,360.6634588241577
4527.0,1.0799402075123397,7382.0,7399.0,9.0,0.3961441213304957,360.66736483573914
4528.0,1.0788602673048273,7382.0,7397.0,7.0,0.3957771038433961,360.6712348461151
4529.0,1.0777814070375225,7382.0,7396.0,2.0,0.3954100595144476,360.67511105537415
4530.0,1.076703625630485,7382.0,7395.0,3.0,0.39504298868243753,360.6790988445282
4531.0,1.0756269220048544,7382.0,7393.0,8.0,0.3946758916865684,360.68288588523865
4532.0,1.0745512950828495,7382.0,7392.0,11.0,0.39430876886645666,360.6866979598999
4533.0,1.0734767437877666,7382.0,7388.0,2.0,0.3939416205621328,360.6907458305359
4534.0,1.072403267043979,7382.0,7388.0,9.0,0.39357444711404044,360.69451999664307
4535.0,1.071330863776935,7382.0,7387.0,2.0,0.3932072488630359,360.69844794273376
4536.0,1.0702595329131581,7382.0,7382.0,4.0,0.39284002615038793,360.70238399505615
4537.0,1.069189273380245,7372.0,7372.0,6.0,0.39247277931777685,360.70611786842346
4538.0,1.0681200841068648,7372.0,7372.0,4.0,0.3921055087072943,360.71003818511963
4539.0,1.0670519640227578,7372.0,7377.0,11.0,0.39173821466144265,360.71394896507263
4540.0,1.065984912058735,7372.0,7376.0,5.0,0.3913708975231343,360.7176411151886
4541.0,1.0649189271466764,7372.0,7378.0,6.0,0.3910035576356914,360.7213988304138
4542.0,1.0638540082195296,7372.0,7378.0,2.0,0.3906361953428451,360.72521209716797
4543.0,1.06279015421131,7372.0,7380.0,7.0,0.3902688109887353,360.72910499572754
4544.0,1.0617273640570988,7372.0,7377.0,6.0,0.38990140491790976,360.7330620288849
4545.0,1.0606656366930416,7372.0,7376.0,7.0,0.38953397747532376,360.73689889907837
4546.0,1.0596049710563487,7372.0,7372.0,8.0,0.3891665290063397,360.74068999290466
4547.0,1.0585453660852924,7371.0,7376.0,7.0,0.38879905985672614,360.74445700645447
4548.0,1.0574868207192072,7371.0,7382.0,5.0,0.3884315703726577,360.7483060359955
4549.0,1.056429333898488,7371.0,7385.0,8.0,0.38806406090071405,360.7520480155945
4550.0,1.0553729045645897,7371.0,7381.0,6.0,0.38769653178788,360.75577998161316
4551.0,1.054317531660025,7371.0,7379.0,5.0,0.38732898338154403,360.7596387863159
4552.0,1.053263214128365,7371.0,7374.0,8.0,0.3869614160294988,360.76349401474
4553.0,1.0522099509142366,7371.0,7372.0,6.0,0.38659383007993947,360.76751589775085
4554.0,1.0511577409633224,7371.0,7374.0,12.0,0.3862262258814642,360.7713601589203
4555.0,1.050106583222359,7371.0,7379.0,6.0,0.38585860378307274,360.7753360271454
4556.0,1.0490564766391366,7371.0,7387.0,12.0,0.3854909641341663,360.7790198326111
4557.0,1.0480074201624974,7371.0,7392.0,5.0,0.3851233072845468,360.7829079627991
4558.0,1.046959412742335,7371.0,7399.0,6.0,0.38475563358441645,360.7866771221161
4559.0,1.0459124533295927,7371.0,7393.0,7.0,0.384387943384377,360.7904930114746
4560.0,1.0448665408762632,7371.0,7391.0,10.0,0.38402023703542904,360.79427003860474
4561.0,1.043821674335387,7371.0,7388.0,5.0,0.3836525148889719,360.7980480194092
4562.0,1.0427778526610516,7371.0,7377.0,5.0,0.38328477729680244,360.80181193351746
4563.0,1.0417350748083904,7371.0,7374.0,6.0,0.3829170246111148,360.80556082725525
4564.0,1.040693339733582,7371.0,7374.0,0.0,0.3825492571845001,360.80936193466187
4565.0,1.0396526463938485,7371.0,7390.0,9.0,0.38218147536994507,360.8132119178772
4566.0,1.0386129937474546,7371.0,7386.0,5.0,0.381813679520832,360.8171191215515
4567.0,1.0375743807537072,7371.0,7388.0,6.0,0.38144586999093805,360.82089400291443
4568.0,1.0365368063729534,7371.0,7393.0,8.0,0.3810780471344344,360.8245179653168
4569.0,1.0355002695665805,7371.0,7391.0,4.0,0.38071021130588606,360.8281297683716
4570.0,1.034464769297014,7371.0,7389.0,4.0,0.38034236286025086,360.83184003829956
4571.0,1.033430304527717,7371.0,7391.0,3.0,0.37997450215287887,360.8355338573456
4572.0,1.0323968742231893,7371.0,7393.0,5.0,0.3796066295395122,360.8393089771271
4573.0,1.031364477348966,7371.0,7397.0,5.0,0.3792387453762836,360.8430070877075
4574.0,1.030333112871617,7371.0,7392.0,7.0,0.3788708500197167,360.84676599502563
4575.0,1.0293027797587455,7371.0,7397.0,8.0,0.3785029438267246,360.8504989147186
4576.0,1.0282734769789867,7371.0,7398.0,7.0,0.37813502715460984,360.85459899902344
4577.0,1.0272452035020077,7371.0,7388.0,5.0,0.37776710036106337,360.8585319519043
4578.0,1.0262179582985056,7371.0,7388.0,2.0,0.37739916380416405,360.86225175857544
4579.0,1.025191740340207,7371.0,7387.0,3.0,0.3770312178423781,360.866082906723
4580.0,1.024166548599867,7371.0,7383.0,7.0,0.37666326283455803,360.8698089122772
4581.0,1.023142382051267,7371.0,7382.0,8.0,0.37629529913994264,360.873526096344
4582.0,1.0221192396692158,7371.0,7372.0,2.0,0.3759273271181558,360.87723088264465
4583.0,1.0210971204295467,7371.0,7371.0,3.0,0.3755593471292061,360.8809509277344
4584.0,1.020076023309117,7368.0,7368.0,3.0,0.375191359533486,360.88464999198914
4585.0,1.0190559472858078,7359.0,7359.0,6.0,0.3748233646917713,360.8882179260254
4586.0,1.018036891338522,7356.0,7356.0,9.0,0.3744553629652204,360.8919949531555
4587.0,1.0170188544471834,7354.0,7354.0,4.0,0.3740873547153738,360.8956959247589
4588.0,1.0160018355927363,7354.0,7359.0,6.0,0.373719340304153,360.8993949890137
4589.0,1.0149858337571436,7354.0,7362.0,5.0,0.37335132009386024,360.9031219482422
4590.0,1.0139708479233864,7354.0,7364.0,5.0,0.3729832944471777,360.90689992904663
4591.0,1.0129568770754631,7354.0,7362.0,3.0,0.37261526372716663,360.9105689525604
4592.0,1.0119439201983877,7354.0,7365.0,5.0,0.372247228297267,360.9142119884491
4593.0,1.0109319762781894,7354.0,7365.0,2.0,0.37187918852129637,360.91781401634216
4594.0,1.0099210443019113,7354.0,7362.0,4.0,0.3715111447634497,360.9213819503784
4595.0,1.0089111232576093,7354.0,7359.0,7.0,0.37114309738829815,360.9249770641327
4596.0,1.0079022121343517,7354.0,7358.0,5.0,0.37077504676078876,360.92875504493713
4597.0,1.0068943099222174,7354.0,7358.0,4.0,0.3704069932462436,360.9322979450226
4598.0,1.0058874156122952,7354.0,7359.0,5.0,0.370038937210359,360.93599700927734
4599.0,1.004881528196683,7354.0,7359.0,0.0,0.3696708790192049,360.939738035202
4600.0,1.0038766466684863,7354.0,7356.0,3.0,0.36930281903922413,360.94344210624695
4601.0,1.0028727700218178,7353.0,7354.0,6.0,0.36893475763723166,360.94705605506897
4602.0,1.001869897251796,7351.0,7351.0,5.0,0.36856669518041396,360.9506039619446
4603.0,1.0008680273545443,7351.0,7351.0,0.0,0.3681986320363282,360.9542820453644
4604.0,0.9998671593271897,7343.0,7345.0,5.0,0.3678305685729015,360.9579191207886
4605.0,0.9988672921678625,7343.0,7344.0,3.0,0.36746250515843026,360.96159291267395
4606.0,0.9978684248756946,7343.0,7345.0,5.0,0.3670944421615794,360.9651780128479
4607.0,0.9968705564508189,7343.0,7347.0,5.0,0.36672637995138163,360.9687011241913
4608.0,0.9958736858943681,7343.0,7345.0,4.0,0.3663583188972367,360.9722089767456
4609.0,0.9948778122084737,7335.0,7338.0,9.0,0.36599025936891066,360.9757950305939
4610.0,0.9938829343962652,7331.0,7331.0,10.0,0.365622201736535,360.97950291633606
4611.0,0.9928890514618689,7329.0,7330.0,6.0,0.36525414637060605,360.98322010040283
4612.0,0.991896162410407,7329.0,7334.0,4.0,0.3648860936419842,360.9870240688324
4613.0,0.9909042662479967,7329.0,7338.0,2.0,0.3645180439218932,360.9906258583069
4614.0,0.9899133619817486,7329.0,7334.0,7.0,0.364149997581919,360.99424600601196
4615.0,0.9889234486197669,7329.0,7336.0,9.0,0.3637819549940097,360.99780201911926
4616.0,0.9879345251711471,7329.0,7333.0,6.0,0.3634139165304741,361.0014097690582
4617.0,0.986946590645976,7327.0,7329.0,6.0,0.3630458825639812,361.00522780418396
4618.0,0.98595964405533,7325.0,7325.0,4.0,0.3626778534675595,361.00880694389343
4619.0,0.9849736844112746,7322.0,7322.0,3.0,0.3623098296145961,361.0123338699341
4620.0,0.9839887107268633,7322.0,7324.0,4.0,0.361941811378836,361.0161118507385
4621.0,0.9830047220161364,7322.0,7329.0,8.0,0.3615737991343813,361.01975989341736
4622.0,0.9820217172941202,7321.0,7321.0,5.0,0.36120579325569036,361.02333188056946
4623.0,0.9810396955768261,7319.0,7321.0,2.0,0.3608377941175769,361.02689385414124
4624.0,0.9800586558812493,7319.0,7323.0,7.0,0.3604698020952095,361.03061413764954
4625.0,0.979078597225368,7319.0,7319.0,5.0,0.36010181756411047,361.0341410636902
4626.0,0.9780995186281427,7319.0,7319.0,4.0,0.35973384090015553,361.03773975372314
4627.0,0.9771214191095146,7319.0,7319.0,2.0,0.3593658724795722,361.0414128303528
4628.0,0.976144297690405,7313.0,7313.0,4.0,0.35899791267893977,361.045058965683
4629.0,0.9751681533927146,7310.0,7315.0,9.0,0.3586299618751883,361.0488588809967
4630.0,0.9741929852393219,7310.0,7316.0,6.0,0.35826202044559746,361.05232286453247
4631.0,0.9732187922540825,7310.0,7319.0,7.0,0.357894088767796,361.05575299263
4632.0,0.9722455734618284,7310.0,7317.0,3.0,0.3575261672197607,361.05939292907715
4633.0,0.9712733278883665,7310.0,7314.0,4.0,0.3571582561798162,361.0630328655243
4634.0,0.9703020545604781,7310.0,7316.0,5.0,0.35679035602663334,361.0668251514435
4635.0,0.9693317525059176,7310.0,7314.0,5.0,0.3564224671392285,361.0705020427704
4636.0,0.9683624207534117,7310.0,7310.0,5.0,0.35605458989696326,361.0740361213684
4637.0,0.9673940583326583,7305.0,7306.0,4.0,0.35568672467954304,361.07751417160034
4638.0,0.9664266642743257,7305.0,7307.0,3.0,0.3553188718670165,361.08114218711853
4639.0,0.9654602376100513,7300.0,7300.0,5.0,0.35495103183977456,361.08474612236023
4640.0,0.9644947773724413,7300.0,7305.0,6.0,0.35458320497854984,361.08837699890137
4641.0,0.9635302825950688,7291.0,7292.0,5.0,0.35421539166441535,361.0920059680939
4642.0,0.9625667523124737,7291.0,7292.0,4.0,0.353847592278784,361.09567284584045
4643.0,0.9616041855601613,7289.0,7289.0,4.0,0.35347980720340755,361.09929299354553
4644.0,0.9606425813746011,7286.0,7287.0,6.0,0.35311203682037584,361.1029620170593
4645.0,0.9596819387932265,7286.0,7289.0,3.0,0.35274428151211584,361.1066589355469
4646.0,0.9587222568544332,7286.0,7291.0,5.0,0.3523765416613908,361.11033606529236
4647.0,0.9577635345975788,7286.0,7292.0,7.0,0.35200881765129965,361.1139450073242
4648.0,0.9568057710629813,7286.0,7292.0,3.0,0.3516411098652756,361.11750197410583
4649.0,0.9558489652919183,7286.0,7293.0,4.0,0.35127341868708556,361.12109303474426
4650.0,0.9548931163266264,7286.0,7293.0,6.0,0.3509057445008293,361.1246130466461
4651.0,0.9539382232102998,7286.0,7303.0,6.0,0.3505380876909384,361.12815284729004
4652.0,0.9529842849870894,7286.0,7300.0,4.0,0.35017044864217567,361.13176679611206
4653.0,0.9520313007021023,7286.0,7298.0,4.0,0.3498028277396337,361.13537096977234
4654.0,0.9510792694014002,7286.0,7300.0,3.0,0.3494352253687346,361.138808965683
4655.0,0.9501281901319988,7286.0,7297.0,4.0,0.3490676419152286,361.142343044281
4656.0,0.9491780619418668,7286.0,7296.0,5.0,0.34870007776519324,361.14608001708984
4657.0,0.948228883879925,7286.0,7301.0,2.0,0.3483325333050329,361.1497600078583
4658.0,0.9472806549960451,7286.0,7300.0,2.0,0.34796500892147714,361.1533839702606
4659.0,0.946333374341049,7286.0,7304.0,3.0,0.3475975050015804,361.157014131546
4660.0,0.945387040966708,7286.0,7300.0,5.0,0.3472300219327208,361.1606500148773
4661.0,0.9444416539257413,7286.0,7296.0,3.0,0.3468625601025994,361.164293050766
4662.0,0.9434972122718156,7286.0,7296.0,6.0,0.3464951198992389,361.1678900718689
4663.0,0.9425537150595438,7286.0,7295.0,7.0,0.3461277017109833,361.171502828598
4664.0,0.9416111613444842,7286.0,7293.0,2.0,0.3457603059264962,361.1751639842987
4665.0,0.9406695501831397,7286.0,7295.0,3.0,0.3453929329347607,361.1788680553436
4666.0,0.9397288806329566,7286.0,7298.0,4.0,0.3450255831250778,361.182333946228
4667.0,0.9387891517523236,7286.0,7302.0,5.0,0.3446582568870657,361.1862049102783
4668.0,0.9378503626005713,7286.0,7309.0,11.0,0.3442909546106592,361.1897978782654
4669.0,0.9369125122379708,7286.0,7309.0,6.0,0.3439236766861078,361.19349789619446
4670.0,0.9359755997257329,7286.0,7309.0,4.0,0.3435564235039758,361.1973011493683
4671.0,0.9350396241260072,7286.0,7305.0,9.0,0.34318919545514087,361.2008128166199
4672.0,0.9341045845018812,7286.0,7307.0,3.0,0.3428219929307929,361.2045650482178
4673.0,0.9331704799173793,7286.0,7296.0,10.0,0.34245481632243346,361.2081549167633
4674.0,0.932237309437462,7286.0,7299.0,6.0,0.34208766602187435,361.21162509918213
4675.0,0.9313050721280245,7286.0,7299.0,1.0,0.34172054242123723,361.2153160572052
4676.0,0.9303737670558965,7286.0,7299.0,3.0,0.3413534459129521,361.218985080719
4677.0,0.9294433932888406,7286.0,7300.0,4.0,0.34098637688975647,361.2226049900055
4678.0,0.9285139498955518,7286.0,7291.0,7.0,0.34061933574469455,361.2261610031128
4679.0,0.9275854359456562,7286.0,7289.0,6.0,0.3402523228711162,361.2296438217163
4680.0,0.9266578505097106,7285.0,7285.0,6.0,0.33988533866267573,361.2332408428192
4681.0,0.9257311926592009,7283.0,7283.0,1.0,0.3395183835133313,361.2369010448456
4682.0,0.9248054614665417,7281.0,7282.0,8.0,0.33915145781734346,361.2405469417572
4683.0,0.9238806560050752,7280.0,7283.0,4.0,0.33878456196927437,361.2441837787628
4684.0,0.9229567753490701,7280.0,7280.0,3.0,0.338417696363987,361.2478849887848
4685.0,0.922033818573721,7276.0,7276.0,4.0,0.3380508613966438,361.25147700309753
4686.0,0.9211117847551473,7275.0,7275.0,3.0,0.3376840574627059,361.2551200389862
4687.0,0.9201906729703921,7274.0,7277.0,5.0,0.33731728495793184,361.2588129043579
4688.0,0.9192704822974217,7274.0,7279.0,4.0,0.3369505442783769,361.26246213912964
4689.0,0.9183512118151242,7274.0,7275.0,8.0,0.3365838358203919,361.2660970687866
4690.0,0.9174328606033091,7269.0,7269.0,3.0,0.33621715998062196,361.2697129249573
4691.0,0.9165154277427058,7268.0,7268.0,4.0,0.33585051715600606,361.2733941078186
4692.0,0.915598912314963,7268.0,7268.0,2.0,0.33548390774377534,361.27705097198486
4693.0,0.9146833134026481,7267.0,7267.0,3.0,0.3351173321414524,361.280709028244
4694.0,0.9137686300892455,7267.0,7271.0,10.0,0.3347507907468503,361.2846169471741
4695.0,0.9128548614591562,7267.0,7271.0,3.0,0.3343842839580715,361.28811979293823
4696.0,0.911942006597697,7263.0,7263.0,6.0,0.3340178121735066,361.2916371822357
4697.0,0.9110300645910993,7263.0,7264.0,7.0,0.3336513757918335,361.2951488494873
4698.0,0.9101190345265081,7263.0,7274.0,3.0,0.3332849752120163,361.2985339164734
4699.0,0.9092089154919816,7263.0,7276.0,2.0,0.33291861083330426,361.3019437789917
4700.0,0.9082997065764896,7263.0,7275.0,2.0,0.3325522830552308,361.3056380748749
4701.0,0.9073914068699132,7263.0,7272.0,2.0,0.33218599227761214,361.3092350959778
4702.0,0.9064840154630432,7263.0,7277.0,2.0,0.3318197389005466,361.3128809928894
4703.0,0.9055775314475802,7263.0,7276.0,2.0,0.33145352332441325,361.316477060318
4704.0,0.9046719539161326,7263.0,7276.0,5.0,0.3310873459498711,361.32016801834106
4705.0,0.9037672819622166,7263.0,7278.0,7.0,0.3307212071778578,361.32359790802
4706.0,0.9028635146802544,7263.0,7278.0,3.0,0.3303551074095887,361.32710576057434
4707.0,0.9019606511655741,7263.0,7279.0,7.0,0.3299890470465556,361.3306908607483
4708.0,0.9010586905144086,7263.0,7277.0,4.0,0.32962302649052583,361.3343508243561
4709.0,0.9001576318238942,7263.0,7279.0,2.0,0.32925704614354107,361.3379919528961
4710.0,0.8992574741920702,7263.0,7274.0,7.0,0.3288911064079162,361.34156799316406
4711.0,0.8983582167178782,7263.0,7275.0,2.0,0.32852520768623866,361.34530115127563
4712.0,0.8974598585011603,7263.0,7275.0,2.0,0.32815935038136634,361.34888100624084
4713.0,0.8965623986426591,7263.0,7272.0,5.0,0.32779353489642776,361.3524718284607
4714.0,0.8956658362440164,7263.0,7267.0,4.0,0.3274277616348197,361.3560769557953
4715.0,0.8947701704077724,7263.0,7267.0,1.0,0.3270620310002071,361.35960507392883
4716.0,0.8938754002373647,7263.0,7268.0,3.0,0.3266963433965214,361.3632740974426
4717.0,0.8929815248371273,7263.0,7274.0,4.0,0.32633069922795954,361.36694502830505
4718.0,0.8920885433122903,7263.0,7275.0,1.0,0.32596509889898284,361.3707637786865
4719.0,0.891196454768978,7263.0,7270.0,4.0,0.3255995428143158,361.3743488788605
4720.0,0.890305258314209,7261.0,7261.0,7.0,0.32523403137894513,361.37805700302124
4721.0,0.8894149530558948,7255.0,7255.0,5.0,0.3248685649981186,361.38174080848694
4722.0,0.8885255381028389,7255.0,7255.0,2.0,0.32450314407734376,361.38528084754944
4723.0,0.887637012564736,7252.0,7252.0,4.0,0.3241377690223868,361.3889880180359
4724.0,0.8867493755521713,7244.0,7244.0,5.0,0.32377244023927165,361.392648935318
4725.0,0.885862626176619,7238.0,7240.0,4.0,0.32340715813427845,361.39633107185364
4726.0,0.8849767635504424,7238.0,7239.0,5.0,0.3230419231139427,361.399964094162
4727.0,0.8840917867868919,7234.0,7236.0,3.0,0.32267673558505416,361.40354204177856
4728.0,0.883207695000105,7234.0,7237.0,2.0,0.3223115959546552,361.40719199180603
4729.0,0.8823244873051049,7234.0,7237.0,3.0,0.32194650463004026,361.41078519821167
4730.0,0.8814421628177999,7234.0,7236.0,4.0,0.32158146201875437,361.41445302963257
4731.0,0.880560720654982,7232.0,7232.0,4.0,0.32121646852859187,361.41797399520874
4732.0,0.879680159934327,7232.0,7232.0,1.0,0.3208515245675953,361.42156195640564
4733.0,0.8788004797743927,7232.0,7234.0,2.0,0.32048663054405474,361.4251239299774
4734.0,0.8779216792946183,7232.0,7235.0,3.0,0.32012178686650566,361.4287440776825
4735.0,0.8770437576153237,7232.0,7233.0,2.0,0.3197569939437286,361.43236207962036
4736.0,0.8761667138577084,7232.0,7233.0,3.0,0.3193922521847474,361.43597078323364
4737.0,0.8752905471438507,7232.0,7235.0,4.0,0.3190275619988286,361.43965101242065
4738.0,0.8744152565967068,7232.0,7237.0,5.0,0.31866292379547945,361.44324684143066
4739.0,0.8735408413401101,7232.0,7239.0,6.0,0.3182983379844475,361.44677782058716
4740.0,0.8726673004987701,7232.0,7237.0,6.0,0.317933804975719,361.450355052948
4741.0,0.8717946331982713,7232.0,7235.0,3.0,0.3175693251795175,361.4539930820465
4742.0,0.870922838565073,7232.0,7235.0,4.0,0.3172048990063032,361.4577040672302
4743.0,0.870051915726508,7232.0,7233.0,2.0,0.3168405268667714,361.46135687828064
4744.0,0.8691818638107814,7231.0,7231.0,9.0,0.31647620917185104,361.464971780777
4745.0,0.8683126819469706,7231.0,7231.0,2.0,0.31611194633270395,361.4685001373291
4746.0,0.8674443692650237,7227.0,7227.0,1.0,0.31574773876072343,361.4720721244812
4747.0,0.8665769248957587,7227.0,7227.0,3.0,0.31538358686753304,361.47572803497314
4748.0,0.8657103479708629,7223.0,7224.0,3.0,0.3150194910649853,361.47932600975037
4749.0,0.864844637622892,7223.0,7227.0,2.0,0.3146554517651604,361.48304295539856
4750.0,0.8639797929852691,7223.0,7225.0,7.0,0.3142914693803652,361.48668098449707
4751.0,0.8631158131922838,7223.0,7225.0,2.0,0.3139275443231318,361.4903130531311
4752.0,0.8622526973790915,7223.0,7225.0,2.0,0.31356367700621657,361.4939458370209
4753.0,0.8613904446817124,7223.0,7225.0,1.0,0.31319986784259823,361.49751591682434
4754.0,0.8605290542370307,7223.0,7227.0,6.0,0.3128361172454774,361.5011510848999
4755.0,0.8596685251827937,7223.0,7223.0,3.0,0.3124724256282748,361.50469994544983
4756.0,0.8588088566576109,7221.0,7221.0,3.0,0.3121087934046304,361.50827717781067
4757.0,0.8579500478009533,7221.0,7222.0,1.0,0.3117452209884018,361.5119798183441
4758.0,0.8570920977531523,7220.0,7220.0,3.0,0.311381708793663,361.5154609680176
4759.0,0.8562350056553991,7219.0,7219.0,3.0,0.31101825723470355,361.5190019607544
4760.0,0.8553787706497438,7218.0,7218.0,2.0,0.3106548667260266,361.522668838501
4761.0,0.854523391879094,7216.0,7216.0,2.0,0.3102915376823482,361.52634596824646
4762.0,0.8536688684872149,7212.0,7212.0,3.0,0.3099282705185958,361.5298969745636
4763.0,0.8528151996187276,7212.0,7212.0,6.0,0.30956506564990677,361.533549785614
4764.0,0.8519623844191089,7211.0,7211.0,3.0,0.3092019234916276,361.53725504875183
4765.0,0.8511104220346898,7209.0,7209.0,7.0,0.30883884445931215,361.5409710407257
4766.0,0.8502593116126551,7209.0,7210.0,7.0,0.30847582896872067,361.5447030067444
4767.0,0.8494090523010425,7208.0,7208.0,3.0,0.308112877435818,361.5484387874603
4768.0,0.8485596432487414,7208.0,7212.0,1.0,0.307749990276773,361.5519299507141
4769.0,0.8477110836054927,7208.0,7212.0,5.0,0.30738716790795684,361.5556387901306
4770.0,0.8468633725218873,7208.0,7212.0,0.0,0.3070244107459415,361.55919194221497
4771.0,0.8460165091493653,7208.0,7209.0,3.0,0.3066617192074988,361.56281089782715
4772.0,0.8451704926402159,7208.0,7209.0,1.0,0.30629909370959896,361.5664658546448
4773.0,0.8443253221475757,7208.0,7209.0,2.0,0.3059365346694094,361.5699317455292
4774.0,0.8434809968254281,7208.0,7213.0,2.0,0.30557404250429304,361.57340598106384
4775.0,0.8426375158286027,7208.0,7215.0,3.0,0.30521161763180743,361.5770888328552
4776.0,0.8417948783127741,7208.0,7213.0,1.0,0.3048492604697033,361.58068108558655
4777.0,0.8409530834344613,7208.0,7214.0,4.0,0.30448697143592274,361.5842010974884
4778.0,0.8401121303510268,7208.0,7216.0,2.0,0.30412475094859887,361.58774995803833
4779.0,0.8392720182206758,7208.0,7219.0,2.0,0.3037625994260533,361.5913429260254
4780.0,0.8384327462024551,7208.0,7219.0,1.0,0.30340051728679596,361.59499406814575
4781.0,0.8375943134562527,7208.0,7218.0,1.0,0.3030385049495227,361.5986180305481
4782.0,0.8367567191427965,7208.0,7218.0,5.0,0.3026765628331147,361.60223603248596
4783.0,0.8359199624236536,7208.0,7213.0,6.0,0.3023146913566367,361.6058430671692
4784.0,0.83508404246123,7208.0,7213.0,1.0,0.30195289093933575,361.609482049942
4785.0,0.8342489584187688,7208.0,7214.0,2.0,0.3015911620006401,361.61309695243835
4786.0,0.83341470946035,7208.0,7218.0,4.0,0.3012295049601574,361.6167109012604
4787.0,0.8325812947508897,7208.0,7220.0,2.0,0.30086792023767345,361.6204459667206
4788.0,0.8317487134561388,7208.0,7220.0,1.0,0.3005064082531512,361.62403321266174
4789.0,0.8309169647426826,7208.0,7224.0,3.0,0.30014496942672897,361.6276891231537
4790.0,0.8300860477779399,7208.0,7226.0,2.0,0.299783604178719,361.6313099861145
4791.0,0.829255961730162,7208.0,7223.0,3.0,0.29942231292960664,361.6349341869354
4792.0,0.8284267057684319,7208.0,7222.0,6.0,0.2990610961000483,361.6385188102722
4793.0,0.8275982790626635,7208.0,7217.0,4.0,0.2986999541108702,361.6421341896057
4794.0,0.8267706807836008,7208.0,7214.0,3.0,0.29833888738306763,361.6458168029785
4795.0,0.8259439101028172,7208.0,7214.0,1.0,0.2979778963378025,361.6495690345764
4796.0,0.8251179661927144,7208.0,7216.0,2.0,0.2976169813964028,361.65324878692627
4797.0,0.8242928482265217,7208.0,7215.0,4.0,0.29725614298036085,361.6567540168762
4798.0,0.8234685553782952,7208.0,7216.0,4.0,0.2968953815113318,361.66035199165344
4799.0,0.8226450868229169,7208.0,7215.0,4.0,0.29653469741113236,361.66384100914
4800.0,0.821822441736094,7208.0,7213.0,3.0,0.2961740911017395,361.66749691963196
4801.0,0.8210006192943579,7208.0,7211.0,5.0,0.2958135630052886,361.67113304138184
4802.0,0.8201796186750635,7208.0,7211.0,1.0,0.2954531135440727,361.6747291088104
4803.0,0.8193594390563884,7208.0,7215.0,4.0,0.2950927431405405,361.67836809158325
4804.0,0.818540079617332,7208.0,7215.0,3.0,0.2947324522172951,361.6819989681244
4805.0,0.8177215395377146,7208.0,7213.0,3.0,0.29437224119709265,361.6855158805847
4806.0,0.8169038179981769,7208.0,7212.0,3.0,0.29401211050284093,361.689080953598
4807.0,0.8160869141801788,7208.0,7214.0,2.0,0.2936520605575977,361.692706823349
4808.0,0.8152708272659985,7208.0,7213.0,5.0,0.29329209178456933,361.696298122406
4809.0,0.8144555564387326,7208.0,7214.0,3.0,0.2929322046071098,361.69992995262146
4810.0,0.8136411008822938,7208.0,7215.0,2.0,0.2925723994487186,361.7035610675812
4811.0,0.8128274597814115,7208.0,7218.0,5.0,0.29221267673303947,361.7071740627289
4812.0,0.8120146323216301,7208.0,7216.0,5.0,0.2918530368838593,361.71089911460876
4813.0,0.8112026176893085,7208.0,7208.0,7.0,0.29149348032510614,361.7145109176636
4814.0,0.8103914150716192,7205.0,7206.0,7.0,0.29113400748084817,361.7180919647217
4815.0,0.8095810236565475,7205.0,7207.0,4.0,0.290774618775292,361.72170996665955
4816.0,0.8087714426328909,7205.0,7211.0,3.0,0.29041531463278114,361.7253088951111
4817.0,0.807962671190258,7205.0,7208.0,4.0,0.2900560954777948,361.72892808914185
4818.0,0.8071547085190678,7205.0,7209.0,4.0,0.2896969617349464,361.73254799842834
4819.0,0.8063475538105487,7205.0,7209.0,5.0,0.28933791382898155,361.7361800670624
4820.0,0.8055412062567381,7205.0,7208.0,1.0,0.2889789521847772,361.7397849559784
4821.0,0.8047356650504813,7205.0,7208.0,1.0,0.28862007722733996,361.74342679977417
4822.0,0.8039309293854309,7205.0,7209.0,3.0,0.2882612893818044,361.74704003334045
4823.0,0.8031269984560454,7205.0,7214.0,6.0,0.28790258907343186,361.7506408691406
4824.0,0.8023238714575893,7205.0,7216.0,4.0,0.2875439767276088,361.75431203842163
4825.0,0.8015215475861317,7205.0,7212.0,1.0,0.28718545276984514,361.7578570842743
4826.0,0.8007200260385455,7205.0,7215.0,3.0,0.28682701762577323,361.76133489608765
4827.0,0.7999193060125069,7205.0,7218.0,5.0,0.28646867172114576,361.76504611968994
4828.0,0.7991193867064944,7205.0,7220.0,4.0,0.28611041548183475,361.76865005493164
4829.0,0.7983202673197879,7205.0,7218.0,7.0,0.2857522493338296,361.7722909450531
4830.0,0.7975219470524681,7205.0,7219.0,1.0,0.285394173703236,361.7760007381439
4831.0,0.7967244251054156,7205.0,7218.0,2.0,0.2850361890162739,361.7796370983124
4832.0,0.7959277006803103,7205.0,7220.0,2.0,0.2846782956992767,361.7832360267639
4833.0,0.79513177297963,7205.0,7220.0,1.0,0.2843204941786889,361.78684306144714
4834.0,0.7943366412066504,7205.0,7220.0,4.0,0.2839627848810651,361.79056119918823
4835.0,0.7935423045654437,7205.0,7219.0,4.0,0.2836051682330685,361.7941961288452
4836.0,0.7927487622608783,7205.0,7219.0,1.0,0.28324764466146907,361.7978551387787
4837.0,0.7919560134986174,7205.0,7215.0,1.0,0.28289021459314195,361.8013551235199
4838.0,0.7911640574851189,7205.0,7217.0,3.0,0.2825328784550665,361.80488204956055
4839.0,0.7903728934276337,7205.0,7215.0,5.0,0.28217563667432394,361.8084399700165
4840.0,0.7895825205342061,7205.0,7217.0,5.0,0.2818184896780964,361.8120620250702
4841.0,0.7887929380136719,7205.0,7212.0,6.0,0.2814614378936651,361.8156769275665
4842.0,0.7880041450756582,7205.0,7213.0,1.0,0.281104481748409,361.81931495666504
4843.0,0.7872161409305826,7205.0,7215.0,4.0,0.2807476216698028,361.8229949474335
4844.0,0.786428924789652,7205.0,7215.0,1.0,0.28039085808541603,361.8264710903168
4845.0,0.7856424958648623,7205.0,7217.0,1.0,0.2800341914229108,361.82993388175964
4846.0,0.7848568533689975,7205.0,7217.0,0.0,0.27967762211004066,361.83356189727783
4847.0,0.7840719965156284,7205.0,7214.0,7.0,0.2793211505746489,361.8372519016266
4848.0,0.7832879245191128,7205.0,7212.0,3.0,0.27896477724466706,361.8408420085907
4849.0,0.7825046365945937,7205.0,7207.0,4.0,0.27860850254811326,361.84447598457336
4850.0,0.7817221319579991,7205.0,7205.0,4.0,0.27825232691309054,361.84818291664124
4851.0,0.7809404098260411,7205.0,7205.0,1.0,0.2778962507677853,361.85161900520325
4852.0,0.7801594694162151,7205.0,7205.0,1.0,0.27754027454046604,361.85506105422974
4853.0,0.7793793099467988,7201.0,7201.0,4.0,0.27718439865948097,361.85871291160583
4854.0,0.7785999306368521,7201.0,7205.0,4.0,0.2768286235532576,361.86245799064636
4855.0,0.7778213307062152,7201.0,7205.0,4.0,0.27647294965029995,361.8659899234772
4856.0,0.7770435093755089,7200.0,7200.0,4.0,0.2761173773791877,361.86962389945984
4857.0,0.7762664658661335,7196.0,7196.0,3.0,0.2757619071685741,361.87324595451355
4858.0,0.7754901994002673,7196.0,7198.0,2.0,0.275406539447185,361.876886844635
4859.0,0.774714709200867,7194.0,7194.0,3.0,0.27505127464381657,361.88061594963074
4860.0,0.7739399944916662,7193.0,7193.0,1.0,0.2746961131873339,361.88436007499695
4861.0,0.7731660544971745,7193.0,7197.0,7.0,0.2743410555066695,361.8878970146179
4862.0,0.7723928884426773,7193.0,7197.0,5.0,0.27398610203082163,361.89154291152954
4863.0,0.7716204955542346,7193.0,7193.0,4.0,0.2736312531888527,361.89514994621277
4864.0,0.7708488750586804,7193.0,7193.0,0.0,0.27327650940988735,361.89875197410583
4865.0,0.7700780261836218,7193.0,7193.0,2.0,0.2729218711231114,361.9024851322174
4866.0,0.7693079481574381,7190.0,7190.0,5.0,0.2725673387577694,361.9061279296875
4867.0,0.7685386402092806,7190.0,7190.0,3.0,0.27221291274316384,361.90965580940247
4868.0,0.7677701015690713,7189.0,7189.0,1.0,0.271858593508653,361.9133388996124
4869.0,0.7670023314675023,7189.0,7194.0,2.0,0.27150438148364925,361.9170289039612
4870.0,0.7662353291360348,7189.0,7194.0,1.0,0.27115027709761774,361.9206190109253
4871.0,0.7654690938068988,7189.0,7199.0,3.0,0.2707962807800745,361.9242341518402
4872.0,0.7647036247130918,7189.0,7199.0,3.0,0.2704423929605849,361.92784118652344
4873.0,0.7639389210883787,7189.0,7199.0,2.0,0.27008861406876183,361.93142104148865
4874.0,0.7631749821672903,7189.0,7198.0,1.0,0.2697349445342643,361.9350731372833
4875.0,0.762411807185123,7189.0,7198.0,1.0,0.2693813847867954,361.9388380050659
4876.0,0.7616493953779379,7189.0,7198.0,4.0,0.2690279352561011,361.9424238204956
4877.0,0.7608877459825599,7189.0,7198.0,0.0,0.26867459637196806,361.9461929798126
4878.0,0.7601268582365773,7189.0,7198.0,3.0,0.2683213685642225,361.94983410835266
4879.0,0.7593667313783408,7189.0,7195.0,3.0,0.26796825226272797,361.95339703559875
4880.0,0.7586073646469624,7189.0,7195.0,0.0,0.26761524789738417,361.9570279121399
4881.0,0.7578487572823155,7189.0,7195.0,1.0,0.26726235589812475,361.96061182022095
4882.0,0.7570909085250331,7189.0,7190.0,2.0,0.26690957669491605,361.9641590118408
4883.0,0.7563338176165081,7189.0,7192.0,4.0,0.2665569107177554,361.96777296066284
4884.0,0.7555774837988916,7189.0,7191.0,1.0,0.266204358396669,361.9718008041382
4885.0,0.7548219063150927,7189.0,7191.0,2.0,0.2658519201617108,361.975341796875
4886.0,0.7540670844087777,7189.0,7193.0,1.0,0.26549959644296006,361.9790539741516
4887.0,0.753313017324369,7189.0,7195.0,4.0,0.2651473876705206,361.9825448989868
4888.0,0.7525597043070446,7189.0,7203.0,4.0,0.26479529427451803,361.9860329627991
4889.0,0.7518071446027375,7189.0,7204.0,5.0,0.26444331668509913,361.98972511291504
4890.0,0.7510553374581347,7189.0,7205.0,1.0,0.26409145533242917,361.99328088760376
4891.0,0.7503042821206766,7189.0,7212.0,4.0,0.26373971064669083,361.9967861175537
4892.0,0.7495539778385559,7189.0,7214.0,3.0,0.2633880830580822,362.000385761261
4893.0,0.7488044238607173,7189.0,7213.0,3.0,0.263036572996815,362.0041868686676
4894.0,0.7480556194368566,7189.0,7208.0,5.0,0.26268518089311316,362.0078191757202
4895.0,0.7473075638174198,7189.0,7206.0,3.0,0.2623339071772107,362.01135087013245
4896.0,0.7465602562536023,7189.0,7205.0,3.0,0.26198275227935036,362.01502895355225
4897.0,0.7458136959973487,7189.0,7204.0,3.0,0.26163171662978163,362.0186460018158
4898.0,0.7450678823013513,7189.0,7205.0,2.0,0.2612808006587591,362.0223140716553
4899.0,0.74432281441905,7189.0,7202.0,2.0,0.2609300047965406,362.02597999572754
4900.0,0.743578491604631,7189.0,7202.0,1.0,0.2605793294733856,362.02964210510254
4901.0,0.7428349131130263,7189.0,7204.0,2.0,0.26022877511955345,362.0332989692688
4902.0,0.7420920781999133,7189.0,7208.0,3.0,0.2598783421653016,362.0369050502777
4903.0,0.7413499861217134,7189.0,7209.0,2.0,0.25952803104088373,362.0405569076538
4904.0,0.7406086361355917,7189.0,7210.0,3.0,0.25917784217654816,362.0442068576813
4905.0,0.7398680274994561,7189.0,7208.0,2.0,0.258827776002536,362.04781198501587
4906.0,0.7391281594719566,7189.0,7209.0,4.0,0.2584778329490795,362.05140686035156
4907.0,0.7383890313124847,7189.0,7207.0,4.0,0.25812801344639996,362.05514788627625
4908.0,0.7376506422811722,7189.0,7206.0,3.0,0.25777831792470657,362.0588481426239
4909.0,0.736912991638891,7189.0,7202.0,4.0,0.2574287468141939,362.06253385543823
4910.0,0.7361760786472521,7189.0,7202.0,1.0,0.25707930054504063,362.0661268234253
4911.0,0.7354399025686048,7189.0,7207.0,4.0,0.2567299795474076,362.0696909427643
4912.0,0.7347044626660362,7189.0,7207.0,3.0,0.2563807842514362,362.0735261440277
4913.0,0.7339697582033702,7189.0,7207.0,2.0,0.2560317150872462,362.0770688056946
4914.0,0.7332357884451668,7189.0,7210.0,5.0,0.2556827724849343,362.0807089805603
4915.0,0.7325025526567216,7189.0,7211.0,2.0,0.25533395687457233,362.08431792259216
4916.0,0.7317700501040648,7189.0,7210.0,3.0,0.25498526868620525,362.08815002441406
4917.0,0.7310382800539608,7189.0,7208.0,5.0,0.25463670834984947,362.09176778793335
4918.0,0.7303072417739068,7189.0,7204.0,3.0,0.2542882762954911,362.0954120159149
4919.0,0.7295769345321329,7189.0,7204.0,1.0,0.2539399729530842,362.0991098880768
4920.0,0.7288473575976008,7189.0,7202.0,2.0,0.25359179875254856,362.10279417037964
4921.0,0.7281185102400032,7189.0,7202.0,3.0,0.2532437541237685,362.1064338684082
4922.0,0.7273903917297632,7189.0,7199.0,3.0,0.2528958394965906,362.11008286476135
4923.0,0.7266630013380334,7189.0,7202.0,2.0,0.25254805530082225,362.11366987228394
4924.0,0.7259363383366954,7189.0,7201.0,4.0,0.2522004019662293,362.1174108982086
4925.0,0.7252104019983586,7189.0,7195.0,3.0,0.25185287992253486,362.12119793891907
4926.0,0.7244851915963603,7189.0,7195.0,1.0,0.25150548959941715,362.1248867511749
4927.0,0.7237607064047639,7189.0,7197.0,2.0,0.2511582314265075,362.1284689903259
4928.0,0.7230369456983591,7189.0,7195.0,2.0,0.250811105833389,362.1321039199829
4929.0,0.7223139087526608,7189.0,7194.0,5.0,0.2504641132495943,362.13576197624207
4930.0,0.7215915948439081,7189.0,7194.0,2.0,0.2501172541046037,362.1394147872925
4931.0,0.7208700032490643,7189.0,7193.0,3.0,0.24977052882784392,362.14322900772095
4932.0,0.7201491332458152,7189.0,7194.0,3.0,0.2494239378486853,362.1468949317932
4933.0,0.7194289841125694,7189.0,7193.0,4.0,0.24907748159644094,362.15043807029724
4934.0,0.7187095551284568,7189.0,7195.0,4.0,0.2487311605003641,362.15404081344604
4935.0,0.7179908455733284,7189.0,7193.0,4.0,0.24838497498964685,362.15757989883423
4936.0,0.717272854727755,7189.0,7197.0,3.0,0.24803892549341794,362.16105699539185
4937.0,0.7165555818730273,7189.0,7197.0,0.0,0.24769301244074096,362.1647729873657
4938.0,0.7158390262911543,7189.0,7197.0,0.0,0.24734723626061275,362.1684329509735
4939.0,0.7151231872648631,7189.0,7197.0,2.0,0.24700159738196117,362.17204308509827
4940.0,0.7144080640775983,7189.0,7194.0,4.0,0.2466560962336435,362.1756749153137
4941.0,0.7136936560135206,7189.0,7192.0,3.0,0.24631073324444436,362.1793279647827
4942.0,0.7129799623575072,7188.0,7189.0,6.0,0.24596550884307417,362.18290996551514
4943.0,0.7122669823951496,7188.0,7192.0,4.0,0.2456204234581669,362.1865770816803
4944.0,0.7115547154127545,7182.0,7185.0,6.0,0.24527547751827852,362.19025182724
4945.0,0.7108431606973418,7181.0,7181.0,2.0,0.24493067145188485,362.1938908100128
4946.0,0.7101323175366444,7181.0,7183.0,5.0,0.2445860056873799,362.19753193855286
4947.0,0.7094221852191077,7181.0,7183.0,4.0,0.24424148065307386,362.20107197761536
4948.0,0.7087127630338886,7181.0,7183.0,0.0,0.24389709677719126,362.20469784736633
4949.0,0.7080040502708548,7180.0,7180.0,1.0,0.2435528544878691,362.2082738876343
4950.0,0.707296046220584,7180.0,7183.0,3.0,0.24320875421315497,362.21194195747375
4951.0,0.7065887501743634,7180.0,7185.0,3.0,0.24286479638100497,362.215537071228
4952.0,0.705882161424189,7180.0,7189.0,1.0,0.24252098141928216,362.2191090583801
4953.0,0.7051762792627648,7180.0,7191.0,6.0,0.2421773097557544,362.22276496887207
4954.0,0.704471102983502,7180.0,7193.0,3.0,0.2418337818180925,362.22625184059143
4955.0,0.7037666318805185,7180.0,7193.0,4.0,0.24149039803386843,362.22986602783203
4956.0,0.7030628652486379,7180.0,7193.0,2.0,0.2411471588305533,362.23365092277527
4957.0,0.7023598023833892,7180.0,7190.0,3.0,0.24080406463551535,362.23738408088684
4958.0,0.7016574425810058,7180.0,7188.0,2.0,0.24046111587601834,362.24093294143677
4959.0,0.7009557851384248,7180.0,7188.0,3.0,0.24011831297921943,362.24462389945984
4960.0,0.7002548293532864,7180.0,7186.0,2.0,0.23977565637216733,362.24831914901733
4961.0,0.6995545745239331,7180.0,7183.0,2.0,0.23943314648180014,362.25194096565247
4962.0,0.6988550199494091,7180.0,7183.0,3.0,0.2390907837349439,362.2554860115051
4963.0,0.6981561649294598,7180.0,7183.0,1.0,0.2387485685583104,362.25906705856323
4964.0,0.6974580087645303,7180.0,7184.0,1.0,0.23840650137849506,362.2627680301666
4965.0,0.6967605507557658,7180.0,7185.0,3.0,0.2380645826219754,362.2664279937744
4966.0,0.6960637902050101,7180.0,7185.0,2.0,0.23772281271510884,362.2701199054718
4967.0,0.695367726414805,7180.0,7185.0,1.0,0.2373811920841308,362.27368092536926
4968.0,0.6946723586883903,7180.0,7185.0,2.0,0.23703972115515293,362.2772719860077
4969.0,0.6939776863297019,7180.0,7184.0,4.0,0.23669840035416095,362.28084206581116
4970.0,0.6932837086433722,7180.0,7189.0,5.0,0.23635723010701287,362.2845320701599
4971.0,0.6925904249347288,7180.0,7191.0,2.0,0.23601621083943689,362.28811979293823
4972.0,0.691897834509794,7180.0,7191.0,1.0,0.23567534297702963,362.2918281555176
4973.0,0.6912059366752842,7180.0,7187.0,3.0,0.23533462694525417,362.2954571247101
4974.0,0.6905147307386089,7180.0,7184.0,5.0,0.23499406316943786,362.2992100715637
4975.0,0.6898242160078704,7180.0,7183.0,5.0,0.23465365207477065,362.30280089378357
4976.0,0.6891343917918625,7180.0,7181.0,5.0,0.23431339408630308,362.3064739704132
4977.0,0.6884452574000707,7180.0,7180.0,6.0,0.23397328962894404,362.3101239204407
4978.0,0.6877568121426706,7180.0,7184.0,4.0,0.23363333912745926,362.31367588043213
4979.0,0.6870690553305279,7180.0,7185.0,3.0,0.233293543006469,362.3175299167633
4980.0,0.6863819862751973,7180.0,7184.0,1.0,0.23295390169044636,362.321142911911
4981.0,0.6856956042889221,7180.0,7181.0,2.0,0.23261441560371493,362.32478284835815
4982.0,0.6850099086846332,7180.0,7185.0,3.0,0.2322750851704473,362.32847690582275
4983.0,0.6843248987759486,7180.0,7184.0,3.0,0.2319359108146626,362.33201909065247
4984.0,0.6836405738771727,7180.0,7186.0,3.0,0.23159689296022493,362.3355619907379
4985.0,0.6829569333032955,7180.0,7186.0,0.0,0.23125803203084117,362.3390049934387
4986.0,0.6822739763699922,7180.0,7183.0,5.0,0.230919328450059,362.3424160480499
4987.0,0.6815917023936222,7180.0,7181.0,5.0,0.230580782641265,362.34607195854187
4988.0,0.6809101106912286,7180.0,7182.0,5.0,0.23024239502768282,362.34958600997925
4989.0,0.6802292005805374,7180.0,7182.0,0.0,0.2299041660323706,362.35306787490845
4990.0,0.6795489713799568,7180.0,7182.0,4.0,0.22956609607821982,362.35672092437744
4991.0,0.6788694224085768,7179.0,7179.0,3.0,0.2292281855879525,362.360289812088
4992.0,0.6781905529861683,7179.0,7179.0,3.0,0.22889043498411998,362.36395502090454
4993.0,0.6775123624331821,7179.0,7181.0,4.0,0.22855284468910025,362.36750388145447
4994.0,0.676834850070749,7179.0,7180.0,2.0,0.22821541512509627,362.3710517883301
4995.0,0.6761580152206782,7178.0,7178.0,2.0,0.22787814671413406,362.3746221065521
4996.0,0.6754818572054575,7177.0,7177.0,7.0,0.2275410398780604,362.3783059120178
4997.0,0.674806375348252,7177.0,7177.0,3.0,0.22720409503854125,362.3818898200989
4998.0,0.6741315689729038,7177.0,7179.0,3.0,0.22686731261705925,362.3853940963745
4999.0,0.6734574374039309,7177.0,7177.0,2.0,0.22653069303491208,362.38896107673645
5000.0,0.6727839799665271,7177.0,7177.0,3.0,0.2261942367132103,362.3925530910492
5001.0,0.6721111959865606,7176.0,7176.0,1.0,0.2258579440728754,362.39625787734985
5002.0,0.671439084790574,7173.0,7173.0,4.0,0.22552181553463768,362.4000709056854
5003.0,0.6707676457057834,7173.0,7173.0,2.0,0.22518585151903436,362.40391516685486
5004.0,0.6700968780600776,7171.0,7172.0,3.0,0.22485005244640752,362.40748405456543
5005.0,0.6694267811820175,7171.0,7173.0,4.0,0.22451441873690203,362.4110209941864
5006.0,0.6687573544008355,7171.0,7174.0,3.0,0.22417895081046363,362.4146740436554
5007.0,0.6680885970464346,7171.0,7173.0,3.0,0.22384364908683674,362.4182679653168
5008.0,0.6674205084493882,7171.0,7173.0,2.0,0.22350851398556257,362.4217858314514
5009.0,0.6667530879409388,7171.0,7173.0,3.0,0.2231735459259771,362.425390958786
5010.0,0.6660863348529978,7169.0,7169.0,3.0,0.22283874532720896,362.4289638996124
5011.0,0.6654202485181449,7168.0,7168.0,2.0,0.22250411260817743,362.43266582489014
5012.0,0.6647548282696267,7161.0,7161.0,3.0,0.22216964818759047,362.4363191127777
5013.0,0.6640900734413571,7161.0,7161.0,0.0,0.22183535248394257,362.43999195098877
5014.0,0.6634259833679157,7159.0,7159.0,3.0,0.22150122591551274,362.44367694854736
5015.0,0.6627625573845478,7159.0,7159.0,2.0,0.22116726890036262,362.4472379684448
5016.0,0.6620997948271633,7159.0,7159.0,2.0,0.22083348185633422,362.4506998062134
5017.0,0.6614376950323362,7159.0,7161.0,4.0,0.220499865201048,362.45434617996216
5018.0,0.6607762573373038,7159.0,7161.0,0.0,0.22016641935190076,362.45794796943665
5019.0,0.6601154810799665,7159.0,7161.0,1.0,0.2198331447260636,362.4615979194641
5020.0,0.6594553655988866,7159.0,7162.0,4.0,0.2195000417404801,362.465234041214
5021.0,0.6587959102332878,7159.0,7162.0,0.0,0.2191671108118638,362.4688549041748
5022.0,0.6581371143230544,7159.0,7163.0,1.0,0.21883435235669646,362.47245812416077
5023.0,0.6574789772087314,7159.0,7164.0,2.0,0.21850176679122615,362.47609877586365
5024.0,0.6568214982315227,7159.0,7164.0,1.0,0.2181693545314648,362.479700088501
5025.0,0.6561646767332912,7159.0,7166.0,3.0,0.21783711599318634,362.48564100265503
5026.0,0.6555085120565579,7159.0,7168.0,2.0,0.21750505159192474,362.4935040473938
5027.0,0.6548530035445014,7159.0,7166.0,1.0,0.21717316174297177,362.4987590312958
5028.0,0.6541981505409569,7159.0,7166.0,1.0,0.21684144686137496,362.50264501571655
5029.0,0.653543952390416,7159.0,7165.0,1.0,0.21650990736193573,362.50687289237976
5030.0,0.6528904084380256,7159.0,7165.0,1.0,0.21617854365920697,362.51052808761597
5031.0,0.6522375180295875,7159.0,7163.0,1.0,0.21584735616749126,362.5142149925232
5032.0,0.651585280511558,7159.0,7163.0,2.0,0.2155163453008388,362.5177822113037
5033.0,0.6509336952310464,7159.0,7164.0,2.0,0.21518551147304507,362.52143907546997
5034.0,0.6502827615358153,7159.0,7164.0,1.0,0.2148548550976491,362.5250771045685
5035.0,0.6496324787742795,7159.0,7163.0,4.0,0.21452437658793103,362.5286920070648
5036.0,0.6489828462955053,7159.0,7163.0,2.0,0.21419407635691032,362.53227615356445
5037.0,0.6483338634492097,7159.0,7165.0,2.0,0.21386395481734363,362.5359718799591
5038.0,0.6476855295857605,7159.0,7165.0,1.0,0.2135340123817225,362.53957414627075
5039.0,0.6470378440561748,7159.0,7164.0,3.0,0.21320424946227168,362.54322600364685
5040.0,0.6463908062121186,7159.0,7165.0,1.0,0.21287466647094655,362.5468559265137
5041.0,0.6457444154059065,7159.0,7167.0,2.0,0.21254526381943148,362.55056500434875
5042.0,0.6450986709905007,7159.0,7167.0,4.0,0.2122160419191374,362.5543489456177
5043.0,0.6444535723195102,7159.0,7167.0,1.0,0.21188700118120005,362.55799412727356
5044.0,0.6438091187471907,7159.0,7168.0,2.0,0.21155814201647746,362.56165313720703
5045.0,0.6431653096284435,7159.0,7168.0,2.0,0.21122946483554828,362.56533694267273
5046.0,0.642522144318815,7159.0,7168.0,0.0,0.21090097004870936,362.56896901130676
5047.0,0.6418796221744962,7159.0,7168.0,3.0,0.21057265806597397,362.572527885437
5048.0,0.6412377425523217,7159.0,7168.0,3.0,0.21024452929706927,362.57622504234314
5049.0,0.6405965048097694,7159.0,7168.0,2.0,0.20991658415143472,362.57990312576294
5050.0,0.6399559083049596,7159.0,7167.0,3.0,0.20958882303821957,362.5835630893707
5051.0,0.6393159523966546,7159.0,7167.0,1.0,0.20926124636628088,362.58717703819275
5052.0,0.638676636444258,7159.0,7167.0,3.0,0.20893385454418154,362.5907070636749
5053.0,0.6380379598078137,7159.0,7166.0,2.0,0.20860664798018805,362.59431195259094
5054.0,0.637399921848006,7159.0,7166.0,2.0,0.20827962708226835,362.59792709350586
5055.0,0.636762521926158,7159.0,7166.0,2.0,0.20795279225808988,362.6015360355377
5056.0,0.6361257594042319,7159.0,7163.0,4.0,0.2076261439150173,362.60511803627014
5057.0,0.6354896336448277,7159.0,7162.0,2.0,0.20729968246011057,362.6086730957031
5058.0,0.6348541440111829,7159.0,7162.0,3.0,0.2069734083001226,362.61215901374817
5059.0,0.6342192898671717,7159.0,7161.0,5.0,0.20664732184149728,362.6157009601593
5060.0,0.6335850705773045,7159.0,7161.0,1.0,0.20632142349036744,362.6192810535431
5061.0,0.6329514855067272,7159.0,7159.0,3.0,0.20599571365255265,362.6229679584503
5062.0,0.6323185340212205,7159.0,7161.0,6.0,0.2056701927335569,362.62650084495544
5063.0,0.6316862154871993,7159.0,7159.0,1.0,0.2053448611385669,362.6301050186157
5064.0,0.6310545292717121,7159.0,7159.0,1.0,0.2050197192724496,362.63367986679077
5065.0,0.6304234747424404,7157.0,7157.0,2.0,0.2046947675397502,362.6372740268707
5066.0,0.629793051267698,7155.0,7155.0,1.0,0.20437000634469007,362.64092898368835
5067.0,0.6291632582164304,7153.0,7153.0,2.0,0.20404543609116454,362.64460611343384
5068.0,0.628534094958214,7153.0,7153.0,1.0,0.20372105718274086,362.64809703826904
5069.0,0.6279055608632558,7153.0,7153.0,1.0,0.20339687002265597,362.65180802345276
5070.0,0.6272776553023925,7152.0,7154.0,3.0,0.20307287501381452,362.655446767807
5071.0,0.6266503776470902,7152.0,7154.0,1.0,0.20274907255878652,362.65919184684753
5072.0,0.6260237272694431,7152.0,7154.0,2.0,0.2024254630598055,362.66308307647705
5073.0,0.6253977035421736,7152.0,7155.0,1.0,0.20210204691876596,362.6666929721832
5074.0,0.6247723058386314,7152.0,7156.0,4.0,0.20177882453722185,362.670373916626
5075.0,0.6241475335327927,7152.0,7155.0,2.0,0.2014557963163838,362.673889875412
5076.0,0.6235233859992599,7151.0,7153.0,5.0,0.2011329626571174,362.6773920059204
5077.0,0.6228998626132607,7151.0,7151.0,3.0,0.2008103239599408,362.68112897872925
5078.0,0.6222769627506475,7151.0,7153.0,2.0,0.20048788062502293,362.6847608089447
5079.0,0.6216546857878968,7151.0,7153.0,2.0,0.20016563305218088,362.6883637905121
5080.0,0.621033031102109,7151.0,7152.0,2.0,0.19984358164087815,362.691969871521
5081.0,0.6204119980710069,7151.0,7152.0,1.0,0.19952172679022237,362.69563388824463
5082.0,0.6197915860729358,7151.0,7152.0,0.0,0.19920006889896305,362.6992599964142
5083.0,0.6191717944868629,7151.0,7152.0,2.0,0.19887860836548973,362.7028570175171
5084.0,0.618552622692376,7151.0,7152.0,1.0,0.1985573455878295,362.70644211769104
5085.0,0.6179340700696836,7148.0,7148.0,3.0,0.1982362809636452,362.7099070549011
5086.0,0.6173161359996139,7147.0,7147.0,4.0,0.19791541489023284,362.71342492103577
5087.0,0.6166988198636143,7144.0,7144.0,3.0,0.19759474776451988,362.71705889701843
5088.0,0.6160821210437507,7143.0,7145.0,2.0,0.19727427998306285,362.7207250595093
5089.0,0.6154660389227069,7143.0,7143.0,4.0,0.19695401194204518,362.72435212135315
5090.0,0.6148505728837842,7142.0,7142.0,3.0,0.19663394403727524,362.7279269695282
5091.0,0.6142357223109004,7142.0,7144.0,2.0,0.1963140766641841,362.731556892395
5092.0,0.6136214865885895,7142.0,7144.0,4.0,0.1959944102178232,362.735063791275
5093.0,0.6130078651020009,7142.0,7142.0,2.0,0.19567494509286248,362.73867082595825
5094.0,0.6123948572368989,7142.0,7143.0,2.0,0.19535568168358805,362.74224495887756
5095.0,0.611782462379662,7142.0,7145.0,4.0,0.19503662038390018,362.7459599971771
5096.0,0.6111706799172824,7138.0,7138.0,4.0,0.19471776158731083,362.749547958374
5097.0,0.6105595092373651,7138.0,7138.0,2.0,0.19439910568694202,362.7531280517578
5098.0,0.6099489497281277,7138.0,7138.0,1.0,0.1940806530755231,362.7568700313568
5099.0,0.6093390007783996,7136.0,7136.0,1.0,0.1937624041453891,362.7603578567505
5100.0,0.6087296617776212,7134.0,7135.0,3.0,0.19344435928847814,362.7638599872589
5101.0,0.6081209321158436,7134.0,7135.0,3.0,0.19312651889632965,362.7675578594208
5102.0,0.6075128111837278,7132.0,7132.0,2.0,0.19280888336008187,362.7711730003357
5103.0,0.606905298372544,7132.0,7132.0,0.0,0.19249145307047003,362.77476382255554
5104.0,0.6062983930741714,7132.0,7132.0,0.0,0.19217422841782383,362.77836084365845
5105.0,0.6056920946810973,7130.0,7130.0,3.0,0.19185720979206575,362.78198313713074
5106.0,0.6050864025864162,7130.0,7130.0,1.0,0.19154039758270827,362.78564381599426
5107.0,0.6044813161838298,7130.0,7130.0,0.0,0.19122379217885227,362.7892680168152
5108.0,0.603876834867646,7130.0,7132.0,1.0,0.19090739396918452,362.79290890693665
5109.0,0.6032729580327784,7130.0,7132.0,1.0,0.19059120334197577,362.7965199947357
5110.0,0.6026696850747456,7130.0,7131.0,3.0,0.19027522068507835,362.8001549243927
5111.0,0.6020670153896709,7130.0,7135.0,2.0,0.18995944638592416,362.80379605293274
5112.0,0.6014649483742812,7130.0,7135.0,0.0,0.18964388083152248,362.8073937892914
5113.0,0.6008634834259069,7130.0,7135.0,1.0,0.18932852440845765,362.8109760284424
5114.0,0.600262619942481,7130.0,7137.0,3.0,0.1890133775028873,362.81477308273315
5115.0,0.5996623573225385,7130.0,7137.0,2.0,0.18869844050053974,362.81831312179565
5116.0,0.5990626949652159,7130.0,7138.0,3.0,0.18838371378671198,362.82196497917175
5117.0,0.5984636322702507,7130.0,7138.0,0.0,0.18806919774626762,362.82561707496643
5118.0,0.5978651686379804,7130.0,7138.0,1.0,0.18775489276363472,362.8292429447174
5119.0,0.5972673034693424,7130.0,7137.0,1.0,0.18744079922280324,362.83308696746826
5120.0,0.5966700361658731,7130.0,7137.0,2.0,0.18712691750732358,362.83663392066956
5121.0,0.5960733661297072,7130.0,7137.0,2.0,0.18681324800030358,362.8402290344238
5122.0,0.5954772927635775,7130.0,7136.0,1.0,0.1864997910844072,362.84393095970154
5123.0,0.594881815470814,7130.0,7135.0,3.0,0.1861865471418516,362.84756994247437
5124.0,0.5942869336553431,7130.0,7134.0,3.0,0.18587351655440543,362.8510890007019
5125.0,0.5936926467216878,7130.0,7134.0,2.0,0.18556069970338654,362.8545911312103
5126.0,0.593098954074966,7130.0,7134.0,3.0,0.1852480969696598,362.8581500053406
5127.0,0.592505855120891,7130.0,7131.0,2.0,0.1849357087336349,362.8617379665375
5128.0,0.5919133492657701,7129.0,7129.0,3.0,0.1846235353752643,362.86530590057373
5129.0,0.5913214359165043,7127.0,7127.0,3.0,0.18431157727404082,362.86898279190063
5130.0,0.5907301144805878,7127.0,7129.0,3.0,0.18399983480899576,362.87265706062317
5131.0,0.5901393843661071,7125.0,7125.0,3.0,0.1836883083586965,362.87623500823975
5132.0,0.589549244981741,7121.0,7121.0,1.0,0.18337699830124457,362.879851102829
5133.0,0.5889596957367592,7121.0,7121.0,2.0,0.18306590501427314,362.8834578990936
5134.0,0.5883707360410224,7120.0,7120.0,3.0,0.18275502887494524,362.88709688186646
5135.0,0.5877823653049814,7120.0,7120.0,0.0,0.18244437025995117,362.89068603515625
5136.0,0.5871945829396764,7120.0,7122.0,4.0,0.18213392954550675,362.894248008728
5137.0,0.5866073883567368,7120.0,7121.0,2.0,0.18182370710735088,362.89787888526917
5138.0,0.5860207809683801,7118.0,7118.0,6.0,0.18151370332074337,362.901447057724
5139.0,0.5854347601874117,7118.0,7118.0,1.0,0.18120391856046295,362.9050660133362
5140.0,0.5848493254272242,7116.0,7116.0,4.0,0.18089435320080485,362.9087119102478
5141.0,0.584264476101797,7116.0,7116.0,0.0,0.180585007615579,362.9124219417572
5142.0,0.5836802116256952,7116.0,7116.0,1.0,0.1802758821781074,362.91623091697693
5143.0,0.5830965314140695,7116.0,7116.0,1.0,0.17996697726122224,362.91983795166016
5144.0,0.5825134348826554,7116.0,7116.0,1.0,0.17965829323726373,362.9236650466919
5145.0,0.5819309214477727,7115.0,7115.0,2.0,0.17934983047807784,362.9272620677948
5146.0,0.5813489905263249,7115.0,7115.0,1.0,0.17904158935501413,362.9308340549469
5147.0,0.5807676415357986,7115.0,7115.0,1.0,0.1787335702389236,362.93469405174255
5148.0,0.5801868738942628,7115.0,7115.0,5.0,0.1784257735001565,362.9383409023285
5149.0,0.5796066870203685,7115.0,7115.0,0.0,0.17811819950856028,362.94200897216797
5150.0,0.5790270803333482,7112.0,7113.0,3.0,0.17781084863347726,362.9457070827484
5151.0,0.5784480532530148,7112.0,7113.0,3.0,0.17750372124374258,362.9494309425354
5152.0,0.5778696051997618,7112.0,7113.0,2.0,0.17719681770768186,362.9530200958252
5153.0,0.577291735594562,7112.0,7112.0,4.0,0.17689013839310924,362.956582069397
5154.0,0.5767144438589675,7112.0,7112.0,3.0,0.1765836836673252,362.96005487442017
5155.0,0.5761377294151085,7112.0,7115.0,5.0,0.17627745389711408,362.9636650085449
5156.0,0.5755615916856934,7112.0,7115.0,1.0,0.17597144944874235,362.9672920703888
5157.0,0.5749860300940077,7112.0,7113.0,1.0,0.1756656706879562,362.9709689617157
5158.0,0.5744110440639137,7111.0,7111.0,3.0,0.1753601179799793,362.97461318969727
5159.0,0.5738366330198499,7111.0,7111.0,3.0,0.17505479168951088,362.97824811935425
5160.0,0.5732627963868301,7111.0,7111.0,0.0,0.17474969218072334,362.98198199272156
5161.0,0.5726895335904433,7111.0,7111.0,2.0,0.1744448198172602,362.98546290397644
5162.0,0.5721168440568528,7111.0,7111.0,1.0,0.17414017496223383,362.98891615867615
5163.0,0.5715447272127959,7111.0,7113.0,2.0,0.17383575797822354,362.9925479888916
5164.0,0.5709731824855832,7111.0,7113.0,0.0,0.17353156922727306,362.99632382392883
5165.0,0.5704022093030976,7111.0,7113.0,0.0,0.17322760907088863,362.9998109340668
5166.0,0.5698318070937946,7111.0,7113.0,2.0,0.17292387787003674,363.0034258365631
5167.0,0.5692619752867007,7111.0,7113.0,0.0,0.17262037598514196,363.0071828365326
5168.0,0.568692713311414,7111.0,7113.0,2.0,0.17231710377608483,363.01071095466614
5169.0,0.5681240205981026,7111.0,7115.0,4.0,0.17201406160219965,363.01444697380066
5170.0,0.5675558965775045,7111.0,7113.0,6.0,0.17171124982227232,363.0179841518402
5171.0,0.566988340680927,7111.0,7112.0,3.0,0.17140866879453828,363.02167201042175
5172.0,0.566421352340246,7111.0,7112.0,1.0,0.17110631887668024,363.0252990722656
5173.0,0.5658549309879058,7111.0,7111.0,3.0,0.17080420042582597,363.0288519859314
5174.0,0.5652890760569179,7111.0,7112.0,1.0,0.1705023137985462,363.03234791755676
5175.0,0.564723786980861,7111.0,7112.0,2.0,0.17020065935085263,363.0361340045929
5176.0,0.5641590631938801,7111.0,7112.0,0.0,0.1698992374381955,363.03983902931213
5177.0,0.5635949041306862,7111.0,7112.0,1.0,0.16959804841546164,363.04346776008606
5178.0,0.5630313092265555,7111.0,7112.0,0.0,0.1692970926369721,363.04709005355835
5179.0,0.562468277917329,7111.0,7112.0,0.0,0.16899637045648025,363.0507102012634
5180.0,0.5619058096394117,7111.0,7112.0,3.0,0.16869588222716952,363.0542879104614
5181.0,0.5613439038297723,7111.0,7114.0,2.0,0.16839562830165108,363.05796790122986
5182.0,0.5607825599259425,7111.0,7114.0,0.0,0.1680956090319619,363.0615499019623
5183.0,0.5602217773660165,7111.0,7113.0,1.0,0.16779582476956265,363.06514286994934
5184.0,0.5596615555886505,7111.0,7112.0,3.0,0.16749627586533528,363.06873512268066
5185.0,0.5591018940330619,7110.0,7110.0,3.0,0.1671969626695811,363.07233905792236
5186.0,0.5585427921390288,7108.0,7109.0,4.0,0.16689788553201848,363.07605600357056
5187.0,0.5579842493468897,7108.0,7109.0,1.0,0.16659904480178084,363.0796229839325
5188.0,0.5574262650975428,7108.0,7110.0,2.0,0.16630044082741446,363.08318185806274
5189.0,0.5568688388324452,7108.0,7110.0,3.0,0.16600207395687627,363.0868589878082
5190.0,0.5563119699936128,7108.0,7110.0,2.0,0.16570394453753176,363.0904378890991
5191.0,0.5557556580236191,7106.0,7106.0,2.0,0.1654060529161528,363.0939950942993
5192.0,0.5551999023655956,7106.0,7106.0,1.0,0.16510839943891553,363.0978100299835
5193.0,0.5546447024632299,7106.0,7106.0,0.0,0.16481098445139822,363.10139203071594
5194.0,0.5540900577607667,7106.0,7106.0,0.0,0.1645138082985791,363.1050169467926
5195.0,0.553535967703006,7106.0,7106.0,1.0,0.16421687132483426,363.10867500305176
5196.0,0.5529824317353029,7106.0,7106.0,0.0,0.16392017387393545,363.1124210357666
5197.0,0.5524294493035676,7106.0,7106.0,1.0,0.16362371628904804,363.11590576171875
5198.0,0.5518770198542641,7106.0,7107.0,2.0,0.16332749891272877,363.1194989681244
5199.0,0.5513251428344098,7106.0,7109.0,2.0,0.16303152208692373,363.12296295166016
5200.0,0.5507738176915754,7106.0,7109.0,2.0,0.16273578615296613,363.12643599510193
5201.0,0.5502230438738839,7106.0,7109.0,4.0,0.16244029145157418,363.1301357746124
5202.0,0.54967282083001,7106.0,7109.0,1.0,0.162145038322849,363.1335959434509
5203.0,0.54912314800918,7106.0,7109.0,3.0,0.16185002710627247,363.1370460987091
5204.0,0.5485740248611709,7106.0,7110.0,3.0,0.16155525814070518,363.14071798324585
5205.0,0.5480254508363097,7106.0,7110.0,1.0,0.16126073176438407,363.14426493644714
5206.0,0.5474774253854734,7106.0,7110.0,2.0,0.16096644831492063,363.1478099822998
5207.0,0.5469299479600879,7106.0,7110.0,1.0,0.16067240812929845,363.151478767395
5208.0,0.5463830180121277,7106.0,7110.0,2.0,0.16037861154387142,363.15514087677
5209.0,0.5458366349941156,7106.0,7109.0,2.0,0.1600850588943613,363.1588189601898
5210.0,0.5452907983591215,7106.0,7111.0,2.0,0.1597917505158559,363.1624438762665
5211.0,0.5447455075607625,7106.0,7112.0,2.0,0.1594986867428066,363.16609382629395
5212.0,0.5442007620532017,7106.0,7113.0,4.0,0.15920586790902655,363.1696410179138
5213.0,0.5436565612911485,7106.0,7112.0,4.0,0.15891329434768842,363.1732850074768
5214.0,0.5431129047298573,7106.0,7111.0,1.0,0.15862096639132228,363.1770808696747
5215.0,0.5425697918251274,7103.0,7103.0,3.0,0.15832888437181364,363.18066000938416
5216.0,0.5420272220333023,7103.0,7103.0,0.0,0.15803704862040108,363.1842460632324
5217.0,0.541485194811269,7103.0,7103.0,1.0,0.1577454594676742,363.18800687789917
5218.0,0.5409437096164578,7102.0,7103.0,2.0,0.1574541172435719,363.19160199165344
5219.0,0.5404027659068413,7102.0,7103.0,1.0,0.15716302227737958,363.19524002075195
5220.0,0.5398623631409345,7102.0,7103.0,2.0,0.15687217489772756,363.19878005981445
5221.0,0.5393225007777935,7102.0,7103.0,2.0,0.156581575432589,363.202290058136
5222.0,0.5387831782770157,7102.0,7103.0,0.0,0.15629122420927738,363.2058939933777
5223.0,0.5382443950987387,7102.0,7103.0,0.0,0.15600112155444473,363.2094759941101
5224.0,0.5377061507036399,7102.0,7103.0,1.0,0.15571126779407957,363.21315693855286
5225.0,0.5371684445529363,7102.0,7103.0,0.0,0.1554216632535046,363.21688508987427
5226.0,0.5366312761083833,7102.0,7103.0,3.0,0.15513230825737453,363.2205138206482
5227.0,0.536094644832275,7102.0,7103.0,0.0,0.15484320312967453,363.22413301467896
5228.0,0.5355585501874427,7101.0,7101.0,1.0,0.1545543481937175,363.2278108596802
5229.0,0.5350229916372552,7101.0,7101.0,1.0,0.15426574377214225,363.23145604133606
5230.0,0.534487968645618,7101.0,7101.0,2.0,0.15397739018691164,363.2350947856903
5231.0,0.5339534806769723,7101.0,7101.0,0.0,0.15368928775930998,363.23873686790466
5232.0,0.5334195271962954,7100.0,7100.0,1.0,0.1534014368099414,363.2423620223999
5233.0,0.532886107669099,7100.0,7100.0,1.0,0.15311383765872758,363.24604988098145
5234.0,0.53235322156143,7100.0,7100.0,3.0,0.15282649062490572,363.2496509552002
5235.0,0.5318208683398685,7099.0,7099.0,2.0,0.1525393960270264,363.2532708644867
5236.0,0.5312890474715286,7098.0,7098.0,3.0,0.15225255418295155,363.2569308280945
5237.0,0.530757758424057,7098.0,7098.0,1.0,0.15196596540985238,363.2605998516083
5238.0,0.530227000665633,7098.0,7098.0,3.0,0.15167963002420734,363.26422595977783
5239.0,0.5296967736649674,7098.0,7098.0,1.0,0.15139354834179988,363.2680621147156
5240.0,0.5291670768913024,7098.0,7098.0,2.0,0.15110772067771672,363.2717089653015
5241.0,0.5286379098144111,7098.0,7098.0,3.0,0.1508221473463454,363.27526473999023
5242.0,0.5281092719045967,7096.0,7096.0,4.0,0.15053682866137247,363.2792139053345
5243.0,0.5275811626326921,7096.0,7096.0,0.0,0.1502517649357814,363.28274297714233
5244.0,0.5270535814700593,7095.0,7095.0,2.0,0.1499669564818504,363.28635001182556
5245.0,0.5265265278885892,7095.0,7095.0,0.0,0.1496824036111505,363.29016399383545
5246.0,0.5260000013607007,7095.0,7096.0,1.0,0.1493981066345435,363.2936279773712
5247.0,0.52547400135934,7095.0,7096.0,0.0,0.1491140658621797,363.2972230911255
5248.0,0.5249485273579806,7095.0,7096.0,0.0,0.14883028160349615,363.300922870636
5249.0,0.5244235788306226,7095.0,7098.0,4.0,0.1485467541672144,363.3045608997345
5250.0,0.523899155251792,7095.0,7099.0,1.0,0.14826348386133859,363.3081569671631
5251.0,0.5233752560965402,7095.0,7099.0,2.0,0.14798047099315328,363.3118579387665
5252.0,0.5228518808404437,7095.0,7099.0,3.0,0.14769771586922142,363.3154890537262
5253.0,0.5223290289596032,7095.0,7099.0,1.0,0.14741521879538255,363.3189630508423
5254.0,0.5218066999306435,7095.0,7099.0,0.0,0.14713298007675032,363.3226408958435
5255.0,0.5212848932307129,7095.0,7099.0,1.0,0.146851000017711,363.3261458873749
5256.0,0.5207636083374823,7095.0,7099.0,1.0,0.146569278921921,363.3297197818756
5257.0,0.5202428447291447,7094.0,7094.0,4.0,0.14628781709230493,363.33331394195557
5258.0,0.5197226018844155,7093.0,7093.0,3.0,0.1460066148310539,363.33693504333496
5259.0,0.5192028792825312,7091.0,7091.0,1.0,0.14572567243962312,363.34055519104004
5260.0,0.5186836764032486,7091.0,7092.0,4.0,0.14544499021872995,363.3441939353943
5261.0,0.5181649927268454,7091.0,7091.0,4.0,0.14516456846835202,363.3478219509125
5262.0,0.5176468277341185,7091.0,7091.0,0.0,0.1448844074877252,363.3514142036438
5263.0,0.5171291809063844,7089.0,7089.0,4.0,0.14460450757534146,363.3555579185486
5264.0,0.516612051725478,7089.0,7089.0,0.0,0.14432486902894695,363.3593838214874
5265.0,0.5160954396737525,7089.0,7089.0,2.0,0.14404549214554002,363.3630669116974
5266.0,0.5155793442340787,7089.0,7089.0,1.0,0.14376637722136912,363.3667678833008
5267.0,0.5150637648898446,7088.0,7088.0,2.0,0.14348752455193084,363.3703351020813
5268.0,0.5145487011249548,7088.0,7088.0,3.0,0.14320893443196803,363.37402296066284
5269.0,0.5140341524238298,7088.0,7088.0,1.0,0.1429306071554676,363.3776640892029
5270.0,0.513520118271406,7087.0,7087.0,3.0,0.14265254301565872,363.3812701702118
5271.0,0.5130065981531345,7086.0,7088.0,5.0,0.14237474230501063,363.3848989009857
5272.0,0.5124935915549814,7086.0,7088.0,2.0,0.14209720531523087,363.38867688179016
5273.0,0.5119810979634264,7086.0,7086.0,1.0,0.1418199323372631,363.39229798316956
5274.0,0.5114691168654629,7086.0,7086.0,1.0,0.1415429236612853,363.3959310054779
5275.0,0.5109576477485974,7084.0,7085.0,3.0,0.14126617957670762,363.39961099624634
5276.0,0.5104466901008489,7084.0,7087.0,2.0,0.14098970037217062,363.4032070636749
5277.0,0.5099362434107481,7084.0,7087.0,1.0,0.14071348633554304,363.40681290626526
5278.0,0.5094263071673373,7084.0,7087.0,1.0,0.14043753775391993,363.4103808403015
5279.0,0.50891688086017,7084.0,7087.0,0.0,0.14016185491362082,363.4139621257782
5280.0,0.5084079639793098,7084.0,7087.0,1.0,0.13988643810018764,363.4175639152527
5281.0,0.5078995560153304,7084.0,7087.0,0.0,0.13961128759838268,363.4212679862976
5282.0,0.507391656459315,7084.0,7090.0,2.0,0.1393364036921868,363.42492389678955
5283.0,0.5068842648028558,7084.0,7088.0,2.0,0.13906178666479743,363.42856001853943
5284.0,0.5063773805380529,7084.0,7087.0,1.0,0.1387874367986265,363.4322671890259
5285.0,0.5058710031575149,7084.0,7086.0,4.0,0.13851335437529863,363.4358780384064
5286.0,0.5053651321543574,7084.0,7086.0,2.0,0.13823953967564914,363.4396131038666
5287.0,0.504859767022203,7084.0,7086.0,2.0,0.13796599297972206,363.443363904953
5288.0,0.5043549072551808,7084.0,7086.0,0.0,0.13769271456676835,363.4470009803772
5289.0,0.5038505523479256,7084.0,7087.0,3.0,0.13741970471524373,363.45056080818176
5290.0,0.5033467017955777,7084.0,7087.0,0.0,0.13714696370280696,363.4542701244354
5291.0,0.5028433550937822,7084.0,7087.0,2.0,0.13687449180631786,363.45782589912415
5292.0,0.5023405117386884,7084.0,7086.0,1.0,0.1366022893018352,363.4613928794861
5293.0,0.5018381712269497,7084.0,7086.0,0.0,0.13633035646461508,363.46495389938354
5294.0,0.5013363330557228,7084.0,7084.0,3.0,0.13605869356910885,363.46848011016846
5295.0,0.5008349967226671,7084.0,7084.0,1.0,0.13578730088896113,363.4721648693085
5296.0,0.5003341617259444,7084.0,7084.0,2.0,0.13551617869700805,363.475704908371
5297.0,0.4998338275642184,7084.0,7085.0,2.0,0.1352453272652753,363.47920298576355
5298.0,0.49933399373665416,7084.0,7086.0,4.0,0.13497474686497607,363.4829578399658
5299.0,0.4988346597429175,7084.0,7087.0,1.0,0.13470443776650953,363.4864749908447
5300.0,0.4983358250831746,7084.0,7085.0,1.0,0.13443440023945846,363.49006390571594
5301.0,0.4978374892580914,7084.0,7085.0,0.0,0.13416463455258756,363.49376797676086
5302.0,0.4973396517688333,7084.0,7085.0,4.0,0.13389514097384178,363.4972298145294
5303.0,0.4968423121170645,7084.0,7085.0,0.0,0.1336259197703441,363.5008749961853
5304.0,0.4963454698049474,7083.0,7083.0,1.0,0.13335697120839385,363.5045540332794
5305.0,0.4958491243351425,7082.0,7083.0,3.0,0.1330882955534647,363.5080919265747
5306.0,0.49535327521080735,7082.0,7084.0,1.0,0.13281989307020284,363.51162099838257
5307.0,0.4948579219355965,7082.0,7082.0,2.0,0.13255176402242524,363.51514196395874
5308.0,0.4943630640136609,7082.0,7084.0,2.0,0.1322839086731176,363.5187318325043
5309.0,0.49386870094964724,7082.0,7082.0,2.0,0.1320163272844325,363.5223219394684
5310.0,0.4933748322486976,7082.0,7082.0,0.0,0.1317490201176876,363.52611112594604
5311.0,0.4928814574164489,7080.0,7080.0,3.0,0.1314819874333639,363.52990913391113
5312.0,0.49238857595903246,7080.0,7080.0,0.0,0.1312152294911036,363.5335650444031
5313.0,0.49189618738307345,7079.0,7079.0,3.0,0.13094874654970848,363.53718090057373
5314.0,0.49140429119569035,7079.0,7079.0,1.0,0.130682538867138,363.54094910621643
5315.0,0.49091288690449464,7079.0,7079.0,1.0,0.13041660670050745,363.54448795318604
5316.0,0.49042197401759013,7079.0,7079.0,2.0,0.1301509503060861,363.5480740070343
5317.0,0.4899315520435725,7077.0,7077.0,4.0,0.12988556993929534,363.55166506767273
5318.0,0.48944162049152895,7077.0,7077.0,3.0,0.129620465854707,363.5553469657898
5319.0,0.4889521788710374,7077.0,7077.0,1.0,0.1293556383060413,363.5589940547943
5320.0,0.4884632266921664,7077.0,7077.0,3.0,0.12909108754616527,363.562618970871
5321.0,0.48797476346547425,7077.0,7077.0,2.0,0.12882681382709066,363.5662980079651
5322.0,0.4874867887020088,7077.0,7077.0,3.0,0.12856281739997233,363.56987500190735
5323.0,0.48699930191330676,7077.0,7077.0,2.0,0.12829909851510643,363.5735399723053
5324.0,0.48651230261139344,7077.0,7077.0,2.0,0.12803565742192852,363.5772428512573
5325.0,0.48602579030878207,7075.0,7075.0,3.0,0.1277724943690119,363.5808629989624
5326.0,0.4855397645184733,7072.0,7072.0,3.0,0.12750960960406552,363.5844609737396
5327.0,0.4850542247539548,7072.0,7072.0,3.0,0.1272470033739326,363.5880129337311
5328.0,0.48456917052920084,7072.0,7072.0,3.0,0.1269846759245884,363.59156703948975
5329.0,0.48408460135867165,7072.0,7073.0,1.0,0.1267226275011389,363.59517908096313
5330.0,0.48360051675731297,7072.0,7073.0,1.0,0.12646085834781864,363.5988509654999
5331.0,0.48311691624055564,7072.0,7073.0,0.0,0.12619936870798912,363.60253405570984
5332.0,0.4826337993243151,7072.0,7073.0,0.0,0.125938158824137,363.6061940193176
5333.0,0.48215116552499077,7072.0,7072.0,2.0,0.12567722893787237,363.60992074012756
5334.0,0.4816690143594658,7072.0,7072.0,1.0,0.12541657928992692,363.61373591423035
5335.0,0.4811873453451063,7072.0,7072.0,0.0,0.12515621012015224,363.6172819137573
5336.0,0.48070615799976124,7072.0,7072.0,0.0,0.12489612166751793,363.62093901634216
5337.0,0.48022545184176146,7072.0,7072.0,4.0,0.12463631417011017,363.624547958374
5338.0,0.4797452263899197,7072.0,7072.0,0.0,0.12437678786512955,363.62804198265076
5339.0,0.47926548116352974,7070.0,7070.0,3.0,0.1241175429888898,363.6317319869995
5340.0,0.47878621568236623,7070.0,7070.0,0.0,0.12385857977681551,363.6354148387909
5341.0,0.47830742946668386,7070.0,7070.0,0.0,0.12359989846344097,363.63905692100525
5342.0,0.47782912203721717,7070.0,7070.0,0.0,0.12334149928240794,363.6426651477814
5343.0,0.47735129291517997,7070.0,7070.0,1.0,0.12308338246646432,363.6463189125061
5344.0,0.47687394162226476,7070.0,7070.0,2.0,0.12282554824746213,363.64984107017517
5345.0,0.4763970676806425,7070.0,7071.0,3.0,0.12256799685635617,363.65333104133606
5346.0,0.47592067061296184,7070.0,7071.0,1.0,0.12231072852320178,363.6568968296051
5347.0,0.47544474994234887,7069.0,7069.0,1.0,0.1220537434771537,363.66044187545776
5348.0,0.47496930519240654,7069.0,7069.0,1.0,0.12179704194646394,363.66407203674316
5349.0,0.4744943358872141,7069.0,7069.0,1.0,0.1215406241584803,363.6677269935608
5350.0,0.4740198415513269,7069.0,7069.0,1.0,0.12128449033964472,363.6713900566101
5351.0,0.4735458217097756,7069.0,7069.0,1.0,0.12102864071549135,363.67515087127686
5352.0,0.47307227588806583,7069.0,7069.0,3.0,0.12077307551064523,363.67887806892395
5353.0,0.4725992036121778,7069.0,7071.0,2.0,0.12051779494882021,363.682648897171
5354.0,0.4721266044085656,7069.0,7069.0,3.0,0.12026279925281769,363.6862769126892
5355.0,0.47165447780415704,7069.0,7070.0,4.0,0.12000808864452465,363.68999886512756
5356.0,0.47118282332635286,7068.0,7068.0,1.0,0.11975366334491211,363.693480014801
5357.0,0.4707116405030265,7066.0,7066.0,3.0,0.11949952357403344,363.6972351074219
5358.0,0.47024092886252344,7066.0,7066.0,0.0,0.11924566955102278,363.70099997520447
5359.0,0.46977068793366095,7066.0,7066.0,0.0,0.11899210149409338,363.7046639919281
5360.0,0.4693009172457273,7066.0,7066.0,1.0,0.11873881962053577,363.7082269191742
5361.0,0.4688316163284816,7066.0,7066.0,2.0,0.11848582414671653,363.7118239402771
5362.0,0.4683627847121531,7066.0,7066.0,1.0,0.11823311528807612,363.7152888774872
5363.0,0.46789442192744096,7066.0,7066.0,2.0,0.11798069325912784,363.7188000679016
5364.0,0.4674265275055135,7066.0,7066.0,0.0,0.11772855827345566,363.72254395484924
5365.0,0.46695910097800797,7066.0,7066.0,1.0,0.11747671054371309,363.7260618209839
5366.0,0.46649214187703,7066.0,7066.0,3.0,0.1172251502816212,363.72951102256775
5367.0,0.4660256497351529,7064.0,7064.0,3.0,0.1169738776979672,363.73308801651
5368.0,0.4655596240854178,7064.0,7064.0,1.0,0.11672289300260291,363.73670196533203
5369.0,0.4650940644613324,7064.0,7064.0,0.0,0.11647219640444281,363.7403380870819
5370.0,0.46462897039687107,7064.0,7064.0,0.0,0.1162217881114629,363.74391293525696
5371.0,0.46416434142647417,7064.0,7064.0,2.0,0.11597166833069894,363.74766087532043
5372.0,0.4637001770850477,7064.0,7064.0,4.0,0.11572183726824464,363.75114703178406
5373.0,0.46323647690796266,7063.0,7064.0,3.0,0.11547229512925061,363.7546269893646
5374.0,0.4627732404310547,7063.0,7064.0,2.0,0.11522304211792218,363.7583100795746
5375.0,0.4623104671906237,7063.0,7063.0,3.0,0.11497407843751832,363.76196217536926
5376.0,0.46184815672343305,7063.0,7064.0,1.0,0.1147254042903498,363.76563906669617
5377.0,0.4613863085667096,7063.0,7064.0,2.0,0.11447701987777782,363.769278049469
5378.0,0.46092492225814286,7063.0,7064.0,2.0,0.11422892540021234,363.772901058197
5379.0,0.4604639973358847,7062.0,7062.0,2.0,0.11398112105711067,363.7764949798584
5380.0,0.4600035333385488,7062.0,7062.0,2.0,0.11373360704697565,363.7801470756531
5381.0,0.4595435298052103,7062.0,7062.0,0.0,0.11348638356735449,363.7841160297394
5382.0,0.4590839862754051,7062.0,7062.0,3.0,0.11323945081483709,363.7879240512848
5383.0,0.45862490228912967,7062.0,7062.0,0.0,0.11299280898505441,363.79165291786194
5384.0,0.4581662773868405,7062.0,7062.0,1.0,0.11274645827267711,363.7953338623047
5385.0,0.4577081111094537,7060.0,7062.0,2.0,0.11250039887141403,363.79890394210815
5386.0,0.45725040299834424,7060.0,7062.0,0.0,0.11225463097401052,363.8024790287018
5387.0,0.4567931525953459,7060.0,7062.0,2.0,0.11200915477224721,363.80611300468445
5388.0,0.4563363594427506,7060.0,7062.0,1.0,0.11176397045693824,363.8096640110016
5389.0,0.45588002308330783,7060.0,7062.0,1.0,0.11151907821793008,363.81317496299744
5390.0,0.4554241430602245,7060.0,7062.0,0.0,0.11127447824409979,363.8168349266052
5391.0,0.4549687189171643,7060.0,7063.0,1.0,0.1110301707233537,363.8205089569092
5392.0,0.45451375019824714,7060.0,7062.0,3.0,0.1107861558426258,363.8240840435028
5393.0,0.4540592364480489,7060.0,7062.0,0.0,0.11054243378787648,363.82767605781555
5394.0,0.4536051772116009,7060.0,7060.0,3.0,0.11029900474409088,363.8312420845032
5395.0,0.45315157203438927,7060.0,7060.0,1.0,0.11005586889527759,363.8346698284149
5396.0,0.45269842046235487,7060.0,7060.0,3.0,0.10981302642446701,363.8381190299988
5397.0,0.4522457220418925,7060.0,7061.0,3.0,0.10957047751371024,363.8416359424591
5398.0,0.4517934763198506,7060.0,7061.0,2.0,0.10932822234407732,363.84518480300903
5399.0,0.45134168284353077,7060.0,7061.0,2.0,0.10908626109565592,363.8487219810486
5400.0,0.4508903411606872,7060.0,7062.0,2.0,0.10884459394755,363.8522698879242
5401.0,0.4504394508195265,7060.0,7065.0,5.0,0.10860322107787834,363.85578298568726
5402.0,0.449989011368707,7060.0,7065.0,2.0,0.10836214266377303,363.8593409061432
5403.0,0.4495390223573383,7060.0,7065.0,1.0,0.10812135888137818,363.86282992362976
5404.0,0.44908948333498094,7060.0,7065.0,1.0,0.10788086990584862,363.8664391040802
5405.0,0.44864039385164595,7060.0,7065.0,1.0,0.10764067591134827,363.87011218070984
5406.0,0.4481917534577943,7060.0,7063.0,3.0,0.1074007770710489,363.8736300468445
5407.0,0.4477435617043365,7060.0,7063.0,0.0,0.10716117355712884,363.8773047924042
5408.0,0.44729581814263214,7060.0,7065.0,2.0,0.10692186554077127,363.88110399246216
5409.0,0.4468485223244895,7060.0,7065.0,2.0,0.10668285319216338,363.88470101356506
5410.0,0.446401673802165,7060.0,7063.0,3.0,0.10644413668049439,363.88827085494995
5411.0,0.44595527212836283,7060.0,7061.0,2.0,0.1062057161739548,363.8919680118561
5412.0,0.44550931685623446,7059.0,7059.0,2.0,0.10596759183973468,363.89548993110657
5413.0,0.44506380753937824,7059.0,7059.0,0.0,0.10572976384402237,363.899032831192
5414.0,0.44461874373183885,7055.0,7055.0,5.0,0.10549223235200318,363.9026560783386
5415.0,0.444174124988107,7055.0,7055.0,0.0,0.1052549975278581,363.9062731266022
5416.0,0.4437299508631189,7055.0,7056.0,2.0,0.10501805953476254,363.90987610816956
5417.0,0.4432862209122558,7055.0,7055.0,2.0,0.1047814185348848,363.91351199150085
5418.0,0.4428429346913435,7055.0,7056.0,2.0,0.10454507468938487,363.91720604896545
5419.0,0.4424000917566522,7055.0,7056.0,0.0,0.10430902815841335,363.92083382606506
5420.0,0.4419576916648955,7055.0,7056.0,0.0,0.1040732791011097,363.9244740009308
5421.0,0.44151573397323063,7055.0,7056.0,2.0,0.1038378276756013,363.92806792259216
5422.0,0.4410742182392574,7055.0,7056.0,0.0,0.10360267403900214,363.93162775039673
5423.0,0.44063314402101816,7055.0,7056.0,0.0,0.10336781834741136,363.9352478981018
5424.0,0.4401925108769971,7055.0,7056.0,5.0,0.10313326075591213,363.9388780593872
5425.0,0.4397523183661201,7055.0,7056.0,0.0,0.10289900141857033,363.94244599342346
5426.0,0.439312566047754,7055.0,7056.0,1.0,0.10266504048843335,363.9460508823395
5427.0,0.43887325348170625,7055.0,7056.0,1.0,0.10243137811752881,363.94964694976807
5428.0,0.43843438022822456,7055.0,7057.0,2.0,0.10219801445686325,363.95330595970154
5429.0,0.43799594584799634,7055.0,7057.0,0.0,0.10196494965642089,363.9571840763092
5430.0,0.43755794990214836,7055.0,7057.0,0.0,0.1017321838651626,363.96083998680115
5431.0,0.4371203919522462,7055.0,7057.0,3.0,0.10149971723102448,363.9645709991455
5432.0,0.43668327156029396,7055.0,7057.0,0.0,0.10126754990091662,363.96821904182434
5433.0,0.4362465882887337,7055.0,7057.0,1.0,0.10103568202072206,363.97185587882996
5434.0,0.43581034170044497,7055.0,7057.0,1.0,0.10080411373529544,363.9753580093384
5435.0,0.43537453135874454,7055.0,7057.0,2.0,0.10057284518846189,363.9789409637451
5436.0,0.4349391568273858,7055.0,7057.0,0.0,0.10034187652301578,363.98256492614746
5437.0,0.4345042176705584,7055.0,7057.0,0.0,0.10011120788071956,363.98620200157166
5438.0,0.43406971345288786,7055.0,7057.0,1.0,0.09988083940230257,363.98982787132263
5439.0,0.433635643739435,7055.0,7056.0,2.0,0.09965077122745994,363.99342608451843
5440.0,0.43320200809569553,7055.0,7056.0,0.0,0.09942100349485128,363.99703574180603
5441.0,0.4327688060875998,7055.0,7056.0,1.0,0.09919153634209969,364.0006947517395
5442.0,0.4323360372815122,7055.0,7058.0,1.0,0.09896236990579055,364.00447702407837
5443.0,0.4319037012442307,7055.0,7058.0,1.0,0.09873350432147034,364.00798201560974
5444.0,0.4314717975429865,7055.0,7059.0,1.0,0.09850493972364541,364.0117280483246
5445.0,0.4310403257454435,7055.0,7059.0,5.0,0.09827667624578121,364.0154139995575
5446.0,0.43060928541969806,7055.0,7059.0,1.0,0.09804871402030076,364.0189998149872
5447.0,0.43017867613427835,7055.0,7058.0,4.0,0.0978210531785837,364.02260303497314
5448.0,0.4297484974581441,7055.0,7059.0,2.0,0.09759369385096528,364.0262348651886
5449.0,0.42931874896068595,7055.0,7059.0,0.0,0.09736663616673515,364.02988290786743
5450.0,0.42888943021172526,7055.0,7057.0,1.0,0.09713988025413618,364.0335099697113
5451.0,0.4284605407815135,7055.0,7057.0,0.0,0.09691342624036361,364.03739190101624
5452.0,0.428032080240732,7055.0,7057.0,3.0,0.09668727425156384,364.0412209033966
5453.0,0.4276040481604913,7055.0,7057.0,1.0,0.09646142441283322,364.04482889175415
5454.0,0.4271764441123308,7055.0,7057.0,2.0,0.09623587684821724,364.0486071109772
5455.0,0.42674926766821847,7055.0,7057.0,3.0,0.09601063168070939,364.0521969795227
5456.0,0.42632251840055024,7055.0,7057.0,0.0,0.09578568903224999,364.05584192276
5457.0,0.4258961958821497,7055.0,7057.0,4.0,0.09556104902372525,364.0596718788147
5458.0,0.4254702996862676,7055.0,7057.0,0.0,0.09533671177496629,364.06328201293945
5459.0,0.42504482938658134,7055.0,7057.0,3.0,0.09511267740474794,364.06694197654724
5460.0,0.42461978455719473,7055.0,7057.0,1.0,0.09488894603078792,364.07048892974854
5461.0,0.4241951647726375,7055.0,7058.0,4.0,0.0946655177697456,364.07408380508423
5462.0,0.42377096960786487,7055.0,7058.0,2.0,0.09444239273722137,364.07769680023193
5463.0,0.423347198638257,7055.0,7058.0,1.0,0.09421957104775505,364.081346988678
5464.0,0.42292385143961875,7055.0,7056.0,1.0,0.0939970528148256,364.0849549770355
5465.0,0.42250092758817914,7054.0,7054.0,4.0,0.09377483815084943,364.0885109901428
5466.0,0.422078426660591,7054.0,7054.0,2.0,0.09355292716718007,364.0921380519867
5467.0,0.4216563482339304,7054.0,7054.0,0.0,0.09333131997410671,364.09568905830383
5468.0,0.42123469188569646,7053.0,7053.0,1.0,0.0931100166808535,364.09921193122864
5469.0,0.42081345719381075,7053.0,7054.0,3.0,0.09288901739557853,364.102854013443
5470.0,0.42039264373661694,7053.0,7054.0,0.0,0.09266832222537287,364.1064279079437
5471.0,0.41997225109288033,7053.0,7053.0,3.0,0.09244793127625968,364.1100471019745
5472.0,0.4195522788417875,7053.0,7053.0,1.0,0.09222784465319318,364.11365008354187
5473.0,0.4191327265629457,7053.0,7053.0,1.0,0.09200806246005781,364.1172580718994
5474.0,0.41871359383638274,7053.0,7053.0,2.0,0.09178858479966726,364.1209969520569
5475.0,0.41829488024254635,7053.0,7053.0,0.0,0.09156941177376364,364.12464118003845
5476.0,0.4178765853623038,7053.0,7053.0,1.0,0.09135054348301658,364.12824988365173
5477.0,0.4174587087769415,7053.0,7053.0,1.0,0.09113198002702214,364.1319808959961
5478.0,0.41704125006816456,7053.0,7053.0,1.0,0.09091372150430213,364.1354730129242
5479.0,0.4166242088180964,7053.0,7053.0,2.0,0.09069576801230328,364.1389510631561
5480.0,0.4162075846092783,7053.0,7053.0,3.0,0.0904781196473961,364.1426889896393
5481.0,0.41579137702466906,7053.0,7053.0,1.0,0.09026077650487434,364.1462368965149
5482.0,0.4153755856476444,7053.0,7055.0,1.0,0.09004373867895382,364.1497187614441
5483.0,0.41496021006199674,7053.0,7055.0,1.0,0.0898270062627718,364.15355706214905
5484.0,0.41454524985193475,7053.0,7055.0,1.0,0.08961057934838615,364.15710711479187
5485.0,0.4141307046020828,7053.0,7055.0,1.0,0.08939445802677433,364.1605761051178
5486.0,0.41371657389748073,7053.0,7055.0,2.0,0.08917864238783278,364.1641540527344
5487.0,0.41330285732358324,7053.0,7055.0,1.0,0.08896313252037592,364.16781282424927
5488.0,0.41288955446625963,7053.0,7057.0,4.0,0.08874792851213557,364.1714451313019
5489.0,0.41247666491179336,7053.0,7057.0,0.0,0.08853303044975981,364.17504382133484
5490.0,0.41206418824688157,7053.0,7057.0,0.0,0.08831843841881262,364.1785891056061
5491.0,0.41165212405863466,7053.0,7059.0,3.0,0.08810415250377263,364.18228578567505
5492.0,0.411240471934576,7053.0,7059.0,1.0,0.08789017278803278,364.1857759952545
5493.0,0.41082923146264144,7053.0,7059.0,0.0,0.08767649935389923,364.1893301010132
5494.0,0.4104184022311788,7053.0,7056.0,3.0,0.08746313228259077,364.1929829120636
5495.0,0.41000798382894765,7053.0,7053.0,4.0,0.087250071654238,364.1966197490692
5496.0,0.4095979758451187,7053.0,7054.0,2.0,0.08703731754788253,364.20021414756775
5497.0,0.4091883778692736,7053.0,7054.0,1.0,0.08682487004147654,364.2038848400116
5498.0,0.4087791894914043,7052.0,7052.0,1.0,0.08661272921188157,364.207505941391
5499.0,0.4083704103019129,7052.0,7052.0,1.0,0.08640089513486827,364.2111518383026
5500.0,0.407962039891611,7052.0,7052.0,2.0,0.0861893678851153,364.2154288291931
5501.0,0.4075540778517194,7052.0,7052.0,1.0,0.08597814753620892,364.2191607952118
5502.0,0.4071465237738677,7052.0,7052.0,1.0,0.0857672341606422,364.22265100479126
5503.0,0.4067393772500938,7052.0,7052.0,0.0,0.08555662782981417,364.2261369228363
5504.0,0.4063326378728437,7052.0,7052.0,2.0,0.08534632861402945,364.2298400402069
5505.0,0.40592630523497086,7052.0,7052.0,2.0,0.0851363365824973,364.2333929538727
5506.0,0.4055203789297359,7052.0,7052.0,0.0,0.08492665180333112,364.2370240688324
5507.0,0.4051148585508062,7052.0,7052.0,0.0,0.08471727434354775,364.2406527996063
5508.0,0.4047097436922554,7052.0,7052.0,0.0,0.08450820426906674,364.2442789077759
5509.0,0.4043050339485631,7052.0,7052.0,1.0,0.08429944164470991,364.2479329109192
5510.0,0.40390072891461454,7052.0,7052.0,0.0,0.08409098653420048,364.2515637874603
5511.0,0.40349682818569993,7052.0,7052.0,1.0,0.08388283900016269,364.2551989555359
5512.0,0.40309333135751424,7052.0,7052.0,4.0,0.08367499910412099,364.2587559223175
5513.0,0.4026902380261567,7052.0,7052.0,2.0,0.08346746690649952,364.26241278648376
5514.0,0.4022875477881306,7052.0,7052.0,0.0,0.0832602424666215,364.2660229206085
5515.0,0.40188526024034243,7052.0,7052.0,2.0,0.08305332584270866,364.26957297325134
5516.0,0.4014833749801021,7052.0,7052.0,0.0,0.08284671709188071,364.27310490608215
5517.0,0.40108189160512203,7052.0,7052.0,1.0,0.08264041627015457,364.27674984931946
5518.0,0.4006808097135169,7052.0,7052.0,0.0,0.08243442343244399,364.2803909778595
5519.0,0.4002801289038034,7052.0,7052.0,1.0,0.08222873863255906,364.28404092788696
5520.0,0.39987984877489957,7051.0,7051.0,1.0,0.08202336192320543,364.2878179550171
5521.0,0.3994799689261247,7051.0,7051.0,1.0,0.08181829335598394,364.29151916503906
5522.0,0.39908048895719855,7051.0,7051.0,0.0,0.08161353298139004,364.2951261997223
5523.0,0.39868140846824135,7051.0,7051.0,1.0,0.08140908084881328,364.29882192611694
5524.0,0.39828272705977313,7051.0,7051.0,1.0,0.08120493700653683,364.302286863327
5525.0,0.39788444433271336,7048.0,7048.0,2.0,0.08100110150173685,364.30577397346497
5526.0,0.39748655988838066,7048.0,7048.0,0.0,0.08079757438048214,364.30953788757324
5527.0,0.3970890733284923,7048.0,7048.0,3.0,0.0805943556877337,364.3131821155548
5528.0,0.39669198425516383,7048.0,7049.0,1.0,0.08039144546734393,364.3167839050293
5529.0,0.39629529227090865,7048.0,7049.0,1.0,0.08018884376205658,364.32053399086
5530.0,0.39589899697863773,7048.0,7049.0,1.0,0.079986550613506,364.32416009902954
5531.0,0.3955030979816591,7048.0,7049.0,1.0,0.07978456606221686,364.3278269767761
5532.0,0.39510759488367747,7047.0,7047.0,2.0,0.07958289014760352,364.3313670158386
5533.0,0.39471248728879377,7047.0,7047.0,3.0,0.0793815229079698,364.3349440097809
5534.0,0.394317774801505,7047.0,7048.0,3.0,0.07918046438050841,364.33855080604553
5535.0,0.3939234570267035,7047.0,7048.0,1.0,0.0789797146013006,364.3419940471649
5536.0,0.3935295335696768,7047.0,7048.0,1.0,0.07877927360531572,364.3454611301422
5537.0,0.3931360040361071,7047.0,7048.0,1.0,0.07857914142641081,364.3492088317871
5538.0,0.392742868032071,7047.0,7048.0,1.0,0.07837931809733036,364.3528850078583
5539.0,0.3923501251640389,7047.0,7048.0,4.0,0.07817980364970566,364.3565020561218
5540.0,0.39195777503887486,7047.0,7048.0,1.0,0.07798059811405463,364.3601610660553
5541.0,0.391565817263836,7047.0,7048.0,0.0,0.07778170151978138,364.36373591423035
5542.0,0.39117425144657214,7047.0,7048.0,0.0,0.07758311389517586,364.3672649860382
5543.0,0.39078307719512556,7047.0,7048.0,0.0,0.0773848352674136,364.37095403671265
5544.0,0.3903922941179304,7047.0,7048.0,3.0,0.07718686566255516,364.3744490146637
5545.0,0.3900019018238125,7047.0,7048.0,0.0,0.07698920510554608,364.37792801856995
5546.0,0.3896118999219887,7047.0,7049.0,1.0,0.0767918536202163,364.3816111087799
5547.0,0.3892222880220667,7047.0,7048.0,3.0,0.07659481122928004,364.38533997535706
5548.0,0.38883306573404464,7047.0,7048.0,1.0,0.07639807795433538,364.38896107673645
5549.0,0.3884442326683106,7047.0,7047.0,1.0,0.07620165381586402,364.39257407188416
5550.0,0.38805578843564226,7047.0,7047.0,2.0,0.07600553883323102,364.39627599716187
5551.0,0.3876677326472066,7047.0,7047.0,2.0,0.07580973302468444,364.3998529911041
5552.0,0.3872800649145594,7047.0,7047.0,1.0,0.07561423640735516,364.4035658836365
5553.0,0.38689278484964484,7047.0,7047.0,1.0,0.07541904899725653,364.4073078632355
5554.0,0.3865058920647952,7047.0,7047.0,0.0,0.07522417080928424,364.4109089374542
5555.0,0.3861193861727304,7043.0,7043.0,1.0,0.07502960185721604,364.41451597213745
5556.0,0.38573326678655767,7043.0,7043.0,0.0,0.07483534215371135,364.4181971549988
5557.0,0.38534753351977113,7043.0,7043.0,2.0,0.07464139171031134,364.421826839447
5558.0,0.38496218598625137,7043.0,7043.0,1.0,0.07444775053743846,364.4254500865936
5559.0,0.3845772238002651,7042.0,7042.0,2.0,0.07425441864439634,364.42888617515564
5560.0,0.38419264657646485,7040.0,7040.0,2.0,0.0740613960393696,364.43239092826843
5561.0,0.3838084539298884,7040.0,7040.0,2.0,0.07386868272942365,364.43634581565857
5562.0,0.3834246454759585,7038.0,7038.0,3.0,0.07367627872050454,364.43994307518005
5563.0,0.38304122083048253,7038.0,7038.0,0.0,0.0734841840174387,364.44359397888184
5564.0,0.38265817960965204,7038.0,7039.0,2.0,0.07329239862393286,364.4472529888153
5565.0,0.3822755214300424,7038.0,7039.0,2.0,0.07310092254257401,364.45074701309204
5566.0,0.38189324590861234,7038.0,7042.0,1.0,0.07290975577482899,364.4542727470398
5567.0,0.38151135266270375,7038.0,7042.0,1.0,0.0727188983210446,364.45797204971313
5568.0,0.3811298413100411,7038.0,7042.0,3.0,0.07252835018044738,364.46158814430237
5569.0,0.380748711468731,7038.0,7042.0,2.0,0.07233811135114342,364.4651279449463
5570.0,0.38036796275726226,7038.0,7042.0,1.0,0.07214818183011845,364.4686517715454
5571.0,0.379987594794505,7038.0,7042.0,1.0,0.07195856161323767,364.4723291397095
5572.0,0.3796076071997105,7038.0,7042.0,0.0,0.07176925069524552,364.4759349822998
5573.0,0.3792279995925108,7038.0,7041.0,2.0,0.07158024906976582,364.47953701019287
5574.0,0.3788487715929183,7038.0,7041.0,1.0,0.07139155672930149,364.48329401016235
5575.0,0.37846992282132536,7038.0,7041.0,0.0,0.07120317366523475,364.48685812950134
5576.0,0.37809145289850404,7038.0,7041.0,0.0,0.07101509986782688,364.49043798446655
5577.0,0.3777133614456055,7038.0,7041.0,1.0,0.07082733532621817,364.4940218925476
5578.0,0.3773356480841599,7038.0,7041.0,2.0,0.07063988002842805,364.49762892723083
5579.0,0.37695831243607575,7038.0,7041.0,1.0,0.07045273396135493,364.50124287605286
5580.0,0.3765813541236397,7038.0,7041.0,1.0,0.07026589711077626,364.5048279762268
5581.0,0.376204772769516,7038.0,7040.0,2.0,0.07007936946134843,364.5085690021515
5582.0,0.3758285679967465,7038.0,7041.0,2.0,0.06989315099660696,364.5122230052948
5583.0,0.3754527394287498,7038.0,7042.0,1.0,0.0697072416989664,364.5157871246338
5584.0,0.37507728668932105,7038.0,7042.0,2.0,0.06952164154972029,364.5194048881531
5585.0,0.3747022094026317,7038.0,7042.0,0.0,0.0693363505290413,364.52304100990295
5586.0,0.3743275071932291,7038.0,7042.0,2.0,0.06915136861598134,364.52665996551514
5587.0,0.37395317968603586,7038.0,7042.0,0.0,0.0689666957884714,364.5302360057831
5588.0,0.37357922650634984,7038.0,7042.0,1.0,0.06878233202332189,364.5338718891144
5589.0,0.3732056472798435,7038.0,7042.0,2.0,0.0685982772962224,364.53742814064026
5590.0,0.3728324416325637,7038.0,7042.0,3.0,0.0684145315817421,364.5410578250885
5591.0,0.37245960919093113,7038.0,7042.0,1.0,0.0682310948533296,364.54467701911926
5592.0,0.3720871495817402,7038.0,7042.0,1.0,0.06804796708331312,364.5482749938965
5593.0,0.37171506243215846,7038.0,7042.0,0.0,0.0678651482429007,364.55182695388794
5594.0,0.3713433473697263,7038.0,7042.0,0.0,0.06768263830218017,364.55548191070557
5595.0,0.3709720040223566,7038.0,7042.0,1.0,0.06750043723011945,364.55907583236694
5596.0,0.3706010320183342,7038.0,7040.0,1.0,0.06731854499456644,364.56268978118896
5597.0,0.37023043098631586,7038.0,7041.0,3.0,0.06713696156224942,364.56641912460327
5598.0,0.36986020055532953,7038.0,7041.0,0.0,0.06695568689877711,364.5699107646942
5599.0,0.3694903403547742,7038.0,7041.0,2.0,0.06677472096863886,364.5736050605774
5600.0,0.3691208500144194,7038.0,7041.0,0.0,0.06659406373520475,364.5771310329437
5601.0,0.368751729164405,7038.0,7039.0,2.0,0.06641371516072589,364.58085203170776
5602.0,0.3683829774352406,7038.0,7039.0,1.0,0.06623367520633451,364.58442783355713
5603.0,0.3680145944578054,7038.0,7039.0,2.0,0.06605394383204427,364.58804297447205
5604.0,0.3676465798633476,7038.0,7039.0,1.0,0.0658745209967504,364.591600894928
5605.0,0.36727893328348427,7037.0,7037.0,2.0,0.06569540665823001,364.59518098831177
5606.0,0.3669116543502008,7037.0,7037.0,1.0,0.06551660077314221,364.5988199710846
5607.0,0.3665447426958506,7037.0,7037.0,2.0,0.0653381032970284,364.6024479866028
5608.0,0.3661781979531547,7037.0,7039.0,2.0,0.06515991418431263,364.60608291625977
5609.0,0.36581201975520156,7037.0,7039.0,1.0,0.06498203338830173,364.6097149848938
5610.0,0.36544620773544634,7037.0,7037.0,1.0,0.06480446086118563,364.6132800579071
5611.0,0.3650807615277109,7037.0,7037.0,1.0,0.06462719655403765,364.6168420314789
5612.0,0.3647156807661832,7037.0,7037.0,1.0,0.06445024041681481,364.6206018924713
5613.0,0.36435096508541703,7037.0,7038.0,2.0,0.06427359239835805,364.62413907051086
5614.0,0.3639866141203316,7037.0,7039.0,3.0,0.06409725244639264,364.6276009082794
5615.0,0.36362262750621127,7037.0,7039.0,0.0,0.0639212205075285,364.6312439441681
5616.0,0.36325900487870505,7037.0,7039.0,2.0,0.06374549652726047,364.63488006591797
5617.0,0.36289574587382634,7037.0,7039.0,2.0,0.06357008044996869,364.6383419036865
5618.0,0.3625328501279525,7037.0,7039.0,0.0,0.06339497221891895,364.64197993278503
5619.0,0.36217031727782456,7037.0,7039.0,0.0,0.063220171776263,364.6456949710846
5620.0,0.36180814696054675,7037.0,7039.0,1.0,0.06304567906303903,364.6492838859558
5621.0,0.3614463388135862,7037.0,7041.0,2.0,0.06287149401917193,364.65305399894714
5622.0,0.3610848924747726,7037.0,7041.0,0.0,0.0626976165834738,364.6567208766937
5623.0,0.36072380758229783,7037.0,7041.0,3.0,0.0625240466936442,364.6603081226349
5624.0,0.36036308377471554,7037.0,7041.0,1.0,0.06235078428627074,364.66399812698364
5625.0,0.3600027206909408,7037.0,7041.0,0.0,0.06217782929682933,364.6674451828003
5626.0,0.3596427179702499,7037.0,7041.0,1.0,0.06200518165968473,364.6708879470825
5627.0,0.35928307525227965,7037.0,7040.0,2.0,0.06183284130809089,364.67459201812744
5628.0,0.35892379217702736,7037.0,7040.0,0.0,0.06166080817419154,364.67814683914185
5629.0,0.35856486838485035,7037.0,7040.0,2.0,0.061489082189020494,364.6816909313202
5630.0,0.3582063035164655,7037.0,7040.0,1.0,0.061317663282502134,364.6852068901062
5631.0,0.357848097212949,7037.0,7038.0,1.0,0.06114655138345209,364.68887519836426
5632.0,0.35749024911573607,7037.0,7038.0,0.0,0.060975746419577405,364.6923449039459
5633.0,0.3571327588666203,7037.0,7038.0,0.0,0.060805248317477356,364.69580698013306
5634.0,0.3567756261077537,7037.0,7038.0,0.0,0.06063505700264367,364.69945001602173
5635.0,0.35641885048164595,7037.0,7038.0,0.0,0.060465172399461295,364.7029490470886
5636.0,0.3560624316311643,7037.0,7038.0,1.0,0.06029559443120873,364.7065680027008
5637.0,0.35570636919953313,7037.0,7038.0,1.0,0.060126323020058645,364.71020102500916
5638.0,0.3553506628303336,7037.0,7039.0,1.0,0.059957358087078506,364.7138080596924
5639.0,0.3549953121675033,7037.0,7039.0,1.0,0.059788699552230935,364.71729016304016
5640.0,0.3546403168553358,7037.0,7039.0,0.0,0.05962034733437444,364.7208559513092
5641.0,0.3542856765384805,7037.0,7039.0,3.0,0.059452301351263934,364.72460889816284
5642.0,0.353931390861942,7037.0,7039.0,1.0,0.05928456151955135,364.7281639575958
5643.0,0.35357745947108005,7037.0,7039.0,2.0,0.059117127754786204,364.7319450378418
5644.0,0.353223882011609,7037.0,7039.0,2.0,0.05894999997141617,364.73547101020813
5645.0,0.3528706581295974,7037.0,7039.0,1.0,0.05878317808278774,364.7389359474182
5646.0,0.3525177874714678,7037.0,7039.0,2.0,0.05861666200114688,364.7425820827484
5647.0,0.3521652696839963,7037.0,7039.0,0.0,0.05845045163763959,364.74619603157043
5648.0,0.3518131044143123,7037.0,7038.0,1.0,0.058284546902312585,364.74977803230286
5649.0,0.351461291309898,7037.0,7038.0,2.0,0.05811894770411396,364.7532308101654
5650.0,0.3511098300185881,7037.0,7038.0,0.0,0.05795365395089383,364.7567210197449
5651.0,0.3507587201885695,7037.0,7038.0,2.0,0.05778866554940502,364.76026606559753
5652.0,0.35040796146838094,7037.0,7039.0,1.0,0.05762398240530371,364.7638249397278
5653.0,0.35005755350691253,7037.0,7039.0,1.0,0.05745960442315023,364.76750087738037
5654.0,0.3497074959534056,7037.0,7039.0,1.0,0.05729553150640961,364.7711889743805
5655.0,0.3493577884574522,7037.0,7039.0,0.0,0.05713176355745244,364.7747700214386
5656.0,0.34900843066899473,7037.0,7039.0,2.0,0.05696830047755549,364.77838802337646
5657.0,0.34865942223832574,7037.0,7039.0,0.0,0.056805142166902516,364.7820279598236
5658.0,0.3483107628160874,7037.0,7039.0,1.0,0.05664228852458489,364.7856330871582
5659.0,0.3479624520532713,7037.0,7039.0,0.0,0.05647973944860253,364.78926181793213
5660.0,0.34761448960121805,7037.0,7039.0,1.0,0.05631749483586453,364.79293489456177
5661.0,0.3472668751116168,7037.0,7039.0,0.0,0.05615555458218988,364.7966318130493
5662.0,0.3469196082365052,7037.0,7039.0,2.0,0.055993918582308476,364.8002278804779
5663.0,0.3465726886282687,7037.0,7039.0,2.0,0.05583258672986165,364.80382800102234
5664.0,0.3462261159396404,7037.0,7039.0,0.0,0.05567155891740312,364.8073937892914
5665.0,0.34587988982370077,7037.0,7039.0,2.0,0.055510835036399774,364.81099820137024
5666.0,0.34553400993387706,7037.0,7039.0,0.0,0.055350414977232476,364.8147270679474
5667.0,0.3451884759239432,7037.0,7039.0,2.0,0.05519029862919697,364.8182978630066
5668.0,0.34484328744801923,7037.0,7039.0,4.0,0.05503048588050452,364.8218288421631
5669.0,0.34449844416057124,7037.0,7039.0,0.0,0.05487097661828308,364.8254659175873
5670.0,0.34415394571641067,7037.0,7039.0,0.0,0.05471177072857776,364.8291847705841
5671.0,0.34380979177069426,7037.0,7039.0,0.0,0.05455286809635211,364.83284091949463
5672.0,0.3434659819789236,7037.0,7038.0,2.0,0.05439426860548869,364.8364748954773
5673.0,0.34312251599694465,7037.0,7038.0,1.0,0.05423597213879002,364.8400299549103
5674.0,0.3427793934809477,7037.0,7038.0,0.0,0.054077978577979684,364.8434998989105
5675.0,0.3424366140874668,7037.0,7037.0,1.0,0.053920287803702935,364.84715700149536
5676.0,0.34209417747337934,7037.0,7037.0,1.0,0.05376289969552786,364.8508780002594
5677.0,0.34175208329590595,7037.0,7037.0,3.0,0.053605814131946136,364.85449981689453
5678.0,0.34141033121261005,7036.0,7036.0,2.0,0.0534490309903741,364.85811281204224
5679.0,0.34106892088139745,7036.0,7036.0,0.0,0.053292550147153624,364.8617789745331
5680.0,0.3407278519605161,7035.0,7035.0,2.0,0.05313637147755309,364.86543011665344
5681.0,0.34038712410855554,7035.0,7035.0,2.0,0.05298049485576833,364.8690838813782
5682.0,0.340046736984447,7035.0,7035.0,0.0,0.052824920154923745,364.8727021217346
5683.0,0.33970669024746253,7035.0,7035.0,1.0,0.052669647247073036,364.876345872879
5684.0,0.33936698355721506,7035.0,7035.0,1.0,0.05251467600320046,364.8800640106201
5685.0,0.3390276165736579,7035.0,7035.0,2.0,0.052360006293221704,364.88366198539734
5686.0,0.3386885889570842,7035.0,7035.0,1.0,0.05220563798598484,364.88730001449585
5687.0,0.3383499003681271,7035.0,7035.0,0.0,0.05205157094927159,364.89092683792114
5688.0,0.338011550467759,7035.0,7035.0,3.0,0.051897805049798074,364.8946189880371
5689.0,0.33767353891729124,7035.0,7035.0,0.0,0.05174434015321606,364.8982129096985
5690.0,0.33733586537837396,7035.0,7035.0,0.0,0.051591176124114,364.90186405181885
5691.0,0.3369985295129956,7035.0,7035.0,2.0,0.051438312826017914,364.90573501586914
5692.0,0.33666153098348256,7035.0,7035.0,0.0,0.05128575012139275,364.9092848300934
5693.0,0.33632486945249906,7035.0,7035.0,1.0,0.05113348787164322,364.9128580093384
5694.0,0.33598854458304656,7035.0,7035.0,1.0,0.0509815259371151,364.9165778160095
5695.0,0.3356525560384635,7035.0,7035.0,3.0,0.050829864177096166,364.9202210903168
5696.0,0.33531690348242504,7035.0,7035.0,0.0,0.05067850244981736,364.9238758087158
5697.0,0.3349815865789426,7034.0,7034.0,1.0,0.050527440612454025,364.92738008499146
5698.0,0.33464660499236365,7033.0,7033.0,2.0,0.05037667852112685,364.93090891838074
5699.0,0.33431195838737127,7033.0,7034.0,2.0,0.05022621603090317,364.9344758987427
5700.0,0.3339776464289839,7033.0,7034.0,1.0,0.050076052995798134,364.93808913230896
5701.0,0.3336436687825549,7033.0,7034.0,1.0,0.049926189268775636,364.94171810150146
5702.0,0.33331002511377233,7033.0,7034.0,2.0,0.04977662470174979,364.9451310634613
5703.0,0.33297671508865856,7033.0,7033.0,2.0,0.04962735914558594,364.9485819339752
5704.0,0.3326437383735699,7033.0,7033.0,0.0,0.04947839245010191,364.9522671699524
5705.0,0.33231109463519637,7033.0,7033.0,0.0,0.04932972446406913,364.9558889865875
5706.0,0.33197878354056115,7032.0,7032.0,1.0,0.04918135503521395,364.95948696136475
5707.0,0.3316468047570206,7032.0,7032.0,1.0,0.049033284010218864,364.963082075119
5708.0,0.3313151579522636,7032.0,7032.0,1.0,0.04888551123472364,364.96666407585144
5709.0,0.3309838427943113,7032.0,7033.0,1.0,0.048738036553326626,364.9703109264374
5710.0,0.330652858951517,7032.0,7033.0,0.0,0.048590859809586065,364.9738960266113
5711.0,0.3303222060925655,7032.0,7033.0,1.0,0.04844398084602118,364.9775459766388
5712.0,0.32999188388647294,7032.0,7033.0,0.0,0.048297399504113644,364.9813439846039
5713.0,0.32966189200258644,7032.0,7033.0,0.0,0.048151115624308745,364.984983921051
5714.0,0.3293322301105839,7032.0,7033.0,0.0,0.04800512904601676,364.98867201805115
5715.0,0.3290028978804733,7032.0,7033.0,1.0,0.047859439607614095,364.99272298812866
5716.0,0.32867389498259286,7032.0,7033.0,1.0,0.04771404714644475,364.9964599609375
5717.0,0.3283452210876103,7032.0,7034.0,4.0,0.047568951498821635,365.00010085105896
5718.0,0.3280168758665227,7032.0,7034.0,1.0,0.04742415250002778,365.00360894203186
5719.0,0.32768885899065614,7032.0,7034.0,3.0,0.0472796499843178,365.00719809532166
5720.0,0.3273611701316655,7032.0,7034.0,2.0,0.04713544378491919,365.01080894470215
5721.0,0.32703380896153383,7032.0,7034.0,1.0,0.04699153373403363,365.0144898891449
5722.0,0.3267067751525723,7032.0,7034.0,0.0,0.0468479196628385,365.0181419849396
5723.0,0.32638006837741973,7032.0,7034.0,2.0,0.04670460140148807,365.0218379497528
5724.0,0.3260536883090423,7032.0,7034.0,0.0,0.04656157877911506,365.0254108905792
5725.0,0.32572763462073323,7032.0,7032.0,3.0,0.04641885162383189,365.0290288925171
5726.0,0.3254019069861125,7032.0,7032.0,1.0,0.04627641976273225,365.0326600074768
5727.0,0.3250765050791264,7032.0,7032.0,1.0,0.04613428302189235,365.0362739562988
5728.0,0.32475142857404726,7032.0,7032.0,1.0,0.045992441226372416,365.0398919582367
5729.0,0.32442667714547324,7032.0,7032.0,0.0,0.045850894200218144,365.0435028076172
5730.0,0.32410225046832775,7031.0,7031.0,1.0,0.045709641766462125,365.0470380783081
5731.0,0.32377814821785944,7031.0,7031.0,0.0,0.045568683747125346,365.0507528781891
5732.0,0.32345437006964156,7031.0,7032.0,6.0,0.04542801996321852,365.05449414253235
5733.0,0.3231309156995719,7031.0,7032.0,1.0,0.04528765023474373,365.0580689907074
5734.0,0.32280778478387234,7031.0,7032.0,0.0,0.04514757438069578,365.06166887283325
5735.0,0.32248497699908846,7031.0,7032.0,2.0,0.04500779221906377,365.06525707244873
5736.0,0.32216249202208935,7031.0,7032.0,1.0,0.044868303566832544,365.06886196136475
5737.0,0.32184032953006725,7031.0,7032.0,2.0,0.04472910823998422,365.0726091861725
5738.0,0.32151848920053716,7031.0,7032.0,1.0,0.04459020605349974,365.0762140750885
5739.0,0.3211969707113366,7031.0,7032.0,0.0,0.044451596821360344,365.0799629688263
5740.0,0.3208757737406253,7031.0,7032.0,1.0,0.044313280356549155,365.0838260650635
5741.0,0.3205548979668847,7031.0,7032.0,3.0,0.044175256471052714,365.08752703666687
5742.0,0.3202343430689178,7031.0,7032.0,1.0,0.0440375249758625,365.091166973114
5743.0,0.31991410872584886,7031.0,7032.0,2.0,0.04390008568097659,365.09485507011414
5744.0,0.319594194617123,7029.0,7029.0,1.0,0.04376293839540118,365.09832406044006
5745.0,0.3192746004225059,7029.0,7029.0,2.0,0.04362608292715208,365.10206294059753
5746.0,0.31895532582208336,7027.0,7027.0,3.0,0.04348951908325649,365.1057560443878
5747.0,0.31863637049626126,7027.0,7027.0,0.0,0.043353246669754514,365.1093678474426
5748.0,0.318317734125765,7027.0,7027.0,1.0,0.04321726549170076,365.1129159927368
5749.0,0.3179994163916392,7027.0,7027.0,0.0,0.043081575353165966,365.116525888443
5750.0,0.31768141697524754,7027.0,7027.0,1.0,0.04294617605723869,365.1201391220093
5751.0,0.3173637355582723,7027.0,7027.0,0.0,0.042811067406026866,365.12376403808594
5752.0,0.317046371822714,7027.0,7027.0,1.0,0.0426762492006595,365.1274080276489
5753.0,0.3167293254508913,7027.0,7027.0,0.0,0.042541721241288424,365.1308808326721
5754.0,0.31641259612544037,7025.0,7025.0,3.0,0.04240748332708975,365.134370803833
5755.0,0.31609618352931496,7025.0,7025.0,1.0,0.04227353525626579,365.1380171775818
5756.0,0.31578008734578566,7025.0,7025.0,1.0,0.04213987682604654,365.1416449546814
5757.0,0.3154643072584399,7025.0,7025.0,1.0,0.04200650783269149,365.1453289985657
5758.0,0.31514884295118145,7025.0,7025.0,1.0,0.04187342807149137,365.1489350795746
5759.0,0.31483369410823026,7025.0,7025.0,1.0,0.04174063733676975,365.1525950431824
5760.0,0.314518860414122,7025.0,7025.0,0.0,0.04160813542188482,365.15633893013
5761.0,0.3142043415537079,7023.0,7023.0,1.0,0.04147592211923119,365.1599361896515
5762.0,0.3138901372121542,7023.0,7024.0,3.0,0.0413439972202415,365.16363191604614
5763.0,0.313576247074942,7023.0,7024.0,1.0,0.0412123605153883,365.16724586486816
5764.0,0.3132626708278671,7023.0,7024.0,1.0,0.04108101179418571,365.17158102989197
5765.0,0.3129494081570392,7023.0,7024.0,0.0,0.04094995084519132,365.17542481422424
5766.0,0.3126364587488822,7023.0,7024.0,2.0,0.040819177456007806,365.1790940761566
5767.0,0.3123238222901333,7023.0,7024.0,0.0,0.04068869141328485,365.1827449798584
5768.0,0.31201149846784315,7023.0,7024.0,1.0,0.04055849250272089,365.1863582134247
5769.0,0.31169948696937533,7023.0,7024.0,1.0,0.040428580509064956,365.1900188922882
5770.0,0.311387787482406,7023.0,7023.0,1.0,0.04029895521611839,365.1936330795288
5771.0,0.31107639969492357,7023.0,7023.0,2.0,0.040169616406736844,365.197270154953
5772.0,0.31076532329522866,7023.0,7023.0,3.0,0.04004056386283194,365.2008590698242
5773.0,0.31045455797193344,7023.0,7023.0,2.0,0.039911797365373224,365.2045929431915
5774.0,0.31014410341396154,7023.0,7023.0,0.0,0.03978331669439,365.20822405815125
5775.0,0.3098339593105476,7023.0,7023.0,1.0,0.039655121628973146,365.21179819107056
5776.0,0.309524125351237,7023.0,7023.0,0.0,0.03952721194727701,365.2154369354248
5777.0,0.3092146012258858,7023.0,7023.0,1.0,0.03939958742652139,365.2190580368042
5778.0,0.3089053866246599,7023.0,7023.0,0.0,0.03927224784299322,365.2227039337158
5779.0,0.30859648123803524,7023.0,7023.0,1.0,0.03914519297204862,365.2262878417969
5780.0,0.3082878847567972,7023.0,7023.0,1.0,0.039018422588114776,365.22988080978394
5781.0,0.3079795968720404,7023.0,7023.0,0.0,0.03889193646469183,365.23355984687805
5782.0,0.30767161727516834,7022.0,7022.0,4.0,0.0387657343743548,365.23734521865845
5783.0,0.30736394565789316,7022.0,7022.0,1.0,0.03863981608875556,365.24104619026184
5784.0,0.30705658171223527,7022.0,7022.0,2.0,0.03851418137862473,365.2445909976959
5785.0,0.306749525130523,7022.0,7022.0,1.0,0.03838883001377363,365.2481789588928
5786.0,0.30644277560539246,7022.0,7022.0,1.0,0.03826376176309629,365.2516770362854
5787.0,0.3061363328297871,7022.0,7022.0,1.0,0.03813897639457138,365.2551169395447
5788.0,0.3058301964969573,7022.0,7022.0,0.0,0.03801447367526417,365.2586920261383
5789.0,0.30552436630046037,7022.0,7022.0,0.0,0.03789025337132857,365.26269698143005
5790.0,0.30521884193415993,7022.0,7022.0,1.0,0.037766315248009046,365.266489982605
5791.0,0.30491362309222575,7022.0,7022.0,0.0,0.03764265906964269,365.27021193504333
5792.0,0.30460870946913354,7022.0,7022.0,0.0,0.03751928459966125,365.2740488052368
5793.0,0.3043041007596644,7020.0,7020.0,3.0,0.037396191600593084,365.27769899368286
5794.0,0.30399979665890475,7020.0,7020.0,3.0,0.03727337983406516,365.2814290523529
5795.0,0.30369579686224585,7020.0,7020.0,0.0,0.03715084906080525,365.28511595726013
5796.0,0.3033921010653836,7020.0,7020.0,0.0,0.03702859904064381,365.2887530326843
5797.0,0.3030887089643182,7020.0,7020.0,1.0,0.03690662953251611,365.2923119068146
5798.0,0.3027856202553539,7020.0,7020.0,1.0,0.03678494029446431,365.295982837677
5799.0,0.3024828346350985,7020.0,7020.0,1.0,0.0366635310836395,365.29960203170776
5800.0,0.30218035180046343,7020.0,7020.0,0.0,0.03654240165630381,365.303169965744
5801.0,0.30187817144866297,7020.0,7020.0,0.0,0.036421551767832426,365.30680894851685
5802.0,0.3015762932772143,7020.0,7020.0,1.0,0.03630098117271578,365.31043314933777
5803.0,0.3012747169839371,7020.0,7020.0,1.0,0.03618068962456163,365.3141620159149
5804.0,0.30097344226695316,7020.0,7020.0,3.0,0.03606067687609711,365.31779313087463
5805.0,0.30067246882468623,7020.0,7020.0,3.0,0.03594094267917097,365.32140612602234
5806.0,0.30037179635586153,7020.0,7020.0,1.0,0.03582148678475556,365.3249599933624
5807.0,0.3000714245595057,7020.0,7020.0,3.0,0.035702308942949144,365.32862281799316
5808.0,0.2997713531349462,7020.0,7020.0,0.0,0.035583408902977856,365.33238196372986
5809.0,0.2994715817818112,7020.0,7020.0,0.0,0.03546478641319803,365.33599185943604
5810.0,0.29917211020002943,7020.0,7020.0,0.0,0.035346441221098264,365.3397238254547
5811.0,0.2988729380898294,7020.0,7020.0,1.0,0.035228373073301573,365.3433198928833
5812.0,0.29857406515173956,7020.0,7020.0,1.0,0.03511058171556767,365.34709215164185
5813.0,0.29827549108658785,7020.0,7020.0,0.0,0.03499306689279506,365.35079312324524
5814.0,0.2979772155955013,7020.0,7020.0,0.0,0.03487582834902331,365.35492491722107
5815.0,0.2976792383799058,7020.0,7020.0,1.0,0.03475886582743517,365.35865783691406
5816.0,0.29738155914152586,7019.0,7019.0,2.0,0.03464217907035886,365.3621699810028
5817.0,0.2970841775823843,7019.0,7019.0,1.0,0.03452576781927028,365.3659200668335
5818.0,0.2967870934048019,7019.0,7019.0,1.0,0.0344096318147952,365.369530916214
5819.0,0.2964903063113971,7019.0,7019.0,2.0,0.03429377079671155,365.3732109069824
5820.0,0.2961938160050857,7019.0,7019.0,0.0,0.03417818450395162,365.37689208984375
5821.0,0.2958976221890806,7019.0,7019.0,2.0,0.03406287267460432,365.3805100917816
5822.0,0.29560172456689154,7019.0,7019.0,0.0,0.033947835045917515,365.3841018676758
5823.0,0.29530612284232466,7019.0,7019.0,2.0,0.03383307135430014,365.3879141807556
5824.0,0.2950108167194823,7019.0,7019.0,1.0,0.03371858133532463,365.39147996902466
5825.0,0.2947158059027628,7019.0,7019.0,1.0,0.033604364723729144,365.3950140476227
5826.0,0.29442109009686,7018.0,7018.0,2.0,0.03349042125341989,365.39870595932007
5827.0,0.29412666900676315,7018.0,7018.0,0.0,0.03337675065747333,365.40221977233887
5828.0,0.2938325423377564,7018.0,7018.0,0.0,0.03326335266813863,365.40568685531616
5829.0,0.29353870979541863,7018.0,7018.0,0.0,0.03315022701683983,365.40930104255676
5830.0,0.2932451710856232,7018.0,7018.0,0.0,0.03303737343417832,365.41304302215576
5831.0,0.29295192591453756,7018.0,7018.0,1.0,0.03292479164993504,365.4165048599243
5832.0,0.292658973988623,7018.0,7018.0,1.0,0.03281248139307292,365.419939994812
5833.0,0.2923663150146344,7018.0,7018.0,0.0,0.03270044239173916,365.42361879348755
5834.0,0.2920739486996198,7018.0,7018.0,1.0,0.03258867437326761,365.427099943161
5835.0,0.29178187475092016,7018.0,7018.0,0.0,0.032477177064181136,365.4306011199951
5836.0,0.2914900928761692,7016.0,7016.0,1.0,0.03236595019019398,365.43429684638977
5837.0,0.29119860278329307,7016.0,7016.0,0.0,0.032254993476214217,365.43787717819214
5838.0,0.29090740418050975,7016.0,7016.0,0.0,0.032144306646345974,365.44142508506775
5839.0,0.2906164967763292,7015.0,7015.0,1.0,0.032033889423892,365.44495010375977
5840.0,0.2903258802795529,7015.0,7015.0,1.0,0.03192374153135596,365.44868993759155
5841.0,0.29003555439927337,7015.0,7015.0,1.0,0.03181386269044488,365.4525799751282
5842.0,0.2897455188448741,7015.0,7015.0,0.0,0.031704252622071535,365.4563329219818
5843.0,0.28945577332602923,7015.0,7015.0,3.0,0.03159491104635695,365.4599289894104
5844.0,0.2891663175527032,7015.0,7015.0,0.0,0.031485837682632745,365.46366906166077
5845.0,0.2888771512351505,7015.0,7015.0,0.0,0.03137703224944359,365.46731305122375
5846.0,0.28858827408391535,7015.0,7015.0,0.0,0.031268494464549726,365.4709219932556
5847.0,0.28829968580983145,7015.0,7015.0,3.0,0.031160224044929314,365.47451615333557
5848.0,0.2880113861240216,7015.0,7015.0,0.0,0.031052220706780945,365.47809386253357
5849.0,0.2877233747378976,7015.0,7015.0,1.0,0.030944484165526153,365.4816961288452
5850.0,0.2874356513631597,7015.0,7015.0,1.0,0.030837014135811778,365.4853239059448
5851.0,0.28714821571179655,7015.0,7015.0,2.0,0.030729810331512574,365.4889678955078
5852.0,0.28686106749608475,7015.0,7015.0,1.0,0.03062287246573361,365.49270582199097
5853.0,0.28657420642858866,7015.0,7015.0,2.0,0.03051620025081281,365.496444940567
5854.0,0.2862876322221601,7015.0,7015.0,1.0,0.03040979339832342,365.5000557899475
5855.0,0.2860013445899379,7015.0,7015.0,0.0,0.03030365161907661,365.5036461353302
5856.0,0.285715343245348,7015.0,7015.0,1.0,0.030197774623123837,365.50734090805054
5857.0,0.28542962790210263,7015.0,7015.0,1.0,0.03009216211975954,365.5111298561096
5858.0,0.2851441982742005,7015.0,7015.0,1.0,0.029986813817523546,365.51480197906494
5859.0,0.2848590540759263,7015.0,7015.0,1.0,0.029881729424203706,365.51841402053833
5860.0,0.2845741950218504,7015.0,7015.0,0.0,0.029776908646838324,365.52208280563354
5861.0,0.2842896208268285,7015.0,7016.0,1.0,0.02967235119171882,365.5257480144501
5862.0,0.2840053312060017,7015.0,7016.0,2.0,0.029568056764392295,365.52949595451355
5863.0,0.2837213258747957,7014.0,7014.0,2.0,0.02946402506966399,365.53315591812134
5864.0,0.2834376045489209,7014.0,7014.0,1.0,0.02936025581159993,365.53712606430054
5865.0,0.283154166944372,7014.0,7014.0,1.0,0.029256748693529535,365.5409429073334
5866.0,0.28287101277742766,7014.0,7014.0,0.0,0.029153503418048142,365.5445010662079
5867.0,0.28258814176465025,7014.0,7015.0,3.0,0.02905051968701965,365.5482141971588
5868.0,0.2823055536228856,7014.0,7015.0,1.0,0.028947797201579098,365.55179595947266
5869.0,0.2820232480692627,7014.0,7015.0,1.0,0.02884533566213526,365.555371761322
5870.0,0.28174122482119346,7014.0,7015.0,2.0,0.028743134768373313,365.5590109825134
5871.0,0.28145948359637224,7014.0,7015.0,1.0,0.028641194219257392,365.56261682510376
5872.0,0.28117802411277587,7014.0,7015.0,0.0,0.02853951371303328,365.56623911857605
5873.0,0.2808968460886631,7014.0,7015.0,1.0,0.02843809294723099,365.56984400749207
5874.0,0.28061594924257444,7014.0,7015.0,0.0,0.028336931618667432,365.5734648704529
5875.0,0.2803353332933319,7014.0,7015.0,2.0,0.028236029423449063,365.5769319534302
5876.0,0.2800549979600385,7014.0,7015.0,1.0,0.028135386056974517,365.5804169178009
5877.0,0.2797749429620785,7014.0,7015.0,1.0,0.028035001213937337,365.58402705192566
5878.0,0.27949516801911645,7014.0,7015.0,0.0,0.027934874588328523,365.5877959728241
5879.0,0.27921567285109733,7014.0,7014.0,1.0,0.02783500587343931,365.59145188331604
5880.0,0.2789364571782462,7014.0,7014.0,0.0,0.027735394761863808,365.595046043396
5881.0,0.278657520721068,7014.0,7014.0,0.0,0.027636040945501688,365.59873700141907
5882.0,0.2783788632003469,7014.0,7014.0,1.0,0.027536944115560867,365.6025619506836
5883.0,0.2781004843371465,7014.0,7014.0,2.0,0.02743810396256025,365.6062548160553
5884.0,0.2778223838528094,7014.0,7014.0,3.0,0.02733952017633238,365.60991382598877
5885.0,0.27754456146895656,7013.0,7013.0,2.0,0.027241192446026144,365.6136600971222
5886.0,0.2772670169074876,7013.0,7013.0,0.0,0.027143120460109582,365.6173038482666
5887.0,0.2769897498905801,7013.0,7013.0,1.0,0.027045303906372473,365.6209280490875
5888.0,0.2767127601406895,7013.0,7013.0,0.0,0.026947742471929218,365.6247749328613
5889.0,0.27643604738054883,7013.0,7013.0,3.0,0.026850435843221443,365.628604888916
5890.0,0.2761596113331683,7013.0,7013.0,0.0,0.026753383706020806,365.63233399391174
5891.0,0.27588345172183515,7013.0,7013.0,0.0,0.02665658574543174,365.63611102104187
5892.0,0.2756075682701133,7013.0,7013.0,1.0,0.026560041645894164,365.6397159099579
5893.0,0.2753319607018432,7013.0,7013.0,0.0,0.026463751091186358,365.643413066864
5894.0,0.27505662874114134,7013.0,7013.0,1.0,0.026367713764427564,365.6470649242401
5895.0,0.2747815721124002,7013.0,7013.0,0.0,0.026271929348080886,365.6506869792938
5896.0,0.27450679054028776,7013.0,7013.0,3.0,0.02617639752395602,365.6543478965759
5897.0,0.27423228374974745,7013.0,7013.0,1.0,0.026081117973212036,365.65797209739685
5898.0,0.2739580514659977,7013.0,7013.0,0.0,0.025986090376360193,365.6614179611206
5899.0,0.2736840934145317,7013.0,7013.0,1.0,0.025891314413266652,365.6651978492737
5900.0,0.27341040932111715,7013.0,7013.0,2.0,0.025796789763155404,365.66867685317993
5901.0,0.27313699891179605,7013.0,7013.0,1.0,0.02570251610461098,365.6721658706665
5902.0,0.27286386191288425,7013.0,7013.0,1.0,0.02560849311558128,365.67591881752014
5903.0,0.27259099805097137,7013.0,7013.0,0.0,0.025514720473380412,365.6797158718109
5904.0,0.2723184070529204,7013.0,7013.0,0.0,0.025421197854691487,365.6833460330963
5905.0,0.27204608864586743,7013.0,7013.0,0.0,0.02532792493556951,365.686891078949
5906.0,0.27177404255722154,7013.0,7013.0,2.0,0.025234901391444114,365.6906409263611
5907.0,0.2715022685146643,7013.0,7013.0,2.0,0.02514212689712247,365.6943278312683
5908.0,0.2712307662461496,7013.0,7013.0,2.0,0.02504960112679213,365.6979458332062
5909.0,0.2709595354799035,7013.0,7013.0,0.0,0.024957323754023843,365.70140504837036
5910.0,0.2706885759444236,7012.0,7012.0,6.0,0.024865294451774433,365.7049560546875
5911.0,0.27041788736847916,7012.0,7012.0,2.0,0.024773512892389625,365.708477973938
5912.0,0.2701474694811107,7012.0,7012.0,0.0,0.02468197874760699,365.71193408966064
5913.0,0.26987732201162956,7012.0,7012.0,0.0,0.024590691688558725,365.7156481742859
5914.0,0.26960744468961795,7012.0,7012.0,0.0,0.024499651385774587,365.71919798851013
5915.0,0.2693378372449283,7012.0,7012.0,1.0,0.024408857509184735,365.72287607192993
5916.0,0.2690684994076834,7012.0,7012.0,1.0,0.024318309728122683,365.72648310661316
5917.0,0.26879943090827574,7012.0,7012.0,1.0,0.024228007711328093,365.73010897636414
5918.0,0.26853063147736744,7012.0,7012.0,0.0,0.02413795112694975,365.73371601104736
5919.0,0.2682621008458901,7012.0,7012.0,0.0,0.024048139642548438,365.7374098300934
5920.0,0.2679938387450442,7012.0,7012.0,0.0,0.023958572925099834,365.7411470413208
5921.0,0.26772584490629914,7012.0,7012.0,1.0,0.023869250640997455,365.7448658943176
5922.0,0.26745811906139283,7012.0,7012.0,1.0,0.02378017245605551,365.74847078323364
5923.0,0.26719066094233146,7012.0,7012.0,0.0,0.02369133803551191,365.75202202796936
5924.0,0.26692347028138913,7012.0,7012.0,1.0,0.023602747044031095,365.75560307502747
5925.0,0.26665654681110773,7012.0,7012.0,2.0,0.023514399145707042,365.75919699668884
5926.0,0.2663898902642966,7012.0,7012.0,1.0,0.023426294004066168,365.76276206970215
5927.0,0.2661235003740323,7012.0,7012.0,0.0,0.023338431282070297,365.76641297340393
5928.0,0.2658573768736583,7012.0,7012.0,0.0,0.02325081064211954,365.77000999450684
5929.0,0.2655915194967846,7012.0,7012.0,1.0,0.023163431746055296,365.7735891342163
5930.0,0.2653259279772878,7012.0,7012.0,0.0,0.02307629425516323,365.7771100997925
5931.0,0.26506060204931053,7012.0,7012.0,1.0,0.022989397830176173,365.78063011169434
5932.0,0.2647955414472612,7011.0,7011.0,1.0,0.022902742131277083,365.7841260433197
5933.0,0.26453074590581394,7011.0,7011.0,0.0,0.022816326818102087,365.78779888153076
5934.0,0.2642662151599081,7011.0,7011.0,0.0,0.022730151549743394,365.79129695892334
5935.0,0.2640019489447482,7011.0,7011.0,1.0,0.022644215984752258,365.7947590351105
5936.0,0.26373794699580344,7011.0,7011.0,0.0,0.022558519781141984,365.7985050678253
5937.0,0.26347420904880764,7011.0,7011.0,0.0,0.02247306259639093,365.8021168708801
5938.0,0.2632107348397588,7011.0,7011.0,1.0,0.02238784408744547,365.8059470653534
5939.0,0.26294752410491906,7011.0,7011.0,1.0,0.022302863910723003,365.80955505371094
5940.0,0.2626845765808141,7011.0,7011.0,0.0,0.022218121722114913,365.813050031662
5941.0,0.2624218920042333,7011.0,7011.0,0.0,0.022133617176989636,365.81672501564026
5942.0,0.26215947011222906,7011.0,7011.0,2.0,0.022049349930195583,365.8203721046448
5943.0,0.26189731064211685,7011.0,7011.0,1.0,0.021965319636064247,365.8239178657532
5944.0,0.2616354133314747,7011.0,7011.0,2.0,0.02188152594841312,365.8274550437927
5945.0,0.26137377791814326,7011.0,7011.0,0.0,0.0217979685205488,365.8309841156006
5946.0,0.26111240414022513,7011.0,7011.0,0.0,0.02171464700526992,365.8345649242401
5947.0,0.2608512917360849,7011.0,7011.0,0.0,0.02163156105487026,365.8381938934326
5948.0,0.2605904404443488,7011.0,7011.0,0.0,0.021548710321141723,365.8417921066284
5949.0,0.26032985000390446,7011.0,7011.0,1.0,0.02146609445537738,365.8453137874603
5950.0,0.26006952015390056,7010.0,7010.0,4.0,0.021383713108374534,365.84897112846375
5951.0,0.25980945063374666,7010.0,7010.0,2.0,0.021301565930437714,365.85273599624634
5952.0,0.2595496411831129,7010.0,7010.0,2.0,0.021219652571381743,365.8563988208771
5953.0,0.2592900915419298,7010.0,7010.0,0.0,0.021137972680534804,365.85999393463135
5954.0,0.25903080145038787,7010.0,7010.0,1.0,0.02105652590674148,365.8635869026184
5955.0,0.25877177064893747,7010.0,7010.0,0.0,0.02097531189836577,365.86722111701965
5956.0,0.25851299887828855,7010.0,7010.0,1.0,0.020894330303294212,365.87092995643616
5957.0,0.25825448587941024,7010.0,7010.0,1.0,0.020813580768938886,365.8745639324188
5958.0,0.25799623139353084,7009.0,7009.0,2.0,0.020733062942240567,365.87816882133484
5959.0,0.2577382351621373,7009.0,7009.0,1.0,0.020652776469671657,365.88194394111633
5960.0,0.25748049692697517,7009.0,7009.0,1.0,0.020572720997239415,365.88560795783997
5961.0,0.2572230164300482,7009.0,7009.0,1.0,0.020492896170488887,365.8890960216522
5962.0,0.25696579341361814,7009.0,7009.0,0.0,0.020413301634506102,365.89288210868835
5963.0,0.2567088276202045,7009.0,7009.0,0.0,0.02033393703392109,365.89644289016724
5964.0,0.25645211879258434,7009.0,7009.0,0.0,0.02025480201291098,365.9000668525696
5965.0,0.25619566667379173,7009.0,7009.0,1.0,0.02017589621520309,365.90388584136963
5966.0,0.25593947100711795,7009.0,7009.0,2.0,0.02009721928407803,365.9074149131775
5967.0,0.25568353153611084,7009.0,7009.0,0.0,0.0200187708623728,365.91109895706177
5968.0,0.25542784800457474,7009.0,7009.0,0.0,0.01994055059248386,365.9148008823395
5969.0,0.25517242015657016,7009.0,7009.0,3.0,0.019862558116370225,365.91831398010254
5970.0,0.2549172477364136,7009.0,7009.0,2.0,0.019784793075556646,365.92197585105896
5971.0,0.2546623304886772,7009.0,7009.0,2.0,0.019707255111136624,365.9255290031433
5972.0,0.25440766815818855,7009.0,7009.0,0.0,0.019629943863775593,365.9291920661926
5973.0,0.25415326049003034,7009.0,7009.0,1.0,0.019552858973713932,365.9326949119568
5974.0,0.2538991072295403,7009.0,7009.0,0.0,0.019476000080770224,365.93624091148376
5975.0,0.25364520812231073,7009.0,7009.0,3.0,0.019399366824344264,365.9397690296173
5976.0,0.2533915629141884,7009.0,7009.0,1.0,0.01932295884342022,365.94338393211365
5977.0,0.2531381713512742,7009.0,7009.0,0.0,0.01924677577656974,365.9468529224396
5978.0,0.25288503317992295,7009.0,7009.0,0.0,0.01917081726195511,365.95037817955017
5979.0,0.252632148146743,7009.0,7009.0,2.0,0.01909508293733232,365.9539649486542
5980.0,0.25237951599859626,7007.0,7007.0,2.0,0.019019572440054262,365.957631111145
5981.0,0.25212713648259766,7007.0,7007.0,0.0,0.018944285407073862,365.96134400367737
5982.0,0.25187500934611506,7007.0,7007.0,0.0,0.018869221474947157,365.9648599624634
5983.0,0.25162313433676897,7007.0,7007.0,2.0,0.018794380279836494,365.9683520793915
5984.0,0.25137151120243223,7007.0,7007.0,1.0,0.01871976145751361,365.9717619419098
5985.0,0.2511201396912298,7006.0,7006.0,2.0,0.01864536464336284,365.975163936615
5986.0,0.25086901955153856,7005.0,7005.0,2.0,0.018571189472384224,365.9790470600128
5987.0,0.25061815053198705,7005.0,7005.0,0.0,0.018497235579196688,365.98262095451355
5988.0,0.25036753238145504,7005.0,7005.0,0.0,0.018423502598041132,365.9861888885498
5989.0,0.2501171648490736,7005.0,7005.0,0.0,0.01834999016278365,365.9898660182953
5990.0,0.24986704768422452,7005.0,7005.0,0.0,0.01827669790691864,365.99347376823425
5991.0,0.2496171806365403,7005.0,7005.0,1.0,0.018203625463571994,365.9971270561218
5992.0,0.24936756345590375,7003.0,7003.0,1.0,0.01813077246550419,366.0007379055023
5993.0,0.24911819589244785,7003.0,7003.0,2.0,0.018058138545113567,366.0044708251953
5994.0,0.2488690776965554,7003.0,7003.0,1.0,0.017985723334439367,366.00808095932007
5995.0,0.24862020861885883,7003.0,7003.0,2.0,0.01791352646516499,366.0116128921509
5996.0,0.24837158841023999,7003.0,7003.0,4.0,0.01784154756862107,366.0152380466461
5997.0,0.24812321682182975,7003.0,7003.0,0.0,0.01776978627578876,366.0188250541687
5998.0,0.24787509360500792,7003.0,7003.0,1.0,0.017698242217302772,366.0224621295929
5999.0,0.2476272185114029,7003.0,7003.0,0.0,0.01762691502345465,366.0260241031647
6000.0,0.2473795912928915,7003.0,7003.0,0.0,0.017555804324195894,366.0294849872589
6001.0,0.2471322117015986,7003.0,7003.0,1.0,0.017484909749141166,366.0331218242645
6002.0,0.246885079489897,7003.0,7003.0,3.0,0.017414230927571373,366.03685903549194
6003.0,0.2466381944104071,7003.0,7003.0,0.0,0.01734376748843702,366.04053688049316
6004.0,0.2463915562159967,7003.0,7003.0,2.0,0.0172735190603612,366.04418897628784
6005.0,0.2461451646597807,7003.0,7003.0,0.0,0.017203485271642886,366.047926902771
6006.0,0.2458990194951209,7003.0,7003.0,1.0,0.017133665750260096,366.051472902298
6007.0,0.2456531204756258,7003.0,7003.0,1.0,0.017064060123873053,366.05493998527527
6008.0,0.24540746735515018,7003.0,7003.0,0.0,0.016994668019827405,366.0586221218109
6009.0,0.24516205988779502,7003.0,7003.0,2.0,0.016925489065157343,366.06228375434875
6010.0,0.24491689782790724,7003.0,7003.0,1.0,0.016856522886588874,366.06599402427673
6011.0,0.24467198093007933,7002.0,7002.0,1.0,0.016787769110542933,366.06978702545166
6012.0,0.24442730894914924,7001.0,7001.0,2.0,0.016719227363138633,366.07343912124634
6013.0,0.24418288164020008,7001.0,7001.0,0.0,0.016650897270196422,366.07695293426514
6014.0,0.2439386987585599,7001.0,7001.0,0.0,0.01658277845724128,366.0805559158325
6015.0,0.24369476005980134,7001.0,7001.0,1.0,0.01651487054950589,366.08412194252014
6016.0,0.24345106529974153,7001.0,7001.0,1.0,0.01644717317193387,366.08765983581543
6017.0,0.2432076142344418,7001.0,7002.0,1.0,0.016379685949182977,366.09132504463196
6018.0,0.24296440662020735,7001.0,7002.0,3.0,0.016312408505628213,366.094820022583
6019.0,0.24272144221358716,7000.0,7000.0,4.0,0.016245340465365132,366.09828996658325
6020.0,0.24247872077137356,7000.0,7000.0,2.0,0.01617848145221297,366.10192489624023
6021.0,0.24223624205060218,7000.0,7000.0,2.0,0.016111831089717855,366.1055269241333
6022.0,0.24199400580855157,6999.0,6999.0,2.0,0.016045389001155992,366.10912585258484
6023.0,0.24175201180274303,6999.0,6999.0,1.0,0.01597915480953693,366.1127908229828
6024.0,0.2415102597909403,6999.0,6999.0,0.0,0.015913128137606626,366.1162528991699
6025.0,0.24126874953114935,6999.0,6999.0,0.0,0.015847308607850826,366.1197340488434
6026.0,0.2410274807816182,6999.0,6999.0,1.0,0.015781695842498066,366.1233289241791
6027.0,0.2407864533008366,6999.0,6999.0,4.0,0.01571628946352305,366.1269459724426
6028.0,0.24054566684753576,6999.0,6999.0,1.0,0.015651089092649725,366.1304898262024
6029.0,0.24030512118068822,6999.0,6999.0,1.0,0.015586094351354555,366.13414788246155
6030.0,0.24006481605950752,6999.0,6999.0,0.0,0.015521304860869665,366.1378450393677
6031.0,0.23982475124344801,6999.0,6999.0,0.0,0.015456720242186132,366.14132499694824
6032.0,0.23958492649220456,6999.0,6999.0,2.0,0.01539234011605707,366.1448290348053
6033.0,0.23934534156571236,6998.0,6998.0,1.0,0.015328164103000929,366.1484179496765
6034.0,0.23910599622414663,6998.0,6998.0,2.0,0.015264191823304638,366.15209698677063
6035.0,0.23886689022792248,6998.0,6998.0,1.0,0.015200422897026842,366.15571689605713
6036.0,0.23862802333769456,6996.0,6996.0,1.0,0.015136856944001097,366.159462928772
6037.0,0.23838939531435688,6996.0,6996.0,2.0,0.015073493583839054,366.1631019115448
6038.0,0.2381510059190425,6996.0,6996.0,0.0,0.015010332435933665,366.1667230129242
6039.0,0.23791285491312347,6996.0,6996.0,1.0,0.014947373119462435,366.17038798332214
6040.0,0.23767494205821035,6996.0,6996.0,0.0,0.014884615253390533,366.17390608787537
6041.0,0.23743726711615215,6996.0,6996.0,1.0,0.014822058456474064,366.1774208545685
6042.0,0.237199829849036,6996.0,6996.0,0.0,0.014759702347263256,366.1811258792877
6043.0,0.23696263001918697,6996.0,6996.0,0.0,0.01469754654410566,366.1846947669983
6044.0,0.23672566738916778,6996.0,6996.0,1.0,0.014635590665149325,366.188325881958
6045.0,0.23648894172177862,6996.0,6996.0,1.0,0.014573834328346037,366.1920337677002
6046.0,0.23625245278005683,6996.0,6996.0,0.0,0.014512277151454492,366.19562292099
6047.0,0.23601620032727677,6996.0,6996.0,1.0,0.014450918752043521,366.199236869812
6048.0,0.23578018412694948,6996.0,6996.0,0.0,0.01438975874749525,366.20281195640564
6049.0,0.23554440394282253,6996.0,6996.0,2.0,0.01432879675500835,366.2064027786255
6050.0,0.2353088595388797,6996.0,6996.0,0.0,0.014268032391601173,366.2100639343262
6051.0,0.23507355067934083,6996.0,6996.0,2.0,0.014207465274115023,366.2136228084564
6052.0,0.2348384771286615,6996.0,6997.0,2.0,0.014147095019217274,366.2171778678894
6053.0,0.23460363865153283,6996.0,6997.0,1.0,0.014086921243404632,366.2207000255585
6054.0,0.2343690350128813,6996.0,6997.0,1.0,0.01402694356300628,366.2243158817291
6055.0,0.23413466597786842,6996.0,6997.0,0.0,0.013967161594187127,366.22790789604187
6056.0,0.23390053131189054,6996.0,6997.0,0.0,0.013907574952950927,366.23156785964966
6057.0,0.23366663078057864,6996.0,6997.0,0.0,0.013848183255143542,366.23515701293945
6058.0,0.23343296414979806,6996.0,6997.0,0.0,0.01378898611645611,366.2388370037079
6059.0,0.23319953118564826,6996.0,6997.0,1.0,0.013729983152428201,366.2423520088196
6060.0,0.23296633165446262,6996.0,6997.0,0.0,0.013671173978451067,366.2459590435028
6061.0,0.23273336532280817,6996.0,6997.0,0.0,0.013612558209770784,366.24961400032043
6062.0,0.23250063195748535,6996.0,6997.0,3.0,0.013554135461491434,366.2532789707184
6063.0,0.23226813132552787,6996.0,6997.0,0.0,0.013495905348578346,366.2569041252136
6064.0,0.23203586319420233,6996.0,6997.0,1.0,0.013437867485861212,366.2604570388794
6065.0,0.23180382733100813,6996.0,6997.0,0.0,0.013380021488037342,366.2639980316162
6066.0,0.23157202350367712,6996.0,6997.0,0.0,0.013322366969674761,366.26777505874634
6067.0,0.23134045148017343,6996.0,6997.0,0.0,0.013264903545215477,366.2713828086853
6068.0,0.23110911102869325,6996.0,6997.0,1.0,0.013207630828978594,366.2750680446625
6069.0,0.23087800191766455,6996.0,6997.0,1.0,0.013150548435163521,366.2786500453949
6070.0,0.23064712391574688,6996.0,6997.0,1.0,0.013093655977853124,366.282283782959
6071.0,0.23041647679183114,6996.0,6997.0,3.0,0.013036953071016967,366.2857837677002
6072.0,0.2301860603150393,6996.0,6997.0,0.0,0.012980439328514372,366.28935408592224
6073.0,0.22995587425472425,6996.0,6997.0,0.0,0.01292411436409771,366.2929251194
6074.0,0.22972591838046952,6996.0,6997.0,0.0,0.012867977791415474,366.2965569496155
6075.0,0.22949619246208905,6996.0,6997.0,1.0,0.012812029224015503,366.3001251220703
6076.0,0.22926669626962695,6996.0,6997.0,2.0,0.012756268275348138,366.3037841320038
6077.0,0.22903742957335732,6996.0,6997.0,2.0,0.012700694558769373,366.307382106781
6078.0,0.22880839214378396,6996.0,6997.0,0.0,0.012645307687544034,366.311017036438
6079.0,0.22857958375164017,6996.0,6997.0,1.0,0.012590107274848904,366.3145911693573
6080.0,0.22835100416788853,6996.0,6996.0,1.0,0.012535092933775947,366.3181278705597
6081.0,0.22812265316372066,6996.0,6996.0,0.0,0.012480264277335383,366.3217089176178
6082.0,0.22789453051055694,6996.0,6996.0,1.0,0.012425620918458918,366.3252580165863
6083.0,0.22766663598004638,6995.0,6995.0,3.0,0.012371162470002837,366.32905292510986
6084.0,0.22743896934406635,6995.0,6995.0,0.0,0.012316888544751195,366.3326721191406
6085.0,0.22721153037472228,6995.0,6996.0,2.0,0.012262798755418945,366.33628511428833
6086.0,0.22698431884434755,6995.0,6996.0,2.0,0.012208892714655082,366.3399031162262
6087.0,0.2267573345255032,6995.0,6996.0,1.0,0.012155170035045794,366.3434009552002
6088.0,0.2265305771909777,6995.0,6996.0,2.0,0.012101630329117612,366.346923828125
6089.0,0.22630404661378672,6995.0,6996.0,0.0,0.012048273209340505,366.3505220413208
6090.0,0.22607774256717295,6995.0,6996.0,0.0,0.011995098288131096,366.35417199134827
6091.0,0.22585166482460578,6995.0,6996.0,3.0,0.01194210517785569,366.3577718734741
6092.0,0.22562581315978117,6995.0,6996.0,0.0,0.011889293490833511,366.361389875412
6093.0,0.2254001873466214,6995.0,6996.0,0.0,0.011836662839339757,366.36500692367554
6094.0,0.22517478715927478,6995.0,6996.0,1.0,0.011784212835608746,366.36852383613586
6095.0,0.2249496123721155,6995.0,6996.0,1.0,0.011731943091837073,366.37204909324646
6096.0,0.22472466275974337,6995.0,6996.0,0.0,0.011679853220186663,366.37564182281494
6097.0,0.22449993809698363,6995.0,6996.0,1.0,0.011627942832787957,366.3792850971222
6098.0,0.22427543815888665,6995.0,6996.0,1.0,0.011576211541742994,366.38286900520325
6099.0,0.22405116272072775,6995.0,6996.0,2.0,0.011524658959128497,366.38645005226135
6100.0,0.22382711155800702,6995.0,6996.0,0.0,0.011473284696999049,366.3901221752167
6101.0,0.22360328444644903,6995.0,6996.0,0.0,0.011422088367390136,366.3937270641327
6102.0,0.22337968116200257,6995.0,6996.0,0.0,0.011371069582321286,366.39739894866943
6103.0,0.22315630148084056,6995.0,6996.0,0.0,0.01132022795379916,366.4010570049286
6104.0,0.22293314517935972,6995.0,6996.0,0.0,0.01126956309382065,366.4047620296478
6105.0,0.22271021203418037,6995.0,6996.0,1.0,0.01121907461437596,366.4082989692688
6106.0,0.2224875018221462,6995.0,6996.0,1.0,0.011168762127451723,366.41188311576843
6107.0,0.22226501432032406,6995.0,6996.0,1.0,0.011118625245034066,366.4155390262604
6108.0,0.22204274930600373,6995.0,6996.0,0.0,0.011068663579111694,366.4192750453949
6109.0,0.22182070655669772,6995.0,6995.0,1.0,0.011018876741679005,366.4227559566498
6110.0,0.22159888585014104,6995.0,6995.0,0.0,0.010969264344739122,366.42638301849365
6111.0,0.2213772869642909,6995.0,6995.0,1.0,0.010919826000306996,366.42997097969055
6112.0,0.22115590967732662,6995.0,6996.0,4.0,0.010870561320412463,366.43342185020447
6113.0,0.2209347537676493,6994.0,6994.0,1.0,0.010821469917103336,366.4370880126953
6114.0,0.22071381901388165,6994.0,6994.0,1.0,0.010772551402448436,366.44075202941895
6115.0,0.22049310519486778,6994.0,6994.0,0.0,0.010723805388540678,366.4443030357361
6116.0,0.22027261208967291,6994.0,6994.0,0.0,0.010675231487500105,366.44789004325867
6117.0,0.22005233947758324,6994.0,6994.0,2.0,0.010626829311476958,366.45151019096375
6118.0,0.21983228713810565,6994.0,6994.0,0.0,0.010578598472654742,366.4551429748535
6119.0,0.21961245485096756,6994.0,6994.0,1.0,0.010530538583253236,366.4587621688843
6120.0,0.2193928423961166,6994.0,6994.0,0.0,0.010482649255531546,366.4624128341675
6121.0,0.21917344955372048,6994.0,6994.0,2.0,0.010434930101791164,366.4660029411316
6122.0,0.21895427610416676,6993.0,6993.0,1.0,0.010387380734378983,366.46976804733276
6123.0,0.2187353218280626,6993.0,6993.0,1.0,0.010340000765690315,366.4734528064728
6124.0,0.21851658650623454,6993.0,6993.0,1.0,0.010292789808171979,366.4770529270172
6125.0,0.2182980699197283,6993.0,6993.0,0.0,0.010245747474325228,366.4806249141693
6126.0,0.21807977184980856,6993.0,6993.0,1.0,0.010198873376708847,366.4842450618744
6127.0,0.21786169207795875,6993.0,6993.0,1.0,0.01015216712794215,366.4878590106964
6128.0,0.21764383038588078,6993.0,6993.0,1.0,0.01010562834070796,366.4914560317993
6129.0,0.2174261865554949,6993.0,6993.0,1.0,0.010059256627755647,366.49513602256775
6130.0,0.2172087603689394,6993.0,6993.0,2.0,0.010013051601904126,366.4987437725067
6131.0,0.21699155160857048,6993.0,6993.0,1.0,0.00996701287604483,366.50231885910034
6132.0,0.2167745600569619,6993.0,6993.0,0.0,0.00992114006314474,366.5065839290619
6133.0,0.21655778549690494,6993.0,6993.0,1.0,0.009875432776249346,366.51020979881287
6134.0,0.21634122771140804,6993.0,6993.0,1.0,0.00982989062848564,366.5140309333801
6135.0,0.21612488648369663,6993.0,6993.0,0.0,0.00978451323306512,366.5176990032196
6136.0,0.21590876159721292,6993.0,6993.0,0.0,0.009739300203286711,366.5213189125061
6137.0,0.2156928528356157,6993.0,6993.0,0.0,0.009694251152539817,366.5250141620636
6138.0,0.21547715998278008,6993.0,6993.0,1.0,0.009649365694307188,366.5286350250244
6139.0,0.2152616828227973,6993.0,6993.0,0.0,0.00960464344216799,366.53227496147156
6140.0,0.21504642113997452,6993.0,6993.0,2.0,0.009560084009800667,366.53596901893616
6141.0,0.21483137471883454,6993.0,6993.0,2.0,0.009515687010985967,366.53962898254395
6142.0,0.2146165433441157,6993.0,6993.0,0.0,0.009471452059609833,366.5432438850403
6143.0,0.21440192680077158,6993.0,6993.0,1.0,0.009427378769666398,366.5470049381256
6144.0,0.2141875248739708,6993.0,6993.0,1.0,0.009383466755260887,366.5504729747772
6145.0,0.21397333734909682,6993.0,6993.0,1.0,0.009339715630612557,366.55411100387573
6146.0,0.21375936401174772,6993.0,6993.0,0.0,0.009296125010057664,366.55783581733704
6147.0,0.21354560464773598,6993.0,6993.0,2.0,0.009252694508052325,366.56146216392517
6148.0,0.21333205904308825,6993.0,6993.0,2.0,0.00920942373917548,366.56503987312317
6149.0,0.21311872698404516,6993.0,6993.0,1.0,0.009166312318131796,366.5686800479889
6150.0,0.21290560825706112,6993.0,6993.0,0.0,0.009123359859754576,366.57229804992676
6151.0,0.21269270264880405,6993.0,6993.0,2.0,0.009080565979008665,366.57590198516846
6152.0,0.21248000994615523,6993.0,6993.0,1.0,0.009037930290993345,366.5796320438385
6153.0,0.2122675299362091,6993.0,6993.0,1.0,0.008995452410945227,366.5831849575043
6154.0,0.21205526240627287,6993.0,6993.0,2.0,0.00895313195424116,366.5866780281067
6155.0,0.2118432071438666,6993.0,6993.0,1.0,0.008910968536401075,366.59042382240295
6156.0,0.21163136393672272,6993.0,6993.0,0.0,0.008868961773090904,366.5940430164337
6157.0,0.21141973257278598,6993.0,6993.0,0.0,0.008827111280125437,366.59778594970703
6158.0,0.21120831284021319,6993.0,6993.0,1.0,0.008785416673471184,366.6014301776886
6159.0,0.21099710452737297,6993.0,6993.0,1.0,0.008743877569249228,366.60509395599365
6160.0,0.2107861074228456,6993.0,6993.0,0.0,0.008702493583738131,366.6086480617523
6161.0,0.21057532131542275,6993.0,6993.0,1.0,0.008661264333376715,366.61226987838745
6162.0,0.21036474599410734,6993.0,6993.0,0.0,0.00862018943476695,366.61575293540955
6163.0,0.21015438124811323,6993.0,6993.0,2.0,0.008579268504676796,366.6193389892578
6164.0,0.20994422686686512,6993.0,6993.0,0.0,0.008538501160043038,366.6230847835541
6165.0,0.20973428263999824,6992.0,6992.0,2.0,0.008497887017974071,366.6266450881958
6166.0,0.20952454835735823,6992.0,6992.0,1.0,0.00845742569575279,366.6303119659424
6167.0,0.20931502380900088,6992.0,6992.0,0.0,0.008417116810839365,366.63392996788025
6168.0,0.20910570878519188,6992.0,6992.0,1.0,0.008376959980874064,366.63751578330994
6169.0,0.2088966030764067,6991.0,6991.0,2.0,0.008336954823680045,366.6412491798401
6170.0,0.2086877064733303,6991.0,6991.0,0.0,0.008297100957266183,366.6448128223419
6171.0,0.20847901876685695,6991.0,6991.0,0.0,0.008257397999829847,366.648384809494
6172.0,0.2082705397480901,6991.0,6991.0,1.0,0.008217845569759697,366.65199398994446
6173.0,0.208062269208342,6991.0,6991.0,1.0,0.008178443285638453,366.65548610687256
6174.0,0.20785420693913367,6991.0,6991.0,0.0,0.00813919076624568,366.6591157913208
6175.0,0.20764635273219453,6991.0,6991.0,0.0,0.008100087630560558,366.66273188591003
6176.0,0.20743870637946235,6991.0,6991.0,2.0,0.00806113349776466,366.66633200645447
6177.0,0.2072312676730829,6991.0,6991.0,0.0,0.008022327987244669,366.6700448989868
6178.0,0.2070240364054098,6991.0,6991.0,0.0,0.007983670718595178,366.67353200912476
6179.0,0.2068170123690044,6991.0,6991.0,0.0,0.007945161311621422,366.6769859790802
6180.0,0.2066101953566354,6991.0,6991.0,0.0,0.00790679938634198,366.6804440021515
6181.0,0.20640358516127877,6991.0,6991.0,0.0,0.007868584562991575,366.6839120388031
6182.0,0.2061971815761175,6991.0,6991.0,2.0,0.00783051646202374,366.6874101161957
6183.0,0.2059909843945414,6991.0,6991.0,1.0,0.007792594704113576,366.6910660266876
6184.0,0.20578499341014683,6991.0,6991.0,0.0,0.00775481891016045,366.6946678161621
6185.0,0.2055792084167367,6991.0,6991.0,0.0,0.007717188701290711,366.69833397865295
6186.0,0.20537362920831995,6991.0,6991.0,0.0,0.007679703698860395,366.7019999027252
6187.0,0.2051682555791116,6991.0,6991.0,3.0,0.0076423635244578896,366.7055699825287
6188.0,0.2049630873235325,6991.0,6991.0,2.0,0.00760516779990668,366.7091519832611
6189.0,0.20475812423620895,6990.0,6990.0,2.0,0.007568116147267964,366.71280908584595
6190.0,0.20455336611197275,6990.0,6990.0,1.0,0.007531208188843392,366.7164089679718
6191.0,0.20434881274586078,6990.0,6990.0,0.0,0.007494443547177678,366.7200200557709
6192.0,0.20414446393311492,6990.0,6990.0,0.0,0.007457821845061296,366.72361993789673
6193.0,0.2039403194691818,6990.0,6990.0,0.0,0.007421342705533147,366.727077960968
6194.0,0.20373637914971263,6990.0,6990.0,0.0,0.007385005751883147,366.73051500320435
6195.0,0.2035326427705629,6990.0,6990.0,1.0,0.007348810607654952,366.7341799736023
6196.0,0.20332911012779234,6990.0,6990.0,1.0,0.0073127568966485324,366.7378509044647
6197.0,0.20312578101766454,6990.0,6990.0,0.0,0.007276844242922825,366.7414438724518
6198.0,0.20292265523664688,6990.0,6990.0,0.0,0.0072410722707983415,366.74498105049133
6199.0,0.20271973258141024,6990.0,6990.0,1.0,0.0072054406048597955,366.7485909461975
6200.0,0.20251701284882884,6990.0,6990.0,0.0,0.007169948869958716,366.7521939277649
6201.0,0.20231449583598002,6990.0,6990.0,0.0,0.007134596691216021,366.75577688217163
6202.0,0.20211218134014403,6989.0,6989.0,2.0,0.00709938369402463,366.7593140602112
6203.0,0.20191006915880388,6989.0,6989.0,2.0,0.0070643095040520704,366.7629888057709
6204.0,0.20170815908964507,6989.0,6989.0,0.0,0.0070293737472430055,366.766480922699
6205.0,0.20150645093055541,6989.0,6989.0,1.0,0.006994576049821849,366.77001309394836
6206.0,0.20130494447962485,6989.0,6989.0,1.0,0.006959916038295326,366.77360486984253
6207.0,0.20110363953514523,6989.0,6989.0,2.0,0.006925393339455005,366.77714109420776
6208.0,0.20090253589561008,6989.0,6989.0,0.0,0.006891007580379876,366.78071784973145
6209.0,0.20070163335971447,6989.0,6989.0,0.0,0.006856758388438891,366.78431010246277
6210.0,0.20050093172635475,6989.0,6989.0,1.0,0.00682264539129347,366.78788805007935
6211.0,0.2003004307946284,6989.0,6989.0,1.0,0.006788668216900074,366.7914698123932
6212.0,0.20010013036383376,6989.0,6989.0,1.0,0.0067548264935127006,366.7952768802643
6213.0,0.19990003023346992,6989.0,6989.0,2.0,0.0067211198496853995,366.7988979816437
6214.0,0.19970013020323646,6989.0,6989.0,1.0,0.006687547914274784,366.8025281429291
6215.0,0.19950043007303322,6989.0,6989.0,0.0,0.0066541103164425314,366.8061499595642
6216.0,0.1993009296429602,6989.0,6990.0,2.0,0.006620806685657864,366.80976605415344
6217.0,0.19910162871331724,6989.0,6990.0,0.0,0.006587636651700054,366.81337094306946
6218.0,0.19890252708460393,6989.0,6990.0,0.0,0.006554599844660887,366.8169701099396
6219.0,0.19870362455751933,6989.0,6990.0,2.0,0.006521695894947114,366.8206081390381
6220.0,0.19850492093296182,6989.0,6990.0,0.0,0.006488924433282955,366.82423305511475
6221.0,0.19830641601202886,6989.0,6990.0,0.0,0.006456285090712516,366.82790780067444
6222.0,0.19810810959601682,6989.0,6990.0,0.0,0.006423777498602252,366.8315501213074
6223.0,0.1979100014864208,6989.0,6990.0,0.0,0.0063914012886434,366.83509588241577
6224.0,0.19771209148493438,6989.0,6990.0,2.0,0.006359156092854411,366.83882999420166
6225.0,0.19751437939344943,6989.0,6990.0,1.0,0.006327041543583376,366.8424599170685
6226.0,0.197316865014056,6989.0,6990.0,0.0,0.006295057273510442,366.8462197780609
6227.0,0.19711954814904192,6989.0,6990.0,2.0,0.006263202915650206,366.8497989177704
6228.0,0.19692242860089287,6989.0,6990.0,1.0,0.006231478103354131,366.8534219264984
6229.0,0.19672550617229198,6989.0,6990.0,0.0,0.00619988247031293,366.85700392723083
6230.0,0.1965287806661197,6989.0,6990.0,3.0,0.0061684156505589635,366.86060976982117
6231.0,0.19633225188545358,6989.0,6990.0,0.0,0.006137077278468574,366.86420702934265
6232.0,0.19613591963356813,6989.0,6990.0,0.0,0.006105866988764509,366.8677878379822
6233.0,0.19593978371393456,6989.0,6990.0,0.0,0.006074784416518243,366.8714039325714
6234.0,0.19574384393022062,6989.0,6990.0,1.0,0.006043829197152338,366.8750810623169
6235.0,0.1955481000862904,6989.0,6990.0,0.0,0.0060130009664427966,366.8786849975586
6236.0,0.1953525519862041,6989.0,6990.0,1.0,0.005982299360521389,366.88234996795654
6237.0,0.1951571994342179,6989.0,6990.0,1.0,0.005951724015877981,366.8859529495239
6238.0,0.19496204223478367,6989.0,6990.0,2.0,0.005921274569362846,366.8895797729492
6239.0,0.19476708019254887,6989.0,6990.0,0.0,0.005890950658189001,366.89319801330566
6240.0,0.19457231311235632,6989.0,6990.0,0.0,0.005860751919934479,366.89673495292664
6241.0,0.19437774079924397,6989.0,6990.0,0.0,0.00583067799254465,366.9002549648285
6242.0,0.19418336305844472,6989.0,6990.0,1.0,0.005800728514334473,366.9039330482483
6243.0,0.1939891796953863,6989.0,6990.0,1.0,0.005770903123990823,366.90757989883423
6244.0,0.1937951905156909,6989.0,6990.0,1.0,0.005741201460574715,366.9112129211426
6245.0,0.19360139532517523,6989.0,6990.0,0.0,0.0057116231635235834,366.91476488113403
6246.0,0.19340779392985005,6989.0,6990.0,0.0,0.005682167872653547,366.9183750152588
6247.0,0.1932143861359202,6989.0,6990.0,2.0,0.005652835228161632,366.92199301719666
6248.0,0.19302117174978428,6989.0,6990.0,2.0,0.005623624870628025,366.92566895484924
6249.0,0.19282815057803449,6989.0,6990.0,0.0,0.005594536441018288,366.92931485176086
6250.0,0.19263532242745646,6989.0,6991.0,2.0,0.00556556958068559,366.9330530166626
6251.0,0.192442687105029,6989.0,6991.0,0.0,0.005536723931372906,366.93668699264526
6252.0,0.19225024441792396,6989.0,6991.0,0.0,0.005507999135215232,366.9402620792389
6253.0,0.19205799417350602,6989.0,6991.0,0.0,0.005479394834741755,366.9438490867615
6254.0,0.1918659361793325,6989.0,6991.0,1.0,0.005450910672878067,366.947468996048
6255.0,0.19167407024315317,6989.0,6991.0,1.0,0.005422546292948328,366.95099091529846
6256.0,0.19148239617291002,6989.0,6991.0,1.0,0.005394301338677431,366.9544789791107
6257.0,0.1912909137767371,6989.0,6991.0,0.0,0.005366175454193162,366.9580681324005
6258.0,0.19109962286296037,6989.0,6991.0,1.0,0.005338168284028353,366.9616129398346
6259.0,0.1909085232400974,6989.0,6991.0,1.0,0.005310279473123032,366.96519684791565
6260.0,0.1907176147168573,6989.0,6990.0,3.0,0.00528250866682653,366.9687168598175
6261.0,0.19052689710214044,6989.0,6990.0,2.0,0.005254855510899632,366.97229194641113
6262.0,0.1903363702050383,6989.0,6990.0,1.0,0.005227319651516691,366.97584795951843
6263.0,0.19014603383483325,6989.0,6990.0,1.0,0.0051999007352677065,366.97945189476013
6264.0,0.18995588780099842,6989.0,6990.0,0.0,0.005172598409160462,366.9831109046936
6265.0,0.18976593191319743,6989.0,6989.0,1.0,0.00514541232062258,366.9867630004883
6266.0,0.18957616598128424,6989.0,6989.0,1.0,0.005118342117503611,366.9903829097748
6267.0,0.18938658981530296,6989.0,6989.0,1.0,0.005091387448077125,366.9939868450165
6268.0,0.18919720322548766,6989.0,6989.0,0.0,0.005064547961042747,366.9975528717041
6269.0,0.18900800602226217,6989.0,6989.0,2.0,0.005037823305528221,367.00113892555237
6270.0,0.18881899801623991,6989.0,6989.0,1.0,0.005011213131091458,367.00466203689575
6271.0,0.18863017901822368,6989.0,6989.0,1.0,0.004984717087722564,367.0082461833954
6272.0,0.18844154883920547,6989.0,6989.0,0.0,0.004958334825845869,367.01191902160645
6273.0,0.18825310729036626,6989.0,6989.0,1.0,0.004932065996321942,367.0154960155487
6274.0,0.1880648541830759,6989.0,6989.0,0.0,0.004905910250449607,367.0191960334778
6275.0,0.18787678932889282,6989.0,6989.0,1.0,0.004879867239967931,367.02278780937195
6276.0,0.18768891253956393,6989.0,6989.0,1.0,0.004853936617058221,367.0262920856476
6277.0,0.18750122362702437,6989.0,6989.0,0.0,0.004828118034346001,367.02993178367615
6278.0,0.18731372240339736,6989.0,6989.0,1.0,0.004802411144902991,367.03346991539
6279.0,0.18712640868099395,6989.0,6989.0,1.0,0.004776815602249046,367.0369839668274
6280.0,0.18693928227231296,6989.0,6989.0,1.0,0.004751331060354152,367.0405569076538
6281.0,0.18675234299004065,6989.0,6989.0,0.0,0.004725957173640324,367.0441448688507
6282.0,0.1865655906470506,6989.0,6989.0,1.0,0.0047006935969835665,367.04778003692627
6283.0,0.18637902505640355,6989.0,6989.0,1.0,0.004675539985715798,367.05134296417236
6284.0,0.18619264603134714,6989.0,6989.0,1.0,0.004650495995626762,367.05488896369934
6285.0,0.1860064533853158,6989.0,6989.0,0.0,0.004625561282965932,367.05852699279785
6286.0,0.18582044693193048,6989.0,6989.0,0.0,0.00460073550444441,367.06205701828003
6287.0,0.18563462648499854,6989.0,6989.0,0.0,0.004576018317236816,367.0655891895294
6288.0,0.18544899185851355,6989.0,6989.0,0.0,0.004551409378983176,367.0691227912903
6289.0,0.18526354286665503,6989.0,6989.0,1.0,0.004526908347790768,367.0728211402893
6290.0,0.18507827932378837,6989.0,6989.0,1.0,0.004502514882236011,367.07641887664795
6291.0,0.18489320104446458,6989.0,6989.0,0.0,0.004478228641366293,367.08009791374207
6292.0,0.1847083078434201,6989.0,6989.0,0.0,0.004454049284701817,367.0837650299072
6293.0,0.18452359953557668,6989.0,6989.0,0.0,0.004429976472237449,367.08752393722534
6294.0,0.1843390759360411,6989.0,6989.0,2.0,0.004406009864444521,367.0910589694977
6295.0,0.18415473686010506,6989.0,6989.0,0.0,0.0043821491222726435,367.0945417881012
6296.0,0.18397058212324496,6989.0,6989.0,2.0,0.0043583939071515304,367.09821915626526
6297.0,0.18378661154112172,6989.0,6989.0,1.0,0.004334743880992765,367.10185980796814
6298.0,0.1836028249295806,6989.0,6989.0,0.0,0.004311198706191603,367.1057801246643
6299.0,0.18341922210465103,6989.0,6989.0,0.0,0.004287758045628745,367.10945105552673
6300.0,0.18323580288254637,6989.0,6989.0,0.0,0.00426442156267209,367.1131558418274
6301.0,0.18305256707966383,6989.0,6989.0,0.0,0.004241188921178508,367.11665296554565
6302.0,0.18286951451258418,6989.0,6989.0,1.0,0.004218059785495577,367.12018275260925
6303.0,0.1826866449980716,6989.0,6989.0,1.0,0.004195033820463312,367.12369108200073
6304.0,0.18250395835307354,6989.0,6989.0,0.0,0.0041721106914159095,367.1271378993988
6305.0,0.18232145439472047,6989.0,6989.0,0.0,0.004149290064183444,367.1307611465454
6306.0,0.18213913294032574,6989.0,6989.0,0.0,0.004126571605093599,367.13444900512695
6307.0,0.18195699380738542,6989.0,6989.0,3.0,0.004103954980973338,367.13795590400696
6308.0,0.18177503681357804,6989.0,6989.0,0.0,0.004081439859150621,367.14147686958313
6309.0,0.18159326177676446,6989.0,6989.0,0.0,0.004059025907456053,367.14504885673523
6310.0,0.1814116685149877,6989.0,6989.0,0.0,0.004036712794224581,367.14861607551575
6311.0,0.1812302568464727,6989.0,6989.0,0.0,0.004014500188297131,367.15206694602966
6312.0,0.18104902658962624,6989.0,6989.0,0.0,0.003992387759022275,367.1556680202484
6313.0,0.1808679775630366,6989.0,6989.0,0.0,0.003970375176257845,367.15920186042786
6314.0,0.18068710958547357,6988.0,6988.0,1.0,0.003948462110372597,367.16270089149475
6315.0,0.1805064224758881,6988.0,6988.0,2.0,0.0039266482322478065,367.1663398742676
6316.0,0.18032591605341222,6988.0,6988.0,0.0,0.003904933213278881,367.16998195648193
6317.0,0.1801455901373588,6988.0,6988.0,1.0,0.003883316725376967,367.1735739707947
6318.0,0.17996544454722146,6988.0,6988.0,0.0,0.0038617984409705323,367.1771800518036
6319.0,0.17978547910267426,6988.0,6988.0,1.0,0.0038403780330069624,367.1810357570648
6320.0,0.1796056936235716,6988.0,6988.0,1.0,0.003819055174954112,367.1846830844879
6321.0,0.17942608792994802,6988.0,6988.0,0.0,0.0037978295408018685,367.1883420944214
6322.0,0.17924666184201807,6988.0,6988.0,0.0,0.0037767008050637223,367.1920998096466
6323.0,0.17906741518017605,6988.0,6988.0,0.0,0.0037556686427782887,367.1956970691681
6324.0,0.17888834776499588,6988.0,6988.0,0.0,0.0037347327295108377,367.199294090271
6325.0,0.17870945941723088,6988.0,6988.0,0.0,0.00371389274135483,367.2031900882721
6326.0,0.17853074995781365,6988.0,6988.0,1.0,0.0036931483549334154,367.20672488212585
6327.0,0.17835221920785585,6988.0,6988.0,1.0,0.003672499247400942,367.2101860046387
6328.0,0.17817386698864798,6988.0,6988.0,0.0,0.0036519450964444416,367.2138729095459
6329.0,0.17799569312165933,6988.0,6988.0,0.0,0.003631485580285117,367.2174768447876
6330.0,0.17781769742853767,6988.0,6988.0,1.0,0.0036111203776798065,367.22097992897034
6331.0,0.17763987973110915,6988.0,6988.0,0.0,0.0035908491679224556,367.2245578765869
6332.0,0.17746223985137805,6988.0,6988.0,0.0,0.0035706716308455547,367.2281188964844
6333.0,0.17728477761152667,6988.0,6988.0,1.0,0.0035505874468215897,367.2317669391632
6334.0,0.17710749283391514,6988.0,6988.0,1.0,0.0035305962967644806,367.2354130744934
6335.0,0.17693038534108121,6988.0,6988.0,0.0,0.003510697862130982,367.2390570640564
6336.0,0.17675345495574013,6988.0,6988.0,2.0,0.0034908918249221205,367.2426950931549
6337.0,0.1765767015007844,6988.0,6988.0,1.0,0.0034711778676845707,367.2463209629059
6338.0,0.1764001247992836,6988.0,6988.0,0.0,0.003451555673512063,367.2499668598175
6339.0,0.17622372467448433,6988.0,6988.0,1.0,0.0034320249260467684,367.25363206863403
6340.0,0.17604750094980984,6988.0,6988.0,1.0,0.003412585309480644,367.25723814964294
6341.0,0.17587145344886002,6988.0,6988.0,0.0,0.0033932365085568303,367.26099395751953
6342.0,0.17569558199541116,6988.0,6988.0,3.0,0.00337397820857098,367.26479601860046
6343.0,0.17551988641341576,6988.0,6988.0,0.0,0.0033548100953725984,367.26839685440063
6344.0,0.17534436652700233,6988.0,6988.0,1.0,0.003335731855366378,367.2720899581909
6345.0,0.17516902216047534,6988.0,6988.0,1.0,0.0033167431755135334,367.2756779193878
6346.0,0.17499385313831486,6988.0,6988.0,1.0,0.003297843743333089,367.2793629169464
6347.0,0.17481885928517654,6988.0,6988.0,0.0,0.003279033246903191,367.2829520702362
6348.0,0.17464404042589138,6988.0,6988.0,0.0,0.003260311374862406,367.28642106056213
6349.0,0.1744693963854655,6988.0,6988.0,0.0,0.0032416778164109823,367.2900960445404
6350.0,0.17429492698908003,6988.0,6988.0,0.0,0.0032231322613121395,367.2936589717865
6351.0,0.17412063206209094,6988.0,6988.0,0.0,0.0032046743998933127,367.29730105400085
6352.0,0.17394651143002884,6988.0,6988.0,0.0,0.0031863039230474234,367.3008830547333
6353.0,0.17377256491859883,6988.0,6988.0,0.0,0.003168020522234095,367.3045039176941
6354.0,0.17359879235368023,6988.0,6988.0,0.0,0.0031498238894808947,367.3081398010254
6355.0,0.17342519356132655,6988.0,6988.0,1.0,0.0031317137173845606,367.31172800064087
6356.0,0.1732517683677652,6988.0,6988.0,1.0,0.003113689699112194,367.3153579235077
6357.0,0.17307851659939744,6988.0,6988.0,0.0,0.0030957515284024753,367.3189480304718
6358.0,0.17290543808279804,6988.0,6988.0,1.0,0.0030778988995668467,367.3225381374359
6359.0,0.17273253264471525,6988.0,6988.0,1.0,0.0030601315074906842,367.32612109184265
6360.0,0.17255980011207053,6988.0,6988.0,0.0,0.0030424490476344797,367.32972979545593
6361.0,0.17238724031195846,6988.0,6988.0,0.0,0.003024851216034987,367.3333640098572
6362.0,0.1722148530716465,6988.0,6988.0,0.0,0.0030073377093063863,367.3371181488037
6363.0,0.17204263821857485,6988.0,6988.0,0.0,0.0029899082246414026,367.3407928943634
6364.0,0.17187059558035628,6988.0,6988.0,0.0,0.0029725624598124552,367.34439396858215
6365.0,0.17169872498477592,6988.0,6988.0,1.0,0.0029553001131727534,367.3481822013855
6366.0,0.17152702625979116,6988.0,6988.0,3.0,0.002938120883657424,367.3517529964447
6367.0,0.17135549923353136,6988.0,6988.0,0.0,0.0029210244707845987,367.3553397655487
6368.0,0.17118414373429783,6988.0,6988.0,2.0,0.002904010574656506,367.35893201828003
6369.0,0.17101295959056353,6988.0,6988.0,0.0,0.002887078895960544,367.3625931739807
6370.0,0.17084194663097296,6988.0,6988.0,1.0,0.0028702291359703476,367.3663489818573
6371.0,0.170671104684342,6988.0,6988.0,0.0,0.002853460996546857,367.36998414993286
6372.0,0.17050043357965763,6988.0,6988.0,0.0,0.0028367741801393477,367.37371492385864
6373.0,0.17032993314607797,6988.0,6988.0,0.0,0.002820168389786479,367.37724709510803
6374.0,0.1701596032129319,6988.0,6988.0,1.0,0.0028036433291173148,367.38087797164917
6375.0,0.16998944360971896,6988.0,6988.0,1.0,0.0027871987023523432,367.3845179080963
6376.0,0.16981945416610925,6988.0,6988.0,0.0,0.0027708342143044746,367.38812804222107
6377.0,0.16964963471194314,6988.0,6988.0,1.0,0.002754549570380054,367.3917269706726
6378.0,0.1694799850772312,6988.0,6988.0,2.0,0.002738344476579827,367.3952000141144
6379.0,0.16931050509215395,6988.0,6988.0,3.0,0.00272221863949993,367.39879512786865
6380.0,0.1691411945870618,6988.0,6988.0,2.0,0.0027061717663328494,367.4024090766907
6381.0,0.16897205339247476,6988.0,6988.0,0.0,0.0026902035648683816,367.40620493888855
6382.0,0.16880308133908228,6988.0,6988.0,1.0,0.002674313743494561,367.40975189208984
6383.0,0.16863427825774321,6988.0,6988.0,0.0,0.002658502011198626,367.4133689403534
6384.0,0.16846564397948546,6988.0,6988.0,0.0,0.002642768077567909,367.4170000553131
6385.0,0.16829717833550598,6988.0,6988.0,0.0,0.0026271116527907747,367.420725107193
6386.0,0.16812888115717048,6988.0,6988.0,1.0,0.002611532447657521,367.42436599731445
6387.0,0.16796075227601331,6988.0,6988.0,0.0,0.0025960301735612613,367.4279799461365
6388.0,0.1677927915237373,6988.0,6988.0,0.0,0.0025806045424988174,367.4315438270569
6389.0,0.16762499873221356,6988.0,6988.0,1.0,0.0025652552670715925,367.43519020080566
6390.0,0.16745737373348135,6988.0,6988.0,2.0,0.0025499820604864367,367.4386999607086
6391.0,0.16728991635974788,6987.0,6987.0,3.0,0.0025347846365564967,367.44220304489136
6392.0,0.16712262644338813,6987.0,6987.0,0.0,0.0025196627097020547,367.4458909034729
6393.0,0.16695550381694474,6987.0,6987.0,0.0,0.002504615994951376,367.44941306114197
6394.0,0.16678854831312778,6987.0,6987.0,0.0,0.002489644207941517,367.4530141353607
6395.0,0.16662175976481466,6987.0,6987.0,0.0,0.0024747470649191445,367.45680809020996
6396.0,0.16645513800504985,6987.0,6987.0,1.0,0.0024599242827413395,367.46028304100037
6397.0,0.1662886828670448,6986.0,6986.0,1.0,0.002445175578876387,367.46379804611206
6398.0,0.16612239418417774,6986.0,6986.0,1.0,0.002430500671404558,367.4674708843231
6399.0,0.16595627178999356,6986.0,6986.0,2.0,0.0024158992790188896,367.4711048603058
6400.0,0.16579031551820356,6985.0,6985.0,3.0,0.002401371121025931,367.47470712661743
6401.0,0.16562452520268536,6985.0,6985.0,0.0,0.0023869159173465168,367.47833609580994
6402.0,0.16545890067748267,6985.0,6985.0,0.0,0.0023725333885164864,367.48189187049866
6403.0,0.1652934417768052,6985.0,6985.0,0.0,0.0023582232556874348,367.4855110645294
6404.0,0.1651281483350284,6985.0,6985.0,0.0,0.0023439852406274267,367.48906779289246
6405.0,0.16496302018669337,6985.0,6985.0,0.0,0.002329819065721701,367.49266600608826
6406.0,0.16479805716650667,6985.0,6985.0,0.0,0.002315724453973388,367.4961938858032
6407.0,0.16463325910934015,6985.0,6985.0,1.0,0.0023017011290041886,367.49971294403076
6408.0,0.1644686258502308,6985.0,6985.0,0.0,0.002287748815055059,367.5032420158386
6409.0,0.16430415722438058,6985.0,6985.0,0.0,0.0022738672369868873,367.5069079399109
6410.0,0.1641398530671562,6985.0,6985.0,1.0,0.002260056120281145,367.5104138851166
6411.0,0.16397571321408905,6985.0,6985.0,0.0,0.0022463151910405467,367.5139219760895
6412.0,0.16381173750087497,6985.0,6985.0,0.0,0.002232644175989688,367.5175938606262
6413.0,0.16364792576337409,6985.0,6985.0,1.0,0.0022190428024756736,367.5212650299072
6414.0,0.16348427783761071,6985.0,6985.0,0.0,0.002205510798468753,367.5248348712921
6415.0,0.1633207935597731,6985.0,6985.0,0.0,0.0021920478925629063,367.5284380912781
6416.0,0.16315747276621334,6985.0,6985.0,0.0,0.0021786538139764743,367.5320279598236
6417.0,0.16299431529344713,6985.0,6985.0,1.0,0.0021653282925527223,367.53573203086853
6418.0,0.16283132097815367,6985.0,6985.0,1.0,0.0021520710587604433,367.53937911987305
6419.0,0.1626684896571755,6985.0,6985.0,1.0,0.0021388818436945197,367.5429708957672
6420.0,0.16250582116751833,6985.0,6985.0,1.0,0.0021257603790764824,367.5467138290405
6421.0,0.1623433153463508,6985.0,6985.0,0.0,0.0021127063972550685,367.550253868103
6422.0,0.16218097203100446,6985.0,6985.0,0.0,0.0020997196312067578,367.55386877059937
6423.0,0.16201879105897346,6985.0,6985.0,1.0,0.0020867998145363055,367.55739402770996
6424.0,0.16185677226791448,6985.0,6985.0,1.0,0.0020739466814772628,367.5608639717102
6425.0,0.16169491549564657,6985.0,6985.0,2.0,0.0020611599668924987,367.56439685821533
6426.0,0.16153322058015093,6985.0,6985.0,2.0,0.0020484394062746836,367.567978143692
6427.0,0.16137168735957078,6985.0,6985.0,0.0,0.002035784735746793,367.5715479850769
6428.0,0.1612103156722112,6985.0,6985.0,1.0,0.002023195692062589,367.57509112358093
6429.0,0.161049105356539,6985.0,6985.0,1.0,0.002010672012607093,367.57871294021606
6430.0,0.16088805625118247,6985.0,6985.0,1.0,0.0019982134353970426,367.5824017524719
6431.0,0.16072716819493127,6985.0,6985.0,2.0,0.0019858196990813447,367.5860607624054
6432.0,0.16056644102673634,6985.0,6985.0,0.0,0.0019734905429415277,367.5898950099945
6433.0,0.1604058745857096,6981.0,6981.0,2.0,0.00196122570689216,367.5934729576111
6434.0,0.16024546871112388,6981.0,6981.0,2.0,0.0019490249314812877,367.5971670150757
6435.0,0.16008522324241276,6981.0,6981.0,0.0,0.0019368879578908335,367.6008698940277
6436.0,0.15992513801917035,6981.0,6981.0,0.0,0.0019248145279370142,367.6047019958496
6437.0,0.1597652128811512,6981.0,6981.0,2.0,0.001912804384070719,367.6082410812378
6438.0,0.15960544766827003,6981.0,6981.0,3.0,0.0019008572693779038,367.61189007759094
6439.0,0.15944584222060176,6981.0,6981.0,3.0,0.001888972927579971,367.6155490875244
6440.0,0.15928639637838116,6981.0,6981.0,1.0,0.0018771511030341165,367.6194257736206
6441.0,0.15912710998200277,6981.0,6981.0,1.0,0.0018653915407336999,367.6231551170349
6442.0,0.15896798287202077,6981.0,6981.0,3.0,0.0018536939863085817,367.62670493125916
6443.0,0.15880901488914875,6981.0,6981.0,0.0,0.0018420581860254612,367.6303150653839
6444.0,0.1586502058742596,6981.0,6981.0,0.0,0.0018304838867882027,367.6338939666748
6445.0,0.15849155566838533,6981.0,6981.0,0.0,0.0018189708361381475,367.63753294944763
6446.0,0.15833306411271694,6981.0,6981.0,0.0,0.0018075187822544274,367.64124393463135
6447.0,0.15817473104860422,6981.0,6981.0,0.0,0.001796127473954256,367.644770860672
6448.0,0.15801655631755562,6981.0,6981.0,0.0,0.0017847966606932178,367.6483209133148
6449.0,0.15785853976123806,6981.0,6981.0,2.0,0.0017735260925655443,367.65200185775757
6450.0,0.15770068122147682,6981.0,6981.0,1.0,0.001762315520304386,367.6555950641632
6451.0,0.15754298054025534,6981.0,6981.0,0.0,0.001751164695282064,367.6591958999634
6452.0,0.1573854375597151,6981.0,6981.0,0.0,0.001740073369510329,367.6628439426422
6453.0,0.15722805212215538,6981.0,6981.0,1.0,0.0017290412956405858,367.6663279533386
6454.0,0.15707082407003323,6981.0,6981.0,3.0,0.0017180682269641423,367.6698760986328
6455.0,0.15691375324596318,6981.0,6981.0,0.0,0.0017071539174124135,367.67349791526794
6456.0,0.1567568394927172,6981.0,6981.0,0.0,0.0016962981215571389,367.6770689487457
6457.0,0.1566000826532245,6981.0,6981.0,0.0,0.0016855005946105877,367.68065118789673
6458.0,0.15644348257057128,6981.0,6981.0,0.0,0.0016747610924257423,367.684268951416
6459.0,0.1562870390880007,6981.0,6981.0,1.0,0.0016640793714964902,367.6878869533539
6460.0,0.15613075204891272,6981.0,6981.0,0.0,0.0016534551889577872,367.6915102005005
6461.0,0.15597462129686382,6981.0,6981.0,0.0,0.0016428883025858309,367.69517993927
6462.0,0.15581864667556697,6981.0,6981.0,1.0,0.0016323784707982097,367.69874382019043
6463.0,0.1556628280288914,6981.0,6981.0,0.0,0.0016219254526540457,367.7022819519043
6464.0,0.1555071652008625,6981.0,6981.0,0.0,0.0016115290078541381,367.7060890197754
6465.0,0.15535165803566164,6981.0,6981.0,2.0,0.0016011888967410839,367.70957493782043
6466.0,0.155196306377626,6981.0,6981.0,1.0,0.0015909048802993978,367.71306705474854
6467.0,0.15504111007124838,6981.0,6981.0,1.0,0.0015806767201556162,367.7167158126831
6468.0,0.15488606896117713,6981.0,6981.0,0.0,0.0015705041785783976,367.7202730178833
6469.0,0.15473118289221593,6981.0,6981.0,0.0,0.001560387018478616,367.72389793395996
6470.0,0.15457645170932371,6981.0,6981.0,1.0,0.0015503250034094363,367.7275080680847
6471.0,0.1544218752576144,6981.0,6981.0,1.0,0.0015403178975663876,367.7311780452728
6472.0,0.15426745338235678,6981.0,6981.0,2.0,0.0015303654657874237,367.734885931015
6473.0,0.15411318592897444,6981.0,6981.0,0.0,0.001520467473552975,367.7385108470917
6474.0,0.15395907274304546,6981.0,6981.0,1.0,0.0015106236869859933,367.7421820163727
6475.0,0.15380511367030242,6981.0,6981.0,3.0,0.0015008338728519888,367.74583196640015
6476.0,0.15365130855663212,6981.0,6981.0,3.0,0.001491097798559049,367.74940299987793
6477.0,0.1534976572480755,6981.0,6981.0,0.0,0.0014814152321578613,367.7530257701874
6478.0,0.15334415959082742,6981.0,6981.0,0.0,0.0014717859423417166,367.7566559314728
6479.0,0.15319081543123658,6981.0,6981.0,1.0,0.0014622096984465076,367.760293006897
6480.0,0.15303762461580533,6981.0,6981.0,1.0,0.0014526862704507169,367.7639000415802
6481.0,0.15288458699118954,6980.0,6980.0,1.0,0.0014432154289754039,367.767529964447
6482.0,0.15273170240419834,6980.0,6980.0,1.0,0.0014337969452841658,367.7711818218231
6483.0,0.15257897070179413,6980.0,6980.0,0.0,0.0014244305912831077,367.7748689651489
6484.0,0.15242639173109235,6980.0,6980.0,0.0,0.0014151161395207902,367.77860379219055
6485.0,0.15227396533936124,6980.0,6980.0,0.0,0.0014058533631881795,367.782114982605
6486.0,0.15212169137402187,6980.0,6980.0,2.0,0.001396642036118577,367.7855761051178
6487.0,0.15196956968264785,6980.0,6980.0,0.0,0.0013874819327875502,367.78916907310486
6488.0,0.15181760011296522,6980.0,6980.0,0.0,0.0013783728283128514,367.79295897483826
6489.0,0.15166578251285226,6980.0,6980.0,1.0,0.0013693144984543194,367.7965178489685
6490.0,0.1515141167303394,6980.0,6980.0,1.0,0.0013603067196137875,367.8001449108124
6491.0,0.15136260261360907,6980.0,6980.0,0.0,0.0013513492688349712,367.8037509918213
6492.0,0.15121124001099545,6980.0,6980.0,0.0,0.001342441923803354,367.80726885795593
6493.0,0.15106002877098446,6980.0,6980.0,1.0,0.0013335844628460556,367.81073808670044
6494.0,0.15090896874221346,6980.0,6980.0,1.0,0.0013247766649317032,367.8142650127411
6495.0,0.15075805977347126,6980.0,6980.0,1.0,0.0013160183096702855,367.8178479671478
6496.0,0.1506073017136978,6980.0,6980.0,1.0,0.0013073091773129993,367.82143807411194
6497.0,0.1504566944119841,6980.0,6980.0,1.0,0.001298649048752088,367.8250060081482
6498.0,0.1503062377175721,6980.0,6980.0,0.0,0.00129003770552068,367.8285620212555
6499.0,0.1501559314798545,6980.0,6980.0,0.0,0.0012814749297926022,367.8322949409485
6500.0,0.15000577554837466,6980.0,6980.0,2.0,0.001272960504382196,367.83589696884155
6501.0,0.14985576977282627,6980.0,6980.0,1.0,0.0012644942127441247,367.83960795402527
6502.0,0.14970591400305344,6980.0,6980.0,1.0,0.0012560758389731671,367.8432331085205
6503.0,0.1495562080890504,6980.0,6980.0,0.0,0.0012477051678040092,367.8467741012573
6504.0,0.14940665188096136,6980.0,6980.0,0.0,0.001239381984611019,367.8504059314728
6505.0,0.1492572452290804,6980.0,6980.0,0.0,0.0012311060754080186,367.8540771007538
6506.0,0.14910798798385133,6980.0,6980.0,0.0,0.001222877226848054,367.85770082473755
6507.0,0.1489588799958675,6980.0,6980.0,0.0,0.0012146952262231392,367.86135506629944
6508.0,0.14880992111587163,6980.0,6980.0,0.0,0.0012065598614640104,367.8650529384613
6509.0,0.14866111119475575,6980.0,6980.0,1.0,0.001198470921139857,367.86871886253357
6510.0,0.148512450083561,6980.0,6980.0,0.0,0.001190428194458061,367.8723180294037
6511.0,0.14836393763347744,6980.0,6980.0,0.0,0.001182431471263905,367.875953912735
6512.0,0.14821557369584396,6980.0,6980.0,1.0,0.001174480542040294,367.8797559738159
6513.0,0.1480673581221481,6980.0,6980.0,0.0,0.001166575197907462,367.8833968639374
6514.0,0.14791929076402596,6980.0,6980.0,0.0,0.0011587152306226593,367.88722491264343
6515.0,0.14777137147326194,6980.0,6980.0,0.0,0.0011509004325798498,367.8908100128174
6516.0,0.14762360010178868,6980.0,6980.0,2.0,0.001143130596809386,367.89446997642517
6517.0,0.1474759765016869,6980.0,6980.0,0.0,0.001135405516977682,367.89820408821106
6518.0,0.1473285005251852,6980.0,6980.0,0.0,0.0011277249873868796,367.9016709327698
6519.0,0.14718117202466002,6980.0,6980.0,0.0,0.001120088802974504,367.90533804893494
6520.0,0.14703399085263535,6980.0,6980.0,0.0,0.0011124967593131075,367.9088740348816
6521.0,0.1468869568617827,6980.0,6980.0,0.0,0.0011049486526099168,367.91254782676697
6522.0,0.14674006990492094,6980.0,6980.0,0.0,0.0010974442797064587,367.9160227775574
6523.0,0.14659332983501602,6980.0,6980.0,0.0,0.0010899834380781852,367.9195079803467
6524.0,0.146446736505181,6980.0,6980.0,0.0,0.0010825659258340927,367.9230799674988
6525.0,0.14630028976867582,6980.0,6980.0,0.0,0.0010751915417163266,367.9266951084137
6526.0,0.14615398947890715,6980.0,6980.0,0.0,0.0010678600850997863,367.93034195899963
6527.0,0.14600783548942825,6980.0,6980.0,1.0,0.0010605713559917122,367.9339978694916
6528.0,0.14586182765393882,6980.0,6980.0,1.0,0.0010533251550312733,367.93764209747314
6529.0,0.14571596582628488,6980.0,6980.0,0.0,0.0010461212834891444,367.941269159317
6530.0,0.14557024986045858,6980.0,6980.0,0.0,0.0010389595432670753,367.9448359012604
6531.0,0.14542467961059813,6980.0,6980.0,0.0,0.0010318397368974518,367.94855999946594
6532.0,0.14527925493098753,6980.0,6980.0,0.0,0.0010247616675428488,367.952241897583
6533.0,0.14513397567605654,6980.0,6980.0,3.0,0.001017725138995577,367.9558138847351
6534.0,0.14498884170038048,6980.0,6980.0,0.0,0.0010107299556772233,367.95938205718994
6535.0,0.1448438528586801,6980.0,6980.0,0.0,0.0010037759226381785,367.96297788619995
6536.0,0.14469900900582142,6980.0,6980.0,0.0,0.0009968628455571643,367.96669912338257
6537.0,0.1445543099968156,6980.0,6980.0,0.0,0.0009899905307407442,367.9703869819641
6538.0,0.14440975568681877,6980.0,6980.0,0.0,0.000983158785122837,367.974093914032
6539.0,0.14426534593113194,6978.0,6978.0,2.0,0.0009763674162642136,367.9775969982147
6540.0,0.14412108058520082,6978.0,6978.0,0.0,0.0009696162323519951,367.98144793510437
6541.0,0.14397695950461561,6978.0,6978.0,2.0,0.0009629050421991317,367.9849429130554
6542.0,0.143832982545111,6978.0,6978.0,1.0,0.0009562336552438884,367.98851704597473
6543.0,0.1436891495625659,6978.0,6978.0,0.0,0.0009496018815493123,367.99212288856506
6544.0,0.14354546041300334,6978.0,6978.0,0.0,0.000943009531802696,367.99565386772156
6545.0,0.14340191495259033,6978.0,6978.0,0.0,0.0009364564173150377,367.9992139339447
6546.0,0.14325851303763773,6978.0,6978.0,0.0,0.0009299423500204863,368.0028839111328
6547.0,0.14311525452460008,6978.0,6978.0,0.0,0.000923467142475788,368.0065269470215
6548.0,0.1429721392700755,6978.0,6978.0,0.0,0.0009170306078597171,368.0100450515747
6549.0,0.1428291671308054,6978.0,6978.0,0.0,0.000910632559972504,368.0137050151825
6550.0,0.1426863379636746,6978.0,6978.0,1.0,0.0009042728132352616,368.017315864563
6551.0,0.14254365162571092,6978.0,6978.0,0.0,0.0008979511826893865,368.02098393440247
6552.0,0.1424011079740852,6978.0,6978.0,1.0,0.0008916674839959817,368.0246479511261
6553.0,0.1422587068661111,6978.0,6978.0,0.0,0.0008854215334352411,368.02833008766174
6554.0,0.142116448159245,6978.0,6978.0,1.0,0.0008792131479058515,368.03197503089905
6555.0,0.14197433171108576,6978.0,6978.0,0.0,0.0008730421449243706,368.0356171131134
6556.0,0.14183235737937466,6978.0,6978.0,0.0,0.0008669083426246139,368.0391581058502
6557.0,0.14169052502199528,6978.0,6978.0,0.0,0.0008608115597570171,368.0428559780121
6558.0,0.14154883449697328,6978.0,6978.0,1.0,0.0008547516156880078,368.0464599132538
6559.0,0.14140728566247632,6978.0,6978.0,0.0,0.0008487283303993597,368.0501608848572
6560.0,0.14126587837681384,6978.0,6978.0,2.0,0.000842741524487541,368.0540220737457
6561.0,0.14112461249843702,6978.0,6978.0,0.0,0.0008367910191630653,368.0576431751251
6562.0,0.1409834878859386,6978.0,6978.0,0.0,0.0008308766362498242,368.06111097335815
6563.0,0.14084250439805265,6978.0,6978.0,0.0,0.0008249981981844168,368.065003156662
6564.0,0.1407016618936546,6978.0,6978.0,2.0,0.0008191555280154773,368.0686209201813
6565.0,0.14056096023176096,6978.0,6978.0,1.0,0.0008133484494029902,368.07224202156067
6566.0,0.1404203992715292,6978.0,6978.0,0.0,0.0008075767866175999,368.07589197158813
6567.0,0.14027997887225765,6978.0,6978.0,0.0,0.0008018403645399175,368.07940006256104
6568.0,0.1401396988933854,6978.0,6978.0,0.0,0.0007961390086598156,368.0830190181732
6569.0,0.139999559194492,6978.0,6978.0,1.0,0.0007904725450757194,368.08678102493286
6570.0,0.1398595596352975,6978.0,6978.0,2.0,0.0007848408004938935,368.09040689468384
6571.0,0.1397197000756622,6978.0,6978.0,1.0,0.0007792436022277176,368.09404397010803
6572.0,0.13957998037558653,6978.0,6978.0,2.0,0.0007736807781969561,368.09766697883606
6573.0,0.13944040039521094,6978.0,6978.0,0.0,0.0007681521569270294,368.10118412971497
6574.0,0.13930095999481573,6978.0,6978.0,0.0,0.0007626575675482657,368.1048300266266
6575.0,0.13916165903482092,6978.0,6978.0,0.0,0.0007571968397951578,368.1083869934082
6576.0,0.1390224973757861,6978.0,6978.0,0.0,0.000751769804005607,368.11202788352966
6577.0,0.1388834748784103,6978.0,6978.0,1.0,0.0007463762911201635,368.1156659126282
6578.0,0.13874459140353188,6978.0,6978.0,1.0,0.0007410161326812609,368.11929512023926
6579.0,0.13860584681212834,6978.0,6978.0,1.0,0.0007356891608324438,368.12295794487
6580.0,0.1384672409653162,6978.0,6978.0,1.0,0.0007303952083175851,368.1264750957489
6581.0,0.1383287737243509,6978.0,6978.0,0.0,0.0007251341084801063,368.13011384010315
6582.0,0.13819044495062655,6978.0,6978.0,3.0,0.0007199056952621816,368.13378500938416
6583.0,0.13805225450567593,6978.0,6978.0,0.0,0.0007147098032039474,368.1374931335449
6584.0,0.13791420225117026,6978.0,6978.0,1.0,0.0007095462674426908,368.14116311073303
6585.0,0.1377762880489191,6978.0,6978.0,1.0,0.0007044149237120466,368.14472103118896
6586.0,0.13763851176087016,6978.0,6978.0,0.0,0.0006993156083411813,368.14830493927
6587.0,0.13750087324910928,6978.0,6978.0,1.0,0.0006942481582539687,368.1519389152527
6588.0,0.1373633723758602,6978.0,6978.0,0.0,0.0006892124109681692,368.1556580066681
6589.0,0.13722600900348433,6978.0,6978.0,0.0,0.0006842082045945894,368.1593120098114
6590.0,0.13708878299448085,6978.0,6978.0,1.0,0.0006792353778362489,368.1629238128662
6591.0,0.13695169421148637,6978.0,6978.0,2.0,0.0006742937699875347,368.16648507118225
6592.0,0.13681474251727488,6978.0,6978.0,1.0,0.0006693832209333511,368.17012095451355
6593.0,0.1366779277747576,6978.0,6978.0,0.0,0.0006645035711482626,368.1737449169159
6594.0,0.13654124984698285,6978.0,6978.0,1.0,0.0006596546616956349,368.1772801876068
6595.0,0.13640470859713585,6978.0,6978.0,0.0,0.0006548363342267627,368.1809220314026
6596.0,0.13626830388853872,6978.0,6978.0,0.0,0.0006500484309800046,368.1845579147339
6597.0,0.13613203558465017,6978.0,6978.0,0.0,0.0006452907947798969,368.18814301490784
6598.0,0.13599590354906552,6978.0,6978.0,1.0,0.0006405632690362757,368.19175696372986
6599.0,0.13585990764551645,6978.0,6978.0,0.0,0.0006358656977433835,368.19536805152893
6600.0,0.13572404773787092,6978.0,6978.0,0.0,0.0006311979254789753,368.1990079879761
6601.0,0.13558832369013304,6978.0,6978.0,1.0,0.0006265597974034208,368.2026410102844
6602.0,0.13545273536644292,6978.0,6978.0,0.0,0.0006219511592587938,368.20612597465515
6603.0,0.13531728263107648,6978.0,6978.0,0.0,0.000617371857367965,368.2095649242401
6604.0,0.1351819653484454,6978.0,6978.0,0.0,0.0006128217386336841,368.2133221626282
6605.0,0.13504678338309695,6978.0,6978.0,0.0,0.0006083006505376577,368.21697902679443
6606.0,0.13491173659971384,6978.0,6978.0,0.0,0.0006038084411396238,368.2205641269684
6607.0,0.13477682486311413,6978.0,6978.0,2.0,0.0005993449590764181,368.22417998313904
6608.0,0.134642048038251,6978.0,6978.0,1.0,0.0005949100535610351,368.22789692878723
6609.0,0.13450740599021274,6978.0,6978.0,1.0,0.0005905035743816895,368.23135900497437
6610.0,0.13437289858422252,6978.0,6978.0,0.0,0.0005861253719008653,368.23499512672424
6611.0,0.1342385256856383,6978.0,6978.0,0.0,0.0005817752970543629,368.2386498451233
6612.0,0.13410428715995265,6978.0,6978.0,0.0,0.0005774532013503436,368.2422721385956
6613.0,0.1339701828727927,6978.0,6978.0,1.0,0.0005731589368683636,368.2458839416504
6614.0,0.1338362126899199,6978.0,6978.0,0.0,0.0005688923562584093,368.249550819397
6615.0,0.13370237647723,6978.0,6978.0,0.0,0.0005646533127399211,368.2531969547272
6616.0,0.13356867410075277,6978.0,6978.0,0.0,0.0005604416601008184,368.2568290233612
6617.0,0.13343510542665202,6978.0,6978.0,0.0,0.0005562572526965164,368.26041197776794
6618.0,0.13330167032122536,6978.0,6978.0,1.0,0.000552099945448936,368.2640368938446
6619.0,0.13316836865090415,6978.0,6978.0,0.0,0.0005479695938455164,368.26778507232666
6620.0,0.13303520028225324,6978.0,6978.0,0.0,0.0005438660539382134,368.27156805992126
6621.0,0.13290216508197097,6978.0,6978.0,1.0,0.0005397891823424995,368.275319814682
6622.0,0.132769262916889,6978.0,6978.0,2.0,0.0005357388362363588,368.27913784980774
6623.0,0.13263649365397212,6978.0,6978.0,1.0,0.0005317148733592737,368.28277587890625
6624.0,0.13250385716031815,6977.0,6977.0,1.0,0.0005277171520112096,368.2863929271698
6625.0,0.13237135330315783,6977.0,6977.0,2.0,0.0005237455310515949,368.29006600379944
6626.0,0.13223898194985467,6977.0,6977.0,0.0,0.0005197998698982966,368.2937340736389
6627.0,0.1321067429679048,6977.0,6977.0,2.0,0.0005158800285265896,368.29744696617126
6628.0,0.1319746362249369,6977.0,6977.0,0.0,0.000511985867468125,368.30111503601074
6629.0,0.13184266158871197,6977.0,6977.0,2.0,0.0005081172478098878,368.3048210144043
6630.0,0.13171081892712325,6977.0,6977.0,0.0,0.0005042740311931587,368.30846190452576
6631.0,0.13157910810819612,6977.0,6977.0,0.0,0.0005004560798124644,368.3123140335083
6632.0,0.1314475290000879,6977.0,6977.0,1.0,0.0004966632564145255,368.31587314605713
6633.0,0.1313160814710878,6977.0,6977.0,2.0,0.000492895424297203,368.3194389343262
6634.0,0.1311847653896167,6977.0,6977.0,2.0,0.0004891524473084365,368.3233528137207
6635.0,0.1310535806242271,6977.0,6977.0,1.0,0.0004854341898451804,368.32711005210876
6636.0,0.13092252704360285,6977.0,6977.0,0.0,0.000481740516852336,368.3306350708008
6637.0,0.13079160451655925,6977.0,6977.0,0.0,0.00047807129382167776,368.33438301086426
6638.0,0.13066081291204268,6977.0,6977.0,1.0,0.00047442638679077656,368.33798694610596
6639.0,0.13053015209913063,6977.0,6977.0,1.0,0.00047080566234192114,368.34181690216064
6640.0,0.1303996219470315,6977.0,6977.0,0.0,0.00046720898760103046,368.34548902511597
6641.0,0.13026922232508448,6977.0,6977.0,1.0,0.0004636362302365656,368.3490147590637
6642.0,0.13013895310275939,6977.0,6977.0,2.0,0.0004600872584584368,368.3526020050049
6643.0,0.13000881414965662,6977.0,6977.0,0.0,0.00045656194101690786,368.3562738895416
6644.0,0.12987880533550697,6977.0,6977.0,0.0,0.00045306014720149473,368.3599178791046
6645.0,0.12974892653017145,6977.0,6977.0,1.0,0.000449581746839859,368.36359190940857
6646.0,0.12961917760364128,6977.0,6977.0,1.0,0.00044612661029670296,368.3673141002655
6647.0,0.12948955842603763,6977.0,6977.0,1.0,0.00044269460847265425,368.37092995643616
6648.0,0.1293600688676116,6977.0,6977.0,2.0,0.0004392856128031516,368.3745880126953
6649.0,0.129230708798744,6977.0,6977.0,0.0,0.0004358994952573254,368.3782169818878
6650.0,0.12910147808994524,6977.0,6977.0,0.0,0.000432536128336871,368.3818850517273
6651.0,0.1289723766118553,6977.0,6977.0,0.0,0.0004291953850749268,368.38554883003235
6652.0,0.12884340423524343,6977.0,6977.0,0.0,0.00042587713903494,368.38914704322815
6653.0,0.12871456083100818,6977.0,6977.0,1.0,0.0004225812643095332,368.39270305633545
6654.0,0.1285858462701772,6977.0,6977.0,1.0,0.00041930763551936636,368.3961911201477
6655.0,0.128457260423907,6977.0,6977.0,0.0,0.0004160561278119955,368.3998098373413
6656.0,0.1283288031634831,6977.0,6977.0,0.0,0.0004128266168607289,368.4034960269928
6657.0,0.12820047436031962,6977.0,6977.0,0.0,0.0004096189788634771,368.4070107936859
6658.0,0.1280722738859593,6977.0,6977.0,0.0,0.0004064330905416033,368.41062474250793
6659.0,0.12794420161207334,6977.0,6977.0,0.0,0.0004032688291387666,368.41425490379333
6660.0,0.12781625741046126,6977.0,6977.0,0.0,0.00040012607241976414,368.417927980423
6661.0,0.1276884411530508,6977.0,6977.0,1.0,0.00039700469866937025,368.42157196998596
6662.0,0.12756075271189776,6977.0,6977.0,1.0,0.0003939045866911704,368.4252381324768
6663.0,0.12743319195918587,6977.0,6977.0,0.0,0.00039082561580639337,368.42869210243225
6664.0,0.1273057587672267,6977.0,6977.0,0.0,0.0003877676658527404,368.432235956192
6665.0,0.12717845300845945,6977.0,6977.0,1.0,0.0003847306171832103,368.43585181236267
6666.0,0.12705127455545098,6977.0,6977.0,2.0,0.0003817143506649226,368.4394431114197
6667.0,0.12692422328089553,6977.0,6977.0,0.0,0.0003787187476779363,368.4430601596832
6668.0,0.12679729905761464,6977.0,6977.0,0.0,0.0003757436901140651,368.44664883613586
6669.0,0.126670501758557,6977.0,6977.0,1.0,0.0003727890603756924,368.45027589797974
6670.0,0.12654383125679847,6977.0,6977.0,0.0,0.0003698547413745816,368.45392298698425
6671.0,0.12641728742554167,6977.0,6977.0,1.0,0.0003669406165306815,368.45748376846313
6672.0,0.12629087013811613,6977.0,6977.0,0.0,0.0003640465697709323,368.4610130786896
6673.0,0.126164579267978,6977.0,6977.0,0.0,0.00036117248552806745,368.4647719860077
6674.0,0.12603841468871002,6977.0,6977.0,1.0,0.0003583182487394118,368.46824502944946
6675.0,0.1259123762740213,6977.0,6977.0,1.0,0.00035548374484567746,368.471736907959
6676.0,0.12578646389774728,6977.0,6977.0,0.0,0.0003526688597897575,368.4752779006958
6677.0,0.12566067743384954,6977.0,6977.0,0.0,0.00034987348001551573,368.47883701324463
6678.0,0.12553501675641568,6977.0,6977.0,1.0,0.0003470974924665741,368.4823489189148
6679.0,0.12540948173965927,6977.0,6977.0,2.0,0.00034434078458510077,368.48595213890076
6680.0,0.1252840722579196,6977.0,6977.0,0.0,0.00034160324431058744,368.4897119998932
6681.0,0.12515878818566167,6977.0,6977.0,1.0,0.000338884760078635,368.49326395988464
6682.0,0.125033629397476,6977.0,6977.0,0.0,0.00033618522081972613,368.49678802490234
6683.0,0.12490859576807853,6977.0,6977.0,0.0,0.0003335045159580037,368.50038409233093
6684.0,0.12478368717231045,6977.0,6977.0,0.0,0.0003308425354100399,368.50395703315735
6685.0,0.12465890348513814,6977.0,6977.0,2.0,0.0003281991695836097,368.50756096839905
6686.0,0.124534244581653,6977.0,6977.0,0.0,0.00032557430937645487,368.51106786727905
6687.0,0.12440971033707135,6977.0,6977.0,0.0,0.0003229678461750508,368.5147030353546
6688.0,0.12428530062673428,6977.0,6977.0,0.0,0.00032037967185337066,368.51830887794495
6689.0,0.12416101532610754,6977.0,6977.0,0.0,0.000317809678771644,368.52204990386963
6690.0,0.12403685431078143,6977.0,6977.0,1.0,0.00031525775977511386,368.5256199836731
6691.0,0.12391281745647065,6977.0,6977.0,0.0,0.00031272380819279686,368.5292329788208
6692.0,0.12378890463901418,6977.0,6977.0,0.0,0.0003102077178362324,368.53280687332153
6693.0,0.12366511573437516,6977.0,6977.0,1.0,0.00030770938299823667,368.53644704818726
6694.0,0.12354145061864079,6977.0,6977.0,0.0,0.0003052286984516531,368.5399901866913
6695.0,0.12341790916802214,6977.0,6977.0,1.0,0.00030276555944809715,368.54359102249146
6696.0,0.12329449125885412,6977.0,6977.0,0.0,0.00030031986171670364,368.54719400405884
6697.0,0.12317119676759528,6977.0,6977.0,2.0,0.00029789150146286776,368.5507490634918
6698.0,0.12304802557082768,6977.0,6977.0,0.0,0.00029548037536699035,368.5542628765106
6699.0,0.12292497754525686,6977.0,6977.0,0.0,0.00029308638058321313,368.55786204338074
6700.0,0.1228020525677116,6977.0,6977.0,0.0,0.0002907094147381573,368.56133484840393
6701.0,0.12267925051514389,6977.0,6977.0,1.0,0.00028834937592966205,368.5648138523102
6702.0,0.12255657126462874,6977.0,6977.0,0.0,0.00028600616272551226,368.5684700012207
6703.0,0.12243401469336411,6977.0,6977.0,0.0,0.00028367967416217683,368.57205295562744
6704.0,0.12231158067867075,6977.0,6977.0,1.0,0.0002813698097435339,368.5757567882538
6705.0,0.12218926909799208,6977.0,6977.0,2.0,0.000279076469439601,368.5795180797577
6706.0,0.12206707982889409,6977.0,6977.0,0.0,0.00027679955368526245,368.583132982254
6707.0,0.12194501274906519,6977.0,6977.0,0.0,0.0002745389633789924,368.58677101135254
6708.0,0.12182306773631613,6977.0,6977.0,2.0,0.000272294599881579,368.5903649330139
6709.0,0.12170124466857982,6977.0,6977.0,1.0,0.0002700663650148463,368.5939841270447
6710.0,0.12157954342391124,6977.0,6977.0,0.0,0.00026785416106037406,368.59752678871155
6711.0,0.12145796388048732,6977.0,6977.0,2.0,0.00026565789075821484,368.60118889808655
6712.0,0.12133650591660684,6977.0,6977.0,0.0,0.000263477457305614,368.6049339771271
6713.0,0.12121516941069023,6977.0,6977.0,1.0,0.00026131276435572095,368.60855197906494
6714.0,0.12109395424127954,6977.0,6977.0,1.0,0.0002591637160163078,368.6121680736542
6715.0,0.12097286028703826,6977.0,6977.0,0.0,0.00025703021684847786,368.61586809158325
6716.0,0.12085188742675122,6977.0,6977.0,1.0,0.00025491217186537966,368.6195149421692
6717.0,0.12073103553932447,6977.0,6977.0,0.0,0.00025280948653091505,368.6231188774109
6718.0,0.12061030450378515,6977.0,6977.0,1.0,0.0002507220667584486,368.62655901908875
6719.0,0.12048969419928136,6977.0,6977.0,0.0,0.000248649818909514,368.6302738189697
6720.0,0.12036920450508208,6977.0,6977.0,0.0,0.00024659264979252086,368.6338539123535
6721.0,0.12024883530057699,6977.0,6977.0,1.0,0.0002445504666614598,368.6376531124115
6722.0,0.12012858646527641,6977.0,6977.0,0.0,0.00024252317721460396,368.6413519382477
6723.0,0.12000845787881113,6977.0,6977.0,1.0,0.00024051068959321436,368.64491391181946
6724.0,0.11988844942093232,6977.0,6977.0,0.0,0.00023851291238023803,368.64839792251587
6725.0,0.1197685609715114,6977.0,6977.0,1.0,0.0002365297545990108,368.6519351005554
6726.0,0.11964879241053988,6977.0,6977.0,0.0,0.00023456112571195473,368.6554639339447
6727.0,0.11952914361812934,6977.0,6977.0,1.0,0.00023260693561927628,368.65904688835144
6728.0,0.11940961447451122,6977.0,6977.0,0.0,0.00023066709465766492,368.6627941131592
6729.0,0.1192902048600367,6977.0,6977.0,1.0,0.00022874151359898728,368.6663839817047
6730.0,0.11917091465517667,6977.0,6977.0,0.0,0.00022683010364898414,368.6699171066284
6731.0,0.11905174374052149,6977.0,6977.0,0.0,0.00022493277644596306,368.6735761165619
6732.0,0.11893269199678097,6977.0,6977.0,1.0,0.00022304944405949237,368.6770279407501
6733.0,0.11881375930478419,6976.0,6976.0,1.0,0.00022118001898909428,368.680526971817
6734.0,0.11869494554547941,6976.0,6976.0,0.0,0.00021932441416293657,368.68410778045654
6735.0,0.11857625059993393,6976.0,6976.0,0.0,0.00021748254293652236,368.6876308917999
6736.0,0.11845767434933399,6976.0,6976.0,0.0,0.0002156543190913817,368.69113087654114
6737.0,0.11833921667498466,6976.0,6976.0,2.0,0.00021383965683376152,368.6946849822998
6738.0,0.11822087745830968,6976.0,6976.0,0.0,0.00021203847079331203,368.6982820034027
6739.0,0.11810265658085137,6976.0,6976.0,0.0,0.0002102506760217779,368.70200395584106
6740.0,0.11798455392427051,6976.0,6976.0,1.0,0.00020847618799168312,368.7054748535156
6741.0,0.11786656937034624,6976.0,6976.0,2.0,0.00020671492259502093,368.7090561389923
6742.0,0.1177487028009759,6976.0,6976.0,0.0,0.00020496679614193753,368.7127220630646
6743.0,0.11763095409817492,6976.0,6976.0,0.0,0.00020323172535941986,368.7161729335785
6744.0,0.11751332314407675,6976.0,6976.0,1.0,0.00020150962738998008,368.7197730541229
6745.0,0.11739580982093267,6976.0,6976.0,1.0,0.00019980041979034024,368.7233428955078
6746.0,0.11727841401111173,6976.0,6976.0,1.0,0.0001981040205301181,368.72696685791016
6747.0,0.11716113559710062,6976.0,6976.0,0.0,0.00019642034799051013,368.73059701919556
6748.0,0.11704397446150351,6976.0,6976.0,0.0,0.00019474932096297622,368.7342119216919
6749.0,0.116926930487042,6976.0,6976.0,0.0,0.00019309085864792174,368.73794198036194
6750.0,0.11681000355655496,6976.0,6976.0,1.0,0.00019144488065338182,368.741446018219
6751.0,0.11669319355299841,6976.0,6976.0,0.0,0.0001898113069937038,368.7449858188629
6752.0,0.11657650035944542,6976.0,6976.0,0.0,0.0001881900580882295,368.7487299442291
6753.0,0.11645992385908598,6976.0,6976.0,0.0,0.00018658105475997838,368.75225496292114
6754.0,0.11634346393522689,6976.0,6976.0,2.0,0.000184984218234328,368.7558250427246
6755.0,0.11622712047129166,6976.0,6976.0,1.0,0.00018339947013769806,368.7593529224396
6756.0,0.11611089335082037,6976.0,6976.0,1.0,0.0001818267324962313,368.7628469467163
6757.0,0.11599478245746954,6976.0,6976.0,1.0,0.00018026592773447478,368.76650881767273
6758.0,0.11587878767501207,6976.0,6976.0,0.0,0.00017871697867406235,368.77008295059204
6759.0,0.11576290888733706,6976.0,6976.0,1.0,0.00017717980853239627,368.7737500667572
6760.0,0.11564714597844973,6976.0,6976.0,2.0,0.00017565434092132779,368.77742099761963
6761.0,0.11553149883247128,6976.0,6976.0,0.0,0.00017414049984583937,368.7810881137848
6762.0,0.1154159673336388,6976.0,6976.0,0.0,0.00017263820970272762,368.7846097946167
6763.0,0.11530055136630517,6976.0,6976.0,2.0,0.00017114739527928266,368.7882158756256
6764.0,0.11518525081493887,6976.0,6976.0,1.0,0.0001696679817519716,368.79187273979187
6765.0,0.11507006556412393,6976.0,6976.0,0.0,0.00016819989468512013,368.79549288749695
6766.0,0.11495499549855981,6976.0,6976.0,0.0,0.00016674306002959453,368.7990529537201
6767.0,0.11484004050306125,6976.0,6976.0,2.0,0.00016529740412148366,368.8025949001312
6768.0,0.11472520046255819,6976.0,6976.0,0.0,0.00016386285368078147,368.80619597435
6769.0,0.11461047526209563,6976.0,6976.0,0.0,0.0001624393358100714,368.80975008010864
6770.0,0.11449586478683353,6976.0,6976.0,0.0,0.0001610267779932063,368.8133661746979
6771.0,0.1143813689220467,6976.0,6976.0,0.0,0.00015962510809399474,368.8168079853058
6772.0,0.11426698755312466,6976.0,6976.0,0.0,0.00015823425435488263,368.8203649520874
6773.0,0.11415272056557153,6976.0,6976.0,0.0,0.00015685414539563813,368.82398080825806
6774.0,0.11403856784500596,6976.0,6976.0,3.0,0.00015548471021203591,368.8274881839752
6775.0,0.11392452927716096,6976.0,6976.0,2.0,0.00015412587817454162,368.8314049243927
6776.0,0.11381060474788379,6976.0,6976.0,0.0,0.00015277757902699705,368.8349070549011
6777.0,0.11369679414313591,6976.0,6976.0,0.0,0.00015143974288530664,368.83838081359863
6778.0,0.11358309734899277,6976.0,6976.0,0.0,0.00015011230023612222,368.84207916259766
6779.0,0.11346951425164378,6976.0,6976.0,1.0,0.000148795181935531,368.8456840515137
6780.0,0.11335604473739214,6976.0,6976.0,0.0,0.0001474883192077414,368.84932589530945
6781.0,0.11324268869265475,6976.0,6976.0,0.0,0.0001461916436437727,368.85295009613037
6782.0,0.11312944600396209,6976.0,6976.0,1.0,0.00014490508720014093,368.85639095306396
6783.0,0.11301631655795813,6976.0,6976.0,0.0,0.0001436285821975501,368.85980701446533
6784.0,0.11290330024140018,6976.0,6976.0,1.0,0.0001423620613195808,368.86346411705017
6785.0,0.11279039694115878,6976.0,6976.0,0.0,0.0001411054576113802,368.8671021461487
6786.0,0.11267760654421762,6976.0,6976.0,1.0,0.00013985870447835385,368.87082982063293
6787.0,0.11256492893767339,6976.0,6976.0,0.0,0.0001386217356848564,368.87440299987793
6788.0,0.11245236400873572,6976.0,6976.0,0.0,0.0001373944853528852,368.8779630661011
6789.0,0.11233991164472698,6976.0,6976.0,0.0,0.00013617688796077295,368.88163900375366
6790.0,0.11222757173308226,6976.0,6976.0,1.0,0.00013496887834188112,368.8851227760315
6791.0,0.11211534416134918,6976.0,6976.0,1.0,0.00013377039168329614,368.8886570930481
6792.0,0.11200322881718783,6976.0,6976.0,1.0,0.00013258136352452436,368.8922231197357
6793.0,0.11189122558837064,6976.0,6976.0,0.0,0.0001314017297561879,368.89585280418396
6794.0,0.11177933436278227,6976.0,6976.0,1.0,0.00013023142661872436,368.8994781970978
6795.0,0.11166755502841949,6976.0,6976.0,0.0,0.0001290703907010824,368.9030759334564
6796.0,0.11155588747339107,6976.0,6976.0,1.0,0.00012791855893942372,368.90667700767517
6797.0,0.11144433158591768,6976.0,6976.0,1.0,0.0001267758686158217,368.91022300720215
6798.0,0.11133288725433177,6976.0,6976.0,1.0,0.00012564225735696343,368.9140419960022
6799.0,0.11122155436707744,6976.0,6976.0,1.0,0.00012451766313285208,368.91795587539673
6800.0,0.11111033281271036,6976.0,6976.0,2.0,0.00012340202425550995,368.92171812057495
6801.0,0.11099922247989766,6976.0,6976.0,0.0,0.00012229527937768336,368.92535519599915
6802.0,0.11088822325741776,6976.0,6976.0,0.0,0.00012119736749154857,368.92906403541565
6803.0,0.11077733503416035,6976.0,6976.0,0.0,0.00012010822792741739,368.9327030181885
6804.0,0.11066655769912619,6976.0,6976.0,1.0,0.00011902780035244634,368.93632793426514
6805.0,0.11055589114142705,6976.0,6976.0,1.0,0.00011795602476934492,368.94000792503357
6806.0,0.11044533525028563,6976.0,6976.0,0.0,0.00011689284151508581,368.94363713264465
6807.0,0.11033488991503534,6976.0,6976.0,0.0,0.00011583819125961678,368.9472541809082
6808.0,0.11022455502512031,6976.0,6976.0,1.0,0.000114792015004573,368.9510018825531
6809.0,0.1101143304700952,6976.0,6976.0,1.0,0.0001137542540819912,368.95469903945923
6810.0,0.1100042161396251,6976.0,6976.0,0.0,0.00011272485015302469,368.9582300186157
6811.0,0.10989421192348547,6976.0,6976.0,0.0,0.00011170374520666024,368.96196484565735
6812.0,0.10978431771156198,6976.0,6976.0,1.0,0.00011069088155843548,368.9654731750488
6813.0,0.10967453339385042,6976.0,6976.0,1.0,0.00010968620184915879,368.96890783309937
6814.0,0.10956485886045657,6976.0,6976.0,2.0,0.00010868964904362934,368.9726529121399
6815.0,0.1094552940015961,6976.0,6976.0,0.0,0.00010770116642935914,368.9761791229248
6816.0,0.10934583870759451,6976.0,6976.0,0.0,0.00010672069761529665,368.9797930717468
6817.0,0.10923649286888691,6976.0,6976.0,0.0,0.00010574818653055191,368.98352003097534
6818.0,0.10912725637601803,6976.0,6976.0,1.0,0.00010478357742312231,368.9871289730072
6819.0,0.10901812911964201,6976.0,6976.0,1.0,0.00010382681485862062,368.9907479286194
6820.0,0.10890911099052236,6976.0,6976.0,0.0,0.00010287784371900438,368.99430990219116
6821.0,0.10880020187953184,6976.0,6976.0,0.0,0.00010193660920130695,368.99794483184814
6822.0,0.1086914016776523,6976.0,6976.0,2.0,0.00010100305681636957,369.0016028881073
6823.0,0.10858271027597464,6976.0,6976.0,2.0,0.00010007713238757543,369.00511288642883
6824.0,0.10847412756569867,6976.0,6976.0,1.0,9.915878204958522e-05,369.0086259841919
6825.0,0.10836565343813297,6976.0,6976.0,1.0,9.824795224707456e-05,369.0124499797821
6826.0,0.10825728778469483,6976.0,6976.0,2.0,9.734458973347287e-05,369.01615285873413
6827.0,0.10814903049691013,6976.0,6976.0,0.0,9.64486415697031e-05,369.0198130607605
6828.0,0.10804088146641322,6976.0,6976.0,0.0,9.556005512292459e-05,369.0234670639038
6829.0,0.1079328405849468,6976.0,6976.0,1.0,9.467877806527717e-05,369.02719497680664
6830.0,0.10782490774436186,6976.0,6976.0,0.0,9.380475837262597e-05,369.03083086013794
6831.0,0.1077170828366175,6976.0,6976.0,1.0,9.293794432330894e-05,369.0344579219818
6832.0,0.10760936575378088,6976.0,6976.0,0.0,9.207828449688592e-05,369.0381579399109
6833.0,0.1075017563880271,6976.0,6976.0,0.0,9.12257277728904e-05,369.0417070388794
6834.0,0.10739425463163907,6976.0,6976.0,0.0,9.038022332958032e-05,369.0453541278839
6835.0,0.10728686037700742,6976.0,6976.0,0.0,8.954172064269424e-05,369.04904794692993
6836.0,0.10717957351663042,6976.0,6976.0,0.0,8.871016948420688e-05,369.0526669025421
6837.0,0.10707239394311378,6976.0,6976.0,2.0,8.788551992108708e-05,369.05627608299255
6838.0,0.10696532154917067,6976.0,6976.0,0.0,8.70677223140582e-05,369.0599150657654
6839.0,0.10685835622762149,6976.0,6976.0,0.0,8.625672731635984e-05,369.0635988712311
6840.0,0.10675149787139387,6976.0,6976.0,0.0,8.54524858725119e-05,369.06724214553833
6841.0,0.10664474637352248,6976.0,6976.0,0.0,8.465494921707997e-05,369.0709810256958
6842.0,0.10653810162714895,6976.0,6976.0,0.0,8.386406887344327e-05,369.07467103004456
6843.0,0.1064315635255218,6976.0,6976.0,3.0,8.307979665256425e-05,369.07826495170593
6844.0,0.10632513196199628,6976.0,6976.0,1.0,8.230208465176062e-05,369.0818929672241
6845.0,0.10621880683003428,6976.0,6976.0,0.0,8.153088525347797e-05,369.08551502227783
6846.0,0.10611258802320424,6976.0,6976.0,1.0,8.076615112406684e-05,369.0894138813019
6847.0,0.10600647543518103,6976.0,6976.0,0.0,8.000783521255954e-05,369.0931649208069
6848.0,0.10590046895974585,6976.0,6976.0,1.0,7.925589074945011e-05,369.09689688682556
6849.0,0.1057945684907861,6976.0,6976.0,0.0,7.851027124547602e-05,369.10038208961487
6850.0,0.10568877392229531,6976.0,6976.0,0.0,7.777093049040282e-05,369.1040017604828
6851.0,0.10558308514837302,6976.0,6976.0,1.0,7.703782255180954e-05,369.1076328754425
6852.0,0.10547750206322465,6976.0,6976.0,0.0,7.631090177387669e-05,369.1111879348755
6853.0,0.10537202456116142,6976.0,6976.0,1.0,7.559012277617762e-05,369.11473393440247
6854.0,0.10526665253660025,6976.0,6976.0,1.0,7.487544045246995e-05,369.1184129714966
6855.0,0.10516138588406365,6976.0,6976.0,0.0,7.416680996949085e-05,369.12204813957214
6856.0,0.10505622449817958,6976.0,6976.0,0.0,7.346418676575367e-05,369.1256139278412
6857.0,0.10495116827368141,6976.0,6976.0,0.0,7.276752655034727e-05,369.12929010391235
6858.0,0.10484621710540773,6976.0,6976.0,0.0,7.207678530173697e-05,369.1328978538513
6859.0,0.10474137088830232,6976.0,6976.0,2.0,7.139191926656851e-05,369.136559009552
6860.0,0.10463662951741402,6976.0,6976.0,0.0,7.071288495847371e-05,369.1401958465576
6861.0,0.10453199288789661,6976.0,6976.0,0.0,7.003963915687822e-05,369.143728017807
6862.0,0.1044274608950087,6976.0,6976.0,0.0,6.937213890581262e-05,369.14744782447815
6863.0,0.1043230334341137,6976.0,6976.0,0.0,6.871034151272477e-05,369.1509819030762
6864.0,0.10421871040067958,6976.0,6976.0,1.0,6.805420454729435e-05,369.1545078754425
6865.0,0.10411449169027889,6976.0,6976.0,1.0,6.740368584025116e-05,369.158136844635
6866.0,0.10401037719858862,6976.0,6976.0,3.0,6.675874348219431e-05,369.1617519855499
6867.0,0.10390636682139003,6976.0,6976.0,0.0,6.61193358224142e-05,369.16542196273804
6868.0,0.10380246045456863,6976.0,6976.0,1.0,6.548542146771701e-05,369.16901993751526
6869.0,0.10369865799411407,6976.0,6976.0,2.0,6.485695928125235e-05,369.17275500297546
6870.0,0.10359495933611995,6976.0,6976.0,1.0,6.423390838134132e-05,369.17629981040955
6871.0,0.10349136437678383,6976.0,6976.0,0.0,6.36162281403089e-05,369.1798207759857
6872.0,0.10338787301240704,6976.0,6976.0,0.0,6.300387818331843e-05,369.1836459636688
6873.0,0.10328448513939463,6976.0,6976.0,0.0,6.239681838720761e-05,369.1872420310974
6874.0,0.10318120065425523,6976.0,6976.0,0.0,6.179500887932767e-05,369.1909818649292
6875.0,0.10307801945360098,6976.0,6976.0,2.0,6.119841003638528e-05,369.1945309638977
6876.0,0.10297494143414739,6976.0,6976.0,1.0,6.0606982483286495e-05,369.19807600975037
6877.0,0.10287196649271324,6976.0,6976.0,1.0,6.00206870919832e-05,369.2016649246216
6878.0,0.10276909452622053,6976.0,6976.0,1.0,5.9439484980322305e-05,369.2052471637726
6879.0,0.10266632543169431,6976.0,6976.0,0.0,5.886333751089732e-05,369.2087550163269
6880.0,0.10256365910626261,6976.0,6976.0,0.0,5.829220628990286e-05,369.2124779224396
6881.0,0.10246109544715634,6976.0,6976.0,1.0,5.7726053165991265e-05,369.21608090400696
6882.0,0.10235863435170918,6976.0,6976.0,2.0,5.7164840229131656e-05,369.219526052475
6883.0,0.10225627571735747,6976.0,6976.0,1.0,5.6608529809472285e-05,369.22323274612427
6884.0,0.10215401944164011,6976.0,6976.0,0.0,5.60570844762049e-05,369.2268509864807
6885.0,0.10205186542219848,6976.0,6976.0,1.0,5.5510467036432133e-05,369.23045682907104
6886.0,0.10194981355677628,6976.0,6976.0,0.0,5.496864053403686e-05,369.2341458797455
6887.0,0.1018478637432195,6976.0,6976.0,0.0,5.4431568248554895e-05,369.2377738952637
6888.0,0.10174601587947628,6976.0,6976.0,1.0,5.389921369405056e-05,369.24141812324524
6889.0,0.1016442698635968,6976.0,6976.0,0.0,5.337154061799349e-05,369.2450919151306
6890.0,0.1015426255937332,6976.0,6976.0,1.0,5.2848513000139757e-05,369.24874091148376
6891.0,0.10144108296813946,6976.0,6976.0,0.0,5.23300950514149e-05,369.2523601055145
6892.0,0.10133964188517132,6976.0,6976.0,2.0,5.181625121279982e-05,369.25627183914185
6893.0,0.10123830224328614,6976.0,6976.0,0.0,5.1306946154219086e-05,369.25981283187866
6894.0,0.10113706394104285,6976.0,6976.0,2.0,5.080214477343217e-05,369.2634871006012
6895.0,0.1010359268771018,6976.0,6976.0,0.0,5.03018121949279e-05,369.26705503463745
6896.0,0.1009348909502247,6976.0,6976.0,0.0,4.9805913768820926e-05,369.2705948352814
6897.0,0.10083395605927448,6976.0,6976.0,0.0,4.9314415069751155e-05,369.2740948200226
6898.0,0.10073312210321521,6976.0,6976.0,0.0,4.8827281895786314e-05,369.2776589393616
6899.0,0.10063238898111199,6976.0,6976.0,0.0,4.8344480267326705e-05,369.2812690734863
6900.0,0.10053175659213087,6976.0,6976.0,0.0,4.786597642601347e-05,369.28494095802307
6901.0,0.10043122483553873,6976.0,6976.0,2.0,4.739173683363878e-05,369.2884428501129
6902.0,0.1003307936107032,6976.0,6976.0,0.0,4.692172817105963e-05,369.29189109802246
6903.0,0.1002304628170925,6976.0,6976.0,0.0,4.64559173371141e-05,369.2953848838806
6904.0,0.1001302323542754,6976.0,6976.0,0.0,4.5994271447540275e-05,369.2988209724426
6905.0,0.10003010212192112,6976.0,6976.0,0.0,4.553675783389867e-05,369.3023250102997
6906.0,0.0999300720197992,6976.0,6976.0,0.0,4.5083344042496384e-05,369.30606508255005
6907.0,0.0998301419477794,6976.0,6976.0,1.0,4.463399783331539e-05,369.30968499183655
6908.0,0.09973031180583161,6976.0,6976.0,1.0,4.4188687178942734e-05,369.3132839202881
6909.0,0.09963058149402577,6976.0,6976.0,0.0,4.374738026350409e-05,369.3169150352478
6910.0,0.09953095091253175,6976.0,6976.0,1.0,4.331004548160005e-05,369.32058596611023
6911.0,0.09943141996161922,6976.0,6976.0,0.0,4.287665143724541e-05,369.324257850647
6912.0,0.0993319885416576,6976.0,6976.0,0.0,4.2447166942811004e-05,369.32795000076294
6913.0,0.09923265655311594,6976.0,6976.0,0.0,4.2021561017969185e-05,369.3317520618439
6914.0,0.09913342389656282,6976.0,6976.0,0.0,4.159980288864148e-05,369.3353018760681
6915.0,0.09903429047266626,6976.0,6976.0,0.0,4.118186198594966e-05,369.33898305892944
6916.0,0.09893525618219359,6976.0,6976.0,0.0,4.076770794516916e-05,369.3427081108093
6917.0,0.0988363209260114,6976.0,6976.0,0.0,4.0357310604686495e-05,369.3463020324707
6918.0,0.09873748460508538,6976.0,6976.0,0.0,3.99506400049587e-05,369.3500781059265
6919.0,0.0986387471204803,6976.0,6976.0,0.0,3.954766638747574e-05,369.3538157939911
6920.0,0.09854010837335983,6976.0,6976.0,0.0,3.9148360193726745e-05,369.35734581947327
6921.0,0.09844156826498647,6976.0,6976.0,1.0,3.875269206416817e-05,369.36090779304504
6922.0,0.09834312669672149,6976.0,6976.0,1.0,3.836063283719582e-05,369.36439204216003
6923.0,0.09824478357002477,6976.0,6976.0,1.0,3.797215354811934e-05,369.3678328990936
6924.0,0.09814653878645474,6976.0,6976.0,0.0,3.758722542813973e-05,369.37146186828613
6925.0,0.09804839224766829,6976.0,6976.0,1.0,3.7205819903330295e-05,369.37507796287537
6926.0,0.09795034385542062,6976.0,6976.0,1.0,3.682790859362011e-05,369.3787968158722
6927.0,0.0978523935115652,6976.0,6976.0,0.0,3.645346331178067e-05,369.3824110031128
6928.0,0.09775454111805364,6976.0,6976.0,2.0,3.6082456062415884e-05,369.3859190940857
6929.0,0.09765678657693558,6976.0,6976.0,0.0,3.571485904095454e-05,369.38953399658203
6930.0,0.09755912979035865,6976.0,6976.0,0.0,3.535064463264641e-05,369.393177986145
6931.0,0.09746157066056829,6976.0,6976.0,0.0,3.498978541156085e-05,369.3970649242401
6932.0,0.09736410908990772,6976.0,6976.0,0.0,3.4632254139588974e-05,369.4007179737091
6933.0,0.09726674498081782,6976.0,6976.0,0.0,3.42780237654483e-05,369.4043400287628
6934.0,0.097169478235837,6976.0,6976.0,1.0,3.392706742369123e-05,369.4079339504242
6935.0,0.09707230875760117,6976.0,6976.0,1.0,3.357935843371588e-05,369.4115071296692
6936.0,0.09697523644884357,6976.0,6976.0,1.0,3.323487029878036e-05,369.4150879383087
6937.0,0.09687826121239472,6976.0,6976.0,0.0,3.2893576705020136e-05,369.41869497299194
6938.0,0.09678138295118233,6976.0,6976.0,2.0,3.255545152046845e-05,369.4222900867462
6939.0,0.09668460156823114,6976.0,6976.0,0.0,3.2220468794079565e-05,369.425892829895
6940.0,0.09658791696666291,6976.0,6976.0,0.0,3.18886027547558e-05,369.4296090602875
6941.0,0.09649132904969625,6976.0,6976.0,0.0,3.1559827810376746e-05,369.43320512771606
6942.0,0.09639483772064655,6976.0,6976.0,1.0,3.123411854683244e-05,369.4369571208954
6943.0,0.09629844288292591,6976.0,6976.0,1.0,3.0911449727059185e-05,369.4404990673065
6944.0,0.09620214444004299,6976.0,6976.0,1.0,3.0591796290078504e-05,369.4439640045166
6945.0,0.09610594229560294,6976.0,6976.0,2.0,3.027513335003949e-05,369.44765305519104
6946.0,0.09600983635330734,6976.0,6976.0,0.0,2.9961436195264072e-05,369.4512321949005
6947.0,0.09591382651695403,6976.0,6976.0,0.0,2.9650680287295482e-05,369.45482778549194
6948.0,0.09581791269043707,6976.0,6976.0,1.0,2.934284125994981e-05,369.45850896835327
6949.0,0.09572209477774664,6976.0,6976.0,1.0,2.9037894918370762e-05,369.4621660709381
6950.0,0.09562637268296889,6976.0,6976.0,2.0,2.8735817238087585e-05,369.4656569957733
6951.0,0.09553074631028592,6976.0,6976.0,0.0,2.8436584364076144e-05,369.4691369533539
6952.0,0.09543521556397563,6976.0,6976.0,0.0,2.8140172609822972e-05,369.4728889465332
6953.0,0.09533978034841166,6976.0,6976.0,1.0,2.784655845639294e-05,369.4765110015869
6954.0,0.09524444056806325,6976.0,6976.0,0.0,2.7555718551499432e-05,369.4801359176636
6955.0,0.09514919612749519,6976.0,6976.0,1.0,2.72676297085783e-05,369.48377990722656
6956.0,0.0950540469313677,6976.0,6976.0,1.0,2.698226890586467e-05,369.48736906051636
6957.0,0.09495899288443632,6976.0,6976.0,1.0,2.669961328547286e-05,369.4909861087799
6958.0,0.09486403389155189,6976.0,6976.0,0.0,2.6419640152479927e-05,369.4945809841156
6959.0,0.09476916985766033,6976.0,6976.0,0.0,2.6142326974011704e-05,369.4982988834381
6960.0,0.09467440068780267,6976.0,6976.0,0.0,2.5867651378332706e-05,369.5018060207367
6961.0,0.09457972628711486,6976.0,6976.0,0.0,2.55955911539386e-05,369.50531005859375
6962.0,0.09448514656082775,6976.0,6976.0,0.0,2.532612424865257e-05,369.5089199542999
6963.0,0.09439066141426693,6976.0,6976.0,0.0,2.505922876872404e-05,369.51252007484436
6964.0,0.09429627075285266,6976.0,6976.0,3.0,2.4794882977931335e-05,369.51644492149353
6965.0,0.0942019744820998,6976.0,6976.0,0.0,2.453306529668715e-05,369.52012610435486
6966.0,0.0941077725076177,6976.0,6976.0,0.0,2.4273754301147388e-05,369.5238139629364
6967.0,0.09401366473511008,6976.0,6976.0,0.0,2.40169287223229e-05,369.5273230075836
6968.0,0.09391965107037498,6976.0,6976.0,0.0,2.376256744519482e-05,369.53097701072693
6969.0,0.0938257314193046,6976.0,6976.0,1.0,2.3510649507832883e-05,369.5345938205719
6970.0,0.0937319056878853,6976.0,6976.0,0.0,2.3261154100517076e-05,369.53813004493713
6971.0,0.09363817378219741,6976.0,6976.0,0.0,2.3014060564862187e-05,369.5416929721832
6972.0,0.0935445356084152,6976.0,6976.0,0.0,2.2769348392946076e-05,369.5453519821167
6973.0,0.09345099107280679,6976.0,6976.0,0.0,2.2526997226440785e-05,369.5488920211792
6974.0,0.09335754008173398,6976.0,6976.0,0.0,2.2286986855746816e-05,369.55238103866577
6975.0,0.09326418254165225,6976.0,6976.0,0.0,2.204929721913092e-05,369.5559890270233
6976.0,0.0931709183591106,6976.0,6976.0,0.0,2.1813908401866938e-05,369.5595428943634
6977.0,0.09307774744075148,6976.0,6976.0,1.0,2.1580800635379704e-05,369.5631377696991
6978.0,0.09298466969331073,6976.0,6976.0,0.0,2.1349954296392662e-05,369.56675004959106
6979.0,0.09289168502361743,6976.0,6976.0,0.0,2.1121349906077928e-05,369.57051706314087
6980.0,0.09279879333859381,6976.0,6976.0,0.0,2.0894968129210317e-05,369.57401514053345
6981.0,0.09270599454525522,6976.0,6976.0,1.0,2.0670789773324217e-05,369.5777208805084
6982.0,0.09261328855070997,6976.0,6976.0,0.0,2.0448795787873747e-05,369.58148312568665
6983.0,0.09252067526215925,6976.0,6976.0,1.0,2.0228967263396024e-05,369.5850808620453
6984.0,0.09242815458689708,6976.0,6976.0,0.0,2.0011285430677966e-05,369.58867383003235
6985.0,0.0923357264323102,6976.0,6976.0,1.0,1.9795731659925984e-05,369.59230184555054
6986.0,0.09224339070587788,6976.0,6976.0,0.0,1.9582287459938946e-05,369.59590005874634
6987.0,0.092151147315172,6976.0,6976.0,0.0,1.937093447728468e-05,369.5995171070099
6988.0,0.09205899616785683,6976.0,6976.0,0.0,1.916165449547925e-05,369.603129863739
6989.0,0.09196693717168897,6976.0,6976.0,0.0,1.895442943416968e-05,369.6073508262634
6990.0,0.09187497023451728,6976.0,6976.0,0.0,1.874924134832011e-05,369.61088395118713
6991.0,0.09178309526428276,6976.0,6976.0,1.0,1.854607242740052e-05,369.6145899295807
6992.0,0.09169131216901848,6976.0,6976.0,0.0,1.8344904994579628e-05,369.6181619167328
6993.0,0.09159962085684946,6976.0,6976.0,0.0,1.8145721505919914e-05,369.62168192863464
6994.0,0.09150802123599261,6976.0,6976.0,0.0,1.794850454957687e-05,369.6252818107605
6995.0,0.09141651321475662,6976.0,6976.0,0.0,1.7753236845000847e-05,369.62895011901855
6996.0,0.09132509670154186,6976.0,6976.0,0.0,1.755990124214218e-05,369.6325988769531
6997.0,0.09123377160484032,6976.0,6976.0,0.0,1.7368480720659924e-05,369.6364018917084
6998.0,0.09114253783323548,6976.0,6976.0,1.0,1.7178958389133154e-05,369.6399908065796
6999.0,0.09105139529540224,6976.0,6976.0,0.0,1.699131748427624e-05,369.64360880851746
7000.0,0.09096034390010684,6976.0,6976.0,1.0,1.6805541370156653e-05,369.6472861766815
7001.0,0.09086938355620673,6976.0,6976.0,1.0,1.662161353741636e-05,369.6508240699768
7002.0,0.09077851417265052,6976.0,6976.0,0.0,1.6439517602496335e-05,369.65443301200867
7003.0,0.09068773565847787,6976.0,6976.0,3.0,1.6259237306864302e-05,369.65784192085266
7004.0,0.09059704792281939,6976.0,6976.0,0.0,1.6080756516245592e-05,369.6613059043884
7005.0,0.09050645087489657,6976.0,6976.0,1.0,1.5904059219857407e-05,369.6650331020355
7006.0,0.09041594442402168,6976.0,6976.0,1.0,1.572912952964593e-05,369.6685469150543
7007.0,0.09032552847959766,6976.0,6976.0,0.0,1.55559516795271e-05,369.6720337867737
7008.0,0.09023520295111806,6976.0,6976.0,1.0,1.5384510024630175e-05,369.67558789253235
7009.0,0.09014496774816694,6976.0,6976.0,2.0,1.5214789040544704e-05,369.6791760921478
7010.0,0.09005482278041876,6976.0,6976.0,1.0,1.5046773322570657e-05,369.68274688720703
7011.0,0.08996476795763834,6976.0,6976.0,0.0,1.4880447584971822e-05,369.68636202812195
7012.0,0.0898748031896807,6976.0,6976.0,0.0,1.4715796660232045e-05,369.6900169849396
7013.0,0.08978492838649102,6976.0,6976.0,1.0,1.4552805498315195e-05,369.6935250759125
7014.0,0.08969514345810453,6976.0,6976.0,0.0,1.439145916592792e-05,369.69715905189514
7015.0,0.08960544831464642,6976.0,6976.0,0.0,1.4231742845785648e-05,369.7008111476898
7016.0,0.08951584286633178,6976.0,6976.0,0.0,1.4073641835881963e-05,369.704341173172
7017.0,0.08942632702346545,6976.0,6976.0,0.0,1.3917141548760794e-05,369.7079679965973
7018.0,0.08933690069644198,6976.0,6976.0,0.0,1.3762227510792186e-05,369.71169996261597
7019.0,0.08924756379574554,6976.0,6976.0,0.0,1.360888536145102e-05,369.7152600288391
7020.0,0.0891583162319498,6976.0,6976.0,0.0,1.3457100852598818e-05,369.71906900405884
7021.0,0.08906915791571784,6976.0,6976.0,0.0,1.3306859847768949e-05,369.72268295288086
7022.0,0.08898008875780213,6976.0,6976.0,0.0,1.3158148321454762e-05,369.7261469364166
7023.0,0.08889110866904432,6976.0,6976.0,1.0,1.3010952358401055e-05,369.7298860549927
7024.0,0.08880221756037528,6976.0,6976.0,2.0,1.2865258152898663e-05,369.7335538864136
7025.0,0.0887134153428149,6976.0,6976.0,0.0,1.2721052008081998e-05,369.7372019290924
7026.0,0.08862470192747209,6976.0,6976.0,1.0,1.257832033523007e-05,369.740877866745
7027.0,0.08853607722554462,6976.0,6976.0,1.0,1.2437049653070365e-05,369.7444670200348
7028.0,0.08844754114831907,6976.0,6976.0,1.0,1.2297226587086035e-05,369.7480311393738
7029.0,0.08835909360717074,6976.0,6976.0,0.0,1.2158837868826142e-05,369.75167298316956
7030.0,0.08827073451356357,6976.0,6976.0,1.0,1.2021870335219025e-05,369.7552547454834
7031.0,0.08818246377905001,6976.0,6976.0,0.0,1.1886310927888914e-05,369.75874400138855
7032.0,0.08809428131527096,6976.0,6976.0,1.0,1.1752146692475457e-05,369.76230096817017
7033.0,0.08800618703395569,6976.0,6976.0,0.0,1.1619364777956559e-05,369.76583099365234
7034.0,0.08791818084692173,6976.0,6976.0,0.0,1.1487952435974236e-05,369.7694411277771
7035.0,0.0878302626660748,6976.0,6976.0,1.0,1.1357897020163687e-05,369.7730529308319
7036.0,0.08774243240340872,6976.0,6976.0,0.0,1.1229185985485232e-05,369.7767219543457
7037.0,0.08765468997100531,6976.0,6976.0,1.0,1.1101806887559714e-05,369.78020095825195
7038.0,0.08756703528103431,6976.0,6976.0,0.0,1.097574738200661e-05,369.78378105163574
7039.0,0.08747946824575327,6976.0,6976.0,1.0,1.0850995223785513e-05,369.78746700286865
7040.0,0.08739198877750752,6976.0,6976.0,0.0,1.0727538266540683e-05,369.791063785553
7041.0,0.08730459678873001,6976.0,6976.0,0.0,1.0605364461948454e-05,369.79469180107117
7042.0,0.08721729219194128,6976.0,6976.0,1.0,1.0484461859067997e-05,369.79835295677185
7043.0,0.08713007489974935,6976.0,6976.0,1.0,1.036481860369502e-05,369.801953792572
7044.0,0.0870429448248496,6976.0,6976.0,2.0,1.0246422937718491e-05,369.8054690361023
7045.0,0.08695590188002475,6976.0,6976.0,2.0,1.0129263198480535e-05,369.8090739250183
7046.0,0.08686894597814472,6976.0,6976.0,0.0,1.001332781813943e-05,369.8128468990326
7047.0,0.08678207703216657,6976.0,6976.0,0.0,9.898605323035399e-06,369.81630301475525
7048.0,0.08669529495513441,6976.0,6976.0,0.0,9.785084333059772e-06,369.81983709335327
7049.0,0.08660859966017927,6974.0,6974.0,2.0,9.672753561026938e-06,369.8236210346222
7050.0,0.08652199106051908,6974.0,6974.0,0.0,9.561601812049527e-06,369.8271367549896
7051.0,0.08643546906945856,6974.0,6974.0,0.0,9.451617982916508e-06,369.83076906204224
7052.0,0.0863490336003891,6974.0,6974.0,0.0,9.342791061474314e-06,369.83438181877136
7053.0,0.08626268456678872,6974.0,6974.0,0.0,9.235110126011065e-06,369.8379490375519
7054.0,0.08617642188222194,6974.0,6974.0,1.0,9.12856434464376e-06,369.8415949344635
7055.0,0.08609024546033972,6974.0,6974.0,1.0,9.023142974708436e-06,369.84518694877625
7056.0,0.08600415521487938,6974.0,6974.0,1.0,8.918835362153413e-06,369.8488099575043
7057.0,0.0859181510596645,6974.0,6974.0,0.0,8.815630940935597e-06,369.85246181488037
7058.0,0.08583223290860482,6974.0,6974.0,0.0,8.713519232419487e-06,369.85610795021057
7059.0,0.08574640067569622,6974.0,6974.0,1.0,8.612489844779554e-06,369.8598401546478
7060.0,0.08566065427502052,6974.0,6974.0,0.0,8.51253247240529e-06,369.86345410346985
7061.0,0.0855749936207455,6974.0,6974.0,1.0,8.413636895309445e-06,369.8671510219574
7062.0,0.08548941862712475,6974.0,6974.0,1.0,8.315792978539114e-06,369.87080097198486
7063.0,0.08540392920849763,6974.0,6974.0,0.0,8.218990671589782e-06,369.8743510246277
7064.0,0.08531852527928913,6974.0,6974.0,1.0,8.123220007822422e-06,369.8779389858246
7065.0,0.08523320675400983,6974.0,6974.0,1.0,8.028471103883492e-06,369.8815059661865
7066.0,0.08514797354725583,6974.0,6974.0,0.0,7.934734159127816e-06,369.8850209712982
7067.0,0.08506282557370858,6974.0,6974.0,1.0,7.841999455044523e-06,369.88856291770935
7068.0,0.08497776274813487,6974.0,6974.0,0.0,7.750257354685792e-06,369.8921408653259
7069.0,0.08489278498538674,6974.0,6974.0,3.0,7.659498302098644e-06,369.8958921432495
7070.0,0.08480789220040136,6974.0,6974.0,0.0,7.5697128217595695e-06,369.899530172348
7071.0,0.08472308430820095,6974.0,6974.0,0.0,7.480891518012096e-06,369.90305399894714
7072.0,0.08463836122389276,6974.0,6974.0,0.0,7.393025074507295e-06,369.9067859649658
7073.0,0.08455372286266886,6974.0,6974.0,1.0,7.306104253647069e-06,369.91038489341736
7074.0,0.08446916913980619,6974.0,6974.0,0.0,7.22011989603053e-06,369.9139840602875
7075.0,0.08438469997066639,6974.0,6974.0,0.0,7.135062919903048e-06,369.9176559448242
7076.0,0.08430031527069572,6974.0,6974.0,0.0,7.050924320608332e-06,369.92128014564514
7077.0,0.08421601495542502,6974.0,6974.0,1.0,6.967695170043363e-06,369.9248900413513
7078.0,0.0841317989404696,6974.0,6974.0,1.0,6.885366616116091e-06,369.9284989833832
7079.0,0.08404766714152913,6974.0,6974.0,0.0,6.803929882206083e-06,369.932168006897
7080.0,0.0839636194743876,6974.0,6974.0,0.0,6.723376266628073e-06,369.93577003479004
7081.0,0.08387965585491322,6974.0,6974.0,1.0,6.64369714209817e-06,369.9393548965454
7082.0,0.08379577619905831,6974.0,6974.0,0.0,6.5648839552030846e-06,369.94296312332153
7083.0,0.08371198042285925,6974.0,6974.0,0.0,6.486928225872124e-06,369.9467179775238
7084.0,0.0836282684424364,6974.0,6974.0,0.0,6.409821546851977e-06,369.9504909515381
7085.0,0.08354464017399396,6974.0,6974.0,1.0,6.333555583184375e-06,369.9542438983917
7086.0,0.08346109553381997,6974.0,6974.0,2.0,6.258122071686473e-06,369.9578368663788
7087.0,0.08337763443828615,6974.0,6974.0,0.0,6.183512820434156e-06,369.9613971710205
7088.0,0.08329425680384786,6974.0,6974.0,0.0,6.1097197082480215e-06,369.96501207351685
7089.0,0.083210962547044,6974.0,6974.0,1.0,6.036734684182209e-06,369.9686670303345
7090.0,0.08312775158449696,6974.0,6974.0,0.0,5.964549767016034e-06,369.9722499847412
7091.0,0.08304462383291247,6974.0,6974.0,2.0,5.893157044748305e-06,369.97585892677307
7092.0,0.08296157920907957,6974.0,6974.0,1.0,5.82254867409445e-06,369.9797019958496
7093.0,0.08287861762987049,6974.0,6974.0,0.0,5.75271687998648e-06,369.98338890075684
7094.0,0.08279573901224062,6974.0,6974.0,1.0,5.683653955075536e-06,369.9871208667755
7095.0,0.08271294327322838,6974.0,6974.0,0.0,5.615352259237342e-06,369.9907269477844
7096.0,0.08263023032995516,6974.0,6974.0,0.0,5.547804219080273e-06,369.9944269657135
7097.0,0.08254760009962521,6974.0,6974.0,0.0,5.481002327456176e-06,369.998095035553
7098.0,0.08246505249952558,6974.0,6974.0,1.0,5.414939142973981e-06,370.00169706344604
7099.0,0.08238258744702606,6974.0,6974.0,0.0,5.349607289515935e-06,370.0053708553314
7100.0,0.08230020485957903,6974.0,6974.0,0.0,5.284999455756565e-06,370.0090410709381
7101.0,0.08221790465471945,6974.0,6974.0,0.0,5.221108394684326e-06,370.0129129886627
7102.0,0.08213568675006473,6974.0,6974.0,2.0,5.1579269231259925e-06,370.0166847705841
7103.0,0.08205355106331466,6974.0,6974.0,0.0,5.095447921273659e-06,370.02039790153503
7104.0,0.08197149751225134,6974.0,6974.0,0.0,5.03366433221442e-06,370.0239839553833
7105.0,0.08188952601473909,6974.0,6974.0,1.0,4.972569161462745e-06,370.027694940567
7106.0,0.08180763648872436,6974.0,6974.0,1.0,4.912155476495516e-06,370.0313608646393
7107.0,0.08172582885223563,6974.0,6974.0,0.0,4.852416406289635e-06,370.0351369380951
7108.0,0.08164410302338339,6974.0,6974.0,0.0,4.793345140862346e-06,370.0387420654297
7109.0,0.08156245892036,6974.0,6974.0,0.0,4.734934930814184e-06,370.0425407886505
7110.0,0.08148089646143965,6974.0,6974.0,0.0,4.6771790868745145e-06,370.0463938713074
7111.0,0.0813994155649782,6974.0,6974.0,0.0,4.620070979449651e-06,370.0499930381775
7112.0,0.08131801614941322,6974.0,6974.0,0.0,4.563604038173683e-06,370.0535078048706
7113.0,0.08123669813326381,6974.0,6974.0,0.0,4.507771751461805e-06,370.05735516548157
7114.0,0.08115546143513055,6974.0,6974.0,0.0,4.452567666066316e-06,370.06100487709045
7115.0,0.08107430597369543,6974.0,6974.0,0.0,4.397985386635065e-06,370.06478691101074
7116.0,0.08099323166772174,6974.0,6974.0,0.0,4.344018575272652e-06,370.0683169364929
7117.0,0.08091223843605401,6974.0,6974.0,0.0,4.290660951104039e-06,370.07183599472046
7118.0,0.08083132619761796,6974.0,6974.0,0.0,4.2379062898408225e-06,370.07549715042114
7119.0,0.08075049487142034,6974.0,6974.0,0.0,4.18574842334996e-06,370.0791928768158
7120.0,0.08066974437654892,6974.0,6974.0,1.0,4.134181239225078e-06,370.082710981369
7121.0,0.08058907463217237,6974.0,6974.0,0.0,4.083198680360387e-06,370.0864610671997
7122.0,0.0805084855575402,6974.0,6974.0,1.0,4.0327947445269444e-06,370.0900008678436
7123.0,0.08042797707198265,6974.0,6974.0,0.0,3.98296348395159e-06,370.0935158729553
7124.0,0.08034754909491067,6974.0,6974.0,0.0,3.933699004898329e-06,370.0971920490265
7125.0,0.08026720154581575,6974.0,6974.0,1.0,3.884995467252154e-06,370.1007649898529
7126.0,0.08018693434426993,6974.0,6974.0,2.0,3.836847084105484e-06,370.1043951511383
7127.0,0.08010674740992567,6974.0,6974.0,1.0,3.789248121346945e-06,370.10801100730896
7128.0,0.08002664066251575,6974.0,6974.0,1.0,3.7421928972526758e-06,370.11161613464355
7129.0,0.07994661402185323,6974.0,6974.0,0.0,3.6956757820801535e-06,370.11525297164917
7130.0,0.07986666740783137,6974.0,6974.0,0.0,3.6496911976643797e-06,370.1187689304352
7131.0,0.07978680074042353,6974.0,6974.0,0.0,3.6042336170165604e-06,370.12252712249756
7132.0,0.07970701393968312,6974.0,6974.0,0.0,3.559297563925197e-06,370.1262559890747
7133.0,0.07962730692574344,6974.0,6974.0,2.0,3.5148776125596284e-06,370.1299149990082
7134.0,0.07954767961881769,6974.0,6974.0,1.0,3.470968387075963e-06,370.13356494903564
7135.0,0.07946813193919887,6974.0,6974.0,1.0,3.4275645612254676e-06,370.13734698295593
7136.0,0.07938866380725967,6974.0,6974.0,0.0,3.3846608579652908e-06,370.1408259868622
7137.0,0.07930927514345242,6974.0,6974.0,2.0,3.3422520490716084e-06,370.1444470882416
7138.0,0.07922996586830897,6974.0,6974.0,0.0,3.300332954755179e-06,370.1481261253357
7139.0,0.07915073590244066,6974.0,6974.0,0.0,3.2588984432792344e-06,370.1516959667206
7140.0,0.07907158516653823,6974.0,6974.0,0.0,3.217943430579731e-06,370.1553318500519
7141.0,0.07899251358137169,6974.0,6974.0,2.0,3.177462879887996e-06,370.15891289711
7142.0,0.07891352106779032,6974.0,6974.0,1.0,3.137451801355695e-06,370.1625769138336
7143.0,0.07883460754672253,6974.0,6974.0,0.0,3.097905251682126e-06,370.16619205474854
7144.0,0.07875577293917581,6974.0,6974.0,0.0,3.0588183337438594e-06,370.16972494125366
7145.0,0.07867701716623664,6974.0,6974.0,0.0,3.0201861962267183e-06,370.1733908653259
7146.0,0.0785983401490704,6974.0,6974.0,1.0,2.982004033260008e-06,370.17700600624084
7147.0,0.07851974180892132,6974.0,6974.0,1.0,2.9442670840531153e-06,370.1805729866028
7148.0,0.0784412220671124,6974.0,6974.0,0.0,2.906970632534373e-06,370.1841938495636
7149.0,0.07836278084504529,6974.0,6974.0,0.0,2.870110006992177e-06,370.187695980072
7150.0,0.07828441806420025,6974.0,6974.0,0.0,2.8336805797184576e-06,370.19124484062195
7151.0,0.07820613364613604,6974.0,6974.0,2.0,2.797677766654317e-06,370.1948528289795
7152.0,0.07812792751248991,6974.0,6974.0,1.0,2.7620970270380183e-06,370.1985139846802
7153.0,0.07804979958497742,6974.0,6974.0,0.0,2.7269338630551522e-06,370.2021300792694
7154.0,0.07797174978539244,6974.0,6974.0,2.0,2.69218381949109e-06,370.20571303367615
7155.0,0.07789377803560704,6974.0,6974.0,1.0,2.657842483385624e-06,370.20936608314514
7156.0,0.07781588425757144,6974.0,6974.0,2.0,2.6239054836898898e-06,370.21302580833435
7157.0,0.07773806837331387,6974.0,6974.0,0.0,2.5903684909254187e-06,370.2165877819061
7158.0,0.07766033030494056,6974.0,6974.0,0.0,2.5572272168454684e-06,370.2200620174408
7159.0,0.07758266997463562,6974.0,6974.0,1.0,2.5244774140985084e-06,370.2236728668213
7160.0,0.07750508730466098,6974.0,6974.0,1.0,2.492114875893899e-06,370.22730779647827
7161.0,0.07742758221735632,6974.0,6974.0,2.0,2.4601354356697437e-06,370.2309091091156
7162.0,0.07735015463513896,6974.0,6974.0,0.0,2.4285349667629003e-06,370.234472990036
7163.0,0.07727280448050382,6974.0,6974.0,1.0,2.3973093820811846e-06,370.23805594444275
7164.0,0.07719553167602332,6974.0,6974.0,1.0,2.366454633777675e-06,370.24176812171936
7165.0,0.0771183361443473,6974.0,6974.0,1.0,2.335966712927185e-06,370.2454948425293
7166.0,0.07704121780820294,6974.0,6974.0,0.0,2.305841649204863e-06,370.24902415275574
7167.0,0.07696417659039474,6974.0,6974.0,1.0,2.276075510566898e-06,370.2524449825287
7168.0,0.07688721241380435,6974.0,6974.0,0.0,2.2466644029333675e-06,370.2560658454895
7169.0,0.07681032520139054,6974.0,6974.0,0.0,2.217604469873156e-06,370.25964975357056
7170.0,0.07673351487618915,6974.0,6974.0,1.0,2.188891892290977e-06,370.2632100582123
7171.0,0.07665678136131296,6974.0,6974.0,0.0,2.1605228881165042e-06,370.2668240070343
7172.0,0.07658012457995164,6974.0,6974.0,0.0,2.1324937119955374e-06,370.2704908847809
7173.0,0.07650354445537169,6974.0,6974.0,0.0,2.104800654983254e-06,370.27397203445435
7174.0,0.07642704091091632,6974.0,6974.0,1.0,2.07744004423954e-06,370.2774350643158
7175.0,0.0763506138700054,6974.0,6974.0,1.0,2.050408242726323e-06,370.2809088230133
7176.0,0.0762742632561354,6974.0,6974.0,0.0,2.023701648906991e-06,370.2844970226288
7177.0,0.07619798899287926,6974.0,6974.0,0.0,1.997316696447787e-06,370.2880778312683
7178.0,0.07612179100388639,6974.0,6974.0,0.0,1.971249853921306e-06,370.2916669845581
7179.0,0.0760456692128825,6974.0,6974.0,1.0,1.945497624511898e-06,370.29532980918884
7180.0,0.07596962354366962,6974.0,6974.0,0.0,1.9200565457231767e-06,370.2988760471344
7181.0,0.07589365392012595,6974.0,6974.0,0.0,1.894923189087438e-06,370.30248618125916
7182.0,0.07581776026620583,6974.0,6974.0,1.0,1.870094159877133e-06,370.3061730861664
7183.0,0.07574194250593963,6974.0,6974.0,0.0,1.8455660968182546e-06,370.309720993042
7184.0,0.07566620056343369,6974.0,6974.0,0.0,1.821335671805727e-06,370.31353306770325
7185.0,0.07559053436287026,6974.0,6974.0,0.0,1.7973995896207532e-06,370.31702518463135
7186.0,0.07551494382850739,6974.0,6974.0,0.0,1.773754587650079e-06,370.3206329345703
7187.0,0.07543942888467887,6974.0,6974.0,0.0,1.7503974356072465e-06,370.32430815696716
7188.0,0.0753639894557942,6974.0,6974.0,0.0,1.7273249352557249e-06,370.32794189453125
7189.0,0.07528862546633841,6974.0,6974.0,0.0,1.7045339201339887e-06,370.33156299591064
7190.0,0.07521333684087207,6974.0,6974.0,1.0,1.6820212552825093e-06,370.3352279663086
7191.0,0.0751381235040312,6974.0,6974.0,1.0,1.6597838369726388e-06,370.33875584602356
7192.0,0.07506298538052718,6974.0,6974.0,1.0,1.6378185924373923e-06,370.34235405921936
7193.0,0.07498792239514665,6974.0,6974.0,1.0,1.616122479604123e-06,370.34605407714844
7194.0,0.0749129344727515,6974.0,6974.0,0.0,1.5946924868290513e-06,370.3496549129486
7195.0,0.07483802153827876,6974.0,6974.0,0.0,1.5735256326336794e-06,370.3531768321991
7196.0,0.07476318351674048,6974.0,6974.0,1.0,1.5526189654430495e-06,370.35669589042664
7197.0,0.07468842033322375,6974.0,6974.0,0.0,1.5319695633258685e-06,370.3602488040924
7198.0,0.07461373191289052,6974.0,6974.0,1.0,1.5115745337364417e-06,370.3638319969177
7199.0,0.07453911818097762,6974.0,6974.0,0.0,1.4914310132584808e-06,370.36746978759766
7200.0,0.07446457906279665,6974.0,6974.0,0.0,1.4715361673506816e-06,370.371052980423
7201.0,0.07439011448373385,6974.0,6974.0,1.0,1.4518871900941606e-06,370.3746609687805
7202.0,0.07431572436925012,6974.0,6974.0,0.0,1.4324813039416502e-06,370.3783528804779
7203.0,0.07424140864488087,6974.0,6974.0,0.0,1.4133157594685375e-06,370.3819479942322
7204.0,0.07416716723623598,6974.0,6974.0,0.0,1.3943878351256423e-06,370.3855140209198
7205.0,0.07409300006899974,6974.0,6974.0,2.0,1.3756948369937978e-06,370.3892891407013
7206.0,0.07401890706893074,6974.0,6974.0,1.0,1.3572340985402024e-06,370.3928768634796
7207.0,0.07394488816186182,6974.0,6974.0,1.0,1.3390029803764964e-06,370.3965210914612
7208.0,0.07387094327369996,6974.0,6974.0,0.0,1.3209988700186344e-06,370.4001979827881
7209.0,0.07379707233042626,6974.0,6974.0,0.0,1.3032191816484608e-06,370.4037878513336
7210.0,0.07372327525809584,6974.0,6974.0,0.0,1.2856613558770333e-06,370.40736198425293
7211.0,0.07364955198283775,6974.0,6974.0,0.0,1.2683228595096748e-06,370.41090202331543
7212.0,0.0735759024308549,6974.0,6974.0,0.0,1.2512011853127177e-06,370.4146239757538
7213.0,0.07350232652842405,6974.0,6974.0,1.0,1.2342938517819853e-06,370.41830110549927
7214.0,0.07342882420189563,6974.0,6974.0,0.0,1.2175984029129327e-06,370.4220039844513
7215.0,0.07335539537769373,6974.0,6974.0,1.0,1.201112407972501e-06,370.4254369735718
7216.0,0.07328203998231603,6974.0,6974.0,2.0,1.1848334612726445e-06,370.42919087409973
7217.0,0.07320875794233371,6974.0,6974.0,0.0,1.1687591819455206e-06,370.43285489082336
7218.0,0.07313554918439137,6974.0,6974.0,1.0,1.1528872137203468e-06,370.43649101257324
7219.0,0.07306241363520698,6974.0,6974.0,1.0,1.1372152247019096e-06,370.4400999546051
7220.0,0.07298935122157177,6974.0,6974.0,1.0,1.121740907150714e-06,370.44363713264465
7221.0,0.0729163618703502,6974.0,6974.0,0.0,1.1064619772647685e-06,370.44721484184265
7222.0,0.07284344550847985,6974.0,6974.0,1.0,1.0913761749629969e-06,370.4507977962494
7223.0,0.07277060206297137,6974.0,6974.0,0.0,1.0764812636702664e-06,370.45436906814575
7224.0,0.0726978314609084,6974.0,6974.0,0.0,1.0617750301040252e-06,370.4579429626465
7225.0,0.07262513362944749,6974.0,6974.0,0.0,1.0472552840625376e-06,370.46152782440186
7226.0,0.07255250849581804,6974.0,6974.0,0.0,1.032919858214719e-06,370.46511912345886
7227.0,0.07247995598732222,6974.0,6974.0,0.0,1.0187666078915327e-06,370.4686830043793
7228.0,0.0724074760313349,6974.0,6974.0,1.0,1.0047934108789885e-06,370.4722421169281
7229.0,0.07233506855530357,6974.0,6974.0,0.0,9.909981672126742e-07,370.4759178161621
7230.0,0.07226273348674826,6974.0,6974.0,0.0,9.773787989738845e-07,370.47972798347473
7231.0,0.07219047075326152,6974.0,6974.0,0.0,9.639332500872549e-07,370.483314037323
7232.0,0.07211828028250826,6974.0,6974.0,1.0,9.506594861199654e-07,370.4869520664215
7233.0,0.07204616200222576,6974.0,6974.0,1.0,9.375554940824585e-07,370.49056911468506
7234.0,0.07197411584022353,6974.0,6974.0,1.0,9.246192822306928e-07,370.4940917491913
7235.0,0.0719021417243833,6974.0,6974.0,0.0,9.118488798698936e-07,370.4978039264679
7236.0,0.07183023958265893,6974.0,6974.0,0.0,8.992423371598335e-07,370.50134801864624
7237.0,0.07175840934307627,6974.0,6974.0,0.0,8.867977249215792e-07,370.5049889087677
7238.0,0.07168665093373319,6974.0,6974.0,1.0,8.745131344457501e-07,370.5085299015045
7239.0,0.07161496428279945,6974.0,6974.0,1.0,8.623866773022531e-07,370.5121281147003
7240.0,0.07154334931851665,6974.0,6974.0,0.0,8.504164851514774e-07,370.5156760215759
7241.0,0.07147180596919814,6974.0,6974.0,0.0,8.386007095569669e-07,370.5193109512329
7242.0,0.07140033416322894,6974.0,6974.0,0.0,8.269375217995356e-07,370.5229148864746
7243.0,0.07132893382906572,6974.0,6974.0,0.0,8.154251126928402e-07,370.52645993232727
7244.0,0.07125760489523665,6974.0,6974.0,0.0,8.040616924003801e-07,370.53001713752747
7245.0,0.07118634729034141,6974.0,6974.0,0.0,7.928454902539401e-07,370.53363704681396
7246.0,0.07111516094305108,6974.0,6974.0,1.0,7.817747545734388e-07,370.53720688819885
7247.0,0.07104404578210803,6974.0,6974.0,0.0,7.708477524882042e-07,370.5407819747925
7248.0,0.07097300173632592,6974.0,6974.0,0.0,7.600627697596483e-07,370.54436898231506
7249.0,0.0709020287345896,6974.0,6974.0,2.0,7.494181106053361e-07,370.5479459762573
7250.0,0.07083112670585501,6974.0,6974.0,1.0,7.389120975244516e-07,370.5514888763428
7251.0,0.07076029557914915,6974.0,6974.0,1.0,7.28543071124632e-07,370.5551450252533
7252.0,0.07068953528357,6974.0,6974.0,0.0,7.183093899501902e-07,370.55887603759766
7253.0,0.07061884574828643,6974.0,6974.0,0.0,7.082094303116831e-07,370.56239080429077
7254.0,0.07054822690253815,6974.0,6974.0,2.0,6.982415861168485e-07,370.56622290611267
7255.0,0.0704776786756356,6974.0,6974.0,0.0,6.884042687028876e-07,370.56967997550964
7256.0,0.07040720099695998,6974.0,6974.0,0.0,6.786959066700877e-07,370.5731449127197
7257.0,0.07033679379596301,6974.0,6974.0,1.0,6.691149457167693e-07,370.5767288208008
7258.0,0.07026645700216705,6974.0,6974.0,1.0,6.596598484755714e-07,370.5802628993988
7259.0,0.07019619054516488,6974.0,6974.0,1.0,6.503290943510369e-07,370.58402490615845
7260.0,0.0701259943546197,6974.0,6974.0,0.0,6.411211793585162e-07,370.58775520324707
7261.0,0.07005586836026509,6974.0,6974.0,2.0,6.320346159643725e-07,370.5912358760834
7262.0,0.06998581249190482,6974.0,6974.0,1.0,6.2306793292746e-07,370.5948398113251
7263.0,0.06991582667941292,6974.0,6974.0,0.0,6.142196751419182e-07,370.5985028743744
7264.0,0.0698459108527335,6974.0,6974.0,0.0,6.054884034812103e-07,370.6020929813385
7265.0,0.06977606494188077,6974.0,6974.0,1.0,5.968726946434511e-07,370.60568404197693
7266.0,0.06970628887693889,6974.0,6974.0,0.0,5.883711409979882e-07,370.6093940734863
7267.0,0.06963658258806195,6974.0,6974.0,0.0,5.799823504332323e-07,370.61300802230835
7268.0,0.06956694600547389,6974.0,6974.0,1.0,5.717049462057387e-07,370.61661291122437
7269.0,0.06949737905946841,6974.0,6974.0,0.0,5.635375667905229e-07,370.62024688720703
7270.0,0.06942788168040895,6974.0,6974.0,1.0,5.554788657326074e-07,370.62390518188477
7271.0,0.06935845379872854,6973.0,6973.0,1.0,5.47527511499786e-07,370.62749695777893
7272.0,0.06928909534492982,6973.0,6973.0,1.0,5.396821873366059e-07,370.6312379837036
7273.0,0.06921980624958489,6973.0,6973.0,0.0,5.31941591119556e-07,370.63495683670044
7274.0,0.0691505864433353,6973.0,6973.0,1.0,5.24304435213452e-07,370.6385729312897
7275.0,0.06908143585689196,6973.0,6973.0,0.0,5.167694463290158e-07,370.64219403266907
7276.0,0.06901235442103507,6973.0,6973.0,0.0,5.093353653816332e-07,370.6459400653839
7277.0,0.06894334206661402,6972.0,6972.0,1.0,5.020009473512931e-07,370.64953780174255
7278.0,0.06887439872454741,6972.0,6972.0,1.0,4.947649611436937e-07,370.65324091911316
7279.0,0.06880552432582286,6972.0,6972.0,0.0,4.876261894525018e-07,370.6568877696991
7280.0,0.06873671880149704,6972.0,6972.0,1.0,4.80583428622784e-07,370.66040301322937
7281.0,0.06866798208269555,6972.0,6972.0,0.0,4.7363548851556274e-07,370.66406297683716
7282.0,0.06859931410061285,6972.0,6972.0,0.0,4.6678119237352383e-07,370.667683839798
7283.0,0.06853071478651224,6972.0,6972.0,0.0,4.600193766878546e-07,370.6711881160736
7284.0,0.06846218407172572,6972.0,6972.0,2.0,4.5334889106619956e-07,370.6747679710388
7285.0,0.068393721887654,6972.0,6972.0,0.0,4.467685981017414e-07,370.6783208847046
7286.0,0.06832532816576634,6972.0,6972.0,0.0,4.4027737324337657e-07,370.6818699836731
7287.0,0.06825700283760057,6972.0,6972.0,0.0,4.3387410466701676e-07,370.68544006347656
7288.0,0.06818874583476296,6972.0,6972.0,0.0,4.2755769314795606e-07,370.6890239715576
7289.0,0.0681205570889282,6972.0,6972.0,1.0,4.2132705193435095e-07,370.69263911247253
7290.0,0.06805243653183927,6972.0,6972.0,0.0,4.1518110662176594e-07,370.6961839199066
7291.0,0.06798438409530744,6972.0,6972.0,1.0,4.091187950287925e-07,370.6996691226959
7292.0,0.06791639971121213,6972.0,6972.0,1.0,4.0313906707374327e-07,370.7031891345978
7293.0,0.06784848331150092,6972.0,6972.0,1.0,3.972408846523975e-07,370.7069170475006
7294.0,0.06778063482818943,6972.0,6972.0,1.0,3.9142322151679765e-07,370.71048307418823
7295.0,0.06771285419336123,6972.0,6972.0,0.0,3.85685063155095e-07,370.71413683891296
7296.0,0.06764514133916787,6972.0,6972.0,1.0,3.800254066724306e-07,370.7177839279175
7297.0,0.0675774961978287,6972.0,6972.0,0.0,3.744432606728475e-07,370.72140979766846
7298.0,0.06750991870163087,6972.0,6972.0,0.0,3.689376451422242e-07,370.72509694099426
7299.0,0.06744240878292923,6972.0,6972.0,1.0,3.63507591332227e-07,370.72874879837036
7300.0,0.0673749663741463,6972.0,6972.0,2.0,3.581521416452736e-07,370.7325189113617
7301.0,0.06730759140777216,6972.0,6972.0,0.0,3.52870349520494e-07,370.73608899116516
7302.0,0.06724028381636439,6972.0,6972.0,0.0,3.476612793206941e-07,370.7396459579468
7303.0,0.06717304353254802,6972.0,6972.0,0.0,3.4252400622030226e-07,370.7433500289917
7304.0,0.06710587048901548,6972.0,6972.0,0.0,3.3745761609430646e-07,370.74709486961365
7305.0,0.06703876461852647,6972.0,6972.0,2.0,3.3246120540815276e-07,370.750559091568
7306.0,0.06697172585390794,6972.0,6972.0,0.0,3.275338811086286e-07,370.7543351650238
7307.0,0.06690475412805404,6972.0,6972.0,2.0,3.2267476051569894e-07,370.75789284706116
7308.0,0.06683784937392598,6972.0,6972.0,0.0,3.1788297121529647e-07,370.76142287254333
7309.0,0.06677101152455205,6972.0,6972.0,0.0,3.1315765095306843e-07,370.76502799987793
7310.0,0.0667042405130275,6972.0,6972.0,0.0,3.084979475290584e-07,370.76855087280273
7311.0,0.06663753627251447,6972.0,6972.0,2.0,3.0390301869332374e-07,370.7721700668335
7312.0,0.06657089873624195,6972.0,6972.0,1.0,2.9937203204248635e-07,370.77578711509705
7313.0,0.0665043278375057,6972.0,6972.0,2.0,2.9490416491720226e-07,370.7794189453125
7314.0,0.0664378235096682,6972.0,6972.0,0.0,2.904986043005478e-07,370.7829930782318
7315.0,0.06637138568615854,6972.0,6972.0,0.0,2.861545467173152e-07,370.7865879535675
7316.0,0.06630501430047238,6972.0,6972.0,0.0,2.818711981342099e-07,370.790155172348
7317.0,0.06623870928617191,6972.0,6972.0,1.0,2.7764777386094654e-07,370.7937500476837
7318.0,0.06617247057688574,6972.0,6972.0,0.0,2.734834984522325e-07,370.79736614227295
7319.0,0.06610629810630886,6972.0,6972.0,1.0,2.6937760561063546e-07,370.80105996131897
7320.0,0.06604019180820254,6972.0,6972.0,0.0,2.6532933809032896e-07,370.80473613739014
7321.0,0.06597415161639435,6972.0,6972.0,1.0,2.6133794760171077e-07,370.8083658218384
7322.0,0.06590817746477795,6972.0,6972.0,0.0,2.574026947168781e-07,370.81208300590515
7323.0,0.06584226928731317,6972.0,6972.0,0.0,2.5352284877597135e-07,370.81573700904846
7324.0,0.06577642701802586,6972.0,6972.0,0.0,2.496976877943645e-07,370.8195700645447
7325.0,0.06571065059100784,6972.0,6972.0,0.0,2.459264983706987e-07,370.823362827301
7326.0,0.06564493994041683,6972.0,6972.0,1.0,2.422085755957629e-07,370.8269739151001
7327.0,0.0655792950004764,6972.0,6972.0,1.0,2.385432229622004e-07,370.8306288719177
7328.0,0.06551371570547593,6972.0,6972.0,1.0,2.3492975227505087e-07,370.8342809677124
7329.0,0.06544820198977046,6972.0,6972.0,0.0,2.3136748356310434e-07,370.8379189968109
7330.0,0.06538275378778069,6972.0,6972.0,0.0,2.2785574499107778e-07,370.8416168689728
7331.0,0.0653173710339929,6972.0,6972.0,0.0,2.2439387277259866e-07,370.84539818763733
7332.0,0.06525205366295891,6972.0,6972.0,0.0,2.2098121108399217e-07,370.84911012649536
7333.0,0.06518680160929595,6972.0,6972.0,1.0,2.1761711197886313e-07,370.85274600982666
7334.0,0.06512161480768665,6972.0,6972.0,1.0,2.1430093530347243e-07,370.856449842453
7335.0,0.06505649319287896,6972.0,6972.0,3.0,2.1103204861289954e-07,370.86010789871216
7336.0,0.06499143669968607,6972.0,6972.0,0.0,2.0780982708797953e-07,370.8636918067932
7337.0,0.06492644526298638,6972.0,6972.0,0.0,2.04633653453019e-07,370.86732387542725
7338.0,0.0648615188177234,6972.0,6972.0,0.0,2.0150291789427882e-07,370.870943069458
7339.0,0.06479665729890567,6972.0,6972.0,0.0,1.9841701797921551e-07,370.8746440410614
7340.0,0.06473186064160677,6972.0,6972.0,2.0,1.953753585764835e-07,370.8782811164856
7341.0,0.06466712878096516,6972.0,6972.0,1.0,1.9237735177668488e-07,370.8819069862366
7342.0,0.0646024616521842,6972.0,6972.0,0.0,1.8942241681386704e-07,370.88550209999084
7343.0,0.06453785919053201,6972.0,6972.0,0.0,1.8650997998775519e-07,370.8890678882599
7344.0,0.06447332133134148,6972.0,6972.0,0.0,1.8363947458672158e-07,370.8927149772644
7345.0,0.06440884801001014,6972.0,6972.0,2.0,1.8081034081148303e-07,370.89633297920227
7346.0,0.06434443916200012,6972.0,6972.0,0.0,1.7802202569951844e-07,370.8999559879303
7347.0,0.06428009472283812,6972.0,6972.0,1.0,1.7527398305020402e-07,370.90355682373047
7348.0,0.06421581462811528,6972.0,6972.0,2.0,1.725656733506624e-07,370.90720081329346
7349.0,0.06415159881348716,6972.0,6972.0,1.0,1.698965637023117e-07,370.9113681316376
7350.0,0.06408744721467367,6972.0,6972.0,1.0,1.672661277481217e-07,370.915011882782
7351.0,0.064023359767459,6972.0,6972.0,1.0,1.64673845600558e-07,370.9185869693756
7352.0,0.06395933640769154,6972.0,6972.0,0.0,1.621192037702223e-07,370.9222090244293
7353.0,0.06389537707128384,6972.0,6972.0,0.0,1.5960169509517176e-07,370.9257538318634
7354.0,0.06383148169421256,6972.0,6972.0,0.0,1.571208186709194e-07,370.92937994003296
7355.0,0.06376765021251835,6972.0,6972.0,0.0,1.5467607978110617e-07,370.93298387527466
7356.0,0.06370388256230583,6972.0,6972.0,0.0,1.5226698982884377e-07,370.936576128006
7357.0,0.06364017867974353,6972.0,6972.0,1.0,1.4989306626871742e-07,370.94022583961487
7358.0,0.06357653850106379,6972.0,6972.0,0.0,1.4755383253944754e-07,370.9437918663025
7359.0,0.06351296196256273,6972.0,6972.0,0.0,1.452488179972035e-07,370.94761085510254
7360.0,0.06344944900060016,6972.0,6972.0,1.0,1.429775578495657e-07,370.9511308670044
7361.0,0.06338599955159957,6972.0,6972.0,1.0,1.4073959309012736e-07,370.954833984375
7362.0,0.06332261355204798,6972.0,6972.0,1.0,1.3853447043373465e-07,370.9584720134735
7363.0,0.06325929093849593,6972.0,6972.0,0.0,1.3636174225235886e-07,370.9621489048004
7364.0,0.06319603164755744,6972.0,6972.0,2.0,1.3422096651159446e-07,370.9657299518585
7365.0,0.06313283561590988,6972.0,6972.0,0.0,1.321117067077788e-07,370.96932315826416
7366.0,0.06306970278029397,6972.0,6972.0,1.0,1.300335318057304e-07,370.9729380607605
7367.0,0.06300663307751368,6972.0,6972.0,0.0,1.2798601617709518e-07,370.9764828681946
7368.0,0.06294362644443617,6972.0,6972.0,0.0,1.2596873953930335e-07,370.9800889492035
7369.0,0.06288068281799174,6972.0,6972.0,0.0,1.239812868951259e-07,370.98376202583313
7370.0,0.06281780213517374,6972.0,6972.0,0.0,1.2202324847282799e-07,370.98746395111084
7371.0,0.06275498433303857,6972.0,6972.0,0.0,1.2009421966691697e-07,370.9911398887634
7372.0,0.06269222934870552,6972.0,6972.0,1.0,1.1819380097947212e-07,370.99473118782043
7373.0,0.06262953711935682,6972.0,6972.0,1.0,1.163215979620642e-07,370.99843096733093
7374.0,0.06256690758223746,6972.0,6972.0,2.0,1.1447722115824596e-07,371.00228095054626
7375.0,0.06250434067465523,6972.0,6972.0,0.0,1.126602860466193e-07,371.0063428878784
7376.0,0.06244183633398057,6972.0,6972.0,0.0,1.108704129844699e-07,371.01001501083374
7377.0,0.062379394497646595,6972.0,6972.0,0.0,1.0910722715196376e-07,371.01378202438354
7378.0,0.06231701510314895,6972.0,6972.0,0.0,1.0737035849690554e-07,371.01736211776733
7379.0,0.062254698088045804,6972.0,6972.0,0.0,1.0565944168004822e-07,371.02102518081665
7380.0,0.06219244338995776,6972.0,6972.0,0.0,1.0397411602095378e-07,371.0247299671173
7381.0,0.0621302509465678,6972.0,6972.0,1.0,1.0231402544439698e-07,371.0284459590912
7382.0,0.06206812069562123,6972.0,6972.0,0.0,1.0067881842731364e-07,371.0321180820465
7383.0,0.06200605257492561,6972.0,6972.0,0.0,9.906814794628055e-08,371.0357520580292
7384.0,0.061944046522350686,6972.0,6972.0,0.0,9.748167142552815e-08,371.03952503204346
7385.0,0.061882102475828336,6972.0,6972.0,1.0,9.591905068548023e-08,371.0431180000305
7386.0,0.06182022037335251,6972.0,6972.0,0.0,9.437995189181767e-08,371.0467138290405
7387.0,0.061758400152979155,6972.0,6972.0,0.0,9.28640455050569e-08,371.0503251552582
7388.0,0.06169664175282617,6972.0,6972.0,0.0,9.137100623064494e-08,371.05396699905396
7389.0,0.06163494511107335,6972.0,6972.0,1.0,8.990051296956221e-08,371.0576798915863
7390.0,0.06157331016596228,6972.0,6972.0,0.0,8.845224876943011e-08,371.06130290031433
7391.0,0.06151173685579631,6972.0,6972.0,0.0,8.702590077612133e-08,371.0653109550476
7392.0,0.061450225118940514,6972.0,6972.0,1.0,8.562116018586324e-08,371.06891894340515
7393.0,0.06138877489382157,6972.0,6972.0,0.0,8.423772219783628e-08,371.07251501083374
7394.0,0.061327386118927754,6972.0,6972.0,1.0,8.28752859672586e-08,371.07613492012024
7395.0,0.061266058732808826,6972.0,6972.0,0.0,8.153355455895503e-08,371.07973885536194
7396.0,0.06120479267407602,6972.0,6972.0,0.0,8.021223490140496e-08,371.0833718776703
7397.0,0.061143587881401944,6972.0,6972.0,0.0,7.891103774126677e-08,371.0869710445404
7398.0,0.06108244429352054,6972.0,6972.0,0.0,7.762967759837201e-08,371.0911478996277
7399.0,0.06102136184922702,6972.0,6972.0,0.0,7.636787272118755e-08,371.0948519706726
7400.0,0.06096034048737779,6972.0,6972.0,1.0,7.512534504274145e-08,371.0984148979187
7401.0,0.06089938014689041,6972.0,6972.0,1.0,7.390182013700511e-08,371.10207295417786
7402.0,0.06083848076674352,6972.0,6972.0,0.0,7.269702717573547e-08,371.1058659553528
7403.0,0.06077764228597678,6972.0,6972.0,1.0,7.1510698885762e-08,371.10940504074097
7404.0,0.0607168646436908,6972.0,6972.0,2.0,7.03425715067262e-08,371.1130130290985
7405.0,0.060656147779047105,6972.0,6972.0,0.0,6.919238474926114e-08,371.1167240142822
7406.0,0.06059549163126806,6972.0,6972.0,0.0,6.805988175361128e-08,371.12046813964844
7407.0,0.06053489613963679,6972.0,6972.0,1.0,6.694480904868735e-08,371.1242399215698
7408.0,0.06047436124349716,6972.0,6972.0,1.0,6.584691651155297e-08,371.12783193588257
7409.0,0.06041388688225366,6972.0,6972.0,3.0,6.476595732733854e-08,371.13150691986084
7410.0,0.06035347299537141,6972.0,6972.0,2.0,6.37016879495796e-08,371.1351828575134
7411.0,0.06029311952237604,6972.0,6972.0,1.0,6.265386806097435e-08,371.1388990879059
7412.0,0.06023282640285366,6972.0,6972.0,0.0,6.162226053455913e-08,371.14235615730286
7413.0,0.06017259357645081,6972.0,6972.0,2.0,6.060663139529402e-08,371.146005153656
7414.0,0.06011242098287436,6972.0,6972.0,0.0,5.960674978205994e-08,371.1496479511261
7415.0,0.06005230856189148,6972.0,6972.0,0.0,5.862238791005863e-08,371.15345191955566
7416.0,0.059992256253329594,6972.0,6972.0,0.0,5.765332103361657e-08,371.157222032547
7417.0,0.05993226399707626,6972.0,6972.0,0.0,5.6699327409384786e-08,371.1608889102936
7418.0,0.05987233173307919,6972.0,6972.0,0.0,5.576018825993343e-08,371.1645369529724
7419.0,0.05981245940134611,6972.0,6972.0,3.0,5.483568773773879e-08,371.1681590080261
7420.0,0.059752646941944765,6972.0,6972.0,0.0,5.39256128895549e-08,371.1717109680176
7421.0,0.05969289429500282,6972.0,6972.0,0.0,5.302975362117051e-08,371.17524099349976
7422.0,0.05963320140070781,6972.0,6972.0,1.0,5.2147902662546366e-08,371.1789710521698
7423.0,0.059573568199307106,6972.0,6972.0,0.0,5.1279855533328e-08,371.1825728416443
7424.0,0.0595139946311078,6972.0,6972.0,1.0,5.042541050873261e-08,371.18612694740295
7425.0,0.05945448063647669,6972.0,6972.0,0.0,4.958436858580567e-08,371.1898090839386
7426.0,0.05939502615584021,6972.0,6972.0,0.0,4.8756533450044015e-08,371.19341802597046
7427.0,0.059335631129684374,6972.0,6972.0,0.0,4.7941711442381556e-08,371.1971368789673
7428.0,0.05927629549855469,6972.0,6972.0,0.0,4.71397115265345e-08,371.2008578777313
7429.0,0.05921701920305614,6972.0,6972.0,1.0,4.635034525670437e-08,371.2044508457184
7430.0,0.05915780218385308,6972.0,6972.0,0.0,4.557342674563202e-08,371.20806097984314
7431.0,0.05909864438166923,6972.0,6972.0,0.0,4.480877263300312e-08,371.21171498298645
7432.0,0.05903954573728756,6972.0,6972.0,0.0,4.40562020541986e-08,371.2152259349823
7433.0,0.05898050619155028,6972.0,6972.0,1.0,4.331553660938984e-08,371.2187080383301
7434.0,0.05892152568535873,6972.0,6972.0,1.0,4.258660033297295e-08,371.2224349975586
7435.0,0.05886260415967337,6972.0,6972.0,1.0,4.1869219663339966e-08,371.22597885131836
7436.0,0.0588037415555137,6972.0,6972.0,0.0,4.11632234129845e-08,371.2295551300049
7437.0,0.05874493781395818,6972.0,6972.0,1.0,4.0468442738936373e-08,371.23315596580505
7438.0,0.058686192876144225,6972.0,6972.0,0.0,3.978471111352553e-08,371.23678708076477
7439.0,0.058627506683268084,6972.0,6972.0,0.0,3.9111864295469004e-08,371.24056792259216
7440.0,0.058568879176584814,6972.0,6972.0,3.0,3.844974030127935e-08,371.24415588378906
7441.0,0.058510310297408226,6972.0,6972.0,0.0,3.779817937699167e-08,371.24775195121765
7442.0,0.058451799987110815,6972.0,6972.0,1.0,3.715702397020528e-08,371.25136280059814
7443.0,0.0583933481871237,6972.0,6972.0,1.0,3.65261187024384e-08,371.25496792793274
7444.0,0.05833495483893658,6972.0,6972.0,0.0,3.5905310341790535e-08,371.2585868835449
7445.0,0.058276619884097644,6972.0,6972.0,0.0,3.529444777591297e-08,371.2621989250183
7446.0,0.058218343264213546,6972.0,6972.0,1.0,3.4693381985280375e-08,371.2657570838928
7447.0,0.05816012492094933,6972.0,6972.0,0.0,3.410196601676531e-08,371.2695288658142
7448.0,0.05810196479602838,6972.0,6972.0,1.0,3.3520054957507665e-08,371.27317094802856
7449.0,0.058043862831232355,6972.0,6972.0,1.0,3.2947505909080496e-08,371.27672600746155
7450.0,0.057985818968401125,6972.0,6972.0,0.0,3.2384177961946546e-08,371.2803840637207
7451.0,0.05792783314943272,6972.0,6972.0,0.0,3.182993217020462e-08,371.2839250564575
7452.0,0.05786990531628329,6972.0,6972.0,1.0,3.1284631526621126e-08,371.28758788108826
7453.0,0.05781203541096701,6972.0,6972.0,0.0,3.074814093794564e-08,371.2911958694458
7454.0,0.05775422337555604,6972.0,6972.0,1.0,3.0220327200506506e-08,371.2948179244995
7455.0,0.057696469152180484,6972.0,6972.0,0.0,2.9701058976084962e-08,371.298376083374
7456.0,0.057638772683028305,6972.0,6972.0,1.0,2.9190206768063342e-08,371.30192589759827
7457.0,0.05758113391034528,6972.0,6972.0,0.0,2.868764289784661e-08,371.3055031299591
7458.0,0.057523552776434936,6972.0,6972.0,0.0,2.8193241481553233e-08,371.3091549873352
7459.0,0.0574660292236585,6972.0,6972.0,0.0,2.770687840697336e-08,371.3127760887146
7460.0,0.057408563194434846,6972.0,6972.0,0.0,2.72284313107907e-08,371.3162441253662
7461.0,0.05735115463124041,6972.0,6972.0,1.0,2.675777955606706e-08,371.31997179985046
7462.0,0.057293803476609166,6972.0,6972.0,0.0,2.6294804209986137e-08,371.32364201545715
7463.0,0.057236509673132555,6972.0,6972.0,0.0,2.583938802185293e-08,371.32730507850647
7464.0,0.05717927316345942,6972.0,6972.0,1.0,2.53914154013482e-08,371.3308539390564
7465.0,0.05712209389029596,6972.0,6972.0,2.0,2.4950772397034395e-08,371.3344600200653
7466.0,0.05706497179640566,6972.0,6972.0,1.0,2.451734667511023e-08,371.3380198478699
7467.0,0.05700790682460926,6972.0,6972.0,1.0,2.4091027498412102e-08,371.3416769504547
7468.0,0.056950898917784654,6972.0,6972.0,1.0,2.3671705705659334e-08,371.3452570438385
7469.0,0.056893948018866866,6972.0,6972.0,2.0,2.325927369094148e-08,371.34898686408997
7470.0,0.056837054070848,6972.0,6972.0,0.0,2.285362538344438e-08,371.35275506973267
7471.0,0.05678021701677715,6972.0,6972.0,0.0,2.245465622741335e-08,371.3563721179962
7472.0,0.05672343679976037,6972.0,6972.0,0.0,2.2062263162350326e-08,371.3598780632019
7473.0,0.05666671336296061,6972.0,6972.0,0.0,2.1676344603443542e-08,371.3635370731354
7474.0,0.05661004664959765,6972.0,6972.0,1.0,2.1296800422226457e-08,371.36699390411377
7475.0,0.05655343660294805,6972.0,6972.0,1.0,2.0923531927464296e-08,371.3705589771271
7476.0,0.0564968831663451,6972.0,6972.0,0.0,2.0556441846265248e-08,371.3742558956146
7477.0,0.05644038628317876,6972.0,6972.0,0.0,2.019543430541497e-08,371.3778021335602
7478.0,0.05638394589689558,6972.0,6972.0,1.0,1.984041481293062e-08,371.3814821243286
7479.0,0.05632756195099869,6972.0,6972.0,0.0,1.9491290239834122e-08,371.3852469921112
7480.0,0.056271234389047686,6972.0,6972.0,0.0,1.9147968802140456e-08,371.3888850212097
7481.0,0.05621496315465864,6972.0,6972.0,0.0,1.881036004306028e-08,371.39241790771484
7482.0,0.05615874819150398,6972.0,6972.0,2.0,1.8478374815413676e-08,371.39600706100464
7483.0,0.05610258944331248,6972.0,6972.0,1.0,1.8151925264253566e-08,371.3995747566223
7484.0,0.05604648685386916,6972.0,6972.0,1.0,1.7830924809695667e-08,371.403156042099
7485.0,0.055990440367015296,6972.0,6972.0,0.0,1.751528812995457e-08,371.40680408477783
7486.0,0.05593444992664828,6972.0,6972.0,0.0,1.720493114458135e-08,371.41041707992554
7487.0,0.05587851547672164,6972.0,6972.0,0.0,1.689977099790303e-08,371.41400504112244
7488.0,0.05582263696124492,6972.0,6972.0,0.0,1.659972604266021e-08,371.41764211654663
7489.0,0.055766814324283674,6972.0,6972.0,0.0,1.630471582384123e-08,371.4211411476135
7490.0,0.055711047509959394,6972.0,6972.0,1.0,1.601466106271132e-08,371.42462396621704
7491.0,0.05565533646244943,6972.0,6972.0,0.0,1.5729483641033856e-08,371.428307056427
7492.0,0.05559968112598698,6972.0,6972.0,1.0,1.544910658548223e-08,371.43189311027527
7493.0,0.055544081444861,6972.0,6972.0,0.0,1.5173454052240193e-08,371.4354078769684
7494.0,0.055488537363416135,6972.0,6972.0,0.0,1.4902451311788545e-08,371.4390308856964
7495.0,0.05543304882605272,6972.0,6972.0,0.0,1.4636024733876893e-08,371.4427080154419
7496.0,0.05537761577722666,6972.0,6972.0,0.0,1.4374101772677013e-08,371.4462831020355
7497.0,0.05532223816144943,6972.0,6972.0,0.0,1.4116610952117942e-08,371.449893951416
7498.0,0.05526691592328798,6972.0,6972.0,1.0,1.3863481851398753e-08,371.45361280441284
7499.0,0.055211649007364694,6972.0,6972.0,0.0,1.3614645090678977e-08,371.45729398727417
7500.0,0.055156437358357326,6972.0,6972.0,2.0,1.3370032316943238e-08,371.46095085144043
7501.0,0.05510128092099897,6972.0,6972.0,1.0,1.3129576190039668e-08,371.46454191207886
7502.0,0.05504617964007797,6972.0,6972.0,3.0,1.2893210368888841e-08,371.46800112724304
7503.0,0.054991133460437894,6972.0,6972.0,0.0,1.2660869497862322e-08,371.47162795066833
7504.0,0.05493614232697745,6972.0,6972.0,2.0,1.243248919332902e-08,371.4751150608063
7505.0,0.05488120618465048,6972.0,6972.0,1.0,1.2208006030366956e-08,371.478590965271
7506.0,0.054826324978465825,6972.0,6972.0,0.0,1.1987357529638844e-08,371.48223996162415
7507.0,0.054771498653487356,6972.0,6972.0,0.0,1.1770482144430439e-08,371.4859049320221
7508.0,0.05471672715483387,6972.0,6972.0,0.0,1.1557319247848658e-08,371.4895529747009
7509.0,0.054662010427679035,6972.0,6972.0,1.0,1.13478091201788e-08,371.4931240081787
7510.0,0.05460734841725136,6972.0,6972.0,1.0,1.1141892936398409e-08,371.49670481681824
7511.0,0.05455274106883411,6972.0,6972.0,2.0,1.0939512753846673e-08,371.5003128051758
7512.0,0.05449818832776527,6972.0,6972.0,0.0,1.074061150004733e-08,371.5040559768677
7513.0,0.054443690139437506,6972.0,6972.0,0.0,1.0545132960683082e-08,371.50754594802856
7514.0,0.054389246449298066,6972.0,6972.0,0.0,1.0353021767720783e-08,371.5113220214844
7515.0,0.054334857202848766,6972.0,6972.0,0.0,1.0164223387684666e-08,371.51487708091736
7516.0,0.05428052234564592,6972.0,6972.0,0.0,9.978684110076898e-09,371.5185329914093
7517.0,0.05422624182330028,6972.0,6972.0,2.0,9.796351035943224e-09,371.5221321582794
7518.0,0.054172015581476975,6972.0,6972.0,0.0,9.617172066582288e-09,371.52572798728943
7519.0,0.054117843565895496,6972.0,6972.0,0.0,9.441095892397253e-09,371.529669046402
7520.0,0.0540637257223296,6972.0,6972.0,1.0,9.268071981887804e-09,371.5332078933716
7521.0,0.05400966199660727,6972.0,6972.0,0.0,9.098050570781269e-09,371.5367488861084
7522.0,0.053955652334610665,6972.0,6972.0,0.0,8.930982651301007e-09,371.5405149459839
7523.0,0.053901696682276054,6972.0,6972.0,0.0,8.76681996157082e-09,371.5441560745239
7524.0,0.05384779498559378,6972.0,6972.0,1.0,8.605514975153811e-09,371.54781794548035
7525.0,0.053793947190608184,6972.0,6972.0,1.0,8.447020890724062e-09,371.5514090061188
7526.0,0.05374015324341758,6972.0,6972.0,0.0,8.291291621869611e-09,371.5550820827484
7527.0,0.05368641309017416,6972.0,6972.0,0.0,8.13828178702553e-09,371.55863785743713
7528.0,0.053632726677083985,6972.0,6972.0,0.0,7.987946699535417e-09,371.5621659755707
7529.0,0.0535790939504069,6972.0,6972.0,0.0,7.840242357839963e-09,371.5658640861511
7530.0,0.05352551485645649,6972.0,6972.0,0.0,7.695125435790915e-09,371.56937289237976
7531.0,0.05347198934160004,6972.0,6972.0,1.0,7.552553273089402e-09,371.5728831291199
7532.0,0.053418517352258436,6972.0,6972.0,0.0,7.4124838658469905e-09,371.576523065567
7533.0,0.05336509883490618,6972.0,6972.0,1.0,7.274875857268108e-09,371.580139875412
7534.0,0.05331173373607127,6972.0,6972.0,0.0,7.139688528452337e-09,371.5837650299072
7535.0,0.0532584220023352,6972.0,6972.0,1.0,7.0068817893156e-09,371.5874309539795
7536.0,0.053205163580332865,6972.0,6972.0,0.0,6.876416169628351e-09,371.59105706214905
7537.0,0.053151958416752534,6972.0,6972.0,1.0,6.748252810169907e-09,371.5946629047394
7538.0,0.053098806458335784,6972.0,6972.0,0.0,6.622353453997185e-09,371.59825897216797
7539.0,0.053045707651877445,6972.0,6972.0,0.0,6.4986804378269875e-09,371.60188698768616
7540.0,0.05299266194422557,6972.0,6972.0,1.0,6.377196683530107e-09,371.60540199279785
7541.0,0.052939669282281346,6972.0,6972.0,0.0,6.257865689736148e-09,371.6089298725128
7542.0,0.05288672961299906,6972.0,6972.0,1.0,6.140651523547794e-09,371.61258697509766
7543.0,0.052833842883386065,6972.0,6972.0,0.0,6.025518812363406e-09,371.616171836853
7544.0,0.05278100904050268,6972.0,6972.0,1.0,5.912432735806186e-09,371.6197278499603
7545.0,0.05272822803146218,6972.0,6972.0,0.0,5.801359017759421e-09,371.62348079681396
7546.0,0.05267549980343072,6972.0,6972.0,0.0,5.692263918505823e-09,371.6271479129791
7547.0,0.05262282430362729,6972.0,6972.0,0.0,5.5851142269704e-09,371.6307590007782
7548.0,0.05257020147932366,6972.0,6972.0,0.0,5.479877253065127e-09,371.6343870162964
7549.0,0.05251763127784434,6972.0,6972.0,0.0,5.376520820134608e-09,371.6380970478058
7550.0,0.052465113646566496,6972.0,6972.0,1.0,5.275013257501337e-09,371.6415901184082
7551.0,0.05241264853291993,6972.0,6972.0,2.0,5.175323393109447e-09,371.64527916908264
7552.0,0.05236023588438701,6972.0,6972.0,1.0,5.077420546265914e-09,371.6489188671112
7553.0,0.05230787564850262,6972.0,6972.0,1.0,4.981274520477715e-09,371.6525149345398
7554.0,0.052255567772854124,6972.0,6972.0,0.0,4.88685559638439e-09,371.6561801433563
7555.0,0.052203312205081266,6972.0,6972.0,1.0,4.7941345247841655e-09,371.6597878932953
7556.0,0.052151108892876184,6972.0,6972.0,0.0,4.703082519753238e-09,371.6633770465851
7557.0,0.05209895778398331,6972.0,6972.0,1.0,4.613671251856647e-09,371.66699504852295
7558.0,0.052046858826199326,6972.0,6972.0,0.0,4.525872841449703e-09,371.6706030368805
7559.0,0.05199481196737313,6972.0,6972.0,0.0,4.43965985206922e-09,371.67425298690796
7560.0,0.05194281715540575,6972.0,6972.0,0.0,4.355005283912998e-09,371.6777079105377
7561.0,0.05189087433825035,6972.0,6972.0,1.0,4.271882567407001e-09,371.68125200271606
7562.0,0.051838983463912094,6972.0,6972.0,0.0,4.190265556858654e-09,371.6849539279938
7563.0,0.05178714448044818,6972.0,6972.0,0.0,4.1101285241958e-09,371.68857192993164
7564.0,0.051735357335967735,6972.0,6972.0,0.0,4.0314461527898194e-09,371.69224095344543
7565.0,0.051683621978631765,6972.0,6972.0,0.0,3.9541935313621086e-09,371.69584012031555
7566.0,0.05163193835665313,6972.0,6972.0,0.0,3.878346147973015e-09,371.6995599269867
7567.0,0.05158030641829648,6972.0,6972.0,0.0,3.8038798840918646e-09,371.70316886901855
7568.0,0.051528726111878184,6972.0,6972.0,0.0,3.730771008747637e-09,371.7068510055542
7569.0,0.0514771973857663,6972.0,6972.0,1.0,3.6589961727588367e-09,371.7105391025543
7570.0,0.051425720188380535,6972.0,6972.0,0.0,3.588532403041829e-09,371.7142610549927
7571.0,0.05137429446819215,6972.0,6972.0,1.0,3.5193570969967116e-09,371.7178330421448
7572.0,0.05132292017372396,6972.0,6972.0,0.0,3.4514480169696424e-09,371.7213761806488
7573.0,0.05127159725355024,6972.0,6972.0,0.0,3.3847832847908073e-09,371.72487902641296
7574.0,0.05122032565629669,6972.0,6972.0,0.0,3.3193413763870465e-09,371.72844982147217
7575.0,0.05116910533064039,6972.0,6972.0,0.0,3.255101116468305e-09,371.73206400871277
7576.0,0.051117936225309746,6972.0,6972.0,0.0,3.1920416732868872e-09,371.73568081855774
7577.0,0.05106681828908444,6972.0,6972.0,1.0,3.1301425534686894e-09,371.7392888069153
7578.0,0.05101575147079535,6972.0,6972.0,0.0,3.0693835969155485e-09,371.7429440021515
7579.0,0.050964735719324555,6972.0,6972.0,0.0,3.0097449717777757e-09,371.7465398311615
7580.0,0.05091377098360523,6972.0,6972.0,0.0,2.9512071694960793e-09,371.75008177757263
7581.0,0.050862857212621626,6972.0,6972.0,1.0,2.8937509999119385e-09,371.7536940574646
7582.0,0.05081199435540901,6972.0,6972.0,0.0,2.837357586445631e-09,371.75728487968445
7583.0,0.0507611823610536,6972.0,6972.0,1.0,2.782008361341074e-09,371.7608280181885
7584.0,0.050710421178692545,6972.0,6972.0,0.0,2.727685060976671e-09,371.7644250392914
7585.0,0.050659710757513854,6972.0,6972.0,0.0,2.6743697212412558e-09,371.76801896095276
7586.0,0.05060905104675634,6972.0,6972.0,0.0,2.62204467297446e-09,371.7715950012207
7587.0,0.05055844199570958,6972.0,6972.0,0.0,2.5706925374705604e-09,371.77522110939026
7588.0,0.05050788355371387,6972.0,6972.0,0.0,2.520296222045103e-09,371.7788140773773
7589.0,0.050457375670160155,6972.0,6972.0,0.0,2.4708389156635365e-09,371.7828948497772
7590.0,0.05040691829449,6972.0,6972.0,0.0,2.4223040846309282e-09,371.78647089004517
7591.0,0.050356511376195505,6972.0,6972.0,1.0,2.374675468342209e-09,371.79018092155457
7592.0,0.05030615486481931,6972.0,6972.0,2.0,2.3279370750920536e-09,371.7938940525055
7593.0,0.05025584870995449,6972.0,6972.0,0.0,2.2820731779436247e-09,371.7974407672882
7594.0,0.050205592861244534,6972.0,6972.0,0.0,2.2370683106555143e-09,371.8008699417114
7595.0,0.05015538726838329,6972.0,6972.0,1.0,2.1929072636661524e-09,371.8044240474701
7596.0,0.05010523188111491,6972.0,6972.0,0.0,2.1495750801348444e-09,371.8081030845642
7597.0,0.0500551266492338,6972.0,6972.0,1.0,2.1070570520388516e-09,371.81177401542664
7598.0,0.050005071522584564,6972.0,6972.0,0.0,2.0653387163257257e-09,371.815367937088
7599.0,0.04995506645106198,6972.0,6972.0,0.0,2.0244058511202263e-09,371.81894993782043
7600.0,0.049905111384610915,6972.0,6972.0,1.0,1.9842444719850676e-09,371.8225197792053
7601.0,0.0498552062732263,6972.0,6972.0,0.0,1.944840828234936e-09,371.8261630535126
7602.0,0.04980535106695307,6972.0,6972.0,0.0,1.9061813993028995e-09,371.8299160003662
7603.0,0.04975554571588612,6972.0,6972.0,1.0,1.8682528911587765e-09,371.83360290527344
7604.0,0.04970579017017023,6972.0,6972.0,0.0,1.8310422327785587e-09,371.83720684051514
7605.0,0.04965608438000006,6972.0,6972.0,0.0,1.794536572664432e-09,371.84080505371094
7606.0,0.049606428295620064,6972.0,6972.0,0.0,1.758723275414598e-09,371.844379901886
7607.0,0.04955682186732444,6972.0,6972.0,0.0,1.7235899183423208e-09,371.8479461669922
7608.0,0.04950726504545712,6972.0,6972.0,0.0,1.6891242881436211e-09,371.85153794288635
7609.0,0.049457757780411664,6972.0,6972.0,1.0,1.6553143776128161e-09,371.8551869392395
7610.0,0.04940830002263125,6972.0,6972.0,0.0,1.6221483824054539e-09,371.85877799987793
7611.0,0.04935889172260862,6972.0,6972.0,0.0,1.5896146978479665e-09,371.8625078201294
7612.0,0.04930953283088601,6972.0,6972.0,0.0,1.5577019157933968e-09,371.86615204811096
7613.0,0.04926022329805512,6972.0,6972.0,1.0,1.5263988215226775e-09,371.86988592147827
7614.0,0.049210963074757065,6972.0,6972.0,0.0,1.495694390690768e-09,371.87347197532654
7615.0,0.049161752111682305,6972.0,6972.0,2.0,1.465577786317155e-09,371.8771638870239
7616.0,0.04911259035957062,6972.0,6972.0,1.0,1.4360383558201057e-09,371.880832195282
7617.0,0.04906347776921105,6972.0,6972.0,0.0,1.4070656280940526e-09,371.8843619823456
7618.0,0.04901441429144184,6972.0,6972.0,1.0,1.3786493106296232e-09,371.8880000114441
7619.0,0.0489653998771504,6972.0,6972.0,0.0,1.350779286675695e-09,371.8915889263153
7620.0,0.04891643447727325,6972.0,6972.0,2.0,1.3234456124429366e-09,371.89523100852966
7621.0,0.048867518042795974,6972.0,6972.0,0.0,1.2966385143483052e-09,371.89875292778015
7622.0,0.04881865052475318,6972.0,6972.0,1.0,1.270348386299921e-09,371.9023208618164
7623.0,0.048769831874228425,6972.0,6972.0,0.0,1.2445657870218518e-09,371.90604186058044
7624.0,0.0487210620423542,6972.0,6972.0,1.0,1.2192814374181627e-09,371.90954303741455
7625.0,0.04867234098031185,6972.0,6972.0,0.0,1.1944862179758495e-09,371.913046836853
7626.0,0.048623668639331534,6972.0,6972.0,0.0,1.1701711662060296e-09,371.9166519641876
7627.0,0.048575044970692205,6972.0,6972.0,2.0,1.146327474122936e-09,371.9202649593353
7628.0,0.048526469925721516,6972.0,6972.0,1.0,1.1229464857601625e-09,371.9239430427551
7629.0,0.04847794345579579,6972.0,6972.0,0.0,1.1000196947237383e-09,371.92765283584595
7630.0,0.048429465512339995,6972.0,6972.0,1.0,1.0775387417814579e-09,371.9313180446625
7631.0,0.048381036046827655,6972.0,6972.0,1.0,1.0554954124880221e-09,371.93493580818176
7632.0,0.04833265501078083,6972.0,6972.0,1.0,1.0338816348455001e-09,371.93871092796326
7633.0,0.04828432235577005,6972.0,6972.0,1.0,1.0126894769986369e-09,371.9422481060028
7634.0,0.04823603803341428,6972.0,6972.0,1.0,9.91911144964543e-10,371.94572710990906
7635.0,0.04818780199538086,6972.0,6972.0,1.0,9.715389803962784e-10,371.94950580596924
7636.0,0.048139614193385485,6972.0,6972.0,0.0,9.515654583799104e-10,371.95316195487976
7637.0,0.0480914745791921,6972.0,6972.0,0.0,9.319831852645455e-10,371.95700097084045
7638.0,0.048043383104612904,6972.0,6972.0,1.0,9.127848965249334e-10,371.96054005622864
7639.0,0.04799533972150829,6972.0,6972.0,1.0,8.939634546561722e-10,371.9641261100769
7640.0,0.04794734438178678,6972.0,6972.0,0.0,8.75511847100069e-10,371.96766805648804
7641.0,0.04789939703740499,6972.0,6972.0,1.0,8.574231842027634e-10,371.9712460041046
7642.0,0.047851497640367585,6972.0,6972.0,0.0,8.396906972031465e-10,371.9748418331146
7643.0,0.04780364614272722,6972.0,6972.0,0.0,8.223077362516673e-10,371.97833704948425
7644.0,0.04775584249658449,6972.0,6972.0,2.0,8.052677684591305e-10,371.9818298816681
7645.0,0.047708086654087906,6972.0,6972.0,2.0,7.88564375975036e-10,371.9854738712311
7646.0,0.04766037856743382,6972.0,6972.0,1.0,7.721912540950781e-10,371.98908400535583
7647.0,0.047612718188866386,6972.0,6972.0,4.0,7.561422093974028e-10,371.9926059246063
7648.0,0.04756510547067752,6972.0,6972.0,1.0,7.404111579072244e-10,371.9963810443878
7649.0,0.04751754036520684,6972.0,6972.0,0.0,7.249921232893895e-10,372.0000321865082
7650.0,0.04747002282484163,6972.0,6972.0,0.0,7.098792350685431e-10,372.0037820339203
7651.0,0.04742255280201679,6972.0,6972.0,0.0,6.95066726876468e-10,372.007493019104
7652.0,0.047375130249214775,6972.0,6972.0,0.0,6.805489347262466e-10,372.01111102104187
7653.0,0.04732775511896556,6972.0,6972.0,0.0,6.663202953128783e-10,372.01468300819397
7654.0,0.04728042736384659,6972.0,6972.0,0.0,6.523753443399595e-10,372.01827788352966
7655.0,0.04723314693648274,6972.0,6972.0,0.0,6.387087148720746e-10,372.0218870639801
7656.0,0.04718591378954626,6972.0,6972.0,0.0,6.253151357125592e-10,372.02552103996277
7657.0,0.04713872787575671,6972.0,6972.0,2.0,6.12189429806231e-10,372.0290870666504
7658.0,0.047091589147880954,6972.0,6972.0,0.0,5.993265126667905e-10,372.03273606300354
7659.0,0.04704449755873307,6972.0,6972.0,0.0,5.86721390828511e-10,372.03634214401245
7660.0,0.04699745306117434,6972.0,6972.0,0.0,5.743691603218906e-10,372.040011882782
7661.0,0.046950455608113166,6972.0,6972.0,0.0,5.622650051729336e-10,372.04412817955017
7662.0,0.046903505152505055,6972.0,6972.0,0.0,5.504041959256978e-10,372.0479099750519
7663.0,0.04685660164735255,6972.0,6972.0,0.0,5.387820881878283e-10,372.05158495903015
7664.0,0.046809745045705196,6972.0,6972.0,1.0,5.273941211986996e-10,372.05518198013306
7665.0,0.04676293530065949,6972.0,6972.0,1.0,5.162358164198932e-10,372.05880403518677
7666.0,0.04671617236535883,6972.0,6972.0,0.0,5.053027761476482e-10,372.0624768733978
7667.0,0.046669456192993466,6972.0,6972.0,1.0,4.945906821470139e-10,372.06613397598267
7668.0,0.046622786736800474,6972.0,6972.0,1.0,4.840952943073679e-10,372.0697560310364
7669.0,0.04657616395006367,6972.0,6972.0,3.0,4.738124493189951e-10,372.0734260082245
7670.0,0.04652958778611361,6972.0,6972.0,0.0,4.6373805937045893e-10,372.0769407749176
7671.0,0.046483058198327494,6972.0,6972.0,0.0,4.5386811086640615e-10,372.0806119441986
7672.0,0.046436575140129166,6972.0,6972.0,0.0,4.4419866316558976e-10,372.0842809677124
7673.0,0.04639013856498904,6972.0,6972.0,1.0,4.3472584733874524e-10,372.0878028869629
7674.0,0.04634374842642405,6972.0,6972.0,0.0,4.2544586494608607e-10,372.09139800071716
7675.0,0.04629740467799763,6972.0,6972.0,2.0,4.1635498683411144e-10,372.09502696990967
7676.0,0.04625110727331963,6972.0,6972.0,0.0,4.074495519514541e-10,372.09867095947266
7677.0,0.04620485616604631,6972.0,6972.0,2.0,3.987259661834996e-10,372.10226011276245
7678.0,0.04615865130988026,6972.0,6972.0,0.0,3.9018070120548485e-10,372.1058578491211
7679.0,0.046112492658570384,6972.0,6972.0,0.0,3.8181029335383786e-10,372.10941100120544
7680.0,0.046066380165911816,6972.0,6972.0,0.0,3.736113425154619e-10,372.11290979385376
7681.0,0.046020313785745906,6972.0,6972.0,1.0,3.655805110347306e-10,372.11649894714355
7682.0,0.04597429347196016,6972.0,6972.0,0.0,3.5771452263792263e-10,372.1203019618988
7683.0,0.0459283191784882,6972.0,6972.0,0.0,3.500101613748345e-10,372.1238570213318
7684.0,0.04588239085930971,6972.0,6972.0,0.0,3.424642705773379e-10,372.127436876297
7685.0,0.0458365084684504,6972.0,6972.0,2.0,3.350737518346257e-10,372.13100814819336
7686.0,0.04579067195998195,6972.0,6972.0,0.0,3.278355639848917e-10,372.13443994522095
7687.0,0.04574488128802197,6972.0,6972.0,1.0,3.207467221232177e-10,372.13813495635986
7688.0,0.045699136406733946,6972.0,6972.0,1.0,3.13804296625432e-10,372.1416931152344
7689.0,0.04565343727032721,6972.0,6972.0,1.0,3.070054121876787e-10,372.1453649997711
7690.0,0.045607783833056886,6972.0,6972.0,0.0,3.003472468814997e-10,372.1489408016205
7691.0,0.04556217604922383,6972.0,6972.0,0.0,2.9382703122417603e-10,372.1525409221649
7692.0,0.045516613873174606,6972.0,6972.0,0.0,2.8744204726410796e-10,372.1561269760132
7693.0,0.04547109725930143,6972.0,6972.0,0.0,2.8118962768102706e-10,372.15967082977295
7694.0,0.045425626162042126,6972.0,6972.0,0.0,2.750671549007904e-10,372.16325211524963
7695.0,0.045380200535880086,6972.0,6972.0,0.0,2.690720602245661e-10,372.16681599617004
7696.0,0.04533482033534421,6972.0,6972.0,0.0,2.6320182297218575e-10,372.17053294181824
7697.0,0.045289485515008866,6972.0,6972.0,0.0,2.574539696394498e-10,372.1741819381714
7698.0,0.04524419602949386,6972.0,6972.0,0.0,2.518260730691859e-10,372.1777927875519
7699.0,0.04519895183346437,6972.0,6972.0,0.0,2.4631575163584274e-10,372.18151903152466
7700.0,0.045153752881630906,6972.0,6972.0,1.0,2.4092066844342695e-10,372.1850769519806
7701.0,0.045108599128749274,6972.0,6972.0,1.0,2.3563853053658187e-10,372.18876910209656
7702.0,0.045063490529620526,6972.0,6972.0,0.0,2.3046708812460362e-10,372.19248604774475
7703.0,0.045018427039090904,6972.0,6972.0,1.0,2.2540413381820386e-10,372.1961159706116
7704.0,0.04497340861205181,6972.0,6972.0,0.0,2.2044750187883124e-10,372.1997449398041
7705.0,0.04492843520343976,6972.0,6972.0,1.0,2.1559506748035664e-10,372.20336389541626
7706.0,0.04488350676823632,6972.0,6972.0,1.0,2.1084474598293072e-10,372.2069818973541
7707.0,0.044838623261468084,6972.0,6972.0,1.0,2.0619449221884833e-10,372.2105710506439
7708.0,0.044793784638206616,6972.0,6972.0,2.0,2.0164229979020968e-10,372.2141761779785
7709.0,0.044748990853568406,6972.0,6972.0,0.0,1.971862003782258e-10,372.2181100845337
7710.0,0.044704241862714836,6972.0,6972.0,1.0,1.9282426306397368e-10,372.22167801856995
7711.0,0.04465953762085212,6972.0,6972.0,0.0,1.8855459366043175e-10,372.22522616386414
7712.0,0.044614878083231266,6972.0,6972.0,0.0,1.8437533405562962e-10,372.2288899421692
7713.0,0.044570263205148036,6972.0,6972.0,0.0,1.8028466156672922e-10,372.23241209983826
7714.0,0.04452569294194289,6972.0,6972.0,1.0,1.7628078830488494e-10,372.235955953598
7715.0,0.04448116724900095,6972.0,6972.0,1.0,1.7236196055070287e-10,372.2396807670593
7716.0,0.04443668608175195,6972.0,6972.0,0.0,1.6852645814015076e-10,372.24314880371094
7717.0,0.0443922493956702,6972.0,6972.0,1.0,1.647725938607456e-10,372.2467119693756
7718.0,0.04434785714627453,6972.0,6972.0,0.0,1.6109871285786658e-10,372.2504541873932
7719.0,0.044303509289128254,6972.0,6972.0,0.0,1.575031920510407e-10,372.2541038990021
7720.0,0.04425920577983913,6972.0,6972.0,1.0,1.539844395600358e-10,372.2577030658722
7721.0,0.044214946574059284,6972.0,6972.0,0.0,1.5054089414062124e-10,372.2613368034363
7722.0,0.04417073162748523,6972.0,6972.0,1.0,1.471710246298416e-10,372.2649669647217
7723.0,0.044126560895857744,6972.0,6972.0,2.0,1.4387332940064854e-10,372.26857900619507
7724.0,0.04408243433496189,6972.0,6972.0,1.0,1.4064633582576335e-10,372.27216506004333
7725.0,0.044038351900626924,6972.0,6972.0,0.0,1.3748859975060523e-10,372.2757349014282
7726.0,0.043994313548726294,6972.0,6972.0,2.0,1.3439870497516108e-10,372.2793529033661
7727.0,0.043950319235177567,6972.0,6972.0,0.0,1.3137526274464746e-10,372.2829818725586
7728.0,0.043906368915942386,6972.0,6972.0,0.0,1.2841691124882801e-10,372.286593914032
7729.0,0.04386246254702644,6972.0,6972.0,0.0,1.255223151298572e-10,372.29034185409546
7730.0,0.043818600084479416,6972.0,6972.0,0.0,1.226901649985098e-10,372.2937870025635
7731.0,0.04377478148439494,6972.0,6972.0,0.0,1.1991917695866707e-10,372.2973871231079
7732.0,0.043731006702910545,6972.0,6972.0,0.0,1.1720809213992862e-10,372.30118680000305
7733.0,0.04368727569620764,6972.0,6972.0,2.0,1.1455567623822499e-10,372.3048210144043
7734.0,0.04364358842051143,6972.0,6972.0,1.0,1.1196071906430058e-10,372.30842185020447
7735.0,0.04359994483209092,6972.0,6972.0,0.0,1.094220340999464e-10,372.3123390674591
7736.0,0.043556344887258826,6972.0,6972.0,0.0,1.0693845806185382e-10,372.31581807136536
7737.0,0.04351278854237157,6972.0,6972.0,0.0,1.045088504729789e-10,372.3193910121918
7738.0,0.043469275753829195,6972.0,6972.0,0.0,1.0213209324128644e-10,372.3231167793274
7739.0,0.04342580647807537,6972.0,6972.0,0.0,9.980709024576493e-11,372.3266398906708
7740.0,0.04338238067159729,6972.0,6972.0,0.0,9.753276692959203e-11,372.33022594451904
7741.0,0.04333899829092569,6972.0,6972.0,1.0,9.530806990033875e-11,372.3337309360504
7742.0,0.043295659292634764,6972.0,6972.0,0.0,9.313196653709957e-11,372.3374800682068
7743.0,0.04325236363334213,6972.0,6972.0,1.0,9.100344460443649e-11,372.34099793434143
7744.0,0.04320911126970879,6972.0,6972.0,0.0,8.892151187302802e-11,372.3446080684662
7745.0,0.04316590215843908,6972.0,6972.0,0.0,8.688519574691846e-11,372.3482620716095
7746.0,0.043122736256280644,6972.0,6972.0,0.0,8.489354289725724e-11,372.35192680358887
7747.0,0.04307961352002437,6972.0,6972.0,0.0,8.294561890242713e-11,372.355584859848
7748.0,0.04303653390650434,6972.0,6972.0,1.0,8.10405078944544e-11,372.3592209815979
7749.0,0.04299349737259783,6972.0,6972.0,0.0,7.917731221160753e-11,372.3628680706024
7750.0,0.042950503875225234,6972.0,6972.0,0.0,7.735515205707171e-11,372.3664438724518
7751.0,0.04290755337135001,6972.0,6972.0,0.0,7.557316516361533e-11,372.3701419830322
7752.0,0.04286464581797866,6972.0,6972.0,1.0,7.38305064641382e-11,372.37374806404114
7753.0,0.04282178117216068,6972.0,6972.0,0.0,7.212634776801685e-11,372.37727093696594
7754.0,0.04277895939098852,6972.0,6972.0,1.0,7.045987744314336e-11,372.38094186782837
7755.0,0.04273618043159753,6972.0,6972.0,1.0,6.883030010357238e-11,372.38454580307007
7756.0,0.04269344425116593,6972.0,6972.0,0.0,6.723683630268156e-11,372.3883101940155
7757.0,0.042650750806914765,6972.0,6972.0,0.0,6.567872223175251e-11,372.39193511009216
7758.0,0.04260810005610785,6972.0,6972.0,0.0,6.415520942389095e-11,372.39558577537537
7759.0,0.04256549195605174,6972.0,6972.0,0.0,6.266556446319217e-11,372.3991639614105
7760.0,0.04252292646409569,6972.0,6972.0,1.0,6.120906869906716e-11,372.40280508995056
7761.0,0.04248040353763159,6972.0,6972.0,1.0,5.978501796564736e-11,372.4064531326294
7762.0,0.04243792313409396,6972.0,6972.0,0.0,5.839272230618063e-11,372.4099190235138
7763.0,0.042395485210959864,6972.0,6972.0,0.0,5.703150570233936e-11,372.4135687351227
7764.0,0.0423530897257489,6972.0,6972.0,0.0,5.5700705808356986e-11,372.41718101501465
7765.0,0.04231073663602315,6972.0,6972.0,0.0,5.4399673689916096e-11,372.4210031032562
7766.0,0.04226842589938713,6972.0,6972.0,0.0,5.31277735677061e-11,372.4245550632477
7767.0,0.04222615747348774,6972.0,6972.0,1.0,5.188438256557521e-11,372.4280438423157
7768.0,0.04218393131601426,6972.0,6972.0,0.0,5.0668890463201255e-11,372.4315779209137
7769.0,0.042141747384698246,6972.0,6972.0,1.0,4.948069945320253e-11,372.43522095680237
7770.0,0.04209960563731355,6972.0,6972.0,0.0,4.831922390261965e-11,372.43875217437744
7771.0,0.04205750603167623,6972.0,6972.0,0.0,4.7183890118691056e-11,372.4424111843109
7772.0,0.04201544852564456,6972.0,6972.0,0.0,4.6074136118853607e-11,372.446161031723
7773.0,0.04197343307711891,6972.0,6972.0,1.0,4.4989411404895236e-11,372.4496750831604
7774.0,0.041931459644041796,6972.0,6972.0,0.0,4.3929176741193255e-11,372.4530770778656
7775.0,0.041889528184397756,6972.0,6972.0,0.0,4.289290393696488e-11,372.4567041397095
7776.0,0.04184763865621336,6972.0,6972.0,1.0,4.188007563246866e-11,372.4603238105774
7777.0,0.041805791017557145,6972.0,6972.0,1.0,4.0890185089084564e-11,372.4639151096344
7778.0,0.04176398522653959,6972.0,6972.0,1.0,3.992273598321218e-11,372.4675438404083
7779.0,0.04172222124131305,6972.0,6972.0,0.0,3.8977242203917826e-11,372.4711699485779
7780.0,0.04168049902007174,6972.0,6972.0,1.0,3.805322765427269e-11,372.4749448299408
7781.0,0.04163881852105167,6972.0,6972.0,0.0,3.715022605631431e-11,372.4785659313202
7782.0,0.041597179702530615,6972.0,6972.0,0.0,3.626778075957354e-11,372.48218989372253
7783.0,0.04155558252282809,6972.0,6972.0,1.0,3.54054445531053e-11,372.48590302467346
7784.0,0.04151402694030526,6972.0,6972.0,0.0,3.4562779480962697e-11,372.4895660877228
7785.0,0.041472512913364956,6972.0,6972.0,0.0,3.3739356661057194e-11,372.49319410324097
7786.0,0.04143104040045159,6972.0,6972.0,0.0,3.293475610734756e-11,372.4967260360718
7787.0,0.04138960936005114,6972.0,6972.0,1.0,3.214856655529784e-11,372.50026392936707
7788.0,0.04134821975069109,6972.0,6972.0,1.0,3.138038529055235e-11,372.5039849281311
7789.0,0.0413068715309404,6972.0,6972.0,0.0,3.0629817980769964e-11,372.5075030326843
7790.0,0.041265564659409455,6972.0,6972.0,1.0,2.9896478510564125e-11,372.51100301742554
7791.0,0.04122429909475005,6972.0,6972.0,1.0,2.91799888194957e-11,372.5146629810333
7792.0,0.0411830747956553,6972.0,6972.0,0.0,2.8479978743065852e-11,372.5182087421417
7793.0,0.04114189172085964,6972.0,6972.0,0.0,2.7796085856657383e-11,372.5217180252075
7794.0,0.041100749829138784,6972.0,6972.0,0.0,2.712795532237343e-11,372.52530789375305
7795.0,0.041059649079309646,6972.0,6972.0,0.0,2.647523973872388e-11,372.52900791168213
7796.0,0.04101858943023034,6972.0,6972.0,0.0,2.58375989931101e-11,372.5324881076813
7797.0,0.04097757084080011,6972.0,6972.0,0.0,2.5214700117058547e-11,372.53596591949463
7798.0,0.040936593269959305,6972.0,6972.0,0.0,2.460621714415839e-11,372.53952503204346
7799.0,0.040895656676689346,6972.0,6972.0,0.0,2.4011830970652165e-11,372.5431618690491
7800.0,0.040854761020012655,6972.0,6972.0,1.0,2.343122921863663e-11,372.5466389656067
7801.0,0.040813906258992644,6972.0,6972.0,0.0,2.2864106101826632e-11,372.5502209663391
7802.0,0.04077309235273365,6972.0,6972.0,0.0,2.2310162293838123e-11,372.55399799346924
7803.0,0.04073231926038092,6972.0,6972.0,2.0,2.176910479894561e-11,372.5575261116028
7804.0,0.04069158694112054,6972.0,6972.0,1.0,2.1240646825270986e-11,372.5611529350281
7805.0,0.040650895354179414,6972.0,6972.0,0.0,2.07245076603616e-11,372.5648090839386
7806.0,0.04061024445882523,6972.0,6972.0,0.0,2.0220412549114936e-11,372.56839394569397
7807.0,0.04056963421436641,6972.0,6972.0,0.0,1.972809257400906e-11,372.57215905189514
7808.0,0.04052906458015204,6972.0,6972.0,0.0,1.9247284537598145e-11,372.57562708854675
7809.0,0.04048853551557189,6972.0,6972.0,0.0,1.8777730847233073e-11,372.579115152359
7810.0,0.040448046980056315,6972.0,6972.0,0.0,1.83191794019684e-11,372.58281087875366
7811.0,0.04040759893307626,6972.0,6972.0,1.0,1.7871383481615978e-11,372.58680510520935
7812.0,0.04036719133414318,6972.0,6972.0,0.0,1.743410163790811e-11,372.590518951416
7813.0,0.04032682414280904,6972.0,6972.0,0.0,1.700709758773285e-11,372.59425497055054
7814.0,0.04028649731866623,6972.0,6972.0,0.0,1.659014010840366e-11,372.5980591773987
7815.0,0.040246210821347564,6972.0,6972.0,0.0,1.6183002934928898e-11,372.6016879081726
7816.0,0.04020596461052622,6972.0,6972.0,1.0,1.5785464659244033e-11,372.6052870750427
7817.0,0.04016575864591569,6972.0,6972.0,1.0,1.5397308631372166e-11,372.60891103744507
7818.0,0.04012559288726977,6972.0,6972.0,0.0,1.5018322862478672e-11,372.61248898506165
7819.0,0.040085467294382504,6972.0,6972.0,0.0,1.4648299929786192e-11,372.61620593070984
7820.0,0.04004538182708812,6972.0,6972.0,2.0,1.4287036883315278e-11,372.6198699474335
7821.0,0.04000533644526103,6972.0,6972.0,1.0,1.3934335154420357e-11,372.6235809326172
7822.0,0.03996533110881577,6972.0,6972.0,1.0,1.3590000466086403e-11,372.62714982032776
7823.0,0.03992536577770695,6972.0,6972.0,1.0,1.3253842744956353e-11,372.6307270526886
7824.0,0.03988544041192924,6972.0,6972.0,1.0,1.2925676035057072e-11,372.63436102867126
7825.0,0.03984555497151731,6972.0,6972.0,0.0,1.2605318413193782e-11,372.6379699707031
7826.0,0.03980570941654579,6972.0,6972.0,0.0,1.2292591905982628e-11,372.6416289806366
7827.0,0.03976590370712925,6972.0,6972.0,1.0,1.1987322408491766e-11,372.6452088356018
7828.0,0.03972613780342212,6972.0,6972.0,0.0,1.1689339604461832e-11,372.6490309238434
7829.0,0.0396864116656187,6972.0,6972.0,0.0,1.1398476888077127e-11,372.6527829170227
7830.0,0.03964672525395308,6972.0,6972.0,2.0,1.1114571287259858e-11,372.65638399124146
7831.0,0.03960707852869913,6972.0,6972.0,0.0,1.0837463388458403e-11,372.6599349975586
7832.0,0.03956747145017043,6972.0,6972.0,0.0,1.0566997262903952e-11,372.66350197792053
7833.0,0.03952790397872026,6972.0,6972.0,0.0,1.0303020394308117e-11,372.66700983047485
7834.0,0.03948837607474154,6972.0,6972.0,0.0,1.0045383607974463e-11,372.67084884643555
7835.0,0.03944888769866679,6972.0,6972.0,0.0,9.793941001299402e-12,372.67443895339966
7836.0,0.039409438810968124,6972.0,6972.0,0.0,9.548549875636125e-12,372.67817878723145
7837.0,0.03937002937215715,6972.0,6972.0,1.0,9.30907066949674e-12,372.68181109428406
7838.0,0.039330659342785,6972.0,6972.0,1.0,9.075366893068172e-12,372.6853988170624
7839.0,0.03929132868344221,6972.0,6972.0,1.0,8.847305064017544e-12,372.6890699863434
7840.0,0.03925203735475877,6972.0,6972.0,0.0,8.62475464456347e-12,372.69268894195557
7841.0,0.039212785317404006,6972.0,6972.0,1.0,8.407587979789551e-12,372.69636583328247
7842.0,0.0391735725320866,6972.0,6972.0,0.0,8.195680237177475e-12,372.6999309062958
7843.0,0.03913439895955451,6972.0,6972.0,1.0,7.988909347336934e-12,372.70346999168396
7844.0,0.03909526456059496,6972.0,6972.0,0.0,7.787155945910469e-12,372.7070291042328
7845.0,0.039056169296034365,6972.0,6972.0,0.0,7.590303316630887e-12,372.7106189727783
7846.0,0.039017113126738334,6972.0,6972.0,0.0,7.3982373355106e-12,372.714231967926
7847.0,0.038978096013611595,6972.0,6972.0,0.0,7.2108464161411405e-12,372.717814207077
7848.0,0.038939117917597986,6972.0,6972.0,1.0,7.028021456082685e-12,372.72141695022583
7849.0,0.038900178799680385,6972.0,6972.0,1.0,6.849655784322762e-12,372.72511196136475
7850.0,0.03886127862088071,6972.0,6972.0,0.0,6.675645109784732e-12,372.72884702682495
7851.0,0.03882241734225983,6972.0,6972.0,0.0,6.5058874708658325e-12,372.73250699043274
7852.0,0.03878359492491757,6972.0,6972.0,0.0,6.340283185985907e-12,372.73820304870605
7853.0,0.038744811329992655,6972.0,6972.0,1.0,6.178734805127742e-12,372.74189591407776
7854.0,0.038706066518662666,6972.0,6972.0,0.0,6.021147062350204e-12,372.74618887901306
7855.0,0.038667360452144,6972.0,6972.0,0.0,5.8674268292561584e-12,372.7499029636383
7856.0,0.038628693091691854,6972.0,6972.0,1.0,5.717483069397086e-12,372.7540009021759
7857.0,0.03859006439860016,6972.0,6972.0,0.0,5.571226793596446e-12,372.7581989765167
7858.0,0.03855147433420156,6972.0,6972.0,0.0,5.428571016174959e-12,372.7629871368408
7859.0,0.038512922859867356,6972.0,6972.0,1.0,5.2894307120602736e-12,372.7666828632355
7860.0,0.03847440993700749,6972.0,6972.0,1.0,5.15372277476444e-12,372.7703890800476
7861.0,0.03843593552707048,6972.0,6972.0,0.0,5.0213659752128335e-12,372.7740168571472
7862.0,0.03839749959154341,6972.0,6972.0,0.0,4.892280921408146e-12,372.7777259349823
7863.0,0.03835910209195187,6972.0,6972.0,0.0,4.766390018913694e-12,372.78134512901306
7864.0,0.038320742989859914,6972.0,6972.0,2.0,4.6436174321403794e-12,372.7849769592285
7865.0,0.038282422246870056,6972.0,6972.0,0.0,4.523889046422056e-12,372.78854298591614
7866.0,0.038244139824623186,6972.0,6972.0,0.0,4.40713243086397e-12,372.79218220710754
7867.0,0.03820589568479856,6972.0,6972.0,0.0,4.293276801949949e-12,372.7957730293274
7868.0,0.038167689789113765,6972.0,6972.0,0.0,4.182252987893292e-12,372.79941487312317
7869.0,0.03812952209932465,6972.0,6972.0,1.0,4.073993393717521e-12,372.8029568195343
7870.0,0.038091392577225325,6972.0,6972.0,0.0,3.968431967052611e-12,372.8066358566284
7871.0,0.0380533011846481,6972.0,6972.0,0.0,3.865504164633286e-12,372.8100891113281
7872.0,0.03801524788346345,6972.0,6972.0,1.0,3.765146919485546e-12,372.8137159347534
7873.0,0.037977232635579984,6972.0,6972.0,1.0,3.66729860878827e-12,372.8173930644989
7874.0,0.037939255402944405,6972.0,6972.0,1.0,3.571899022396989e-12,372.8210279941559
7875.0,0.03790131614754146,6972.0,6972.0,2.0,3.478889332016769e-12,372.8246989250183
7876.0,0.037863414831393924,6972.0,6972.0,1.0,3.3882120610117394e-12,372.8282849788666
7877.0,0.03782555141656253,6972.0,6972.0,0.0,3.2998110548390236e-12,372.83214592933655
7878.0,0.03778772586514597,6972.0,6972.0,0.0,3.2136314520947694e-12,372.8356559276581
7879.0,0.03774993813928083,6972.0,6972.0,2.0,3.1296196561604776e-12,372.83912205696106
7880.0,0.03771218820114155,6972.0,6972.0,0.0,3.0477233074378576e-12,372.8428099155426
7881.0,0.037674476012940404,6972.0,6972.0,0.0,2.9678912561608078e-12,372.8467071056366
7882.0,0.037636801536927465,6972.0,6972.0,0.0,2.8900735357732415e-12,372.85020089149475
7883.0,0.03759916473539054,6972.0,6972.0,0.0,2.814221336861556e-12,372.85405802726746
7884.0,0.037561565570655146,6972.0,6972.0,0.0,2.7402869816311395e-12,372.85754895210266
7885.0,0.03752400400508449,6972.0,6972.0,0.0,2.6682238989158925e-12,372.86113810539246
7886.0,0.0374864800010794,6972.0,6972.0,0.0,2.597986599710722e-12,372.86473512649536
7887.0,0.037448993521078326,6972.0,6972.0,0.0,2.5295306532162426e-12,372.8683660030365
7888.0,0.037411544527557246,6972.0,6972.0,1.0,2.462812663386045e-12,372.8720180988312
7889.0,0.03737413298302969,6972.0,6972.0,1.0,2.397790245966301e-12,372.8756220340729
7890.0,0.03733675885004666,6972.0,6972.0,2.0,2.334422006018152e-12,372.8791871070862
7891.0,0.03729942209119662,6972.0,6972.0,0.0,2.2726675159132053e-12,372.88284182548523
7892.0,0.03726212266910542,6972.0,6972.0,0.0,2.212487293792931e-12,372.88627910614014
7893.0,0.03722486054643631,6972.0,6972.0,0.0,2.153842782482618e-12,372.88984990119934
7894.0,0.037187635685889876,6972.0,6972.0,2.0,2.09669632885089e-12,372.8934259414673
7895.0,0.03715044805020399,6972.0,6972.0,2.0,2.0410111636059597e-12,372.8969988822937
7896.0,0.03711329760215379,6972.0,6972.0,0.0,1.9867513815199234e-12,372.9006280899048
7897.0,0.03707618430455163,6972.0,6972.0,0.0,1.9338819220725054e-12,372.90436005592346
7898.0,0.03703910812024708,6972.0,6972.0,0.0,1.8823685505059427e-12,372.9079828262329
7899.0,0.03700206901212683,6972.0,6972.0,1.0,1.8321778392827434e-12,372.9115228652954
7900.0,0.03696506694311471,6972.0,6972.0,0.0,1.7832771499382125e-12,372.9151129722595
7901.0,0.03692810187617159,6972.0,6972.0,0.0,1.735634615319984e-12,372.91863894462585
7902.0,0.03689117377429542,6972.0,6972.0,1.0,1.689219122206619e-12,372.92226219177246
7903.0,0.03685428260052112,6972.0,6972.0,0.0,1.6440002942976816e-12,372.9259080886841
7904.0,0.0368174283179206,6972.0,6972.0,0.0,1.5999484755679564e-12,372.9295690059662
7905.0,0.03678061088960268,6972.0,6972.0,0.0,1.557034713978237e-12,372.9331169128418
7906.0,0.03674383027871308,6972.0,6972.0,0.0,1.5152307455356485e-12,372.9368209838867
7907.0,0.036707086448434366,6972.0,6972.0,0.0,1.4745089786964411e-12,372.9403500556946
7908.0,0.03667037936198593,6972.0,6972.0,0.0,1.434842479104201e-12,372.9438691139221
7909.0,0.03663370898262394,6972.0,6972.0,0.0,1.3962049546567864e-12,372.94744896888733
7910.0,0.03659707527364132,6972.0,6972.0,1.0,1.3585707408952892e-12,372.9510660171509
7911.0,0.03656047819836768,6972.0,6972.0,0.0,1.3219147867084284e-12,372.9546718597412
7912.0,0.03652391772016931,6972.0,6972.0,1.0,1.2862126403460384e-12,372.95834398269653
7913.0,0.03648739380244914,6972.0,6972.0,0.0,1.2514404357352964e-12,372.96191692352295
7914.0,0.03645090640864669,6972.0,6972.0,1.0,1.217574879093493e-12,372.96545481681824
7915.0,0.03641445550223804,6972.0,6972.0,0.0,1.1845932358313363e-12,372.9690330028534
7916.0,0.0363780410467358,6972.0,6972.0,1.0,1.1524733177408406e-12,372.97249484062195
7917.0,0.036341663005689064,6972.0,6972.0,0.0,1.1211934704618783e-12,372.9759781360626
7918.0,0.036305321342683376,6972.0,6972.0,3.0,1.0907325612218393e-12,372.97975301742554
7919.0,0.036269016021340694,6972.0,6972.0,1.0,1.061069966842582e-12,372.98342204093933
7920.0,0.03623274700531935,6972.0,6972.0,0.0,1.0321855620093798e-12,372.98709988594055
7921.0,0.03619651425831403,6972.0,6972.0,1.0,1.0040597077963315e-12,372.9905958175659
7922.0,0.03616031774405572,6972.0,6972.0,0.0,9.76673240442952e-13,372.99413895606995
7923.0,0.036124157426311664,6972.0,6972.0,1.0,9.50007460376832e-13,372.9977970123291
7924.0,0.03608803326888535,6972.0,6972.0,0.0,9.24044121477187e-13,373.00158190727234
7925.0,0.036051945235616466,6972.0,6972.0,0.0,8.987654205743856e-13,373.00518798828125
7926.0,0.03601589329038085,6972.0,6972.0,1.0,8.741539871804628e-13,373.00881791114807
7927.0,0.03597987739709047,6972.0,6972.0,0.0,8.501928734459315e-13,373.0125148296356
7928.0,0.03594389751969338,6972.0,6972.0,2.0,8.268655443381011e-13,373.0160050392151
7929.0,0.03590795362217369,6972.0,6972.0,1.0,8.041558680363202e-13,373.01972484588623
7930.0,0.03587204566855151,6972.0,6972.0,1.0,7.820481065396354e-13,373.0232689380646
7931.0,0.03583617362288296,6972.0,6972.0,0.0,7.605269064823736e-13,373.0268759727478
7932.0,0.035800337449260075,6972.0,6972.0,2.0,7.395772901533783e-13,373.03060007095337
7933.0,0.03576453711181082,6972.0,6972.0,0.0,7.191846467145685e-13,373.0342128276825
7934.0,0.035728772574699,6972.0,6972.0,0.0,6.993347236146642e-13,373.03783679008484
7935.0,0.035693043802124305,6972.0,6972.0,0.0,6.800136181940021e-13,373.04146218299866
7936.0,0.03565735075832218,6972.0,6972.0,0.0,6.612077694763607e-13,373.0451149940491
7937.0,0.03562169340756386,6972.0,6972.0,1.0,6.42903950143953e-13,373.0487141609192
7938.0,0.035586071714156293,6972.0,6972.0,0.0,6.250892586916147e-13,373.0523018836975
7939.0,0.035550485642442134,6972.0,6972.0,1.0,6.077511117565105e-13,373.0557961463928
7940.0,0.03551493515679969,6972.0,6972.0,1.0,5.908772366195526e-13,373.05932998657227
7941.0,0.03547942022164289,6972.0,6972.0,0.0,5.744556638749725e-13,373.06302189826965
7942.0,0.03544394080142125,6972.0,6972.0,1.0,5.584747202644339e-13,373.06657099723816
7943.0,0.03540849686061983,6972.0,6972.0,1.0,5.429230216722135e-13,373.07008695602417
7944.0,0.03537308836375921,6972.0,6972.0,0.0,5.277894662780329e-13,373.073579788208
7945.0,0.03533771527539545,6972.0,6972.0,0.0,5.130632278641597e-13,373.07718205451965
7946.0,0.03530237756012005,6972.0,6972.0,1.0,4.987337492735232e-13,373.0807628631592
7947.0,0.03526707518255993,6972.0,6972.0,1.0,4.847907360155876e-13,373.08437299728394
7948.0,0.03523180810737737,6972.0,6972.0,0.0,4.712241500168642e-13,373.0881609916687
7949.0,0.03519657629926999,6972.0,6972.0,0.0,4.58024203512924e-13,373.09187483787537
7950.0,0.03516137972297072,6972.0,6972.0,0.0,4.4518135307891826e-13,373.09551906585693
7951.0,0.03512621834324774,6972.0,6972.0,0.0,4.326862937956142e-13,373.0991599559784
7952.0,0.035091092124904494,6972.0,6972.0,1.0,4.2052995354803523e-13,373.1028108596802
7953.0,0.03505600103277959,6972.0,6972.0,3.0,4.0870348745385546e-13,373.1065618991852
7954.0,0.03502094503174681,6972.0,6972.0,0.0,3.971982724187638e-13,373.11006903648376
7955.0,0.03498592408671507,6972.0,6972.0,0.0,3.860059018160356e-13,373.11354398727417
7956.0,0.03495093816262835,6972.0,6972.0,1.0,3.7511818028765536e-13,373.117192029953
7957.0,0.03491598722446572,6972.0,6972.0,1.0,3.6452711866434704e-13,373.1207890510559
7958.0,0.034881071237241254,6972.0,6972.0,0.0,3.5422492900192913e-13,373.1244418621063
7959.0,0.034846190166004015,6972.0,6972.0,0.0,3.4420401973149946e-13,373.1280519962311
7960.0,0.03481134397583801,6972.0,6972.0,0.0,3.3445699092093613e-13,373.13161516189575
7961.0,0.03477653263186217,6972.0,6972.0,0.0,3.249766296453513e-13,373.1352128982544
7962.0,0.03474175609923031,6972.0,6972.0,1.0,3.1575590546405904e-13,373.1388318538666
7963.0,0.03470701434313108,6972.0,6972.0,3.0,3.0678796600179393e-13,373.14249300956726
7964.0,0.03467230732878795,6972.0,6972.0,1.0,2.9806613263186317e-13,373.14609599113464
7965.0,0.03463763502145916,6972.0,6972.0,0.0,2.8958389625903705e-13,373.1497061252594
7966.0,0.034602997386437705,6972.0,6972.0,0.0,2.813349131999597e-13,373.1533238887787
7967.0,0.034568394389051266,6972.0,6972.0,0.0,2.733130011589725e-13,373.1569559574127
7968.0,0.03453382599466222,6972.0,6972.0,0.0,2.6551213529724905e-13,373.1605598926544
7969.0,0.03449929216866755,6972.0,6972.0,0.0,2.5792644439317146e-13,373.16416692733765
7970.0,0.03446479287649889,6972.0,6972.0,0.0,2.5055020709197217e-13,373.1677429676056
7971.0,0.03443032808362239,6972.0,6972.0,0.0,2.433778482426457e-13,373.17139887809753
7972.0,0.034395897755538765,6972.0,6972.0,1.0,2.364039353202226e-13,373.1749379634857
7973.0,0.03436150185778323,6972.0,6972.0,0.0,2.296231749315199e-13,373.17844104766846
7974.0,0.03432714035592545,6972.0,6972.0,0.0,2.2303040940250016e-13,373.18214297294617
7975.0,0.03429281321556952,6972.0,6972.0,0.0,2.1662061344546072e-13,373.1856768131256
7976.0,0.03425852040235395,6972.0,6972.0,0.0,2.1038889090427058e-13,373.189316034317
7977.0,0.034224261881951594,6972.0,6972.0,0.0,2.0433047157590269e-13,373.19297099113464
7978.0,0.03419003762006964,6972.0,6972.0,1.0,1.984407081066015e-13,373.19660806655884
7979.0,0.03415584758244957,6972.0,6972.0,1.0,1.9271507296099322e-13,373.2001118659973
7980.0,0.03412169173486712,6972.0,6972.0,1.0,1.8714915546252608e-13,373.20379185676575
7981.0,0.03408757004313225,6972.0,6972.0,1.0,1.8173865890364337e-13,373.2073931694031
7982.0,0.03405348247308912,6972.0,6972.0,2.0,1.7647939772413826e-13,373.2109730243683
7983.0,0.03401942899061603,6972.0,6972.0,0.0,1.7136729475614923e-13,373.2145359516144
7984.0,0.033985409561625414,6972.0,6972.0,1.0,1.6639837853431887e-13,373.218141078949
7985.0,0.033951424152063786,6972.0,6972.0,2.0,1.6156878066963947e-13,373.2217490673065
7986.0,0.03391747272791172,6972.0,6972.0,0.0,1.5687473328556645e-13,373.2253210544586
7987.0,0.03388355525518381,6972.0,6972.0,0.0,1.523125665149845e-13,373.22887802124023
7988.0,0.03384967169992863,6972.0,6972.0,1.0,1.4787870605667007e-13,373.2325599193573
7989.0,0.0338158220282287,6972.0,6972.0,0.0,1.4356967078989534e-13,373.23617696762085
7990.0,0.03378200620620047,6972.0,6972.0,1.0,1.3938207044586757e-13,373.2398040294647
7991.0,0.03374822419999427,6972.0,6972.0,0.0,1.3531260333471562e-13,373.24331188201904
7992.0,0.03371447597579428,6972.0,6972.0,1.0,1.3135805412676287e-13,373.2468318939209
7993.0,0.03368076149981848,6972.0,6972.0,1.0,1.2751529168686012e-13,373.250440120697
7994.0,0.033647080738318666,6972.0,6972.0,0.0,1.2378126696057325e-13,373.2540330886841
7995.0,0.03361343365758035,6972.0,6972.0,0.0,1.201530109110343e-13,373.257807970047
7996.0,0.033579820223922766,6972.0,6972.0,0.0,1.166276325053234e-13,373.261421918869
7997.0,0.03354624040369884,6972.0,6972.0,0.0,1.1320231674923511e-13,373.2650420665741
7998.0,0.033512694163295144,6972.0,6972.0,1.0,1.0987432276932782e-13,373.26873779296875
7999.0,0.03347918146913185,6972.0,6972.0,0.0,1.0664098194118252e-13,373.2722809314728
8000.0,0.033445702287662714,6972.0,6972.0,0.0,1.0349969606280373e-13,373.27577209472656
8001.0,0.03341225658537505,6972.0,6972.0,0.0,1.004479355721351e-13,373.2793381214142
8002.0,0.033378844328789674,6972.0,6972.0,0.0,9.748323780767308e-14,373.2828960418701
8003.0,0.033345465484460886,6972.0,6972.0,0.0,9.46032053111875e-14,373.2865209579468
8004.0,0.033312120018976425,6972.0,6972.0,1.0,9.18055041715848e-14,373.2900891304016
8005.0,0.03327880789895745,6972.0,6972.0,0.0,8.908786240896152e-14,373.293732881546
8006.0,0.03324552909105849,6972.0,6972.0,0.0,8.64480683979226e-14,373.2972891330719
8007.0,0.03321228356196743,6972.0,6972.0,1.0,8.38839693292567e-14,373.3009150028229
8008.0,0.03317907127840546,6972.0,6972.0,2.0,8.139346970908134e-14,373.30443811416626
8009.0,0.033145892207127055,6972.0,6972.0,0.0,7.897452989459166e-14,373.3079640865326
8010.0,0.03311274631491993,6972.0,6972.0,0.0,7.662516466556121e-14,373.31152391433716
8011.0,0.03307963356860501,6972.0,6972.0,2.0,7.434344183076382e-14,373.31508803367615
8012.0,0.0330465539350364,6972.0,6972.0,0.0,7.212748086851158e-14,373.3187279701233
8013.0,0.03301350738110136,6972.0,6972.0,0.0,6.997545160050397e-14,373.3222620487213
8014.0,0.03298049387372026,6972.0,6972.0,0.0,6.788557289822065e-14,373.3258898258209
8015.0,0.03294751337984654,6972.0,6972.0,0.0,6.585611142109194e-14,373.32948112487793
8016.0,0.0329145658664667,6972.0,6972.0,0.0,6.388538038570853e-14,373.3330121040344
8017.0,0.03288165130060023,6972.0,6972.0,1.0,6.197173836534076e-14,373.33656311035156
8018.0,0.03284876964929963,6972.0,6972.0,0.0,6.011358811906093e-14,373.3407440185547
8019.0,0.03281592087965033,6972.0,6972.0,0.0,5.830937544976853e-14,373.34433698654175
8020.0,0.03278310495877068,6972.0,6972.0,0.0,5.655758809044357e-14,373.3479290008545
8021.0,0.03275032185381191,6972.0,6972.0,0.0,5.485675461796396e-14,373.3517279624939
8022.0,0.032717571531958096,6972.0,6972.0,1.0,5.3205443393834675e-14,373.35546612739563
8023.0,0.03268485396042614,6972.0,6972.0,1.0,5.1602261531196106e-14,373.3590958118439
8024.0,0.03265216910646571,6972.0,6972.0,1.0,5.004585388748926e-14,373.3628270626068
8025.0,0.03261951693735925,6972.0,6972.0,0.0,4.853490208217518e-14,373.36645579338074
8026.0,0.03258689742042189,6972.0,6972.0,0.0,4.7068123538907833e-14,373.37016201019287
8027.0,0.032554310523001465,6972.0,6972.0,1.0,4.564427055158839e-14,373.3737759590149
8028.0,0.032521756212478464,6972.0,6972.0,0.0,4.426212937373001e-14,373.37735509872437
8029.0,0.03248923445626599,6972.0,6972.0,0.0,4.292051933057782e-14,373.3808410167694
8030.0,0.032456745221809725,6972.0,6972.0,0.0,4.1618291953445823e-14,373.3844509124756
8031.0,0.03242428847658792,6972.0,6972.0,1.0,4.0354330135739627e-14,373.3881039619446
8032.0,0.03239186418811133,6972.0,6972.0,0.0,3.9127547310145814e-14,373.39162611961365
8033.0,0.03235947232392322,6972.0,6972.0,1.0,3.793688664648619e-14,373.3951840400696
8034.0,0.032327112851599296,6972.0,6972.0,0.0,3.678132026973725e-14,373.39879512786865
8035.0,0.032294785738747694,6972.0,6972.0,0.0,3.565984849773712e-14,373.40238094329834
8036.0,0.03226249095300895,6972.0,6972.0,0.0,3.457149909810328e-14,373.4059820175171
8037.0,0.03223022846205594,6972.0,6972.0,1.0,3.351532656390243e-14,373.4094638824463
8038.0,0.032197998233593886,6972.0,6972.0,0.0,3.249041140762006e-14,373.4130120277405
8039.0,0.032165800235360295,6972.0,6972.0,1.0,3.1495859472990465e-14,373.4166407585144
8040.0,0.03213363443512494,6972.0,6972.0,0.0,3.053080126425419e-14,373.4202787876129
8041.0,0.03210150080068981,6972.0,6972.0,0.0,2.9594391292424693e-14,373.42383003234863
8042.0,0.03206939929988912,6972.0,6972.0,1.0,2.8685807438152285e-14,373.427551984787
8043.0,0.03203732990058923,6972.0,6972.0,1.0,2.7804250330781665e-14,373.43108892440796
8044.0,0.03200529257068864,6972.0,6972.0,0.0,2.694894274321346e-14,373.4345359802246
8045.0,0.03197328727811795,6972.0,6972.0,0.0,2.6119129002184497e-14,373.43829584121704
8046.0,0.03194131399083983,6972.0,6972.0,0.0,2.5314074413593045e-14,373.4418787956238
8047.0,0.03190937267684899,6972.0,6972.0,0.0,2.4533064702501425e-14,373.4454619884491
8048.0,0.03187746330417214,6972.0,6972.0,2.0,2.377540546746083e-14,373.44909501075745
8049.0,0.03184558584086797,6972.0,6972.0,0.0,2.304042164880658e-14,373.4525489807129
8050.0,0.0318137402550271,6972.0,6972.0,0.0,2.232745701058447e-14,373.4560070037842
8051.0,0.03178192651477207,6972.0,6972.0,0.0,2.1635873635773644e-14,373.4597179889679
8052.0,0.0317501445882573,6972.0,6972.0,0.0,2.0965051434480806e-14,373.4634120464325
8053.0,0.03171839444366904,6972.0,6972.0,0.0,2.0314387664787884e-14,373.4669508934021
8054.0,0.03168667604922537,6972.0,6972.0,1.0,1.9683296465942225e-14,373.4706699848175
8055.0,0.031654989373176144,6972.0,6972.0,1.0,1.907120840358678e-14,373.4742591381073
8056.0,0.031623334383802965,6972.0,6972.0,0.0,1.8477570026731798e-14,373.4778389930725
8057.0,0.031591711049419165,6972.0,6972.0,1.0,1.7901843436181488e-14,373.4814648628235
8058.0,0.031560119338369746,6972.0,6972.0,0.0,1.7343505864130723e-14,373.4851279258728
8059.0,0.031528559219031374,6972.0,6972.0,0.0,1.6802049264656985e-14,373.48871994018555
8060.0,0.031497030659812346,6972.0,6972.0,1.0,1.6276979914837987e-14,373.4923348426819
8061.0,0.03146553362915253,6972.0,6972.0,0.0,1.5767818026230515e-14,373.49613094329834
8062.0,0.03143406809552338,6972.0,6972.0,1.0,1.5274097366455875e-14,373.4997708797455
8063.0,0.03140263402742786,6972.0,6972.0,0.0,1.479536489063791e-14,373.50338912010193
8064.0,0.03137123139340043,6972.0,6972.0,0.0,1.4331180382451767e-14,373.5069441795349
8065.0,0.03133986016200703,6972.0,6972.0,0.0,1.3881116104541476e-14,373.51049995422363
8066.0,0.03130852030184502,6972.0,6972.0,2.0,1.3444756458074294e-14,373.51409006118774
8067.0,0.03127721178154318,6972.0,6972.0,1.0,1.3021697651203598e-14,373.51770997047424
8068.0,0.031245934569761633,6972.0,6972.0,1.0,1.2611547376216702e-14,373.52151799201965
8069.0,0.031214688635191872,6972.0,6972.0,0.0,1.2213924495151769e-14,373.5252261161804
8070.0,0.03118347394655668,6972.0,6972.0,0.0,1.1828458733670024e-14,373.52868008613586
8071.0,0.031152290472610124,6972.0,6972.0,1.0,1.1454790382977944e-14,373.532124042511
8072.0,0.031121138182137513,6972.0,6972.0,0.0,1.1092570009594975e-14,373.5357778072357
8073.0,0.031090017043955375,6972.0,6972.0,0.0,1.074145817277148e-14,373.5394320487976
8074.0,0.03105892702691142,6972.0,6972.0,0.0,1.04011251493633e-14,373.5430109500885
8075.0,0.03102786809988451,6972.0,6972.0,0.0,1.0071250665974726e-14,373.546648979187
8076.0,0.030996840231784627,6972.0,6972.0,0.0,9.751523638187062e-15,373.550146818161
8077.0,0.030965843391552842,6972.0,6972.0,2.0,9.441641916692549e-15,373.5537188053131
8078.0,0.03093487754816129,6972.0,6972.0,0.0,9.141312040160505e-15,373.5573389530182
8079.0,0.030903942670613128,6972.0,6972.0,0.0,8.850248994663237e-15,373.5609760284424
8080.0,0.030873038727942514,6972.0,6972.0,0.0,8.568175979496385e-15,373.5645709037781
8081.0,0.030842165689214572,6972.0,6972.0,0.0,8.29482417923124e-15,373.5679907798767
8082.0,0.030811323523525357,6972.0,6972.0,0.0,8.029932541839412e-15,373.5714330673218
8083.0,0.03078051220000183,6972.0,6972.0,0.0,7.773247562736884e-15,373.5749559402466
8084.0,0.03074973168780183,6972.0,6972.0,0.0,7.524523074594552e-15,373.57847595214844
8085.0,0.030718981956114028,6972.0,6972.0,1.0,7.28352004276966e-15,373.5820059776306
8086.0,0.030688262974157915,6972.0,6972.0,1.0,7.050006366213114e-15,373.5855989456177
8087.0,0.030657574711183758,6972.0,6972.0,1.0,6.8237566837133806e-15,373.58917903900146
8088.0,0.030626917136472573,6972.0,6972.0,0.0,6.604552185339597e-15,373.59276819229126
8089.0,0.0305962902193361,6972.0,6972.0,0.0,6.392180428950803e-15,373.5963559150696
8090.0,0.030565693929116764,6972.0,6972.0,0.0,6.186435161640654e-15,373.5998959541321
8091.0,0.03053512823518765,6972.0,6972.0,1.0,5.987116145991169e-15,373.6036388874054
8092.0,0.03050459310695246,6972.0,6972.0,0.0,5.7940289910109254e-15,373.607302904129
8093.0,0.030474088513845508,6972.0,6972.0,0.0,5.606984987637717e-15,373.61086916923523
8094.0,0.030443614425331663,6972.0,6972.0,0.0,5.425800948686774e-15,373.6145980358124
8095.0,0.03041317081090633,6972.0,6972.0,0.0,5.2502990531304015e-15,373.6182658672333
8096.0,0.030382757640095424,6972.0,6972.0,3.0,5.080306694596423e-15,373.621869802475
8097.0,0.03035237488245533,6972.0,6972.0,0.0,4.915656333976041e-15,373.6254370212555
8098.0,0.030322022507572873,6972.0,6972.0,1.0,4.756185356034672e-15,373.6290168762207
8099.0,0.0302917004850653,6972.0,6972.0,1.0,4.601735929921437e-15,373.63253903388977
8100.0,0.030261408784580238,6972.0,6972.0,0.0,4.452154873476084e-15,373.6361470222473
8101.0,0.03023114737579566,6972.0,6972.0,0.0,4.3072935212340435e-15,373.6397089958191
8102.0,0.030200916228419864,6972.0,6972.0,0.0,4.1670075960335035e-15,373.643208026886
8103.0,0.030170715312191444,6972.0,6972.0,0.0,4.031157084130064e-15,373.64680886268616
8104.0,0.030140544596879253,6972.0,6972.0,0.0,3.8996061137275265e-15,373.6504349708557
8105.0,0.030110404052282373,6972.0,6972.0,0.0,3.772222836834947e-15,373.65403509140015
8106.0,0.030080293648230092,6972.0,6972.0,1.0,3.6488793143631545e-15,373.65767788887024
8107.0,0.030050213354581863,6972.0,6972.0,1.0,3.529451404375341e-15,373.6612911224365
8108.0,0.030020163141227282,6972.0,6972.0,0.0,3.4138186534089916e-15,373.6649169921875
8109.0,0.029990142978086054,6972.0,6972.0,0.0,3.3018641907882208e-15,373.6684808731079
8110.0,0.02996015283510797,6972.0,6972.0,0.0,3.1934746258476667e-15,373.6720941066742
8111.0,0.02993019268227286,6972.0,6972.0,1.0,3.0885399479911723e-15,373.6755678653717
8112.0,0.029900262489590587,6972.0,6972.0,1.0,2.9869534295103906e-15,373.6789860725403
8113.0,0.029870362227100995,6972.0,6972.0,0.0,2.8886115310900937e-15,373.68267703056335
8114.0,0.029840491864873895,6972.0,6972.0,0.0,2.7934138099292576e-15,373.68636298179626
8115.0,0.02981065137300902,6972.0,6972.0,0.0,2.701262830408392e-15,373.6901910305023
8116.0,0.02978084072163601,6972.0,6972.0,1.0,2.6120640772355195e-15,373.6937518119812
8117.0,0.029751059880914376,6972.0,6972.0,1.0,2.5257258710050262e-15,373.6974139213562
8118.0,0.029721308821033462,6972.0,6972.0,1.0,2.442159286104792e-15,373.7009439468384
8119.0,0.029691587512212427,6972.0,6972.0,1.0,2.3612780709095428e-15,373.70448994636536
8120.0,0.029661895924700216,6972.0,6972.0,1.0,2.282998570198915e-15,373.7080888748169
8121.0,0.029632234028775517,6972.0,6972.0,0.0,2.207239649740987e-15,373.71181988716125
8122.0,0.02960260179474674,6972.0,6972.0,0.0,2.1339226229833533e-15,373.7153151035309
8123.0,0.029572999192951994,6972.0,6972.0,1.0,2.062971179795338e-15,373.71878480911255
8124.0,0.02954342619375904,6972.0,6972.0,0.0,1.9943113172060515e-15,373.72250390052795
8125.0,0.02951388276756528,6972.0,6972.0,0.0,1.9278712720849993e-15,373.7260491847992
8126.0,0.029484368884797715,6972.0,6972.0,2.0,1.863581455712876e-15,373.729562997818
8127.0,0.029454884515912917,6972.0,6972.0,0.0,1.801374390191611e-15,373.7332708835602
8128.0,0.029425429631397004,6972.0,6972.0,0.0,1.7411846466441182e-15,373.7369170188904
8129.0,0.029396004201765608,6972.0,6972.0,0.0,1.6829487851555388e-15,373.7404680252075
8130.0,0.029366608197563843,6972.0,6972.0,1.0,1.6266052964087215e-15,373.7441029548645
8131.0,0.029337241589366278,6972.0,6972.0,1.0,1.5720945449682273e-15,373.7477431297302
8132.0,0.02930790434777691,6972.0,6972.0,1.0,1.5193587141682086e-15,373.7512800693512
8133.0,0.029278596443429134,6972.0,6972.0,0.0,1.4683417525605865e-15,373.75482511520386
8134.0,0.029249317846985704,6972.0,6972.0,1.0,1.4189893218811186e-15,373.7584111690521
8135.0,0.029220068529138717,6972.0,6972.0,0.0,1.3712487464921986e-15,373.76202511787415
8136.0,0.02919084846060958,6972.0,6972.0,1.0,1.3250689642621256e-15,373.7656238079071
8137.0,0.02916165761214897,6972.0,6972.0,1.0,1.2804004788415715e-15,373.7692470550537
8138.0,0.029132495954536822,6972.0,6972.0,0.0,1.2371953132992923e-15,373.7730619907379
8139.0,0.029103363458582287,6972.0,6972.0,0.0,1.1954069650798402e-15,373.7768750190735
8140.0,0.029074260095123705,6972.0,6972.0,0.0,1.15499036224703e-15,373.7805211544037
8141.0,0.029045185835028582,6972.0,6972.0,1.0,1.115901820978104e-15,373.78417706489563
8142.0,0.029016140649193552,6972.0,6972.0,0.0,1.0780990042741356e-15,373.7879090309143
8143.0,0.02898712450854436,6972.0,6972.0,2.0,1.041540881853332e-15,373.7915549278259
8144.0,0.028958137384035815,6972.0,6972.0,0.0,1.0061876911946901e-15,373.7950780391693
8145.0,0.028929179246651778,6972.0,6972.0,0.0,9.72000899700322e-16,373.7987217903137
8146.0,0.028900250067405125,6972.0,6972.0,0.0,9.389431679456643e-16,373.8022837638855
8147.0,0.02887134981733772,6972.0,6972.0,2.0,9.069783139874648e-16,373.8058350086212
8148.0,0.02884247846752038,6972.0,6972.0,0.0,8.7607127870032545e-16,373.8096148967743
8149.0,0.02881363598905286,6972.0,6972.0,1.0,8.461880921133979e-16,373.8133280277252
8150.0,0.02878482235306381,6972.0,6972.0,2.0,8.172958407194866e-16,373.81691098213196
8151.0,0.028756037530710744,6972.0,6972.0,0.0,7.893626357295453e-16,373.82063007354736
8152.0,0.028727281493180032,6972.0,6972.0,0.0,7.623575822463624e-16,373.8241240978241
8153.0,0.028698554211686853,6972.0,6972.0,0.0,7.362507493318706e-16,373.8275890350342
8154.0,0.028669855657475166,6972.0,6972.0,0.0,7.110131409431392e-16,373.8312437534332
8155.0,0.02864118580181769,6972.0,6972.0,0.0,6.866166677129391e-16,373.83489894866943
8156.0,0.028612544616015874,6972.0,6972.0,0.0,6.630341195511642e-16,373.8385088443756
8157.0,0.028583932071399858,6972.0,6972.0,1.0,6.40239139044331e-16,373.84207916259766
8158.0,0.028555348139328456,6972.0,6972.0,3.0,6.182061956306533e-16,373.84570717811584
8159.0,0.028526792791189127,6972.0,6972.0,0.0,5.969105605291242e-16,373.8493001461029
8160.0,0.02849826599839794,6972.0,6972.0,0.0,5.763282824013373e-16,373.85277700424194
8161.0,0.02846976773239954,6972.0,6972.0,0.0,5.564361637255119e-16,373.8563549518585
8162.0,0.028441297964667142,6972.0,6972.0,1.0,5.372117378627122e-16,373.85988306999207
8163.0,0.028412856666702475,6972.0,6972.0,2.0,5.186332467957244e-16,373.8635039329529
8164.0,0.028384443810035773,6972.0,6972.0,0.0,5.006796195216983e-16,373.8670959472656
8165.0,0.028356059366225737,6972.0,6972.0,0.0,4.833304510800029e-16,373.8707950115204
8166.0,0.02832770330685951,6972.0,6972.0,1.0,4.665659821974531e-16,373.8743119239807
8167.0,0.02829937560355265,6972.0,6972.0,1.0,4.50367079533355e-16,373.87787985801697
8168.0,0.028271076227949096,6972.0,6972.0,1.0,4.347152165074233e-16,373.8815450668335
8169.0,0.02824280515172115,6972.0,6972.0,1.0,4.195924546940234e-16,373.8851327896118
8170.0,0.028214562346569428,6972.0,6972.0,2.0,4.0498142576664147e-16,373.88899397850037
8171.0,0.028186347784222857,6972.0,6972.0,0.0,3.908653139769777e-16,373.89273619651794
8172.0,0.028158161436438633,6972.0,6972.0,0.0,3.772278391533917e-16,373.89645504951477
8173.0,0.028130003275002195,6972.0,6972.0,0.0,3.6405324020394005e-16,373.8999969959259
8174.0,0.028101873271727192,6972.0,6972.0,0.0,3.5132625910955325e-16,373.9035370349884
8175.0,0.028073771398455464,6972.0,6972.0,0.0,3.3903212539341827e-16,373.9071099758148
8176.0,0.02804569762705701,6972.0,6972.0,0.0,3.2715654105288314e-16,373.9106969833374
8177.0,0.02801765192942995,6972.0,6972.0,0.0,3.156856659406409e-16,373.91429901123047
8178.0,0.027989634277500522,6972.0,6972.0,0.0,3.046061035823509e-16,373.91786885261536
8179.0,0.02796164464322302,6972.0,6972.0,0.0,2.939048874181068e-16,373.9215021133423
8180.0,0.027933682998579797,6972.0,6972.0,1.0,2.8356946745560743e-16,373.92512011528015
8181.0,0.027905749315581218,6972.0,6972.0,1.0,2.7358769732316977e-16,373.9288320541382
8182.0,0.027877843566265638,6972.0,6972.0,1.0,2.639478217110331e-16,373.9323830604553
8183.0,0.027849965722699373,6972.0,6972.0,1.0,2.546384641897958e-16,373.93597507476807
8184.0,0.027822115756976674,6972.0,6972.0,0.0,2.4564861539505297e-16,373.9395799636841
8185.0,0.027794293641219697,6972.0,6972.0,0.0,2.36967621567645e-16,373.94324588775635
8186.0,0.027766499347578476,6972.0,6972.0,0.0,2.285851734392454e-16,373.9468250274658
8187.0,0.027738732848230897,6972.0,6972.0,0.0,2.204912954532308e-16,373.9508078098297
8188.0,0.027710994115382668,6972.0,6972.0,1.0,2.1267633531113629e-16,373.95464515686035
8189.0,0.027683283121267284,6972.0,6972.0,0.0,2.0513095383521016e-16,373.9582848548889
8190.0,0.027655599838146017,6972.0,6972.0,1.0,1.978461151378695e-16,373.9621720314026
8191.0,0.02762794423830787,6972.0,6972.0,3.0,1.908130770891272e-16,373.96579098701477
8192.0,0.027600316294069564,6972.0,6972.0,1.0,1.840233820732776e-16,373.96922302246094
8193.0,0.027572715977775494,6972.0,6972.0,0.0,1.7746884802639753e-16,373.97300386428833
8194.0,0.027545143261797717,6972.0,6972.0,0.0,1.7114155974646816e-16,373.9766240119934
8195.0,0.027517598118535918,6972.0,6972.0,2.0,1.6503386046809558e-16,373.9804060459137
8196.0,0.027490080520417383,6972.0,6972.0,1.0,1.591383436941058e-16,373.98406887054443
8197.0,0.027462590439896965,6972.0,6972.0,1.0,1.5344784527646471e-16,373.9876461029053
8198.0,0.027435127849457067,6972.0,6972.0,1.0,1.4795543573918165e-16,373.99141693115234
8199.0,0.02740769272160761,6972.0,6972.0,0.0,1.4265441283609678e-16,373.99507212638855
8200.0,0.027380285028886002,6972.0,6972.0,0.0,1.375382943366073e-16,373.9986460208893
8201.0,0.027352904743857116,6972.0,6972.0,0.0,1.326008110326393e-16,374.00222182273865
8202.0,0.027325551839113258,6972.0,6972.0,0.0,1.27835899960299e-16,374.0058419704437
8203.0,0.027298226287274144,6972.0,6972.0,0.0,1.2323769782987274e-16,374.009477853775
8204.0,0.027270928060986868,6972.0,6972.0,0.0,1.188005346580108e-16,374.01295709609985
8205.0,0.02724365713292588,6972.0,6972.0,1.0,1.1451892759608166e-16,374.0165410041809
8206.0,0.027216413475792955,6972.0,6972.0,1.0,1.1038757494890126e-16,374.0201938152313
8207.0,0.027189197062317164,6972.0,6972.0,0.0,1.0640135037815299e-16,374.02379083633423
8208.0,0.027162007865254845,6972.0,6972.0,0.0,1.0255529728502418e-16,374.0274739265442
8209.0,0.02713484585738959,6972.0,6972.0,2.0,9.884462336671369e-17,374.0310709476471
8210.0,0.027107711011532202,6972.0,6972.0,0.0,9.526469534161667e-17,374.03467202186584
8211.0,0.02708060330052067,6971.0,6971.0,1.0,9.181103383816157e-17,374.0386760234833
8212.0,0.02705352269722015,6971.0,6971.0,1.0,8.847930844240512e-17,374.04259300231934
8213.0,0.027026469174522928,6971.0,6971.0,1.0,8.526533289962321e-17,374.04632687568665
8214.0,0.026999442705348407,6971.0,6971.0,0.0,8.216506046529425e-17,374.04995703697205
8215.0,0.02697244326264306,6971.0,6971.0,1.0,7.917457940098296e-17,374.05358505249023
8216.0,0.026945470819380417,6971.0,6971.0,1.0,7.629010861078009e-17,374.0571939945221
8217.0,0.026918525348561036,6971.0,6971.0,0.0,7.350799341406044e-17,374.0608389377594
8218.0,0.026891606823212476,6971.0,6971.0,0.0,7.08247014504646e-17,374.06449794769287
8219.0,0.026864715216389265,6971.0,6971.0,0.0,6.823681871310725e-17,374.0680978298187
8220.0,0.026837850501172877,6971.0,6971.0,1.0,6.574104570614702e-17,374.07166814804077
8221.0,0.026811012650671706,6971.0,6971.0,0.0,6.333419372295866e-17,374.07519793510437
8222.0,0.026784201638021036,6971.0,6971.0,1.0,6.101318124125402e-17,374.07878494262695
8223.0,0.026757417436383015,6971.0,6971.0,1.0,5.877503043161451e-17,374.08241295814514
8224.0,0.026730660018946632,6971.0,6971.0,0.0,5.661686377598911e-17,374.0860161781311
8225.0,0.026703929358927684,6971.0,6971.0,1.0,5.453590079281718e-17,374.0896499156952
8226.0,0.026677225429568758,6971.0,6971.0,0.0,5.252945486554315e-17,374.09330582618713
8227.0,0.026650548204139188,6971.0,6971.0,0.0,5.059493017135977e-17,374.0968289375305
8228.0,0.02662389765593505,6971.0,6971.0,1.0,4.872981870714227e-17,374.1005508899689
8229.0,0.026597273758279114,6971.0,6971.0,1.0,4.6931697409589646e-17,374.1042671203613
8230.0,0.026570676484520835,6971.0,6971.0,0.0,4.519822536670885e-17,374.1079640388489
8231.0,0.026544105808036313,6971.0,6971.0,0.0,4.352714111783846e-17,374.11156702041626
8232.0,0.026517561702228278,6971.0,6971.0,0.0,4.191626003950344e-17,374.1151580810547
8233.0,0.02649104414052605,6971.0,6971.0,0.0,4.03634718144661e-17,374.1188108921051
8234.0,0.026464553096385526,6971.0,6971.0,1.0,3.886673798142383e-17,374.122416973114
8235.0,0.02643808854328914,6971.0,6971.0,0.0,3.742408956286633e-17,374.1260449886322
8236.0,0.026411650454745854,6971.0,6971.0,0.0,3.603362476869607e-17,374.12996792793274
8237.0,0.026385238804291108,6971.0,6971.0,0.0,3.4693506773267974e-17,374.1336479187012
8238.0,0.026358853565486815,6971.0,6971.0,3.0,3.340196156358947e-17,374.1373641490936
8239.0,0.02633249471192133,6971.0,6971.0,2.0,3.215727585648048e-17,374.141165971756
8240.0,0.026306162217209408,6971.0,6971.0,0.0,3.0957795082560516e-17,374.144593000412
8241.0,0.0262798560549922,6971.0,6971.0,1.0,2.98019214349922e-17,374.14816403388977
8242.0,0.026253576198937208,6971.0,6971.0,0.0,2.8688111980976534e-17,374.1517310142517
8243.0,0.02622732262273827,6971.0,6971.0,0.0,2.7614876834050474e-17,374.15540885925293
8244.0,0.026201095300115534,6971.0,6971.0,0.0,2.6580777385295363e-17,374.1589970588684
8245.0,0.02617489420481542,6971.0,6971.0,0.0,2.5584424591626535e-17,374.1625838279724
8246.0,0.026148719310610604,6971.0,6971.0,1.0,2.4624477319384183e-17,374.166198015213
8247.0,0.026122570591299993,6971.0,6971.0,2.0,2.3699640741499202e-17,374.1697680950165
8248.0,0.026096448020708693,6971.0,6971.0,0.0,2.2808664786564873e-17,374.1734731197357
8249.0,0.026070351572687986,6971.0,6971.0,0.0,2.1950342638186106e-17,374.1769759654999
8250.0,0.0260442812211153,6971.0,6971.0,0.0,2.112350928303724e-17,374.18060994148254
8251.0,0.026018236939894183,6971.0,6971.0,0.0,2.0327040106100225e-17,374.1841781139374
8252.0,0.02599221870295429,6971.0,6971.0,0.0,1.9559849531600436e-17,374.18777680397034
8253.0,0.025966226484251335,6971.0,6971.0,1.0,1.8820889708208187e-17,374.1914110183716
8254.0,0.025940260257767085,6971.0,6971.0,1.0,1.8109149237111183e-17,374.1949899196625
8255.0,0.025914319997509316,6971.0,6971.0,0.0,1.7423651941607918e-17,374.198548078537
8256.0,0.025888405677511807,6971.0,6971.0,0.0,1.676345567691414e-17,374.20211386680603
8257.0,0.025862517271834296,6971.0,6971.0,1.0,1.6127651178912148e-17,374.2057309150696
8258.0,0.02583665475456246,6971.0,6971.0,2.0,1.5515360950610928e-17,374.20934200286865
8259.0,0.0258108180998079,6971.0,6971.0,0.0,1.4925738185126858e-17,374.21302580833435
8260.0,0.025785007281708093,6971.0,6971.0,0.0,1.4357965724024477e-17,374.2166519165039
8261.0,0.025759222274426386,6971.0,6971.0,1.0,1.381125504989842e-17,374.22067284584045
8262.0,0.02573346305215196,6971.0,6971.0,0.0,1.328484531210691e-17,374.22421407699585
8263.0,0.02570772958909981,6971.0,6971.0,1.0,1.2778002384604828e-17,374.22770380973816
8264.0,0.02568202185951071,6971.0,6971.0,1.0,1.2290017954852745e-17,374.2314257621765
8265.0,0.0256563398376512,6971.0,6971.0,1.0,1.1820208642812634e-17,374.2349908351898
8266.0,0.02563068349781355,6971.0,6971.0,0.0,1.1367915149069253e-17,374.2388060092926
8267.0,0.025605052814315736,6971.0,6971.0,1.0,1.0932501431147425e-17,374.2424569129944
8268.0,0.02557944776150142,6971.0,6971.0,0.0,1.0513353907123046e-17,374.24595284461975
8269.0,0.025553868313739916,6971.0,6971.0,1.0,1.0109880685653553e-17,374.2494831085205
8270.0,0.025528314445426175,6971.0,6971.0,1.0,9.721510821580822e-18,374.2531318664551
8271.0,0.02550278613098075,6971.0,6971.0,0.0,9.347693596285855e-18,374.2567639350891
8272.0,0.02547728334484977,6971.0,6971.0,0.0,8.987897821999354e-18,374.2602798938751
8273.0,0.02545180606150492,6971.0,6971.0,1.0,8.641611169297341e-18,374.2638318538666
8274.0,0.025426354255443415,6971.0,6971.0,2.0,8.308339517035535e-18,374.2673590183258
8275.0,0.02540092790118797,6971.0,6971.0,0.0,7.987606323997388e-18,374.27096605300903
8276.0,0.025375526973286783,6971.0,6971.0,0.0,7.678952021555579e-18,374.2746090888977
8277.0,0.025350151446313498,6971.0,6971.0,0.0,7.381933426667757e-18,374.2781388759613
8278.0,0.025324801294867184,6971.0,6971.0,1.0,7.096123174546841e-18,374.28186202049255
8279.0,0.025299476493572316,6971.0,6971.0,0.0,6.82110917037012e-18,374.2855010032654
8280.0,0.025274177017078743,6971.0,6971.0,0.0,6.556494059407583e-18,374.2891631126404
8281.0,0.025248902840061663,6971.0,6971.0,0.0,6.301894714972578e-18,374.29273200035095
8282.0,0.0252236539372216,6971.0,6971.0,1.0,6.056941743613935e-18,374.2962899208069
8283.0,0.02519843028328438,6971.0,6971.0,2.0,5.8212790069886715e-18,374.29987382888794
8284.0,0.025173231853001094,6971.0,6971.0,1.0,5.594563159871513e-18,374.30347990989685
8285.0,0.025148058621148092,6971.0,6971.0,0.0,5.376463203774022e-18,374.3074560165405
8286.0,0.025122910562526943,6971.0,6971.0,1.0,5.166660055663513e-18,374.3111469745636
8287.0,0.025097787651964416,6971.0,6971.0,0.0,4.964846131287735e-18,374.3146798610687
8288.0,0.025072689864312454,6971.0,6971.0,1.0,4.770724942626399e-18,374.31815004348755
8289.0,0.02504761717444814,6971.0,6971.0,0.0,4.584010709006711e-18,374.3217248916626
8290.0,0.025022569557273694,6971.0,6971.0,1.0,4.404427981433964e-18,374.3254039287567
8291.0,0.02499754698771642,6971.0,6971.0,0.0,4.231711279702739e-18,374.3288459777832
8292.0,0.024972549440728704,6971.0,6971.0,1.0,4.065604741867908e-18,374.3324718475342
8293.0,0.024947576891287977,6971.0,6971.0,1.0,3.905861785668485e-18,374.33609890937805
8294.0,0.024922629314396687,6971.0,6971.0,0.0,3.752244781509467e-18,374.3397309780121
8295.0,0.02489770668508229,6971.0,6971.0,3.0,3.6045247366201974e-18,374.34326577186584
8296.0,0.02487280897839721,6971.0,6971.0,0.0,3.46248099001951e-18,374.3468189239502
8297.0,0.024847936169418813,6971.0,6971.0,0.0,3.3259009179298015e-18,374.3503928184509
8298.0,0.024823088233249396,6971.0,6971.0,0.0,3.194579649293559e-18,374.3540937900543
8299.0,0.024798265145016145,6971.0,6971.0,0.0,3.0683197910571884e-18,374.35782194137573
8300.0,0.02477346687987113,6971.0,6971.0,0.0,2.946931162897562e-18,374.3614568710327
8301.0,0.024748693412991258,6971.0,6971.0,1.0,2.8302305410767715e-18,374.36510610580444
8302.0,0.024723944719578266,6971.0,6971.0,0.0,2.718041411121609e-18,374.36867904663086
8303.0,0.02469922077485869,6971.0,6971.0,1.0,2.6101937290330468e-18,374.3722038269043
8304.0,0.02467452155408383,6971.0,6971.0,1.0,2.5065236907409977e-18,374.3758239746094
8305.0,0.024649847032529745,6971.0,6971.0,1.0,2.4068735095288732e-18,374.3794848918915
8306.0,0.024625197185497216,6971.0,6971.0,0.0,2.3110912011609904e-18,374.38314390182495
8307.0,0.02460057198831172,6971.0,6971.0,2.0,2.219030376454929e-18,374.38671708106995
8308.0,0.02457597141632341,6971.0,6971.0,1.0,2.130550041048997e-18,374.39042377471924
8309.0,0.024551395444907084,6971.0,6971.0,0.0,2.0455144021229917e-18,374.3941431045532
8310.0,0.024526844049462176,6971.0,6971.0,0.0,1.9637926818387793e-18,374.3980929851532
8311.0,0.024502317205412714,6971.0,6971.0,0.0,1.8852589372741025e-18,374.40182995796204
8312.0,0.0244778148882073,6971.0,6971.0,0.0,1.809791886630916e-18,374.405522108078
8313.0,0.024453337073319092,6971.0,6971.0,0.0,1.73727474150664e-18,374.40907883644104
8314.0,0.024428883736245775,6971.0,6971.0,0.0,1.667595045023156e-18,374.41266798973083
8315.0,0.024404454852509527,6971.0,6971.0,1.0,1.6006445156156677e-18,374.41625785827637
8316.0,0.02438005039765702,6971.0,6971.0,0.0,1.5363188962897333e-18,374.41990208625793
8317.0,0.024355670347259363,6971.0,6971.0,0.0,1.474517809160861e-18,374.42344093322754
8318.0,0.024331314676912102,6971.0,6971.0,2.0,1.4151446150975481e-18,374.4271378517151
8319.0,0.02430698336223519,6971.0,6971.0,0.0,1.3581062782942497e-18,374.4307470321655
8320.0,0.024282676378872957,6971.0,6971.0,0.0,1.303313235606492e-18,374.4343681335449
8321.0,0.024258393702494083,6971.0,6971.0,1.0,1.250679270485892e-18,374.4380259513855
8322.0,0.02423413530879159,6971.0,6971.0,0.0,1.2001213913583307e-18,374.44157695770264
8323.0,0.0242099011734828,6971.0,6971.0,0.0,1.1515597142933223e-18,374.445109128952
8324.0,0.024185691272309316,6971.0,6971.0,0.0,1.1049173498180505e-18,374.44869804382324
8325.0,0.024161505581037006,6971.0,6971.0,0.0,1.0601202937342323e-18,374.45232796669006
8326.0,0.02413734407545597,6971.0,6971.0,0.0,1.0170973218004012e-18,374.4560070037842
8327.0,0.024113206731380513,6971.0,6971.0,0.0,9.757798881473026e-19,374.45964884757996
8328.0,0.024089093524649132,6971.0,6971.0,0.0,9.361020272979386e-19,374.4632430076599
8329.0,0.024065004431124484,6971.0,6971.0,1.0,8.980002596683864e-19,374.46683287620544
8330.0,0.02404093942669336,6971.0,6971.0,1.0,8.614135004295467e-19,374.47048687934875
8331.0,0.024016898487266666,6971.0,6971.0,0.0,8.262829716139725e-19,374.47403502464294
8332.0,0.0239928815887794,6971.0,6971.0,3.0,7.925521173557264e-19,374.47767400741577
8333.0,0.023968888707190623,6971.0,6971.0,0.0,7.601665221551082e-19,374.481397151947
8334.0,0.023944919818483432,6971.0,6971.0,0.0,7.290738320634976e-19,374.48494815826416
8335.0,0.02392097489866495,6971.0,6971.0,0.0,6.9922367868730915e-19,374.4886739253998
8336.0,0.023897053923766284,6971.0,6971.0,1.0,6.70567605913174e-19,374.4923429489136
8337.0,0.023873156869842517,6971.0,6971.0,0.0,6.430589992599759e-19,374.49604988098145
8338.0,0.023849283712972673,6971.0,6971.0,0.0,6.166530177664169e-19,374.4996418952942
8339.0,0.0238254344292597,6971.0,6971.0,0.0,5.913065283258466e-19,374.50325298309326
8340.0,0.023801608994830442,6971.0,6971.0,1.0,5.669780423831474e-19,374.50680208206177
8341.0,0.02377780738583561,6971.0,6971.0,1.0,5.436276549112566e-19,374.5104079246521
8342.0,0.023754029578449777,6971.0,6971.0,0.0,5.21216985587746e-19,374.5141530036926
8343.0,0.02373027554887133,6971.0,6971.0,0.0,4.997091220945219e-19,374.51774501800537
8344.0,0.023706545273322457,6971.0,6971.0,1.0,4.790685654663208e-19,374.52133893966675
8345.0,0.023682838728049136,6971.0,6971.0,1.0,4.592611774162513e-19,374.52496099472046
8346.0,0.023659155889321087,6971.0,6971.0,2.0,4.402541295689595e-19,374.52857208251953
8347.0,0.023635496733431766,6971.0,6971.0,1.0,4.220158545344765e-19,374.5321979522705
8348.0,0.023611861236698332,6971.0,6971.0,0.0,4.045159987579403e-19,374.5357999801636
8349.0,0.023588249375461633,6971.0,6971.0,0.0,3.8772537708273897e-19,374.5394310951233
8350.0,0.02356466112608617,6971.0,6971.0,1.0,3.7161592896663903e-19,374.5430097579956
8351.0,0.023541096464960085,6971.0,6971.0,0.0,3.5616067629256473e-19,374.5467460155487
8352.0,0.023517555368495126,6971.0,6971.0,0.0,3.41333682717697e-19,374.55044198036194
8353.0,0.02349403781312663,6971.0,6971.0,0.0,3.271100145064824e-19,374.554007768631
8354.0,0.023470543775313504,6971.0,6971.0,1.0,3.1346570279498157e-19,374.5576138496399
8355.0,0.02344707323153819,6971.0,6971.0,0.0,3.0037770723580453e-19,374.5612690448761
8356.0,0.023423626158306652,6971.0,6971.0,0.0,2.878238809746628e-19,374.56524205207825
8357.0,0.023400202532148345,6971.0,6971.0,1.0,2.757829369111584e-19,374.5687630176544
8358.0,0.023376802329616198,6971.0,6971.0,2.0,2.6423441519816246e-19,374.57244396209717
8359.0,0.023353425527286583,6971.0,6971.0,0.0,2.5315865193562124e-19,374.5759451389313
8360.0,0.023330072101759296,6971.0,6971.0,0.0,2.425367490162315e-19,374.5798008441925
8361.0,0.023306742029657535,6971.0,6971.0,0.0,2.3235054508183034e-19,374.5835511684418
8362.0,0.023283435287627878,6971.0,6971.0,0.0,2.2258258755079315e-19,374.58710193634033
8363.0,0.02326015185234025,6971.0,6971.0,1.0,2.1321610567811036e-19,374.5907349586487
8364.0,0.02323689170048791,6971.0,6971.0,0.0,2.0423498461116565e-19,374.5943429470062
8365.0,0.023213654808787423,6971.0,6971.0,0.0,1.9562374040545469e-19,374.5980041027069
8366.0,0.023190441153978635,6971.0,6971.0,1.0,1.8736749596579808e-19,374.6016311645508
8367.0,0.023167250712824657,6971.0,6971.0,0.0,1.7945195787976307e-19,374.6052050590515
8368.0,0.023144083462111834,6971.0,6971.0,2.0,1.7186339411115792e-19,374.60885095596313
8369.0,0.023120939378649723,6971.0,6971.0,0.0,1.6458861252263797e-19,374.61231899261475
8370.0,0.023097818439271074,6971.0,6971.0,1.0,1.5761494019746498e-19,374.6157751083374
8371.0,0.023074720620831803,6971.0,6971.0,0.0,1.509302035315745e-19,374.6195499897003
8372.0,0.02305164590021097,6971.0,6971.0,0.0,1.4452270906808987e-19,374.62327003479004
8373.0,0.02302859425431076,6971.0,6971.0,1.0,1.3838122504738543e-19,374.6269910335541
8374.0,0.02300556566005645,6971.0,6971.0,0.0,1.3249496364677451e-19,374.630539894104
8375.0,0.022982560094396393,6971.0,6971.0,2.0,1.268535638847794e-19,374.6339521408081
8376.0,0.022959577534301997,6971.0,6971.0,2.0,1.2144707516584535e-19,374.6376459598541
8377.0,0.022936617956767696,6971.0,6971.0,1.0,1.1626594144219217e-19,374.6413300037384
8378.0,0.02291368133881093,6971.0,6971.0,1.0,1.1130098597032932e-19,374.6449501514435
8379.0,0.022890767657472118,6971.0,6971.0,0.0,1.0654339664055222e-19,374.64855694770813
8380.0,0.022867876889814644,6971.0,6971.0,0.0,1.0198471185849957e-19,374.65216398239136
8381.0,0.02284500901292483,6971.0,6971.0,1.0,9.761680695859656e-20,374.65617179870605
8382.0,0.022822164003911904,6971.0,6971.0,1.0,9.343188112991663e-20,374.6599190235138
8383.0,0.02279934183990799,6971.0,6971.0,1.0,8.94224448356982e-20,374.6635580062866
8384.0,0.022776542498068084,6971.0,6971.0,1.0,8.558130770840646e-20,374.6669819355011
8385.0,0.022753765955570014,6971.0,6971.0,0.0,8.19015669028721e-20,374.67041277885437
8386.0,0.022731012189614444,6971.0,6971.0,0.0,7.837659589068121e-20,374.6741027832031
8387.0,0.02270828117742483,6971.0,6971.0,0.0,7.500003367956255e-20,374.67768597602844
8388.0,0.022685572896247404,6971.0,6971.0,0.0,7.176577444212088e-20,374.6812889575958
8389.0,0.022662887323351158,6971.0,6971.0,3.0,6.866795753881157e-20,374.68503308296204
8390.0,0.022640224436027808,6971.0,6971.0,0.0,6.570095792059438e-20,374.6887149810791
8391.0,0.022617584211591782,6971.0,6971.0,1.0,6.285937689723382e-20,374.69221782684326
8392.0,0.02259496662738019,6971.0,6971.0,0.0,6.013803325770325e-20,374.6957759857178
8393.0,0.02257237166075281,6971.0,6971.0,0.0,5.753195472964503e-20,374.6993501186371
8394.0,0.022549799289092058,6971.0,6971.0,0.0,5.503636976531011e-20,374.7029378414154
8395.0,0.022527249489802965,6971.0,6971.0,1.0,5.264669964184012e-20,374.7066330909729
8396.0,0.022504722240313163,6971.0,6971.0,1.0,5.035855086421411e-20,374.71015191078186
8397.0,0.02248221751807285,6971.0,6971.0,0.0,4.816770785957329e-20,374.7136609554291
8398.0,0.022459735300554777,6971.0,6971.0,0.0,4.607012595208046e-20,374.717267036438
8399.0,0.02243727556525422,6971.0,6971.0,0.0,4.4061924607830415e-20,374.7208421230316
8400.0,0.022414838289688967,6971.0,6971.0,1.0,4.2139380939726804e-20,374.7243559360504
8401.0,0.022392423451399277,6971.0,6971.0,0.0,4.0298923462600415e-20,374.72793102264404
8402.0,0.02237003102794788,6971.0,6971.0,1.0,3.853712608919603e-20,374.7315049171448
8403.0,0.02234766099691993,6971.0,6971.0,0.0,3.685070235799888e-20,374.73491382598877
8404.0,0.02232531333592301,6971.0,6971.0,1.0,3.5236499884194997e-20,374.7384479045868
8405.0,0.022302988022587088,6971.0,6971.0,2.0,3.369149502538171e-20,374.7421021461487
8406.0,0.022280685034564502,6971.0,6971.0,1.0,3.2212787753948543e-20,374.7458670139313
8407.0,0.02225840434952994,6971.0,6971.0,0.0,3.079759672834265e-20,374.7493839263916
8408.0,0.02223614594518041,6971.0,6971.0,1.0,2.9443254555719214e-20,374.7529969215393
8409.0,0.022213909799235227,6971.0,6971.0,0.0,2.81472032387502e-20,374.75675201416016
8410.0,0.02219169588943599,6971.0,6971.0,2.0,2.690698979963311e-20,374.76041293144226
8411.0,0.022169504193546553,6971.0,6971.0,0.0,2.5720262074588658e-20,374.76405787467957
8412.0,0.022147334689353006,6971.0,6971.0,0.0,2.4584764672394144e-20,374.76776599884033
8413.0,0.022125187354663654,6971.0,6971.0,0.0,2.3498335090727188e-20,374.7715108394623
8414.0,0.02210306216730899,6971.0,6971.0,1.0,2.2458899984326696e-20,374.77516889572144
8415.0,0.02208095910514168,6971.0,6971.0,0.0,2.1464471579202437e-20,374.7786560058594
8416.0,0.022058878146036538,6971.0,6971.0,0.0,2.0513144227330824e-20,374.7822208404541
8417.0,0.0220368192678905,6971.0,6971.0,0.0,1.9603091096485396e-20,374.78583097457886
8418.0,0.02201478244862261,6971.0,6971.0,0.0,1.8732560990046478e-20,374.78940081596375
8419.0,0.021992767666173987,6971.0,6971.0,1.0,1.7899875291825165e-20,374.79293608665466
8420.0,0.021970774898507812,6971.0,6971.0,1.0,1.7103425031122353e-20,374.79658102989197
8421.0,0.021948804123609306,6971.0,6971.0,0.0,1.6341668063418443e-20,374.8001570701599
8422.0,0.021926855319485697,6971.0,6971.0,1.0,1.5613126362262373e-20,374.8036789894104
8423.0,0.02190492846416621,6971.0,6971.0,0.0,1.491638341809521e-20,374.80719089508057
8424.0,0.021883023535702043,6971.0,6971.0,0.0,1.4250081739897647e-20,374.8107509613037
8425.0,0.02186114051216634,6971.0,6971.0,1.0,1.3612920455708313e-20,374.8142910003662
8426.0,0.021839279371654176,6971.0,6971.0,1.0,1.3003653008206202e-20,374.8178780078888
8427.0,0.021817440092282522,6971.0,6971.0,0.0,1.2421084941692245e-20,374.82142901420593
8428.0,0.02179562265219024,6971.0,6971.0,0.0,1.186407177694273e-20,374.8251049518585
8429.0,0.021773827029538048,6971.0,6971.0,0.0,1.1331516970539838e-20,374.82881593704224
8430.0,0.02175205320250851,6971.0,6971.0,0.0,1.0822369955411562e-20,374.83236598968506
8431.0,0.021730301149306002,6971.0,6971.0,2.0,1.033562425943583e-20,374.83602380752563
8432.0,0.021708570848156698,6971.0,6971.0,0.0,9.870315699082503e-21,374.83976888656616
8433.0,0.021686862277308542,6971.0,6971.0,0.0,9.425520645180448e-21,374.8434567451477
8434.0,0.021665175415031233,6971.0,6971.0,0.0,9.000354358007852e-21,374.8471210002899
8435.0,0.021643510239616203,6971.0,6971.0,2.0,8.593969389007443e-21,374.8507249355316
8436.0,0.021621866729376587,6971.0,6971.0,0.0,8.205554046532397e-21,374.8544600009918
8437.0,0.02160024486264721,6971.0,6971.0,0.0,7.834330923126469e-21,374.8580470085144
8438.0,0.021578644617784564,6971.0,6971.0,1.0,7.479555481935124e-21,374.8616280555725
8439.0,0.02155706597316678,6971.0,6971.0,1.0,7.140514699938103e-21,374.86517000198364
8440.0,0.021535508907193614,6971.0,6971.0,0.0,6.81652576577832e-21,374.86879897117615
8441.0,0.02151397339828642,6971.0,6971.0,1.0,6.506934830050142e-21,374.8724389076233
8442.0,0.021492459424888134,6971.0,6971.0,0.0,6.2111158059882245e-21,374.8759660720825
8443.0,0.021470966965463245,6971.0,6971.0,0.0,5.928469218579266e-21,374.8795850276947
8444.0,0.021449495998497783,6971.0,6971.0,0.0,5.658421100192036e-21,374.8832018375397
8445.0,0.021428046502499284,6971.0,6971.0,0.0,5.4004219308960335e-21,374.88679790496826
8446.0,0.021406618455996784,6971.0,6971.0,0.0,5.153945621707762e-21,374.89038705825806
8447.0,0.021385211837540788,6971.0,6971.0,0.0,4.91848853907116e-21,374.8939549922943
8448.0,0.02136382662570325,6971.0,6971.0,0.0,4.693568568943984e-21,374.8975760936737
8449.0,0.021342462799077547,6971.0,6971.0,0.0,4.478724218924788e-21,374.9011080265045
8450.0,0.02132112033627847,6971.0,6971.0,0.0,4.273513756914333e-21,374.90475606918335
8451.0,0.021299799215942192,6971.0,6971.0,0.0,4.077514384863893e-21,374.90826511383057
8452.0,0.02127849941672625,6971.0,6971.0,0.0,3.8903214462187685e-21,374.91173100471497
8453.0,0.021257220917309524,6971.0,6971.0,2.0,3.711547665718474e-21,374.91551089286804
8454.0,0.021235963696392215,6971.0,6971.0,1.0,3.540822420267278e-21,374.91904497146606
8455.0,0.021214727732695823,6971.0,6971.0,1.0,3.377791039638061e-21,374.92261600494385
8456.0,0.021193513004963128,6971.0,6971.0,0.0,3.2221141358208514e-21,374.92626118659973
8457.0,0.021172319491958164,6971.0,6971.0,0.0,3.0734669598729272e-21,374.92988204956055
8458.0,0.021151147172466207,6971.0,6971.0,0.0,2.931538785172076e-21,374.9334759712219
8459.0,0.02112999602529374,6971.0,6971.0,0.0,2.7960323160170986e-21,374.9371249675751
8460.0,0.021108866029268446,6971.0,6971.0,0.0,2.666663120560804e-21,374.9406728744507
8461.0,0.021087757163239178,6971.0,6971.0,0.0,2.543159087100409e-21,374.94418001174927
8462.0,0.02106666940607594,6971.0,6971.0,1.0,2.4252599027876922e-21,374.94774293899536
8463.0,0.021045602736669864,6971.0,6971.0,1.0,2.3127165538585106e-21,374.9511420726776
8464.0,0.021024557133933194,6971.0,6971.0,0.0,2.20529084651625e-21,374.95465898513794
8465.0,0.02100353257679926,6971.0,6971.0,0.0,2.102754947637437e-21,374.9583749771118
8466.0,0.02098252904422246,6971.0,6971.0,0.0,2.0048909445003976e-21,374.9619448184967
8467.0,0.020961546515178238,6971.0,6971.0,0.0,1.9114904227695816e-21,374.96557092666626
8468.0,0.02094058496866306,6971.0,6971.0,0.0,1.8223540619975216e-21,374.9692349433899
8469.0,0.020919644383694397,6971.0,6971.0,2.0,1.737291247936349e-21,374.9728260040283
8470.0,0.020898724739310703,6971.0,6971.0,1.0,1.6561197009777443e-21,374.97644805908203
8471.0,0.02087782601457139,6971.0,6971.0,0.0,1.5786651200676455e-21,374.9801239967346
8472.0,0.02085694818855682,6971.0,6971.0,0.0,1.5047608414676672e-21,374.9836928844452
8473.0,0.02083609124036826,6971.0,6971.0,1.0,1.4342475117598622e-21,374.98729610443115
8474.0,0.020815255149127892,6971.0,6971.0,0.0,1.3669727745153843e-21,374.9909358024597
8475.0,0.020794439893978764,6971.0,6971.0,0.0,1.3027909700707074e-21,374.9944999217987
8476.0,0.020773645454084784,6971.0,6971.0,0.0,1.2415628478767998e-21,374.9980800151825
8477.0,0.0207528718086307,6971.0,6971.0,0.0,1.1831552909081372e-21,375.0018241405487
8478.0,0.02073211893682207,6971.0,6971.0,0.0,1.1274410516386379e-21,375.0053610801697
8479.0,0.020711386817885247,6971.0,6971.0,0.0,1.0742984991114345e-21,375.0088529586792
8480.0,0.02069067543106736,6971.0,6971.0,1.0,1.0236113766478654e-21,375.0127019882202
8481.0,0.020669984755636292,6971.0,6971.0,0.0,9.752685697596073e-22,375.0162420272827
8482.0,0.020649314770880656,6971.0,6971.0,0.0,9.291638838449838e-22,375.0198721885681
8483.0,0.020628665456109776,6971.0,6971.0,0.0,8.851958312673395e-22,375.0235469341278
8484.0,0.020608036790653667,6971.0,6971.0,0.0,8.432674274294822e-22,375.02713680267334
8485.0,0.020587428753863015,6971.0,6971.0,0.0,8.032859954735778e-22,375.030699968338
8486.0,0.02056684132510915,6971.0,6971.0,0.0,7.651629792508037e-22,375.0341987609863
8487.0,0.02054627448378404,6971.0,6971.0,0.0,7.288137642193074e-22,375.0377187728882
8488.0,0.020525728209300258,6971.0,6971.0,2.0,6.9415750594281345e-22,375.0413610935211
8489.0,0.02050520248109096,6971.0,6971.0,0.0,6.6111696587526745e-22,375.04504203796387
8490.0,0.020484697278609867,6971.0,6971.0,2.0,6.296183541298105e-22,375.0486030578613
8491.0,0.020464212581331256,6971.0,6971.0,0.0,5.995911789422463e-22,375.05220317840576
8492.0,0.020443748368749924,6971.0,6971.0,0.0,5.709681025511808e-22,375.0557608604431
8493.0,0.020423304620381173,6971.0,6971.0,0.0,5.436848032279982e-22,375.0593979358673
8494.0,0.020402881315760794,6971.0,6971.0,0.0,5.176798432007749e-22,375.0630030632019
8495.0,0.020382478434445035,6971.0,6971.0,1.0,4.92894542226556e-22,375.06664514541626
8496.0,0.02036209595601059,6971.0,6971.0,1.0,4.692728565764525e-22,375.07026386260986
8497.0,0.02034173386005458,6971.0,6971.0,2.0,4.4676126320742e-22,375.073805809021
8498.0,0.020321392126194524,6971.0,6971.0,1.0,4.253086489039921e-22,375.07755613327026
8499.0,0.02030107073406833,6971.0,6971.0,0.0,4.04866204181903e-22,375.0811140537262
8500.0,0.020280769663334263,6971.0,6971.0,1.0,3.8538732175404406e-22,375.0847029685974
8501.0,0.02026048889367093,6971.0,6971.0,1.0,3.6682749936749683e-22,375.0885589122772
8502.0,0.02024022840477726,6971.0,6971.0,0.0,3.491442468279078e-22,375.0920879840851
8503.0,0.02021998817637248,6971.0,6971.0,1.0,3.3229699703527657e-22,375.0956108570099
8504.0,0.020199768188196108,6971.0,6971.0,0.0,3.1624702086229106e-22,375.0993161201477
8505.0,0.020179568420007912,6971.0,6971.0,0.0,3.0095734571322647e-22,375.103031873703
8506.0,0.020159388851587905,6971.0,6971.0,0.0,2.863926776082132e-22,375.1066699028015
8507.0,0.020139229462736316,6971.0,6971.0,2.0,2.725193266439585e-22,375.1102900505066
8508.0,0.02011909023327358,6971.0,6971.0,0.0,2.5930513568812374e-22,375.11390495300293
8509.0,0.020098971143040305,6971.0,6971.0,2.0,2.467194121705256e-22,375.11754512786865
8510.0,0.020078872171897265,6971.0,6971.0,0.0,2.3473286283989603e-22,375.1212680339813
8511.0,0.020058793299725368,6971.0,6971.0,0.0,2.2331753136038507e-22,375.12474298477173
8512.0,0.020038734506425643,6971.0,6971.0,0.0,2.1244673862720123e-22,375.1281909942627
8513.0,0.02001869577191922,6971.0,6971.0,1.0,2.0209502568575557e-22,375.1318600177765
8514.0,0.0199986770761473,6971.0,6971.0,0.0,1.9223809914349169e-22,375.13552808761597
8515.0,0.01997867839907115,6971.0,6971.0,1.0,1.828527789681472e-22,375.13912296295166
8516.0,0.01995869972067208,6971.0,6971.0,2.0,1.739169485706421e-22,375.14272904396057
8517.0,0.01993874102095141,6971.0,6971.0,0.0,1.6540950707500144e-22,375.1463580131531
8518.0,0.01991880227993046,6971.0,6971.0,0.0,1.573103236817857e-22,375.1500277519226
8519.0,0.01989888347765053,6971.0,6971.0,1.0,1.4960019403540516e-22,375.15367698669434
8520.0,0.01987898459417288,6971.0,6971.0,0.0,1.4226079850943347e-22,375.1571900844574
8521.0,0.019859105609578705,6971.0,6971.0,0.0,1.3527466232761306e-22,375.16083216667175
8522.0,0.019839246503969128,6971.0,6971.0,0.0,1.2862511744171784e-22,375.16458201408386
8523.0,0.019819407257465158,6971.0,6971.0,0.0,1.2229626609068317e-22,375.1681261062622
8524.0,0.019799587850207693,6971.0,6971.0,0.0,1.1627294596866652e-22,375.17172598838806
8525.0,0.019779788262357486,6971.0,6971.0,1.0,1.1054069693264363e-22,375.17523288726807
8526.0,0.019760008474095127,6971.0,6971.0,0.0,1.0508572918313219e-22,375.178671836853
8527.0,0.019740248465621033,6971.0,6971.0,1.0,9.989489285440741e-23,375.182293176651
8528.0,0.019720508217155413,6971.0,6971.0,1.0,9.495564895323134e-23,375.18599581718445
8529.0,0.019700787708938256,6971.0,6971.0,0.0,9.025604158772745e-23,375.18958592414856
8530.0,0.01968108692122932,6971.0,6971.0,0.0,8.578467143047018e-23,375.193176984787
8531.0,0.01966140583430809,6971.0,6971.0,0.0,8.153067036222702e-23,375.196799993515
8532.0,0.019641744428473783,6971.0,6971.0,0.0,7.748367724506934e-23,375.2002830505371
8533.0,0.01962210268404531,6971.0,6971.0,0.0,7.363381477572364e-23,375.20388889312744
8534.0,0.019602480581361263,6971.0,6971.0,0.0,6.997166737213739e-23,375.2074589729309
8535.0,0.019582878100779903,6971.0,6971.0,0.0,6.648826004820733e-23,375.2112309932709
8536.0,0.019563295222679123,6971.0,6971.0,1.0,6.317503823355786e-23,375.21489000320435
8537.0,0.019543731927456443,6971.0,6971.0,1.0,6.002384849707921e-23,375.2184548377991
8538.0,0.019524188195528987,6971.0,6971.0,0.0,5.702692013468901e-23,375.22215509414673
8539.0,0.019504664007333458,6971.0,6971.0,1.0,5.417684758348522e-23,375.2257287502289
8540.0,0.019485159343326126,6971.0,6971.0,2.0,5.146657362605273e-23,375.2293698787689
8541.0,0.0194656741839828,6971.0,6971.0,2.0,4.888937335025817e-23,375.23295402526855
8542.0,0.019446208509798817,6971.0,6971.0,0.0,4.6438838831331187e-23,375.2366199493408
8543.0,0.019426762301289018,6971.0,6971.0,1.0,4.4108864504464196e-23,375.2402341365814
8544.0,0.01940733553898773,6971.0,6971.0,0.0,4.1893633197528866e-23,375.24379205703735
8545.0,0.019387928203448743,6971.0,6971.0,0.0,3.9787602794800393e-23,375.2474000453949
8546.0,0.019368540275245295,6971.0,6971.0,0.0,3.7785493503847366e-23,375.25119185447693
8547.0,0.01934917173497005,6971.0,6971.0,1.0,3.5882275698935155e-23,375.2548260688782
8548.0,0.01932982256323508,6971.0,6971.0,0.0,3.407315831544081e-23,375.2584640979767
8549.0,0.019310492740671845,6971.0,6971.0,0.0,3.235357777087938e-23,375.2621400356293
8550.0,0.019291182247931173,6971.0,6971.0,2.0,3.071918738919827e-23,375.26565313339233
8551.0,0.019271891065683243,6971.0,6971.0,0.0,2.9165847306000145e-23,375.26916003227234
8552.0,0.01925261917461756,6971.0,6971.0,0.0,2.768961483332654e-23,375.27286314964294
8553.0,0.01923336655544294,6971.0,6971.0,1.0,2.6286735263561922e-23,375.2763569355011
8554.0,0.019214133188887497,6971.0,6971.0,1.0,2.495363309290004e-23,375.27994990348816
8555.0,0.01919491905569861,6971.0,6971.0,1.0,2.368690364567052e-23,375.2835521697998
8556.0,0.01917572413664291,6970.0,6970.0,1.0,2.248330508163227e-23,375.287230014801
8557.0,0.019156548412506268,6970.0,6970.0,0.0,2.133975076912459e-23,375.2908880710602
8558.0,0.019137391864093762,6970.0,6970.0,0.0,2.025330200770663e-23,375.2945909500122
8559.0,0.01911825447222967,6970.0,6970.0,2.0,1.9221161084638063e-23,375.2981870174408
8560.0,0.01909913621775744,6970.0,6970.0,0.0,1.8240664650231247e-23,375.30176281929016
8561.0,0.019080037081539682,6970.0,6970.0,0.0,1.7309277397764825e-23,375.30533599853516
8562.0,0.019060957044458142,6970.0,6970.0,1.0,1.6424586034271987e-23,375.3088438510895
8563.0,0.019041896087413683,6970.0,6970.0,0.0,1.5584293529121026e-23,375.3124051094055
8564.0,0.01902285419132627,6970.0,6970.0,0.0,1.4786213627876013e-23,375.31605315208435
8565.0,0.019003831337134944,6970.0,6970.0,3.0,1.4028265619478894e-23,375.3195741176605
8566.0,0.01898482750579781,6970.0,6970.0,0.0,1.3308469345318936e-23,375.3231680393219
8567.0,0.018965842678292013,6970.0,6970.0,1.0,1.2624940439259645e-23,375.3267378807068
8568.0,0.018946876835613722,6970.0,6970.0,1.0,1.1975885788175809e-23,375.330353975296
8569.0,0.01892792995877811,6970.0,6970.0,0.0,1.1359599203013903e-23,375.3338689804077
8570.0,0.01890900202881933,6970.0,6970.0,0.0,1.0774457290832574e-23,375.33757305145264
8571.0,0.01889009302679051,6970.0,6970.0,1.0,1.0218915518698823e-23,375.34109711647034
8572.0,0.01887120293376372,6970.0,6970.0,2.0,9.691504460724742e-24,375.3445200920105
8573.0,0.018852331730829956,6970.0,6970.0,1.0,9.19082621991229e-24,375.34818291664124
8574.0,0.018833479399099125,6970.0,6970.0,0.0,8.715551016844898e-24,375.35170793533325
8575.0,0.018814645919700026,6970.0,6970.0,0.0,8.264413937620498e-24,375.35531306266785
8576.0,0.018795831273780327,6970.0,6970.0,0.0,7.83621183375657e-24,375.35890102386475
8577.0,0.018777035442506546,6970.0,6970.0,0.0,7.429800367123585e-24,375.36244893074036
8578.0,0.01875825840706404,6970.0,6970.0,0.0,7.044091193272597e-24,375.3660099506378
8579.0,0.018739500148656975,6970.0,6970.0,0.0,6.67804927681896e-24,375.3695418834686
8580.0,0.01872076064850832,6970.0,6970.0,0.0,6.330690332827524e-24,375.3732039928436
8581.0,0.01870203988785981,6970.0,6970.0,0.0,6.001078388416898e-24,375.3768079280853
8582.0,0.01868333784797195,6970.0,6970.0,0.0,5.68832345905797e-24,375.38039207458496
8583.0,0.01866465451012398,6970.0,6970.0,0.0,5.391579334291084e-24,375.3840117454529
8584.0,0.018645989855613856,6970.0,6970.0,0.0,5.110041467822774e-24,375.3876349925995
8585.0,0.01862734386575824,6970.0,6970.0,2.0,4.842944967189872e-24,375.3912568092346
8586.0,0.01860871652189248,6970.0,6970.0,0.0,4.589562678395362e-24,375.3948030471802
8587.0,0.018590107805370588,6970.0,6970.0,0.0,4.349203361127852e-24,375.3984069824219
8588.0,0.018571517697565217,6970.0,6970.0,0.0,4.121209950374296e-24,375.40205812454224
8589.0,0.018552946179867653,6970.0,6970.0,1.0,3.904957900425096e-24,375.40554308891296
8590.0,0.018534393233687784,6970.0,6970.0,0.0,3.699853607451951e-24,375.4091730117798
8591.0,0.018515858840454095,6970.0,6970.0,0.0,3.50533290701157e-24,375.4128658771515
8592.0,0.01849734298161364,6970.0,6970.0,0.0,3.3208596429939346e-24,375.4163930416107
8593.0,0.018478845638632026,6970.0,6970.0,1.0,3.145924304691269e-24,375.4199230670929
8594.0,0.018460366792993396,6970.0,6970.0,1.0,2.9800427288165607e-24,375.4235990047455
8595.0,0.018441906426200402,6970.0,6970.0,0.0,2.822754863442211e-24,375.4270758628845
8596.0,0.018423464519774203,6970.0,6970.0,0.0,2.6736235909702755e-24,375.4306709766388
8597.0,0.01840504105525443,6970.0,6970.0,1.0,2.5322336073750915e-24,375.4342129230499
8598.0,0.018386636014199174,6970.0,6970.0,1.0,2.398190355086615e-24,375.43784618377686
8599.0,0.018368249378184976,6970.0,6970.0,0.0,2.2711190070023997e-24,375.44142293930054
8600.0,0.01834988112880679,6970.0,6970.0,0.0,2.150663499231248e-24,375.4450719356537
8601.0,0.018331531247677984,6970.0,6970.0,0.0,2.036485610281653e-24,375.4485878944397
8602.0,0.018313199716430306,6970.0,6970.0,0.0,1.928264084512497e-24,375.4521601200104
8603.0,0.018294886516713876,6970.0,6970.0,0.0,1.8256937977644094e-24,375.45590901374817
8604.0,0.018276591630197164,6970.0,6970.0,0.0,1.7284849631852333e-24,375.45946192741394
8605.0,0.018258315038566966,6970.0,6970.0,0.0,1.6363623753549819e-24,375.46305894851685
8606.0,0.018240056723528398,6970.0,6970.0,1.0,1.5490646909026897e-24,375.4666578769684
8607.0,0.01822181666680487,6970.0,6970.0,1.0,1.4663437438910095e-24,375.4703040122986
8608.0,0.018203594850138064,6970.0,6970.0,1.0,1.3879638943241265e-24,375.47395300865173
8609.0,0.018185391255287925,6970.0,6970.0,0.0,1.3137014082106266e-24,375.477401971817
8610.0,0.018167205864032636,6970.0,6970.0,0.0,1.2433438676852643e-24,375.48107290267944
8611.0,0.018149038658168602,6970.0,6970.0,1.0,1.1766896097633385e-24,375.48466396331787
8612.0,0.018130889619510433,6970.0,6970.0,1.0,1.1135471923672605e-24,375.4882650375366
8613.0,0.01811275872989092,6970.0,6970.0,0.0,1.0537348863282031e-24,375.4919099807739
8614.0,0.01809464597116103,6970.0,6970.0,0.0,9.970801921259608e-25,375.49551916122437
8615.0,0.018076551325189868,6970.0,6970.0,0.0,9.43419380187934e-25,375.49911999702454
8616.0,0.01805847477386468,6970.0,6970.0,1.0,8.925970536228479e-25,375.50273180007935
8617.0,0.018040416299090815,6970.0,6970.0,0.0,8.44465732317459e-25,375.50656485557556
8618.0,0.018022375882791725,6970.0,6970.0,0.0,7.98885457374539e-25,375.5104429721832
8619.0,0.018004353506908932,6970.0,6970.0,0.0,7.557234149181679e-25,375.5140700340271
8620.0,0.017986349153402022,6970.0,6970.0,0.0,7.148535783380427e-25,375.5178461074829
8621.0,0.01796836280424862,6970.0,6970.0,1.0,6.761563680879123e-25,375.5214319229126
8622.0,0.017950394441444372,6970.0,6970.0,0.0,6.395183281949252e-25,375.52499890327454
8623.0,0.017932444047002928,6970.0,6970.0,1.0,6.048318186761658e-25,375.52858781814575
8624.0,0.017914511602955926,6970.0,6970.0,0.0,5.719947230965614e-25,375.53217601776123
8625.0,0.01789659709135297,6970.0,6970.0,0.0,5.409101705382789e-25,375.5357389450073
8626.0,0.01787870049426162,6970.0,6970.0,0.0,5.114862712863186e-25,375.5393271446228
8627.0,0.017860821793767356,6970.0,6970.0,0.0,4.836358655676117e-25,375.54294896125793
8628.0,0.01784296097197359,6970.0,6970.0,1.0,4.572762847124919e-25,375.5465748310089
8629.0,0.017825118011001617,6970.0,6970.0,0.0,4.323291241370074e-25,375.5502419471741
8630.0,0.017807292892990614,6970.0,6970.0,0.0,4.0872002757321953e-25,375.5538830757141
8631.0,0.017789485600097625,6970.0,6970.0,0.0,3.863784820017579e-25,375.55742287635803
8632.0,0.017771696114497526,6970.0,6970.0,1.0,3.652376227666832e-25,375.5610001087189
8633.0,0.017753924418383027,6970.0,6970.0,0.0,3.452340483776269e-25,375.56461906433105
8634.0,0.017736170493964643,6970.0,6970.0,1.0,3.263076445275128e-25,375.56820797920227
8635.0,0.01771843432347068,6970.0,6970.0,0.0,3.0840141687682204e-25,375.5718059539795
8636.0,0.01770071588914721,6970.0,6970.0,2.0,2.914613321766018e-25,375.57547879219055
8637.0,0.017683015173258064,6970.0,6970.0,0.0,2.754361673229972e-25,375.579313993454
8638.0,0.017665332158084805,6970.0,6970.0,0.0,2.6027736595543636e-25,375.5829870700836
8639.0,0.01764766682592672,6970.0,6970.0,0.0,2.4593890222920815e-25,375.58667492866516
8640.0,0.017630019159100792,6970.0,6970.0,0.0,2.3237715141083327e-25,375.5903351306915
8641.0,0.01761238913994169,6970.0,6970.0,1.0,2.195507669615134e-25,375.59421491622925
8642.0,0.017594776750801747,6970.0,6970.0,0.0,2.074205637900252e-25,375.59799885749817
8643.0,0.017577181974050945,6970.0,6970.0,2.0,1.9594940737167138e-25,375.6016490459442
8644.0,0.017559604792076893,6970.0,6970.0,1.0,1.8510210844458755e-25,375.605495929718
8645.0,0.017542045187284815,6970.0,6970.0,1.0,1.748453230085514e-25,375.60907888412476
8646.0,0.017524503142097532,6970.0,6970.0,0.0,1.6514745736472623e-25,375.61288690567017
8647.0,0.017506978638955433,6970.0,6970.0,0.0,1.5597857794736593e-25,375.6165850162506
8648.0,0.017489471660316478,6970.0,6970.0,1.0,1.4731032571059857e-25,375.62024688720703
8649.0,0.01747198218865616,6970.0,6970.0,1.0,1.3911583484480718e-25,375.62390208244324
8650.0,0.017454510206467506,6970.0,6970.0,1.0,1.313696556081018e-25,375.62753891944885
8651.0,0.01743705569626104,6970.0,6970.0,4.0,1.2404768106872795e-25,375.6312139034271
8652.0,0.017419618640564776,6970.0,6970.0,0.0,1.171270775642394e-25,375.6347029209137
8653.0,0.017402199021924213,6970.0,6970.0,1.0,1.105862186926251e-25,375.6382930278778
8654.0,0.01738479682290229,6970.0,6970.0,1.0,1.0440462265963095e-25,375.6419589519501
8655.0,0.017367412026079387,6970.0,6970.0,1.0,9.856289281505213e-26,375.6456117630005
8656.0,0.017350044614053307,6970.0,6970.0,1.0,9.304266121894379e-26,375.6493058204651
8657.0,0.017332694569439252,6970.0,6970.0,1.0,8.782653508644821e-26,375.65291714668274
8658.0,0.017315361874869813,6970.0,6970.0,0.0,8.289804596734641e-26,375.6566638946533
8659.0,0.017298046512994943,6970.0,6970.0,0.0,7.824160152347659e-26,375.6602520942688
8660.0,0.01728074846648195,6970.0,6970.0,0.0,7.384243977388096e-26,375.66392612457275
8661.0,0.017263467718015468,6970.0,6970.0,0.0,6.968658568389967e-26,375.66750597953796
8662.0,0.01724620425029745,6970.0,6970.0,1.0,6.576080998053888e-26,375.6710858345032
8663.0,0.017228958046047155,6970.0,6970.0,0.0,6.205259008221027e-26,375.67468094825745
8664.0,0.01721172908800111,6970.0,6970.0,0.0,5.855007303643289e-26,375.6782569885254
8665.0,0.017194517358913107,6970.0,6970.0,4.0,5.524204036437313e-26,375.681832075119
8666.0,0.017177322841554193,6970.0,6970.0,0.0,5.211787471603845e-26,375.68586778640747
8667.0,0.017160145518712637,6970.0,6970.0,1.0,4.916752824472524e-26,375.68966579437256
8668.0,0.017142985373193923,6970.0,6970.0,1.0,4.6381492613819274e-26,375.6933870315552
8669.0,0.01712584238782073,6970.0,6970.0,0.0,4.375077055336882e-26,375.6969518661499
8670.0,0.017108716545432907,6970.0,6970.0,1.0,4.1266848887917194e-26,375.7004671096802
8671.0,0.017091607828887474,6970.0,6970.0,0.0,3.892167296100381e-26,375.70413398742676
8672.0,0.017074516221058586,6970.0,6970.0,1.0,3.6707622385419636e-26,375.7077331542969
8673.0,0.017057441704837528,6970.0,6970.0,1.0,3.461748805185695e-26,375.7113449573517
8674.0,0.01704038426313269,6970.0,6970.0,0.0,3.26444503319211e-26,375.7149980068207
8675.0,0.01702334387886956,6970.0,6970.0,1.0,3.078205841467999e-26,375.7186589241028
8676.0,0.01700632053499069,6970.0,6970.0,0.0,2.902421071895259e-26,375.7222340106964
8677.0,0.016989314214455698,6970.0,6970.0,0.0,2.736513632643139e-26,375.72586703300476
8678.0,0.016972324900241243,6970.0,6970.0,0.0,2.5799377383467542e-26,375.7295229434967
8679.0,0.016955352575341,6970.0,6970.0,1.0,2.4321772421974384e-26,375.7330892086029
8680.0,0.01693839722276566,6970.0,6970.0,0.0,2.2927440552376394e-26,375.7367708683014
8681.0,0.016921458825542895,6970.0,6970.0,0.0,2.1611766483893947e-26,375.7404999732971
8682.0,0.01690453736671735,6970.0,6970.0,0.0,2.037038632970632e-26,375.74409794807434
8683.0,0.016887632829350633,6970.0,6970.0,0.0,1.919917415666143e-26,375.74774503707886
8684.0,0.01687074519652128,6970.0,6970.0,0.0,1.8094229241238753e-26,375.751412153244
8685.0,0.01685387445132476,6970.0,6970.0,0.0,1.7051863995395202e-26,375.7550208568573
8686.0,0.016837020576873436,6970.0,6970.0,1.0,1.606859252776484e-26,375.75860691070557
8687.0,0.016820183556296563,6970.0,6970.0,0.0,1.5141119807422084e-26,375.7621500492096
8688.0,0.016803363372740267,6970.0,6970.0,0.0,1.4266331399079694e-26,375.76574897766113
8689.0,0.016786560009367527,6970.0,6970.0,1.0,1.3441283740167003e-26,375.7692937850952
8690.0,0.01676977344935816,6970.0,6970.0,0.0,1.2663194931732566e-26,375.77301692962646
8691.0,0.016753003675908804,6970.0,6970.0,1.0,1.1929436016536923e-26,375.7765209674835
8692.0,0.016736250672232895,6970.0,6970.0,0.0,1.1237522719057659e-26,375.7801501750946
8693.0,0.016719514421560663,6970.0,6970.0,1.0,1.0585107623410243e-26,375.783704996109
8694.0,0.016702794907139103,6970.0,6970.0,1.0,9.969972766412999e-27,375.78728795051575
8695.0,0.016686092112231963,6970.0,6970.0,1.0,9.390022624182953e-27,375.7909667491913
8696.0,0.01666940602011973,6970.0,6970.0,1.0,8.843277471753427e-27,375.7945671081543
8697.0,0.01665273661409961,6970.0,6970.0,2.0,8.327867096251159e-27,375.79825806617737
8698.0,0.01663608387748551,6970.0,6970.0,0.0,7.842024845165943e-27,375.8019609451294
8699.0,0.016619447793608026,6970.0,6970.0,0.0,7.384081992191491e-27,375.8055799007416
8700.0,0.01660282834581442,6970.0,6970.0,0.0,6.952462404014644e-27,375.8091559410095
8701.0,0.016586225517468606,6970.0,6970.0,0.0,6.545677492281218e-27,375.81292605400085
8702.0,0.016569639291951137,6970.0,6970.0,0.0,6.162321435779197e-27,375.81651282310486
8703.0,0.016553069652659187,6970.0,6970.0,0.0,5.801066658647609e-27,375.8200328350067
8704.0,0.01653651658300653,6970.0,6970.0,0.0,5.460659551150917e-27,375.8237121105194
8705.0,0.016519980066423523,6970.0,6970.0,1.0,5.1399164202513854e-27,375.82723903656006
8706.0,0.0165034600863571,6970.0,6970.0,1.0,4.837719657872585e-27,375.8307421207428
8707.0,0.016486956626270744,6970.0,6970.0,1.0,4.553014115370375e-27,375.8343508243561
8708.0,0.016470469669644473,6970.0,6970.0,0.0,4.284803673322822e-27,375.83798575401306
8709.0,0.01645399919997483,6970.0,6970.0,0.0,4.0321479963145315e-27,375.8416237831116
8710.0,0.016437545200774853,6970.0,6970.0,2.0,3.794159462924406e-27,375.8454360961914
8711.0,0.01642110765557408,6970.0,6970.0,0.0,3.570000261635893e-27,375.8489649295807
8712.0,0.016404686547918504,6970.0,6970.0,3.0,3.358879643868846e-27,375.8525779247284
8713.0,0.016388281861370587,6970.0,6970.0,0.0,3.1600513257917854e-27,375.8562331199646
8714.0,0.016371893579509217,6970.0,6970.0,1.0,2.9728110310055298e-27,375.8598427772522
8715.0,0.016355521685929707,6970.0,6970.0,0.0,2.7964941666035354e-27,375.8633460998535
8716.0,0.016339166164243777,6970.0,6970.0,0.0,2.6304736255032947e-27,375.8669710159302
8717.0,0.016322826998079534,6970.0,6970.0,2.0,2.4741577083157292e-27,375.8707768917084
8718.0,0.016306504171081454,6970.0,6970.0,1.0,2.326988158371085e-27,375.8743169307709
8719.0,0.016290197666910373,6970.0,6970.0,2.0,2.1884383038539225e-27,375.87797689437866
8720.0,0.016273907469243464,6970.0,6970.0,0.0,2.058011301316591e-27,375.8817710876465
8721.0,0.01625763356177422,6970.0,6970.0,0.0,1.9352384751417632e-27,375.88544607162476
8722.0,0.016241375928212447,6970.0,6970.0,1.0,1.8196777478093007e-27,375.8891689777374
8723.0,0.016225134552284234,6970.0,6970.0,0.0,1.7109121560934306e-27,375.8927409648895
8724.0,0.01620890941773195,6970.0,6970.0,0.0,1.608548448572822e-27,375.8962309360504
8725.0,0.016192700508314218,6970.0,6970.0,0.0,1.5122157600795975e-27,375.8998370170593
8726.0,0.016176507807805905,6970.0,6970.0,1.0,1.4215643589438944e-27,375.90343499183655
8727.0,0.0161603312999981,6970.0,6970.0,0.0,1.3362644631095578e-27,375.90712308883667
8728.0,0.0161441709686981,6970.0,6970.0,0.0,1.2560051214040753e-27,375.9107029438019
8729.0,0.016128026797729404,6970.0,6970.0,1.0,1.1804931564427066e-27,375.9143497943878
8730.0,0.016111898770931676,6970.0,6970.0,0.0,1.1094521658330233e-27,375.9179720878601
8731.0,0.016095786872160744,6970.0,6970.0,0.0,1.0426215785233437e-27,375.9216887950897
8732.0,0.016079691085288582,6970.0,6970.0,0.0,9.797557633059838e-28,375.9252209663391
8733.0,0.016063611394203293,6970.0,6970.0,0.0,9.20623186645183e-28,375.9287669658661
8734.0,0.01604754778280909,6970.0,6970.0,0.0,8.650056171502661e-28,375.93236684799194
8735.0,0.01603150023502628,6970.0,6970.0,0.0,8.126973741574497e-28,375.9360017776489
8736.0,0.016015468734791254,6970.0,6970.0,0.0,7.635046180190275e-28,375.9396598339081
8737.0,0.015999453266056462,6970.0,6970.0,2.0,7.172446798267724e-28,375.9432499408722
8738.0,0.015983453812790406,6970.0,6970.0,0.0,6.737454284181495e-28,375.94719791412354
8739.0,0.015967470358977616,6970.0,6970.0,0.0,6.328446726290219e-28,375.9510591030121
8740.0,0.01595150288861864,6970.0,6970.0,1.0,5.943895968655667e-28,375.9547190666199
8741.0,0.01593555138573002,6970.0,6970.0,1.0,5.582362281717015e-28,375.95828008651733
8742.0,0.01591961583434429,6970.0,6970.0,0.0,5.242489330661313e-28,375.9618899822235
8743.0,0.015903696218509945,6970.0,6970.0,0.0,4.922999425159107e-28,375.96559596061707
8744.0,0.015887792522291434,6970.0,6970.0,1.0,4.622689035015011e-28,375.9691729545593
8745.0,0.015871904729769144,6970.0,6970.0,0.0,4.340424557113517e-28,375.9728260040283
8746.0,0.015856032825039376,6970.0,6970.0,1.0,4.075138319830094e-28,375.9764471054077
8747.0,0.015840176792214337,6970.0,6970.0,1.0,3.825824811825109e-28,375.9800589084625
8748.0,0.01582433661542212,6970.0,6970.0,2.0,3.5915371228439806e-28,375.9836759567261
8749.0,0.0158085122788067,6970.0,6970.0,0.0,3.3713835848183617e-28,375.9873330593109
8750.0,0.015792703766527895,6970.0,6970.0,1.0,3.1645246021962414e-28,375.99089789390564
8751.0,0.015776911062761367,6970.0,6970.0,0.0,2.970169661030778e-28,375.99443006515503
8752.0,0.015761134151698605,6970.0,6970.0,3.0,2.7875745069250936e-28,375.9980471134186
8753.0,0.015745373017546905,6970.0,6970.0,0.0,2.616038482469395e-28,376.0016667842865
8754.0,0.015729627644529356,6970.0,6970.0,0.0,2.454902015316224e-28,376.0052750110626
8755.0,0.015713898016884827,6970.0,6970.0,0.0,2.303544248522225e-28,376.00891876220703
8756.0,0.015698184118867944,6970.0,6970.0,1.0,2.1613808052411887e-28,376.0124659538269
8757.0,0.015682485934749076,6970.0,6970.0,1.0,2.0278616802859764e-28,376.0160720348358
8758.0,0.015666803448814326,6970.0,6970.0,2.0,1.902469251485294e-28,376.01967096328735
8759.0,0.01565113664536551,6970.0,6970.0,0.0,1.784716404149036e-28,376.0232689380646
8760.0,0.015635485508720143,6970.0,6970.0,2.0,1.6741447623219947e-28,376.0268828868866
8761.0,0.015619850023211423,6970.0,6970.0,0.0,1.5703230208524584e-28,376.03077006340027
8762.0,0.015604230173188212,6970.0,6970.0,0.0,1.4728453726303787e-28,376.0343918800354
8763.0,0.015588625943015024,6970.0,6970.0,0.0,1.3813300256598602e-28,376.0380289554596
8764.0,0.015573037317072009,6970.0,6970.0,1.0,1.295417804924922e-28,376.04153203964233
8765.0,0.015557464279754936,6970.0,6970.0,0.0,1.2147708342843064e-28,376.04508090019226
8766.0,0.015541906815475182,6970.0,6970.0,1.0,1.1390712938949616e-28,376.0487229824066
8767.0,0.015526364908659706,6970.0,6970.0,1.0,1.068020248911459e-28,376.0523180961609
8768.0,0.015510838543751047,6970.0,6970.0,0.0,1.0013365454442355e-28,376.05610704421997
8769.0,0.015495327705207295,6970.0,6970.0,1.0,9.387557699816235e-29,376.0597388744354
8770.0,0.015479832377502088,6970.0,6970.0,0.0,8.800292686909468e-29,376.06335186958313
8771.0,0.015464352545124585,6970.0,6970.0,4.0,8.249232232127426e-29,376.0669059753418
8772.0,0.01544888819257946,6970.0,6970.0,0.0,7.732177797503304e-29,376.0704119205475
8773.0,0.01543343930438688,6970.0,6970.0,0.0,7.247062284344229e-29,376.0739459991455
8774.0,0.015418005865082494,6970.0,6970.0,1.0,6.791942301108579e-29,376.07755494117737
8775.0,0.015402587859217411,6970.0,6970.0,0.0,6.364990878581989e-29,376.0811560153961
8776.0,0.015387185271358194,6970.0,6970.0,0.0,5.96449060692169e-29,376.084774017334
8777.0,0.015371798086086836,6970.0,6970.0,0.0,5.588827170560646e-29,376.0883569717407
8778.0,0.01535642628800075,6970.0,6970.0,0.0,5.236483258302024e-29,376.0919609069824
8779.0,0.015341069861712749,6970.0,6970.0,0.0,4.906032827205063e-29,376.0956120491028
8780.0,0.015325728791851036,6970.0,6970.0,0.0,4.5961357000617654e-29,376.09905195236206
8781.0,0.015310403063059185,6970.0,6970.0,0.0,4.305532477396017e-29,376.10246992111206
8782.0,0.015295092659996125,6970.0,6970.0,1.0,4.033039745987891e-29,376.1061849594116
8783.0,0.015279797567336129,6970.0,6970.0,0.0,3.7775455669372677e-29,376.1096878051758
8784.0,0.015264517769768792,6970.0,6970.0,0.0,3.538005227236331e-29,376.1132130622864
8785.0,0.015249253251999023,6970.0,6970.0,1.0,3.3134372397243316e-29,376.11695075035095
8786.0,0.015234003998747024,6970.0,6970.0,1.0,3.102919577149083e-29,376.1205298900604
8787.0,0.015218769994748277,6970.0,6970.0,0.0,2.9055861268684163e-29,376.12410402297974
8788.0,0.01520355122475353,6970.0,6970.0,1.0,2.720623353483122e-29,376.1279938220978
8789.0,0.015188347673528776,6970.0,6970.0,0.0,2.547267157413324e-29,376.1316030025482
8790.0,0.015173159325855248,6970.0,6970.0,0.0,2.3847999181093083e-29,376.13528203964233
8791.0,0.015157986166529393,6970.0,6970.0,2.0,2.2325477112283146e-29,376.1390030384064
8792.0,0.015142828180362864,6970.0,6970.0,1.0,2.08987768971504e-29,376.14259481430054
8793.0,0.015127685352182502,6970.0,6970.0,0.0,1.956195619294944e-29,376.14633798599243
8794.0,0.015112557666830319,6970.0,6970.0,0.0,1.8309435594297378e-29,376.14992117881775
8795.0,0.015097445109163488,6970.0,6970.0,2.0,1.7135976812939028e-29,376.15345907211304
8796.0,0.015082347664054325,6970.0,6970.0,1.0,1.6036662148126048e-29,376.1570210456848
8797.0,0.01506726531639027,6970.0,6970.0,0.0,1.5006875172553914e-29,376.16060996055603
8798.0,0.015052198051073879,6970.0,6970.0,2.0,1.404228256309267e-29,376.1643228530884
8799.0,0.015037145853022805,6970.0,6970.0,1.0,1.3138817009590065e-29,376.1679599285126
8800.0,0.015022108707169782,6970.0,6970.0,1.0,1.2292661138855126e-29,376.1717667579651
8801.0,0.015007086598462612,6970.0,6970.0,1.0,1.1500232394525783e-29,376.17534494400024
8802.0,0.01499207951186415,6970.0,6970.0,0.0,1.0758168816933527e-29,376.178857088089
8803.0,0.014977087432352286,6970.0,6970.0,1.0,1.0063315670288702e-29,376.18244314193726
8804.0,0.014962110344919934,6970.0,6970.0,0.0,9.412712867537179e-30,376.1860702037811
8805.0,0.014947148234575014,6970.0,6970.0,0.0,8.803583146099628e-30,376.18969202041626
8806.0,0.014932201086340439,6970.0,6970.0,0.0,8.233320950401862e-30,376.19326281547546
8807.0,0.014917268885254098,6970.0,6970.0,0.0,7.699481979649231e-30,376.1968460083008
8808.0,0.014902351616368844,6970.0,6970.0,0.0,7.199773361696874e-30,376.2005798816681
8809.0,0.014887449264752476,6970.0,6970.0,0.0,6.732044416133326e-30,376.20435786247253
8810.0,0.014872561815487724,6970.0,6970.0,0.0,6.294277971829773e-30,376.2078900337219
8811.0,0.014857689253672236,6970.0,6970.0,0.0,5.884582206220969e-30,376.21140480041504
8812.0,0.014842831564418565,6970.0,6970.0,0.0,5.5011829754839096e-30,376.21510195732117
8813.0,0.014827988732854146,6970.0,6970.0,1.0,5.142416606570876e-30,376.2186760902405
8814.0,0.014813160744121291,6970.0,6970.0,2.0,4.806723123742539e-30,376.2222590446472
8815.0,0.01479834758337717,6970.0,6970.0,1.0,4.492639883839372e-30,376.225772857666
8816.0,0.014783549235793792,6970.0,6970.0,0.0,4.198795596031198e-30,376.22937989234924
8817.0,0.014768765686558,6970.0,6970.0,2.0,3.923904703199711e-30,376.2329180240631
8818.0,0.014753996920871442,6970.0,6970.0,1.0,3.6667621034435935e-30,376.23653197288513
8819.0,0.01473924292395057,6970.0,6970.0,1.0,3.426238191452731e-30,376.2401428222656
8820.0,0.01472450368102662,6970.0,6970.0,0.0,3.2012742006854216e-30,376.24376797676086
8821.0,0.014709779177345594,6970.0,6970.0,0.0,2.9908778283972525e-30,376.2473359107971
8822.0,0.014695069398168248,6970.0,6970.0,0.0,2.7941191266257735e-30,376.2508580684662
8823.0,0.01468037432877008,6970.0,6970.0,0.0,2.6101266432256443e-30,376.25444889068604
8824.0,0.01466569395444131,6970.0,6970.0,1.0,2.438083797985095e-30,376.25804805755615
8825.0,0.014651028260486868,6970.0,6970.0,0.0,2.277225479735273e-30,376.2616548538208
8826.0,0.014636377232226381,6970.0,6970.0,2.0,2.1268348511936174e-30,376.2652418613434
8827.0,0.014621740854994155,6970.0,6970.0,1.0,1.9862403490658428e-30,376.2688400745392
8828.0,0.01460711911413916,6970.0,6970.0,1.0,1.8548128676661815e-30,376.2724781036377
8829.0,0.014592511995025021,6970.0,6970.0,0.0,1.7319631150106712e-30,376.2761161327362
8830.0,0.014577919483029996,6970.0,6970.0,1.0,1.6171391309917204e-30,376.27989411354065
8831.0,0.014563341563546967,6970.0,6970.0,0.0,1.509823957857465e-30,376.28349590301514
8832.0,0.01454877822198342,6970.0,6970.0,0.0,1.4095334537997806e-30,376.2871398925781
8833.0,0.014534229443761437,6970.0,6970.0,0.0,1.3158142410003247e-30,376.2909231185913
8834.0,0.014519695214317676,6970.0,6970.0,0.0,1.2282417799987823e-30,376.294606924057
8835.0,0.014505175519103358,6970.0,6970.0,1.0,1.1464185627308275e-30,376.2981278896332
8836.0,0.014490670343584254,6970.0,6970.0,0.0,1.0699724170400038e-30,376.3017120361328
8837.0,0.01447617967324067,6970.0,6970.0,1.0,9.985549158962233e-31,376.3054738044739
8838.0,0.01446170349356743,6970.0,6970.0,1.0,9.318398849578228e-31,376.30905294418335
8839.0,0.014447241790073862,6970.0,6970.0,1.0,8.695220024944396e-31,376.31269884109497
8840.0,0.014432794548283789,6970.0,6970.0,0.0,8.113154860458465e-31,376.31627202033997
8841.0,0.014418361753735506,6970.0,6970.0,0.0,7.56952860528829e-31,376.31994795799255
8842.0,0.01440394339198177,6970.0,6970.0,0.0,7.06183802821199e-31,376.3234329223633
8843.0,0.014389539448589788,6970.0,6970.0,0.0,6.587740581505254e-31,376.32708382606506
8844.0,0.014375149909141198,6970.0,6970.0,0.0,6.145044238957932e-31,376.33068084716797
8845.0,0.014360774759232057,6970.0,6970.0,2.0,5.731697966746127e-31,376.33430099487305
8846.0,0.014346413984472825,6970.0,6970.0,0.0,5.3457827883685575e-31,376.3378677368164
8847.0,0.014332067570488351,6970.0,6970.0,0.0,4.985503407198728e-31,376.34147214889526
8848.0,0.014317735502917863,6970.0,6970.0,0.0,4.649180352399895e-31,376.3451039791107
8849.0,0.014303417767414946,6970.0,6970.0,0.0,4.33524261602298e-31,376.3486590385437
8850.0,0.014289114349647532,6970.0,6970.0,2.0,4.042220751051494e-31,376.3522357940674
8851.0,0.014274825235297885,6970.0,6970.0,1.0,3.76874040199074e-31,376.3557798862457
8852.0,0.014260550410062587,6970.0,6970.0,2.0,3.5135162413174674e-31,376.35942006111145
8853.0,0.014246289859652523,6970.0,6970.0,1.0,3.2753462867283547e-31,376.3630380630493
8854.0,0.01423204356979287,6970.0,6970.0,0.0,3.0531065756458764e-31,376.3666560649872
8855.0,0.014217811526223078,6970.0,6970.0,0.0,2.845746174873482e-31,376.3702139854431
8856.0,0.014203593714696854,6970.0,6970.0,1.0,2.6522825046366225e-31,376.37380599975586
8857.0,0.014189390120982158,6970.0,6970.0,0.0,2.4717969575130283e-31,376.37742805480957
8858.0,0.014175200730861176,6970.0,6970.0,0.0,2.3034307939440455e-31,376.38120198249817
8859.0,0.014161025530130315,6970.0,6970.0,0.0,2.146381297138118e-31,376.3847839832306
8860.0,0.014146864504600185,6970.0,6970.0,0.0,1.999898171227745e-31,376.3884518146515
8861.0,0.014132717640095585,6970.0,6970.0,0.0,1.8632801675298804e-31,376.3920979499817
8862.0,0.01411858492245549,6970.0,6970.0,0.0,1.7358719246874717e-31,376.39570808410645
8863.0,0.014104466337533036,6970.0,6970.0,0.0,1.6170610093432282e-31,376.39928793907166
8864.0,0.014090361871195502,6970.0,6970.0,0.0,1.5062751448154038e-31,376.40293192863464
8865.0,0.014076271509324306,6970.0,6970.0,1.0,1.402979616017039e-31,376.40651202201843
8866.0,0.014062195237814983,6970.0,6970.0,1.0,1.3066748395825942e-31,376.41008400917053
8867.0,0.014048133042577168,6970.0,6970.0,1.0,1.2168940888467583e-31,376.41365098953247
8868.0,0.01403408490953459,6970.0,6970.0,0.0,1.133201363958704e-31,376.4173090457916
8869.0,0.014020050824625057,6970.0,6970.0,3.0,1.0551893980149272e-31,376.42086696624756
8870.0,0.014006030773800431,6970.0,6970.0,0.0,9.824777906574871e-32,376.4243779182434
8871.0,0.01399202474302663,6970.0,6970.0,1.0,9.147112611137974e-32,376.4280378818512
8872.0,0.013978032718283604,6970.0,6970.0,1.0,8.515580131512094e-32,376.43179202079773
8873.0,0.01396405468556532,6970.0,6970.0,0.0,7.927082048863265e-32,376.43528413772583
8874.0,0.013950090630879755,6970.0,6970.0,0.0,7.378725168274529e-32,376.4387369155884
8875.0,0.013936140540248875,6970.0,6970.0,0.0,6.867808119399664e-32,376.44238901138306
8876.0,0.013922204399708626,6970.0,6970.0,0.0,6.391808819110396e-32,376.44599509239197
8877.0,0.013908282195308918,6970.0,6970.0,0.0,5.948372741525807e-32,376.44964694976807
8878.0,0.013894373913113609,6970.0,6970.0,0.0,5.535301944220827e-32,376.4532289505005
8879.0,0.013880479539200494,6970.0,6970.0,2.0,5.150544802605542e-32,376.4567630290985
8880.0,0.013866599059661294,6970.0,6970.0,2.0,4.792186407466355e-32,376.46031188964844
8881.0,0.013852732460601633,6970.0,6970.0,1.0,4.4584395834778373e-32,376.4640588760376
8882.0,0.013838879728141032,6970.0,6970.0,0.0,4.147636489134475e-32,376.4676880836487
8883.0,0.01382504084841289,6970.0,6970.0,0.0,3.858220761032428e-32,376.47135281562805
8884.0,0.013811215807564477,6970.0,6970.0,1.0,3.588740167757314e-32,376.47497391700745
8885.0,0.013797404591756912,6970.0,6970.0,1.0,3.337839740816826e-32,376.47878313064575
8886.0,0.013783607187165155,6970.0,6970.0,2.0,3.104255352106339e-32,376.48236989974976
8887.0,0.01376982357997799,6970.0,6970.0,1.0,2.886807709315037e-32,376.48605608940125
8888.0,0.013756053756398011,6970.0,6970.0,0.0,2.684396742483969e-32,376.489718914032
8889.0,0.013742297702641612,6970.0,6970.0,0.0,2.4959963566171214e-32,376.4933741092682
8890.0,0.013728555404938971,6970.0,6970.0,1.0,2.3206495268324262e-32,376.49709391593933
8891.0,0.013714826849534033,6970.0,6970.0,0.0,2.1574637140260606e-32,376.50062084198
8892.0,0.013701112022684498,6970.0,6970.0,2.0,2.0056065804189687e-32,376.50419902801514
8893.0,0.013687410910661814,6970.0,6970.0,0.0,1.8643019856608507e-32,376.50777792930603
8894.0,0.013673723499751152,6970.0,6970.0,1.0,1.7328262453937258e-32,376.51141595840454
8895.0,0.0136600497762514,6970.0,6970.0,0.0,1.6105046353261986e-32,376.51507902145386
8896.0,0.01364638972647515,6970.0,6970.0,1.0,1.496708124947913e-32,376.51864409446716
8897.0,0.013632743336748673,6970.0,6970.0,0.0,1.390850326022551e-32,376.5222239494324
8898.0,0.013619110593411924,6970.0,6970.0,1.0,1.2923846419465588e-32,376.52584290504456
8899.0,0.013605491482818512,6970.0,6970.0,1.0,1.2008016049463529e-32,376.5294418334961
8900.0,0.013591885991335694,6970.0,6970.0,0.0,1.1156263889202474e-32,376.5330069065094
8901.0,0.013578294105344358,6970.0,6970.0,0.0,1.0364164865097508e-32,376.5366139411926
8902.0,0.013564715811239013,6970.0,6970.0,1.0,9.627595397162144e-33,376.5402009487152
8903.0,0.013551151095427774,6970.0,6970.0,0.0,8.942713140626301e-33,376.5437138080597
8904.0,0.013537599944332346,6970.0,6970.0,2.0,8.30593806942327e-33,376.54739785194397
8905.0,0.013524062344388013,6970.0,6970.0,2.0,7.713934813967153e-33,376.55119609832764
8906.0,0.013510538282043625,6970.0,6970.0,2.0,7.163596171273545e-33,376.5547969341278
8907.0,0.013497027743761582,6970.0,6970.0,2.0,6.652027710748519e-33,376.5584900379181
8908.0,0.01348353071601782,6970.0,6970.0,0.0,6.17653340390971e-33,376.5622329711914
8909.0,0.013470047185301802,6970.0,6970.0,0.0,5.73460221092816e-33,376.5657560825348
8910.0,0.0134565771381165,6970.0,6970.0,1.0,5.323895561214103e-33,376.5693871974945
8911.0,0.013443120560978383,6970.0,6970.0,1.0,4.942235669323408e-33,376.5731179714203
8912.0,0.013429677440417405,6970.0,6970.0,0.0,4.587594631262907e-33,376.57664012908936
8913.0,0.013416247762976988,6970.0,6970.0,0.0,4.2580842498283254e-33,376.58029794692993
8914.0,0.01340283151521401,6970.0,6970.0,2.0,3.95194654093884e-33,376.58394289016724
8915.0,0.013389428683698797,6970.0,6970.0,0.0,3.6675448760504725e-33,376.58754897117615
8916.0,0.013376039255015099,6970.0,6970.0,1.0,3.4033557186473084e-33,376.5912079811096
8917.0,0.013362663215760084,6970.0,6970.0,1.0,3.157960915543434e-33,376.59481406211853
8918.0,0.013349300552544324,6970.0,6970.0,0.0,2.9300405062837285e-33,376.5986330509186
8919.0,0.01333595125199178,6970.0,6970.0,0.0,2.7183660163245874e-33,376.602303981781
8920.0,0.013322615300739788,6970.0,6970.0,0.0,2.5217942019159288e-33,376.6059060096741
8921.0,0.013309292685439048,6970.0,6970.0,2.0,2.3392612167004224e-33,376.6094260215759
8922.0,0.013295983392753608,6970.0,6970.0,0.0,2.1697771720068935e-33,376.612920999527
8923.0,0.013282687409360854,6970.0,6970.0,0.0,2.012421064649437e-33,376.61650586128235
8924.0,0.013269404721951494,6970.0,6970.0,0.0,1.866336047759611e-33,376.620130777359
8925.0,0.013256135317229542,6970.0,6970.0,0.0,1.7307250217848843e-33,376.62373304367065
8926.0,0.013242879181912312,6969.0,6969.0,3.0,1.60484652428865e-33,376.6272919178009
8927.0,0.0132296363027304,6969.0,6969.0,0.0,1.4880108985902719e-33,376.6309058666229
8928.0,0.013216406666427668,6969.0,6969.0,0.0,1.3795767225994582e-33,376.6344621181488
8929.0,0.01320319025976124,6969.0,6969.0,0.0,1.2789474804260664e-33,376.63818192481995
8930.0,0.01318998706950148,6969.0,6969.0,1.0,1.1855684604961956e-33,376.6418478488922
8931.0,0.013176797082431978,6969.0,6969.0,3.0,1.0989238649793427e-33,376.64545488357544
8932.0,0.013163620285349547,6969.0,6969.0,2.0,1.0185341163360892e-33,376.6490819454193
8933.0,0.013150456665064198,6969.0,6969.0,1.0,9.439533477343128e-34,376.6527261734009
8934.0,0.013137306208399134,6969.0,6969.0,0.0,8.747670649601941e-34,376.65651392936707
8935.0,0.013124168902190736,6969.0,6969.0,0.0,8.105899682705562e-34,376.66006684303284
8936.0,0.013111044733288545,6969.0,6969.0,0.0,7.5106392340011865e-34,376.66363501548767
8937.0,0.013097933688555257,6969.0,6969.0,1.0,6.958560716541139e-34,376.6673240661621
8938.0,0.013084835754866702,6969.0,6969.0,1.0,6.446570696865514e-34,376.67099595069885
8939.0,0.013071750919111835,6969.0,6969.0,1.0,5.97179450190349e-34,376.67458295822144
8940.0,0.013058679168192724,6969.0,6969.0,1.0,5.531560953106968e-34,376.6783399581909
8941.0,0.013045620489024532,6969.0,6969.0,0.0,5.1233881513933225e-34,376.6819360256195
8942.0,0.013032574868535507,6969.0,6969.0,1.0,4.744970241580859e-34,376.68547320365906
8943.0,0.013019542293666971,6969.0,6969.0,0.0,4.3941650897717925e-34,376.68908882141113
8944.0,0.013006522751373303,6969.0,6969.0,1.0,4.068982811590591e-34,376.69272685050964
8945.0,0.01299351622862193,6969.0,6969.0,0.0,3.7675750933498114e-34,376.6962540149689
8946.0,0.012980522712393309,6969.0,6969.0,1.0,3.4882252521012498e-34,376.6998920440674
8947.0,0.012967542189680915,6969.0,6969.0,0.0,3.229338984161358e-34,376.70349502563477
8948.0,0.012954574647491234,6969.0,6969.0,0.0,2.989435755088652e-34,376.7072432041168
8949.0,0.012941620072843742,6969.0,6969.0,0.0,2.767140787256436e-34,376.7107379436493
8950.0,0.012928678452770898,6969.0,6969.0,1.0,2.561177604120862e-34,376.7142789363861
8951.0,0.012915749774318128,6969.0,6969.0,1.0,2.370361093041474e-34,376.7179899215698
8952.0,0.01290283402454381,6969.0,6969.0,2.0,2.1935910510890762e-34,376.721647977829
8953.0,0.012889931190519266,6969.0,6969.0,0.0,2.0298461806791957e-34,376.7253987789154
8954.0,0.012877041259328747,6969.0,6969.0,1.0,1.8781785041137696e-34,376.7291090488434
8955.0,0.012864164218069418,6969.0,6969.0,0.0,1.737708168209036e-34,376.7327129840851
8956.0,0.012851300053851348,6969.0,6969.0,0.0,1.6076186121415247e-34,376.73641991615295
8957.0,0.012838448753797497,6969.0,6969.0,0.0,1.4871520734690598e-34,376.74004316329956
8958.0,0.0128256103050437,6969.0,6969.0,0.0,1.375605408985046e-34,376.74364399909973
8959.0,0.012812784694738656,6969.0,6969.0,0.0,1.2723262086534729e-34,376.74714398384094
8960.0,0.012799971910043917,6969.0,6969.0,0.0,1.1767091823527425e-34,376.75064516067505
8961.0,0.012787171938133873,6969.0,6969.0,0.0,1.0881928005394866e-34,376.7541971206665
8962.0,0.012774384766195739,6969.0,6969.0,0.0,1.006256171232403e-34,376.75771713256836
8963.0,0.012761610381429542,6969.0,6969.0,0.0,9.304161369190255e-35,376.7611689567566
8964.0,0.012748848771048113,6969.0,6969.0,0.0,8.602245761100736e-35,376.76477098464966
8965.0,0.012736099922277064,6969.0,6969.0,1.0,7.952658953118107e-35,376.7683868408203
8966.0,0.012723363822354788,6969.0,6969.0,4.0,7.351546981625511e-35,376.77196979522705
8967.0,0.012710640458532433,6969.0,6969.0,0.0,6.79533619389034e-35,376.7755229473114
8968.0,0.0126979298180739,6969.0,6969.0,0.0,6.280713120861256e-35,376.7792179584503
8969.0,0.012685231888255826,6969.0,6969.0,1.0,5.804605776144283e-35,376.7827968597412
8970.0,0.012672546656367571,6969.0,6969.0,1.0,5.364166281469614e-35,376.7864248752594
8971.0,0.012659874109711203,6969.0,6969.0,0.0,4.95675472583384e-35,376.79013419151306
8972.0,0.012647214235601492,6969.0,6969.0,1.0,4.5799241719063975e-35,376.79371309280396
8973.0,0.012634567021365891,6969.0,6969.0,0.0,4.2314067292546475e-35,376.7973029613495
8974.0,0.012621932454344524,6969.0,6969.0,0.0,3.909100619506762e-35,376.80090498924255
8975.0,0.01260931052189018,6969.0,6969.0,0.0,3.6110581637532894e-35,376.804456949234
8976.0,0.012596701211368291,6969.0,6969.0,0.0,3.335474627317545e-35,376.8084418773651
8977.0,0.012584104510156922,6969.0,6969.0,0.0,3.0806778615251466e-35,376.812175989151
8978.0,0.012571520405646765,6969.0,6969.0,1.0,2.845118686294297e-35,376.81583285331726
8979.0,0.012558948885241119,6969.0,6969.0,3.0,2.627361961273974e-35,376.81945610046387
8980.0,0.012546389936355878,6969.0,6969.0,0.0,2.426078296894308e-35,376.8230369091034
8981.0,0.012533843546419522,6969.0,6969.0,0.0,2.2400363600813442e-35,376.8265359401703
8982.0,0.012521309702873103,6969.0,6969.0,1.0,2.0680957325441902e-35,376.8302140235901
8983.0,0.01250878839317023,6969.0,6969.0,1.0,1.909200282479948e-35,376.8338100910187
8984.0,0.01249627960477706,6969.0,6969.0,2.0,1.7623720132794052e-35,376.83729791641235
8985.0,0.012483783325172283,6969.0,6969.0,1.0,1.626705355362883e-35,376.84081196784973
8986.0,0.01247129954184711,6969.0,6969.0,2.0,1.5013618696482306e-35,376.84442496299744
8987.0,0.012458828242305263,6969.0,6969.0,1.0,1.3855653333613175e-35,376.84805488586426
8988.0,0.012446369414062958,6969.0,6969.0,1.0,1.2785971809547146e-35,376.8518180847168
8989.0,0.012433923044648895,6969.0,6969.0,0.0,1.1797922748134627e-35,376.8555040359497
8990.0,0.012421489121604247,6969.0,6969.0,1.0,1.0885349822082901e-35,376.8591089248657
8991.0,0.012409067632482642,6969.0,6969.0,0.0,1.0042555366133162e-35,376.8627588748932
8992.0,0.01239665856485016,6969.0,6969.0,0.0,9.264266630481194e-36,376.8663499355316
8993.0,0.01238426190628531,6969.0,6969.0,0.0,8.545604485387635e-36,376.8698709011078
8994.0,0.012371877644379024,6969.0,6969.0,1.0,7.882054401280378e-36,376.8734350204468
8995.0,0.012359505766734644,6969.0,6969.0,0.0,7.269439541073468e-36,376.8770761489868
8996.0,0.01234714626096791,6969.0,6969.0,0.0,6.703895812981876e-36,376.8806941509247
8997.0,0.012334799114706942,6969.0,6969.0,0.0,6.18184874286529e-36,376.8843080997467
8998.0,0.012322464315592235,6969.0,6969.0,0.0,5.699992035130572e-36,376.8879179954529
8999.0,0.012310141851276643,6969.0,6969.0,2.0,5.2552677005248506e-36,376.89150404930115
9000.0,0.012297831709425366,6969.0,6969.0,0.0,4.844847637796768e-36,376.89527797698975
9001.0,0.012285533877715941,6969.0,6969.0,0.0,4.466116564249652e-36,376.8988289833069
9002.0,0.012273248343838226,6969.0,6969.0,0.0,4.1166561976855015e-36,376.9024348258972
9003.0,0.012260975095494387,6969.0,6969.0,2.0,3.7942305991922995e-36,376.90598583221436
9004.0,0.012248714120398893,6969.0,6969.0,0.0,3.4967725926928634e-36,376.90951204299927
9005.0,0.012236465406278494,6969.0,6969.0,2.0,3.222371183178844e-36,376.9130461215973
9006.0,0.012224228940872215,6969.0,6969.0,1.0,2.9692599011420183e-36,376.91663813591003
9007.0,0.012212004711931344,6969.0,6969.0,2.0,2.735806005904356e-36,376.92014503479004
9008.0,0.012199792707219412,6969.0,6969.0,0.0,2.5205004853740535e-36,376.9237279891968
9009.0,0.012187592914512192,6969.0,6969.0,2.0,2.3219487942374198e-36,376.9273989200592
9010.0,0.01217540532159768,6969.0,6969.0,0.0,2.1388622767631907e-36,376.9312160015106
9011.0,0.012163229916276082,6969.0,6969.0,2.0,1.9700502242667498e-36,376.9347929954529
9012.0,0.012151066686359806,6969.0,6969.0,0.0,1.814412520878049e-36,376.9383840560913
9013.0,0.012138915619673446,6969.0,6969.0,2.0,1.670932834597831e-36,376.9419858455658
9014.0,0.012126776704053772,6969.0,6969.0,0.0,1.538672313730781e-36,376.9455041885376
9015.0,0.01211464992734972,6969.0,6969.0,0.0,1.4167637516661879e-36,376.9490430355072
9016.0,0.01210253527742237,6969.0,6969.0,0.0,1.304406185654589e-36,376.952654838562
9017.0,0.012090432742144946,6969.0,6969.0,1.0,1.2008598977148348e-36,376.9563059806824
9018.0,0.0120783423094028,6969.0,6969.0,1.0,1.1054417881150664e-36,376.95996713638306
9019.0,0.012066263967093397,6969.0,6969.0,1.0,1.0175210940147708e-36,376.96352195739746
9020.0,0.012054197703126305,6969.0,6969.0,1.0,9.365154278455425e-37,376.967059135437
9021.0,0.012042143505423179,6969.0,6969.0,1.0,8.618871118561194e-37,376.97070384025574
9022.0,0.012030101361917756,6969.0,6969.0,1.0,7.931397869625628e-37,376.9744999408722
9023.0,0.012018071260555837,6969.0,6969.0,0.0,7.298152756366659e-37,376.97813415527344
9024.0,0.012006053189295282,6969.0,6969.0,0.0,6.714906800435894e-37,376.98184394836426
9025.0,0.011994047136105987,6969.0,6969.0,2.0,6.177756980111114e-37,376.9853949546814
9026.0,0.011982053088969881,6969.0,6969.0,0.0,5.683101406857362e-37,376.98899388313293
9027.0,0.011970071035880912,6969.0,6969.0,2.0,5.227616369118815e-37,376.9927041530609
9028.0,0.011958100964845031,6969.0,6969.0,1.0,4.808235104660542e-37,376.99644899368286
9029.0,0.011946142863880186,6969.0,6969.0,0.0,4.422128172946297e-37,377.00002694129944
9030.0,0.011934196721016305,6969.0,6969.0,1.0,4.06668530846813e-37,377.00381302833557
9031.0,0.011922262524295289,6969.0,6969.0,1.0,3.7394986446932357e-37,377.0073051452637
9032.0,0.011910340261770994,6969.0,6969.0,0.0,3.438347206404936e-37,377.0108859539032
9033.0,0.011898429921509223,6969.0,6969.0,0.0,3.1611825757426133e-37,377.0145399570465
9034.0,0.011886531491587714,6969.0,6969.0,0.0,2.9061156442217213e-37,377.01816511154175
9035.0,0.011874644960096126,6969.0,6969.0,1.0,2.6714043694876614e-37,377.02173495292664
9036.0,0.01186277031513603,6969.0,6969.0,2.0,2.45544246155632e-37,377.0253219604492
9037.0,0.011850907544820894,6969.0,6969.0,1.0,2.2567489288580917e-37,377.02892088890076
9038.0,0.011839056637276073,6969.0,6969.0,0.0,2.0739584195580197e-37,377.03254795074463
9039.0,0.011827217580638797,6969.0,6969.0,1.0,1.9058122984064034e-37,377.0361728668213
9040.0,0.011815390363058158,6969.0,6969.0,1.0,1.7511504038039793e-37,377.0399057865143
9041.0,0.0118035749726951,6969.0,6969.0,0.0,1.6089034338735495e-37,377.0435140132904
9042.0,0.011791771397722405,6969.0,6969.0,1.0,1.47808591413523e-37,377.0471420288086
9043.0,0.011779979626324683,6969.0,6969.0,0.0,1.357789702909121e-37,377.05075788497925
9044.0,0.011768199646698358,6969.0,6969.0,0.0,1.247177993837259e-37,377.0543508529663
9045.0,0.011756431447051659,6969.0,6969.0,0.0,1.145479777944272e-37,377.05803394317627
9046.0,0.011744675015604607,6969.0,6969.0,2.0,1.051984730460879e-37,377.0618269443512
9047.0,0.011732930340589002,6969.0,6969.0,1.0,9.660384902324986e-38,377.06575083732605
9048.0,0.011721197410248413,6969.0,6969.0,1.0,8.870383019423155e-38,377.0692329406738
9049.0,0.011709476212838164,6969.0,6969.0,0.0,8.144289936066894e-38,377.0729320049286
9050.0,0.011697766736625325,6969.0,6969.0,0.0,7.47699263865321e-38,377.0764880180359
9051.0,0.0116860689698887,6969.0,6969.0,1.0,6.863782555001845e-38,377.0800049304962
9052.0,0.01167438290091881,6969.0,6969.0,1.0,6.300323933871035e-38,377.08354687690735
9053.0,0.011662708518017892,6969.0,6969.0,0.0,5.782624667229659e-38,377.08710193634033
9054.0,0.011651045809499874,6969.0,6969.0,0.0,5.307009368883176e-38,377.09072399139404
9055.0,0.011639394763690374,6969.0,6969.0,0.0,4.870094537100115e-38,377.0943269729614
9056.0,0.011627755368926684,6969.0,6969.0,0.0,4.4687656418831846e-38,377.09798097610474
9057.0,0.011616127613557757,6969.0,6969.0,1.0,4.1001559895615074e-38,377.1016049385071
9058.0,0.0116045114859442,6969.0,6969.0,0.0,3.761627228518857e-38,377.1052689552307
9059.0,0.011592906974458255,6969.0,6969.0,0.0,3.4507513701725404e-38,377.10893392562866
9060.0,0.011581314067483797,6969.0,6969.0,0.0,3.1652942088581226e-38,377.1125750541687
9061.0,0.011569732753416313,6969.0,6969.0,0.0,2.9032000330933005e-38,377.11627292633057
9062.0,0.011558163020662897,6969.0,6969.0,0.0,2.6625775288574257e-38,377.11987686157227
9063.0,0.011546604857642234,6969.0,6969.0,1.0,2.4416867830735227e-38,377.12349915504456
9064.0,0.011535058252784591,6969.0,6969.0,1.0,2.238927302463347e-38,377.1270978450775
9065.0,0.011523523194531806,6969.0,6969.0,1.0,2.052826969405233e-38,377.13071298599243
9066.0,0.011511999671337274,6969.0,6969.0,0.0,1.8820318623981452e-38,377.1343369483948
9067.0,0.011500487671665937,6969.0,6969.0,0.0,1.72529687426046e-38,377.1379201412201
9068.0,0.01148898718399427,6969.0,6969.0,0.0,1.581477066299094e-38,377.14170598983765
9069.0,0.011477498196810276,6969.0,6969.0,0.0,1.4495197014083444e-38,377.1454620361328
9070.0,0.011466020698613466,6969.0,6969.0,1.0,1.3284569034235696e-38,377.14975690841675
9071.0,0.011454554677914853,6969.0,6969.0,2.0,1.2173988940915975e-38,377.15334010124207
9072.0,0.011443100123236937,6969.0,6969.0,0.0,1.1155277627505473e-38,377.15706515312195
9073.0,0.0114316570231137,6969.0,6969.0,1.0,1.0220917272600797e-38,377.16071581840515
9074.0,0.011420225366090586,6969.0,6969.0,0.0,9.363998479103655e-39,377.1642677783966
9075.0,0.011408805140724496,6969.0,6969.0,1.0,8.578171589826739e-39,377.1679120063782
9076.0,0.011397396335583771,6969.0,6969.0,0.0,7.857601853563514e-39,377.17147493362427
9077.0,0.011385998939248188,6969.0,6969.0,1.0,7.196928140707488e-39,377.1750919818878
9078.0,0.01137461294030894,6969.0,6969.0,0.0,6.591224930738397e-39,377.17868995666504
9079.0,0.01136323832736863,6969.0,6969.0,1.0,6.035967315350679e-39,377.182245016098
9080.0,0.011351875089041261,6969.0,6969.0,1.0,5.526998780818406e-39,377.1858251094818
9081.0,0.01134052321395222,6969.0,6969.0,0.0,5.0605015515002165e-39,377.1895377635956
9082.0,0.011329182690738269,6969.0,6969.0,1.0,4.632969293293065e-39,377.1932029724121
9083.0,0.01131785350804753,6969.0,6969.0,1.0,4.241181991455958e-39,377.19676303863525
9084.0,0.011306535654539483,6969.0,6969.0,1.0,3.8821828316427754e-39,377.20034098625183
9085.0,0.011295229118884944,6969.0,6969.0,0.0,3.5532569262909375e-39,377.203959941864
9086.0,0.011283933889766059,6969.0,6969.0,1.0,3.251911740803576e-39,377.20760798454285
9087.0,0.011272649955876292,6969.0,6969.0,2.0,2.975859085304548e-39,377.2111940383911
9088.0,0.011261377305920415,6969.0,6969.0,2.0,2.7229985482161037e-39,377.21483087539673
9089.0,0.011250115928614494,6969.0,6969.0,2.0,2.4914022575742446e-39,377.2183940410614
9090.0,0.01123886581268588,6969.0,6969.0,0.0,2.279300864913169e-39,377.2220277786255
9091.0,0.011227626946873194,6969.0,6969.0,2.0,2.0850706547822867e-39,377.22558188438416
9092.0,0.01121639931992632,6969.0,6969.0,0.0,1.9072216905515957e-39,377.2291040420532
9093.0,0.011205182920606394,6969.0,6969.0,0.0,1.7443869141681902e-39,377.23285698890686
9094.0,0.011193977737685788,6969.0,6969.0,1.0,1.5953121239902715e-39,377.2364499568939
9095.0,0.011182783759948103,6969.0,6969.0,0.0,1.4588467607874677e-39,377.2401239871979
9096.0,0.011171600976188155,6969.0,6969.0,1.0,1.3339354374961099e-39,377.2436339855194
9097.0,0.011160429375211967,6969.0,6969.0,1.0,1.2196101533899669e-39,377.2472310066223
9098.0,0.011149268945836755,6969.0,6969.0,2.0,1.1149831380056401e-39,377.2508177757263
9099.0,0.011138119676890918,6969.0,6969.0,1.0,1.0192402744746795e-39,377.25466895103455
9100.0,0.011126981557214028,6969.0,6969.0,0.0,9.316350558920079e-40,377.2583158016205
9101.0,0.011115854575656814,6969.0,6969.0,0.0,8.514830320174187e-40,377.2619528770447
9102.0,0.011104738721081156,6969.0,6969.0,0.0,7.781567069872593e-40,377.265429019928
9103.0,0.011093633982360076,6969.0,6969.0,0.0,7.110808518296182e-40,377.2688570022583
9104.0,0.011082540348377716,6969.0,6969.0,0.0,6.497281984485835e-40,377.27235889434814
9105.0,0.011071457808029338,6969.0,6969.0,0.0,5.936154843904438e-40,377.27593517303467
9106.0,0.011060386350221309,6969.0,6969.0,0.0,5.42299820143952e-40,377.279513835907
9107.0,0.011049325963871088,6969.0,6969.0,1.0,4.9537535297488174e-40,377.2831220626831
9108.0,0.011038276637907216,6969.0,6969.0,1.0,4.524702033662235e-40,377.286719083786
9109.0,0.01102723836126931,6969.0,6969.0,1.0,4.132436520436296e-40,377.29030990600586
9110.0,0.011016211122908041,6969.0,6969.0,0.0,3.7738355732350975e-40,377.2939269542694
9111.0,0.011005194911785133,6969.0,6969.0,0.0,3.446039841404772e-40,377.29755997657776
9112.0,0.010994189716873349,6969.0,6969.0,0.0,3.1464302760218207e-40,377.3012430667877
9113.0,0.010983195527156476,6969.0,6969.0,0.0,2.8726081529317452e-40,377.30481910705566
9114.0,0.01097221233162932,6969.0,6969.0,0.0,2.62237673814199e-40,377.30839681625366
9115.0,0.01096124011929769,6969.0,6969.0,1.0,2.3937244620807783e-40,377.3120050430298
9116.0,0.010950278879178392,6969.0,6969.0,1.0,2.1848094799563836e-40,377.31567096710205
9117.0,0.010939328600299215,6969.0,6969.0,0.0,1.993945505323592e-40,377.3194189071655
9118.0,0.010928389271698915,6969.0,6969.0,2.0,1.8195888130520745e-40,377.323205947876
9119.0,0.010917460882427217,6969.0,6969.0,1.0,1.660326316256868e-40,377.3269169330597
9120.0,0.01090654342154479,6969.0,6969.0,0.0,1.514864629448861e-40,377.33061003685
9121.0,0.010895636878123244,6969.0,6969.0,0.0,1.3820200372501149e-40,377.334125995636
9122.0,0.010884741241245121,6969.0,6969.0,0.0,1.2607092945375525e-40,377.3377990722656
9123.0,0.010873856500003876,6969.0,6969.0,2.0,1.149941189878298e-40,377.34135007858276
9124.0,0.010862982643503872,6969.0,6969.0,0.0,1.0488088096395041e-40,377.3450231552124
9125.0,0.010852119660860369,6969.0,6969.0,0.0,9.564824452328129e-41,377.34868597984314
9126.0,0.010841267541199509,6969.0,6969.0,0.0,8.722030906244552e-41,377.3522529602051
9127.0,0.010830426273658308,6969.0,6969.0,2.0,7.952764815386251e-41,377.3558340072632
9128.0,0.01081959584738465,6969.0,6969.0,1.0,7.250676317321114e-41,377.3593978881836
9129.0,0.010808776251537266,6969.0,6969.0,2.0,6.609958253522586e-41,377.3629870414734
9130.0,0.010797967475285728,6968.0,6968.0,4.0,6.025300277312457e-41,377.36646008491516
9131.0,0.010787169507810442,6968.0,6968.0,3.0,5.491846800418234e-41,377.36991000175476
9132.0,0.010776382338302632,6968.0,6968.0,0.0,5.005158460635357e-41,377.3737680912018
9133.0,0.01076560595596433,6968.0,6968.0,0.0,4.5611768190524155e-41,377.3773789405823
9134.0,0.010754840350008366,6968.0,6968.0,0.0,4.156192019157077e-41,377.38100004196167
9135.0,0.010744085509658358,6968.0,6968.0,0.0,3.786813162077886e-41,377.3846638202667
9136.0,0.0107333414241487,6968.0,6968.0,1.0,3.44994117237255e-41,377.3882598876953
9137.0,0.010722608082724551,6968.0,6968.0,0.0,3.142743947298772e-41,377.39184498786926
9138.0,0.010711885474641827,6968.0,6968.0,1.0,2.862633599521546e-41,377.39541482925415
9139.0,0.010701173589167185,6968.0,6968.0,0.0,2.607245618850852e-41,377.3990831375122
9140.0,0.010690472415578018,6968.0,6968.0,1.0,2.374419792967687e-41,377.4028959274292
9141.0,0.01067978194316244,6968.0,6968.0,1.0,2.162182740292964e-41,377.406466960907
9142.0,0.010669102161219277,6968.0,6968.0,0.0,1.9687319202750798e-41,377.41009187698364
9143.0,0.010658433059058057,6968.0,6968.0,0.0,1.7924209975033996e-41,377.4137728214264
9144.0,0.010647774625999,6968.0,6968.0,0.0,1.6317464462773363e-41,377.417298078537
9145.0,0.010637126851373,6968.0,6968.0,0.0,1.4853352916483268e-41,377.4210169315338
9146.0,0.010626489724521628,6968.0,6968.0,0.0,1.3519338915700917e-41,377.4246418476105
9147.0,0.010615863234797107,6968.0,6968.0,1.0,1.2303976727053827e-41,377.4282970428467
9148.0,0.01060524737156231,6968.0,6968.0,0.0,1.119681739700937e-41,377.4319589138031
9149.0,0.010594642124190748,6968.0,6968.0,0.0,1.0188322844096143e-41,377.43562293052673
9150.0,0.010584047482066556,6968.0,6968.0,0.0,9.269787276577317e-42,377.4393849372864
9151.0,0.01057346343458449,6968.0,6968.0,0.0,8.433265317718085e-42,377.44295597076416
9152.0,0.010562889971149906,6968.0,6968.0,0.0,7.671506272315143e-42,377.44655084609985
9153.0,0.010552327081178757,6968.0,6968.0,0.0,6.977894015447224e-42,377.45015001296997
9154.0,0.010541774754097578,6968.0,6968.0,0.0,6.346392027780038e-42,377.4537899494171
9155.0,0.010531232979343481,6968.0,6968.0,1.0,5.7714931415584e-42,377.45749402046204
9156.0,0.010520701746364138,6968.0,6968.0,1.0,5.2481735979229854e-42,377.4610741138458
9157.0,0.010510181044617773,6968.0,6968.0,2.0,4.7718510496709216e-42,377.464702129364
9158.0,0.010499670863573155,6968.0,6968.0,1.0,4.338346174286684e-42,377.4683527946472
9159.0,0.010489171192709581,6968.0,6968.0,0.0,3.943847590228426e-42,377.4719760417938
9160.0,0.010478682021516871,6968.0,6968.0,1.0,3.584879795275801e-42,377.4755458831787
9161.0,0.010468203339495354,6968.0,6968.0,0.0,3.258273869418033e-42,377.4792630672455
9162.0,0.010457735136155858,6968.0,6968.0,0.0,2.9611407064640095e-42,377.4828200340271
9163.0,0.010447277401019703,6968.0,6968.0,0.0,2.690846558450797e-42,377.48643589019775
9164.0,0.010436830123618684,6968.0,6968.0,0.0,2.4449906951612702e-42,377.4901988506317
9165.0,0.010426393293495066,6968.0,6968.0,2.0,2.2213849977750786e-42,377.49378490448
9166.0,0.01041596690020157,6968.0,6968.0,1.0,2.0180353209910708e-42,377.4974889755249
9167.0,0.010405550933301368,6968.0,6968.0,1.0,1.83312447199488e-42,377.50118684768677
9168.0,0.010395145382368066,6968.0,6968.0,1.0,1.6649966675021363e-42,377.50478291511536
9169.0,0.010384750236985698,6968.0,6968.0,1.0,1.5121433418891123e-42,377.5083978176117
9170.0,0.010374365486748712,6968.0,6968.0,2.0,1.3731901902131436e-42,377.5120210647583
9171.0,0.010363991121261963,6968.0,6968.0,0.0,1.2468853398104438e-42,377.5155599117279
9172.0,0.010353627130140701,6968.0,6968.0,1.0,1.1320885532111127e-42,377.5193340778351
9173.0,0.01034327350301056,6968.0,6968.0,1.0,1.0277613734025527e-42,377.5230190753937
9174.0,0.010332930229507549,6968.0,6968.0,0.0,9.329581300642882e-43,377.5265209674835
9175.0,0.010322597299278041,6968.0,6968.0,1.0,8.468177323483547e-43,377.5300199985504
9176.0,0.010312274701978763,6968.0,6968.0,0.0,7.685561801433352e-43,377.5335078239441
9177.0,0.010301962427276785,6968.0,6968.0,0.0,6.974597315863931e-43,377.53696489334106
9178.0,0.010291660464849507,6968.0,6968.0,1.0,6.328786699202297e-43,377.5405559539795
9179.0,0.010281368804384657,6968.0,6968.0,0.0,5.742216176727741e-43,377.54414081573486
9180.0,0.010271087435580271,6968.0,6968.0,0.0,5.209503506042364e-43,377.54779505729675
9181.0,0.010260816348144691,6968.0,6968.0,0.0,4.725750679537769e-43,377.5513229370117
9182.0,0.010250555531796546,6968.0,6968.0,1.0,4.286500792580038e-43,377.55483508110046
9183.0,0.01024030497626475,6968.0,6968.0,2.0,3.887698714355143e-43,377.55846405029297
9184.0,0.010230064671288485,6968.0,6968.0,1.0,3.5256552296164313e-43,377.5620460510254
9185.0,0.010219834606617196,6968.0,6968.0,1.0,3.1970143482143298e-43,377.5656690597534
9186.0,0.01020961477201058,6968.0,6968.0,1.0,2.8987235054746276e-43,377.56921792030334
9187.0,0.01019940515723857,6968.0,6968.0,0.0,2.628006400443871e-43,377.5729281902313
9188.0,0.010189205752081331,6968.0,6968.0,0.0,2.382338240924575e-43,377.5764570236206
9189.0,0.01017901654632925,6968.0,6968.0,0.0,2.1594231842487483e-43,377.57996797561646
9190.0,0.01016883752978292,6968.0,6968.0,0.0,1.9571737810482613e-43,377.5836429595947
9191.0,0.010158668692253138,6968.0,6968.0,1.0,1.7736922460213083e-43,377.58735704421997
9192.0,0.010148510023560885,6968.0,6968.0,1.0,1.6072533949934607e-43,377.59095191955566
9193.0,0.010138361513537324,6968.0,6968.0,1.0,1.4562891015585666e-43,377.59459114074707
9194.0,0.010128223152023786,6968.0,6968.0,1.0,1.319374139365615e-43,377.5981798171997
9195.0,0.010118094928871762,6968.0,6968.0,0.0,1.1952132877976294e-43,377.6018178462982
9196.0,0.01010797683394289,6968.0,6968.0,1.0,1.0826295894615964e-43,377.605516910553
9197.0,0.010097868857108947,6968.0,6968.0,1.0,9.805536576588003e-44,377.60910081863403
9198.0,0.010087770988251839,6968.0,6968.0,0.0,8.880139409133405e-44,377.61283588409424
9199.0,0.010077683217263588,6968.0,6968.0,1.0,8.041278597734439e-44,377.6164519786835
9200.0,0.010067605534046325,6968.0,6968.0,0.0,7.280937385324282e-44,377.62012696266174
9201.0,0.01005753792851228,6968.0,6968.0,1.0,6.591834613041537e-44,377.6237919330597
9202.0,0.010047480390583768,6968.0,6968.0,1.0,5.967357880859605e-44,377.62741804122925
9203.0,0.010037432910193184,6968.0,6968.0,0.0,5.401502721022369e-44,377.63100695610046
9204.0,0.01002739547728299,6968.0,6968.0,0.0,4.888817248892191e-44,377.6346609592438
9205.0,0.010017368081805707,6968.0,6968.0,0.0,4.4243518029894877e-44,377.6382727622986
9206.0,0.010007350713723901,6968.0,6968.0,0.0,4.003613129070957e-44,377.64185190200806
9207.0,0.009997343363010178,6968.0,6968.0,1.0,3.622522702392803e-44,377.6454391479492
9208.0,0.009987346019647169,6968.0,6968.0,0.0,3.277378818181803e-44,377.649071931839
9209.0,0.009977358673627522,6968.0,6968.0,1.0,2.9648221130698567e-44,377.65267276763916
9210.0,0.009967381314953895,6968.0,6968.0,0.0,2.6818042101169817e-44,377.6562809944153
9211.0,0.009957413933638942,6968.0,6968.0,1.0,2.4255592073009056e-44,377.6599431037903
9212.0,0.009947456519705303,6968.0,6968.0,0.0,2.1935777542116726e-44,377.6635859012604
9213.0,0.009937509063185598,6968.0,6968.0,1.0,1.9835834843686143e-44,377.66725993156433
9214.0,0.009927571554122413,6968.0,6968.0,1.0,1.7935115912620698e-44,377.671000957489
9215.0,0.009917643982568291,6968.0,6968.0,1.0,1.6214893550862928e-44,377.6745660305023
9216.0,0.009907726338585722,6968.0,6968.0,0.0,1.4658184443332443e-44,377.67808198928833
9217.0,0.009897818612247136,6968.0,6968.0,1.0,1.3249588321032863e-44,377.68167519569397
9218.0,0.009887920793634888,6968.0,6968.0,1.0,1.1975141812894035e-44,377.6852459907532
9219.0,0.009878032872841254,6968.0,6968.0,0.0,1.0822185658296223e-44,377.68873596191406
9220.0,0.009868154839968413,6968.0,6968.0,0.0,9.779244071068845e-45,377.69235587120056
9221.0,0.009858286685128444,6968.0,6968.0,0.0,8.835915154071865e-45,377.69604206085205
9222.0,0.009848428398443316,6968.0,6968.0,0.0,7.982771362190725e-45,377.69954800605774
9223.0,0.009838579970044873,6968.0,6968.0,0.0,7.211269101529339e-45,377.7030050754547
9224.0,0.009828741390074829,6968.0,6968.0,0.0,6.513666634561892e-45,377.70670914649963
9225.0,0.009818912648684754,6968.0,6968.0,0.0,5.882949535675773e-45,377.7103078365326
9226.0,0.00980909373603607,6968.0,6968.0,1.0,5.312763009576106e-45,377.7139410972595
9227.0,0.009799284642300034,6968.0,6968.0,0.0,4.797350446989046e-45,377.7176010608673
9228.0,0.009789485357657734,6968.0,6968.0,1.0,4.331497648547217e-45,377.7211768627167
9229.0,0.009779695872300076,6968.0,6968.0,1.0,3.9104821991395246e-45,377.7247109413147
9230.0,0.009769916176427775,6968.0,6968.0,1.0,3.5300275218195495e-45,377.72833585739136
9231.0,0.009760146260251347,6968.0,6968.0,1.0,3.186261182985427e-45,377.7318820953369
9232.0,0.009750386113991096,6968.0,6968.0,0.0,2.8756770593457825e-45,377.7354259490967
9233.0,0.009740635727877105,6968.0,6968.0,2.0,2.5951010125116794e-45,377.7389659881592
9234.0,0.009730895092149227,6968.0,6968.0,1.0,2.3416597492054513e-45,377.7425630092621
9235.0,0.009721164197057078,6968.0,6968.0,1.0,2.1127525743433087e-45,377.74636602401733
9236.0,0.00971144303286002,6968.0,6968.0,0.0,1.9060257708778596e-45,377.7499511241913
9237.0,0.009701731589827161,6968.0,6968.0,0.0,1.7193493645235368e-45,377.7535231113434
9238.0,0.009692029858237333,6968.0,6968.0,1.0,1.5507960535347948e-45,377.7571768760681
9239.0,0.009682337828379095,6968.0,6968.0,1.0,1.3986221037697138e-45,377.7606439590454
9240.0,0.009672655490550717,6968.0,6968.0,0.0,1.2612500275179489e-45,377.764288187027
9241.0,0.009662982835060166,6968.0,6968.0,0.0,1.1372528811718058e-45,377.767865896225
9242.0,0.009653319852225105,6968.0,6968.0,1.0,1.0253400319151602e-45,377.77142095565796
9243.0,0.00964366653237288,6968.0,6968.0,1.0,9.243442573328537e-46,377.7750668525696
9244.0,0.009634022865840508,6968.0,6968.0,2.0,8.33210054327238e-46,377.7786660194397
9245.0,0.009624388842974667,6968.0,6968.0,0.0,7.509830450781463e-46,377.78235697746277
9246.0,0.009614764454131692,6968.0,6968.0,0.0,6.768003781011822e-46,377.7859511375427
9247.0,0.00960514968967756,6968.0,6968.0,1.0,6.09882031838498e-46,377.7895450592041
9248.0,0.009595544539987882,6968.0,6968.0,0.0,5.49522936742221e-46,377.7931821346283
9249.0,0.009585948995447895,6968.0,6968.0,1.0,4.950858395584551e-46,377.796728849411
9250.0,0.009576363046452447,6968.0,6968.0,1.0,4.459948405607689e-46,377.80019211769104
9251.0,0.009566786683405994,6968.0,6968.0,0.0,4.01729540880227e-46,377.8038489818573
9252.0,0.009557219896722587,6968.0,6968.0,1.0,3.618197428913444e-46,377.80757212638855
9253.0,0.009547662676825865,6968.0,6968.0,0.0,3.2584065189399564e-46,377.8111319541931
9254.0,0.00953811501414904,6968.0,6968.0,0.0,2.9340853212792385e-46,377.8147449493408
9255.0,0.00952857689913489,6968.0,6968.0,0.0,2.641767745131156e-46,377.81837487220764
9256.0,0.009519048322235756,6968.0,6968.0,0.0,2.3783233746563947e-46,377.82193899154663
9257.0,0.00950952927391352,6968.0,6968.0,0.0,2.140925257314378e-46,377.82565474510193
9258.0,0.009500019744639605,6968.0,6968.0,1.0,1.9270207544268052e-46,377.82944798469543
9259.0,0.009490519724894966,6968.0,6968.0,0.0,1.7343051656286625e-46,377.8331968784332
9260.0,0.009481029205170072,6968.0,6968.0,0.0,1.5606978657539577e-46,377.83704900741577
9261.0,0.009471548175964902,6968.0,6968.0,0.0,1.4043207171073823e-46,377.8407189846039
9262.0,0.009462076627788937,6968.0,6968.0,1.0,1.2634785422203876e-46,377.84427094459534
9263.0,0.009452614551161148,6968.0,6968.0,0.0,1.136641462290241e-46,377.84794783592224
9264.0,0.009443161936609986,6968.0,6968.0,0.0,1.022428924738699e-46,377.8515329360962
9265.0,0.009433718774673376,6968.0,6968.0,2.0,9.19595259874734e-47,377.8551049232483
9266.0,0.009424285055898703,6968.0,6968.0,1.0,8.270166216577354e-47,377.8587520122528
9267.0,0.009414860770842805,6968.0,6968.0,0.0,7.436791811753123e-47,377.86234402656555
9268.0,0.009405445910071962,6967.0,6967.0,2.0,6.686684538014207e-47,377.86608505249023
9269.0,0.00939604046416189,6967.0,6967.0,1.0,6.011596522021094e-47,377.8698499202728
9270.0,0.00938664442369773,6967.0,6967.0,0.0,5.404089675144293e-47,377.8734800815582
9271.0,0.00937725777927403,6967.0,6967.0,0.0,4.857456902343606e-47,377.87701892852783
9272.0,0.009367880521494757,6967.0,6967.0,0.0,4.3656509070027975e-47,377.8805661201477
9273.0,0.009358512640973263,6967.0,6967.0,1.0,3.923219866284965e-47,377.8841199874878
9274.0,0.00934915412833229,6967.0,6967.0,0.0,3.525249320190747e-47,377.8876278400421
9275.0,0.009339804974203957,6967.0,6967.0,0.0,3.167309679693667e-47,377.891175031662
9276.0,0.009330465169229753,6967.0,6967.0,0.0,2.845408815684077e-47,377.89477586746216
9277.0,0.009321134704060523,6967.0,6967.0,0.0,2.555949241526268e-47,377.8983430862427
9278.0,0.009311813569356463,6967.0,6967.0,0.0,2.295689448302473e-47,377.9019868373871
9279.0,0.009302501755787108,6967.0,6967.0,0.0,2.0617089937396393e-47,377.9055290222168
9280.0,0.00929319925403132,6967.0,6967.0,1.0,1.8513769837864276e-47,377.9091839790344
9281.0,0.009283906054777288,6967.0,6967.0,0.0,1.662323620203802e-47,377.91290187835693
9282.0,0.009274622148722511,6967.0,6967.0,0.0,1.492414518681429e-47,377.91676592826843
9283.0,0.009265347526573788,6967.0,6967.0,1.0,1.3397275302004224e-47,377.9203758239746
9284.0,0.009256082179047215,6967.0,6967.0,0.0,1.2025318239041167e-47,377.9239909648895
9285.0,0.009246826096868168,6967.0,6967.0,1.0,1.0792690128620593e-47,377.92757987976074
9286.0,0.009237579270771299,6967.0,6967.0,0.0,9.685361250472715e-48,377.9312961101532
9287.0,0.009228341691500528,6967.0,6967.0,0.0,8.69070240793349e-48,377.9349389076233
9288.0,0.009219113349809028,6967.0,6967.0,0.0,7.79734635148943e-48,377.93856501579285
9289.0,0.00920989423645922,6967.0,6967.0,0.0,6.995062790664738e-48,377.94219398498535
9290.0,0.009200684342222761,6967.0,6967.0,0.0,6.274645674053857e-48,377.9459159374237
9291.0,0.009191483657880539,6967.0,6967.0,0.0,5.627811544368308e-48,377.9495141506195
9292.0,0.009182292174222659,6967.0,6967.0,1.0,5.0471078903137844e-48,377.9531338214874
9293.0,0.009173109882048436,6967.0,6967.0,0.0,4.5258305210986316e-48,377.9567070007324
9294.0,0.009163936772166387,6967.0,6967.0,0.0,4.057949083422462e-48,377.9603090286255
9295.0,0.009154772835394221,6967.0,6967.0,0.0,3.638039925850697e-48,377.96387481689453
9296.0,0.009145618062558827,6967.0,6967.0,1.0,3.261225592396913e-48,377.9675018787384
9297.0,0.00913647244449627,6967.0,6967.0,0.0,2.9231202966793723e-48,377.9710810184479
9298.0,0.009127335972051773,6967.0,6967.0,0.0,2.6197807908951367e-48,377.97475600242615
9299.0,0.009118208636079721,6967.0,6967.0,0.0,2.347662100691212e-48,377.9785180091858
9300.0,0.009109090427443641,6967.0,6967.0,0.0,2.103577648389297e-48,377.98215794563293
9301.0,0.009099981337016198,6967.0,6967.0,0.0,1.8846633334527576e-48,377.98574805259705
9302.0,0.009090881355679183,6967.0,6967.0,2.0,1.6883451810445584e-48,377.9893870353699
9303.0,0.009081790474323503,6967.0,6967.0,0.0,1.5123102074402142e-48,377.992959022522
9304.0,0.00907270868384918,6967.0,6967.0,0.0,1.3544801853161416e-48,377.9965579509735
9305.0,0.00906363597516533,6967.0,6967.0,0.0,1.212988022879331e-48,378.00027084350586
9306.0,0.009054572339190164,6967.0,6967.0,1.0,1.0861564987584986e-48,378.0040211677551
9307.0,0.009045517766850975,6967.0,6967.0,0.0,9.724791198243083e-49,378.00767397880554
9308.0,0.009036472249084123,6967.0,6967.0,1.0,8.706028919067549e-49,378.0114049911499
9309.0,0.00902743577683504,6967.0,6967.0,1.0,7.793128139669228e-49,378.0149760246277
9310.0,0.009018408341058205,6967.0,6967.0,0.0,6.975179248694819e-49,378.01844692230225
9311.0,0.009009389932717146,6967.0,6967.0,0.0,6.242387486853272e-49,378.0220639705658
9312.0,0.009000380542784429,6967.0,6967.0,1.0,5.58595999602514e-49,378.0256679058075
9313.0,0.008991380162241644,6967.0,6967.0,0.0,4.998004211978219e-49,378.02911019325256
9314.0,0.008982388782079402,6967.0,6967.0,0.0,4.471436471613441e-49,378.0328001976013
9315.0,0.008973406393297323,6967.0,6967.0,0.0,3.9998998170234674e-49,378.03652691841125
9316.0,0.008964432986904025,6967.0,6967.0,1.0,3.577690079126243e-49,378.040030002594
9317.0,0.008955468553917122,6967.0,6967.0,0.0,3.199689414282772e-49,378.0437579154968
9318.0,0.008946513085363204,6967.0,6967.0,1.0,2.8613065490823956e-49,378.04746413230896
9319.0,0.00893756657227784,6967.0,6967.0,0.0,2.5584230622401056e-49,378.0511209964752
9320.0,0.008928629005705563,6967.0,6967.0,1.0,2.2873450990704555e-49,378.0547659397125
9321.0,0.008919700376699858,6967.0,6967.0,0.0,2.0447599739921023e-49,378.058452129364
9322.0,0.008910780676323157,6967.0,6967.0,1.0,1.8276971706089923e-49,378.0621089935303
9323.0,0.008901869895646834,6967.0,6967.0,1.0,1.6334932976806323e-49,378.0658769607544
9324.0,0.008892968025751187,6967.0,6967.0,1.0,1.4597606032568263e-49,378.0694959163666
9325.0,0.008884075057725436,6967.0,6967.0,1.0,1.3043586888813892e-49,378.0730788707733
9326.0,0.008875190982667711,6967.0,6967.0,0.0,1.1653691014827161e-49,378.07659101486206
9327.0,0.008866315791685044,6967.0,6967.0,1.0,1.0410725127564828e-49,378.0801649093628
9328.0,0.00885744947589336,6967.0,6967.0,0.0,9.299282248474259e-50,378.0838098526001
9329.0,0.008848592026417466,6967.0,6967.0,1.0,8.305557672667048e-50,378.0874059200287
9330.0,0.008839743434391048,6967.0,6967.0,1.0,7.41718373522128e-50,378.091148853302
9331.0,0.008830903690956658,6967.0,6967.0,1.0,6.623081471419412e-50,378.0948791503906
9332.0,0.0088220727872657,6967.0,6967.0,0.0,5.913327458707195e-50,378.0985507965088
9333.0,0.008813250714478435,6967.0,6967.0,0.0,5.279034300153595e-50,378.10219407081604
9334.0,0.008804437463763956,6967.0,6967.0,1.0,4.712243364054792e-50,378.10589814186096
9335.0,0.008795633026300192,6967.0,6967.0,0.0,4.205828533768246e-50,378.10944294929504
9336.0,0.008786837393273891,6967.0,6967.0,0.0,3.7534098473941747e-50,378.11291885375977
9337.0,0.008778050555880617,6967.0,6967.0,0.0,3.3492760199185796e-50,378.1165211200714
9338.0,0.008769272505324737,6967.0,6967.0,0.0,2.988314942138624e-50,378.1201639175415
9339.0,0.008760503232819412,6967.0,6967.0,1.0,2.66595134221815e-50,378.123596906662
9340.0,0.008751742729586592,6967.0,6967.0,0.0,2.378090878086994e-50,378.1272850036621
9341.0,0.008742990986857005,6967.0,6967.0,1.0,2.1210700030007395e-50,378.13091111183167
9342.0,0.008734247995870147,6967.0,6967.0,0.0,1.8916110132482104e-50,378.1344599723816
9343.0,0.008725513747874277,6967.0,6967.0,0.0,1.686781746964409e-50,378.13797402381897
9344.0,0.008716788234126404,6967.0,6967.0,1.0,1.5039594569481892e-50,378.1416058540344
9345.0,0.008708071445892277,6967.0,6967.0,1.0,1.340798428893774e-50,378.1452398300171
9346.0,0.008699363374446385,6967.0,6967.0,1.0,1.1952009600684222e-50,378.148864030838
9347.0,0.00869066401107194,6967.0,6967.0,0.0,1.0652913526901377e-50,378.1524350643158
9348.0,0.008681973347060867,6967.0,6967.0,1.0,9.493926115215688e-51,378.15618109703064
9349.0,0.008673291373713806,6967.0,6967.0,1.0,8.460055668937761e-51,378.1597080230713
9350.0,0.008664618082340092,6967.0,6967.0,1.0,7.537901728635334e-51,378.1632869243622
9351.0,0.008655953464257751,6967.0,6967.0,0.0,6.715487558133453e-51,378.16679310798645
9352.0,0.008647297510793494,6967.0,6967.0,0.0,5.982110118113558e-51,378.1705050468445
9353.0,0.0086386502132827,6967.0,6967.0,0.0,5.328205717221631e-51,378.1741180419922
9354.0,0.008630011563069417,6967.0,6967.0,0.0,4.7452297163292816e-51,378.17763805389404
9355.0,0.008621381551506348,6967.0,6967.0,2.0,4.225548828429132e-51,378.18132996559143
9356.0,0.008612760169954842,6967.0,6967.0,0.0,3.762344706507504e-51,378.18491411209106
9357.0,0.008604147409784888,6967.0,6967.0,1.0,3.349527646321656e-51,378.18850898742676
9358.0,0.008595543262375103,6967.0,6967.0,0.0,2.981659351863531e-51,378.1923658847809
9359.0,0.008586947719112729,6967.0,6967.0,0.0,2.6538838198087506e-51,378.1960070133209
9360.0,0.008578360771393616,6967.0,6967.0,0.0,2.3618654966693332e-51,378.1995379924774
9361.0,0.008569782410622222,6967.0,6967.0,0.0,2.1017339498239776e-51,378.2031078338623
9362.0,0.0085612126282116,6967.0,6967.0,0.0,1.870034372092612e-51,378.2067060470581
9363.0,0.008552651415583389,6967.0,6967.0,0.0,1.6636833099705582e-51,378.2102999687195
9364.0,0.008544098764167805,6967.0,6967.0,1.0,1.479929068852223e-51,378.2138969898224
9365.0,0.008535554665403637,6967.0,6967.0,2.0,1.3163163052959846e-51,378.2174949645996
9366.0,0.008527019110738233,6967.0,6967.0,3.0,1.170654367267662e-51,378.22111916542053
9367.0,0.008518492091627495,6967.0,6967.0,0.0,1.0409889889493373e-51,378.22474193573
9368.0,0.008509973599535868,6967.0,6967.0,1.0,9.25576987642341e-52,378.22837591171265
9369.0,0.008501463625936331,6966.0,6966.0,1.0,8.228636470133986e-52,378.2318379878998
9370.0,0.008492962162310396,6966.0,6966.0,0.0,7.3146250385994e-52,378.23531699180603
9371.0,0.008484469200148085,6966.0,6966.0,0.0,6.501372850937084e-52,378.2389578819275
9372.0,0.008475984730947937,6966.0,6966.0,3.0,5.777857681105564e-52,378.24255180358887
9373.0,0.008467508746216988,6966.0,6966.0,0.0,5.134253614401115e-52,378.24615693092346
9374.0,0.008459041237470771,6966.0,6966.0,0.0,4.561802238354383e-52,378.24979281425476
9375.0,0.0084505821962333,6966.0,6966.0,0.0,4.052697590214377e-52,378.2533860206604
9376.0,0.008442131614037066,6966.0,6966.0,1.0,3.599983403990482e-52,378.257040977478
9377.0,0.00843368948242303,6966.0,6966.0,2.0,3.1974613530423957e-52,378.2607350349426
9378.0,0.008425255792940607,6966.0,6966.0,1.0,2.839609121296736e-52,378.26425099372864
9379.0,0.008416830537147667,6966.0,6966.0,0.0,2.5215072589691863e-52,378.26793003082275
9380.0,0.008408413706610518,6966.0,6966.0,0.0,2.238773888656974e-52,378.2715401649475
9381.0,0.008400005292903908,6966.0,6966.0,0.0,1.9875064261706732e-52,378.27505016326904
9382.0,0.008391605287611004,6966.0,6966.0,0.0,1.764229568674532e-52,378.27890276908875
9383.0,0.008383213682323393,6966.0,6966.0,0.0,1.5658488816802126e-52,378.28233790397644
9384.0,0.008374830468641068,6966.0,6966.0,0.0,1.3896093871373054e-52,378.2858159542084
9385.0,0.008366455638172428,6966.0,6966.0,1.0,1.233058618149642e-52,378.289617061615
9386.0,0.008358089182534256,6966.0,6966.0,0.0,1.0940136624907064e-52,378.2931101322174
9387.0,0.008349731093351721,6966.0,6966.0,0.0,9.705317677811536e-53,378.2967188358307
9388.0,0.00834138136225837,6966.0,6966.0,2.0,8.608841265510266e-53,378.30043292045593
9389.0,0.008333039980896111,6966.0,6966.0,0.0,7.635324999918311e-53,378.3040220737457
9390.0,0.008324706940915215,6966.0,6966.0,0.0,6.7710837550995045e-53,378.3075637817383
9391.0,0.008316382233974299,6966.0,6966.0,0.0,6.00394385667396e-53,378.3111479282379
9392.0,0.008308065851740324,6966.0,6966.0,0.0,5.323077451414257e-53,378.31472182273865
9393.0,0.008299757785888583,6966.0,6966.0,0.0,4.718854883089881e-53,378.3183250427246
9394.0,0.008291458028102694,6966.0,6966.0,0.0,4.1827131328797e-53,378.3218710422516
9395.0,0.008283166570074591,6966.0,6966.0,0.0,3.7070385903201965e-53,378.3254539966583
9396.0,0.008274883403504516,6966.0,6966.0,0.0,3.285062606391388e-53,378.3290169239044
9397.0,0.008266608520101013,6966.0,6966.0,1.0,2.910768446269193e-53,378.33260703086853
9398.0,0.008258341911580912,6966.0,6966.0,1.0,2.5788084075655375e-53,378.3361270427704
9399.0,0.008250083569669331,6966.0,6966.0,0.0,2.284430002400524e-53,378.3396599292755
9400.0,0.008241833486099661,6966.0,6966.0,0.0,2.0234102200608774e-53,378.3434069156647
9401.0,0.00823359165261356,6966.0,6966.0,1.0,1.7919969927870948e-53,378.34699296951294
9402.0,0.008225358060960947,6966.0,6966.0,0.0,1.5868570817362675e-53,378.3505837917328
9403.0,0.008217132702899985,6966.0,6966.0,0.0,1.4050296845751025e-53,378.3543949127197
9404.0,0.008208915570197085,6966.0,6966.0,0.0,1.243885141543556e-53,378.3579659461975
9405.0,0.008200706654626888,6966.0,6966.0,0.0,1.101088184146568e-53,378.36154103279114
9406.0,0.00819250594797226,6966.0,6966.0,1.0,9.74565230737274e-54,378.3652172088623
9407.0,0.008184313442024289,6966.0,6966.0,1.0,8.624752869148438e-54,378.36871695518494
9408.0,0.008176129128582265,6966.0,6966.0,0.0,7.631840565602781e-54,378.37216901779175
9409.0,0.008167952999453684,6966.0,6966.0,0.0,6.752409120863244e-54,378.3758020401001
9410.0,0.00815978504645423,6966.0,6966.0,0.0,5.973584106314246e-54,378.37956380844116
9411.0,0.008151625261407777,6966.0,6966.0,1.0,5.283940769739737e-54,378.38315510749817
9412.0,0.008143473636146368,6966.0,6966.0,2.0,4.6733420431894935e-54,378.38678312301636
9413.0,0.008135330162510222,6966.0,6966.0,1.0,4.1327945120841765e-54,378.3903708457947
9414.0,0.008127194832347712,6966.0,6966.0,1.0,3.654320369792515e-54,378.3939549922943
9415.0,0.008119067637515364,6966.0,6966.0,0.0,3.230843597503129e-54,378.397500038147
9416.0,0.00811094856987785,6966.0,6966.0,0.0,2.8560888014738303e-54,378.4010729789734
9417.0,0.008102837621307972,6966.0,6966.0,0.0,2.5244913111655687e-54,378.40465116500854
9418.0,0.008094734783686663,6966.0,6966.0,0.0,2.231117294614661e-54,378.408273935318
9419.0,0.008086640048902976,6966.0,6966.0,0.0,1.971592783639807e-54,378.4119210243225
9420.0,0.008078553408854073,6966.0,6966.0,3.0,1.7420406229276178e-54,378.4154849052429
9421.0,0.00807047485544522,6966.0,6966.0,0.0,1.5390244652734024e-54,378.4190831184387
9422.0,0.008062404380589774,6966.0,6966.0,0.0,1.3594990317032386e-54,378.42263889312744
9423.0,0.008054341976209184,6966.0,6966.0,1.0,1.2007659411407722e-54,378.4263529777527
9424.0,0.008046287634232974,6966.0,6966.0,0.0,1.0604344908427701e-54,378.42984676361084
9425.0,0.00803824134659874,6966.0,6966.0,0.0,9.363868370276863e-55,378.4334309101105
9426.0,0.008030203105252142,6966.0,6966.0,0.0,8.267470858644153e-55,378.43712091445923
9427.0,0.00802217290214689,6966.0,6966.0,0.0,7.298538590853675e-55,378.4406669139862
9428.0,0.008014150729244742,6966.0,6966.0,0.0,6.442359466577612e-55,378.4442219734192
9429.0,0.008006136578515498,6966.0,6966.0,0.0,5.6859070183490104e-55,378.4477300643921
9430.0,0.007998130441936983,6966.0,6966.0,1.0,5.017648720898038e-55,378.4513638019562
9431.0,0.007990132311495046,6966.0,6966.0,0.0,4.427375934183938e-55,378.4548590183258
9432.0,0.007982142179183551,6966.0,6966.0,1.0,3.906053057464175e-55,378.4584629535675
9433.0,0.007974160037004368,6966.0,6966.0,1.0,3.4456837409096246e-55,378.4620769023895
9434.0,0.007966185876967364,6966.0,6966.0,0.0,3.039192240779795e-55,378.46566104888916
9435.0,0.007958219691090396,6966.0,6966.0,1.0,2.6803182172441512e-55,378.46931290626526
9436.0,0.007950261471399305,6966.0,6966.0,0.0,2.363523463489663e-55,378.47290897369385
9437.0,0.007942311209927905,6966.0,6966.0,0.0,2.0839092233412256e-55,378.4764518737793
9438.0,0.007934368898717977,6966.0,6966.0,0.0,1.837142904562746e-55,378.48012709617615
9439.0,0.00792643452981926,6966.0,6966.0,0.0,1.6193931283308163e-55,378.48357701301575
9440.0,0.00791850809528944,6966.0,6966.0,0.0,1.4272721739184346e-55,378.4870569705963
9441.0,0.007910589587194152,6966.0,6966.0,0.0,1.2577849830109108e-55,378.49064207077026
9442.0,0.007902678997606957,6966.0,6966.0,0.0,1.108283981753014e-55,378.4941830635071
9443.0,0.00789477631860935,6966.0,6966.0,0.0,9.764290618837076e-56,378.497750043869
9444.0,0.00788688154229074,6966.0,6966.0,1.0,8.601521363031278e-56,378.50138998031616
9445.0,0.00787899466074845,6966.0,6966.0,0.0,7.576257501593504e-56,378.50505089759827
9446.0,0.0078711156660877,6966.0,6966.0,0.0,6.6723528695034695e-56,378.50868105888367
9447.0,0.007863244550421613,6966.0,6966.0,0.0,5.875543610229688e-56,378.51238679885864
9448.0,0.007855381305871191,6966.0,6966.0,0.0,5.173230339360545e-56,378.51612401008606
9449.0,0.00784752592456532,6966.0,6966.0,0.0,4.5542853308436505e-56,378.51979994773865
9450.0,0.007839678398640753,6966.0,6966.0,1.0,4.008881873239162e-56,378.5234730243683
9451.0,0.007831838720242113,6966.0,6966.0,2.0,3.5283432660920525e-56,378.52702808380127
9452.0,0.00782400688152187,6966.0,6966.0,1.0,3.1050092130020004e-56,378.53068709373474
9453.0,0.00781618287464035,6966.0,6966.0,0.0,2.7321176222612554e-56,378.53424286842346
9454.0,0.007808366691765709,6966.0,6966.0,0.0,2.403700051622599e-56,378.53790187835693
9455.0,0.0078005583250739426,6966.0,6966.0,0.0,2.114489234044544e-56,378.5415360927582
9456.0,0.007792757766748868,6966.0,6966.0,1.0,1.859837298975719e-56,378.54512906074524
9457.0,0.007784965008982119,6966.0,6966.0,1.0,1.6356434614059527e-56,378.54873299598694
9458.0,0.0077771800439731375,6966.0,6966.0,1.0,1.4382900907791682e-56,378.5523989200592
9459.0,0.007769402863929164,6966.0,6966.0,0.0,1.2645861959140506e-56,378.5559949874878
9460.0,0.007761633461065235,6966.0,6966.0,1.0,1.1117174721001528e-56,378.55958700180054
9461.0,0.00775387182760417,6966.0,6966.0,1.0,9.772021540931385e-57,378.5632679462433
9462.0,0.007746117955776566,6966.0,6966.0,0.0,8.588520052313191e-57,378.56678795814514
9463.0,0.007738371837820789,6966.0,6966.0,0.0,7.547378495760469e-57,378.57028889656067
9464.0,0.007730633465982968,6966.0,6966.0,0.0,6.631591219477846e-57,378.57398414611816
9465.0,0.007722902832516985,6966.0,6966.0,1.0,5.826169709712049e-57,378.5775818824768
9466.0,0.007715179929684468,6966.0,6966.0,1.0,5.11790503624332e-57,378.58115696907043
9467.0,0.007707464749754784,6966.0,6966.0,2.0,4.495158070882518e-57,378.58476996421814
9468.0,0.007699757285005029,6966.0,6966.0,0.0,3.9476742559801023e-57,378.5884039402008
9469.0,0.0076920575277200235,6966.0,6966.0,2.0,3.466420071164436e-57,378.59193086624146
9470.0,0.007684365470192304,6966.0,6966.0,0.0,3.04343867530425e-57,378.5956799983978
9471.0,0.0076766811047221115,6966.0,6966.0,0.0,2.67172249185378e-57,378.5994038581848
9472.0,0.0076690044236173895,6966.0,6966.0,0.0,2.3451007635628869e-57,378.60300397872925
9473.0,0.007661335419193772,6966.0,6966.0,1.0,2.058140330794325e-57,378.60667395591736
9474.0,0.007653674083774578,6966.0,6966.0,0.0,1.806058089764308e-57,378.6102669239044
9475.0,0.007646020409690803,6966.0,6966.0,0.0,1.584643765880284e-57,378.61385202407837
9476.0,0.007638374389281112,6966.0,6966.0,0.0,1.3901917956418233e-57,378.61752104759216
9477.0,0.007630736014891832,6966.0,6966.0,0.0,1.2194412506466944e-57,378.621132850647
9478.0,0.00762310527887694,6966.0,6966.0,0.0,1.0695228611766865e-57,378.6248118877411
9479.0,0.007615482173598063,6966.0,6966.0,0.0,9.379123064809421e-58,378.62852478027344
9480.0,0.007607866691424465,6966.0,6966.0,0.0,8.223890358573235e-58,378.6321339607239
9481.0,0.007600258824733041,6966.0,6966.0,0.0,7.209999704088028e-58,378.63565611839294
9482.0,0.007592658565908308,6966.0,6966.0,1.0,6.3202751120495696e-58,378.6392080783844
9483.0,0.007585065907342399,6966.0,6966.0,0.0,5.539613466483557e-58,378.64283299446106
9484.0,0.007577480841435057,6966.0,6966.0,1.0,4.854736111421126e-58,378.6464111804962
9485.0,0.007569903360593622,6966.0,6966.0,0.0,4.253969995693876e-58,378.65003204345703
9486.0,0.007562333457233028,6966.0,6966.0,0.0,3.727054884245186e-58,378.6536259651184
9487.0,0.007554771123775795,6966.0,6966.0,0.0,3.264973553764817e-58,378.6572139263153
9488.0,0.007547216352652019,6966.0,6966.0,0.0,2.8598022522257894e-58,378.66082787513733
9489.0,0.007539669136299367,6966.0,6966.0,1.0,2.5045790215246973e-58,378.66447019577026
9490.0,0.007532129467163068,6966.0,6966.0,1.0,2.1931877647828088e-58,378.66804003715515
9491.0,0.007524597337695905,6966.0,6966.0,0.0,1.92025618925477e-58,378.6717448234558
9492.0,0.007517072740358209,6966.0,6966.0,0.0,1.681065976045609e-58,378.6752960681915
9493.0,0.007509555667617851,6966.0,6966.0,0.0,1.4714737223286064e-58,378.6792039871216
9494.0,0.007502046111950233,6966.0,6966.0,0.0,1.2878413734731916e-58,378.682902097702
9495.0,0.007494544065838282,6966.0,6966.0,0.0,1.126975014089228e-58,378.68639492988586
9496.0,0.007487049521772444,6966.0,6966.0,1.0,9.860710208003818e-59,378.6900260448456
9497.0,0.007479562472250671,6966.0,6966.0,0.0,8.626686976572e-59,378.6936070919037
9498.0,0.007472082909778421,6966.0,6966.0,0.0,7.546086193119454e-59,378.69722509384155
9499.0,0.007464610826868642,6966.0,6966.0,1.0,6.599959990285096e-59,378.70076298713684
9500.0,0.0074571462160417734,6966.0,6966.0,1.0,5.771684797194253e-59,378.704421043396
9501.0,0.007449689069825732,6966.0,6966.0,0.0,5.04667817758239e-59,378.707967042923
9502.0,0.007442239380755906,6966.0,6966.0,0.0,4.412149924236677e-59,378.71147203445435
9503.0,0.00743479714137515,6966.0,6966.0,0.0,3.8568832948723433e-59,378.714989900589
9504.0,0.007427362344233775,6966.0,6966.0,1.0,3.3710427652711666e-59,378.7185821533203
9505.0,0.0074199349818895415,6966.0,6966.0,0.0,2.946005108142536e-59,378.72214794158936
9506.0,0.007412515046907652,6966.0,6966.0,1.0,2.574210987528983e-59,378.725772857666
9507.0,0.007405102531860744,6966.0,6966.0,0.0,2.249034594705583e-59,378.72938084602356
9508.0,0.007397697429328883,6966.0,6966.0,1.0,1.9646691477368576e-59,378.73303508758545
9509.0,0.007390299731899554,6966.0,6966.0,0.0,1.7160263378658654e-59,378.7367420196533
9510.0,0.007382909432167655,6966.0,6966.0,0.0,1.4986480358635249e-59,378.74031019210815
9511.0,0.007375526522735487,6966.0,6966.0,0.0,1.3086287740379014e-59,378.7438259124756
9512.0,0.007368150996212752,6966.0,6966.0,0.0,1.1425476980217819e-59,378.7475140094757
9513.0,0.007360782845216539,6966.0,6966.0,1.0,9.97408839586962e-60,378.75115990638733
9514.0,0.007353422062371323,6966.0,6966.0,0.0,8.705887000930606e-60,378.75476479530334
9515.0,0.0073460686403089516,6966.0,6966.0,0.0,7.59790255994911e-60,378.7583680152893
9516.0,0.007338722571668643,6966.0,6966.0,1.0,6.63002605068049e-60,378.761931180954
9517.0,0.0073313838490969745,6966.0,6966.0,0.0,5.784655663990278e-60,378.76590490341187
9518.0,0.007324052465247878,6966.0,6966.0,0.0,5.046386302560333e-60,378.7696421146393
9519.0,0.00731672841278263,6966.0,6966.0,0.0,4.4017372704954666e-60,378.77320885658264
9520.0,0.007309411684369847,6966.0,6966.0,1.0,3.838913489048011e-60,378.77693605422974
9521.0,0.007302102272685477,6966.0,6966.0,2.0,3.3475961394303875e-60,378.78066992759705
9522.0,0.007294800170412791,6966.0,6966.0,0.0,2.918759131315123e-60,378.7842130661011
9523.0,0.007287505370242378,6966.0,6966.0,0.0,2.544508233273605e-60,378.78800892829895
9524.0,0.007280217864872136,6966.0,6966.0,1.0,2.2179400862491755e-60,378.79149079322815
9525.0,0.007272937647007264,6966.0,6966.0,0.0,1.933018659530728e-60,378.79515409469604
9526.0,0.007265664709360257,6966.0,6966.0,1.0,1.6844670061533342e-60,378.7987768650055
9527.0,0.007258399044650896,6966.0,6966.0,2.0,1.4676724361147602e-60,378.80233502388
9528.0,0.007251140645606245,6966.0,6966.0,0.0,1.2786034555925053e-60,378.80596899986267
9529.0,0.007243889504960639,6966.0,6966.0,1.0,1.113737022270141e-60,378.80955600738525
9530.0,0.0072366456154556785,6966.0,6966.0,0.0,9.699948443033805e-61,378.81319308280945
9531.0,0.0072294089698402226,6966.0,6966.0,0.0,8.446876063166677e-61,378.81674790382385
9532.0,0.007222179560870383,6966.0,6966.0,2.0,7.354661427294472e-61,378.8202688694
9533.0,0.007214957381309512,6966.0,6966.0,0.0,6.402786989490138e-61,378.82383704185486
9534.0,0.007207742423928202,6966.0,6966.0,0.0,5.573335265551274e-61,378.8274300098419
9535.0,0.007200534681504274,6966.0,6966.0,0.0,4.8506615130687e-61,378.83099603652954
9536.0,0.007193334146822769,6966.0,6966.0,0.0,4.221107341899561e-61,378.8345811367035
9537.0,0.007186140812675946,6966.0,6966.0,2.0,3.672750171612556e-61,378.838191986084
9538.0,0.00717895467186327,6966.0,6966.0,0.0,3.1951840794548245e-61,378.8418610095978
9539.0,0.007171775717191407,6966.0,6966.0,0.0,2.7793281325916006e-61,378.84551882743835
9540.0,0.007164603941474216,6966.0,6966.0,1.0,2.4172587811081186e-61,378.8489348888397
9541.0,0.007157439337532741,6966.0,6966.0,0.0,2.102063311773386e-61,378.85260796546936
9542.0,0.007150281898195209,6966.0,6966.0,0.0,1.82771173404376e-61,378.85615587234497
9543.0,0.007143131616297014,6966.0,6966.0,0.0,1.58894479558815e-61,378.859699010849
9544.0,0.007135988484680717,6966.0,6966.0,1.0,1.3811761103206375e-61,378.8633711338043
9545.0,0.007128852496196036,6966.0,6966.0,0.0,1.2004066324271098e-61,378.8668758869171
9546.0,0.00712172364369984,6966.0,6966.0,0.0,1.0431499294802113e-61,378.87054896354675
9547.0,0.00711460192005614,6966.0,6966.0,0.0,9.063669002350176e-62,378.8741099834442
9548.0,0.0071074873181360835,6966.0,6966.0,2.0,7.874087514045384e-62,378.87763381004333
9549.0,0.007100379830817947,6966.0,6966.0,0.0,6.839671955559956e-62,378.8811831474304
9550.0,0.007093279450987129,6966.0,6966.0,0.0,5.940309618017734e-62,378.884801864624
9551.0,0.007086186171536142,6966.0,6966.0,1.0,5.158478244380302e-62,378.8886511325836
9552.0,0.007079099985364605,6966.0,6966.0,1.0,4.478914540842769e-62,378.89220213890076
9553.0,0.0070720208853792405,6966.0,6966.0,1.0,3.8883248293176993e-62,378.8958160877228
9554.0,0.007064948864493862,6966.0,6966.0,0.0,3.3751325194184738e-62,378.89940309524536
9555.0,0.0070578839156293675,6966.0,6966.0,1.0,2.929257745816098e-62,378.90301489830017
9556.0,0.007050826031713738,6966.0,6966.0,0.0,2.541925101169172e-62,378.90668511390686
9557.0,0.007043775205682024,6966.0,6966.0,0.0,2.2054959062889184e-62,378.9102499485016
9558.0,0.007036731430476342,6966.0,6966.0,0.0,1.913321906834249e-62,378.9139380455017
9559.0,0.007029694699045866,6966.0,6966.0,0.0,1.6596176775336247e-62,378.91735887527466
9560.0,0.00702266500434682,6966.0,6966.0,0.0,1.4393493576494173e-62,378.9208209514618
9561.0,0.007015642339342473,6966.0,6966.0,0.0,1.2481376412160048e-62,378.92442989349365
9562.0,0.007008626697003131,6966.0,6966.0,2.0,1.0821732078283323e-62,378.92797803878784
9563.0,0.0070016180703061275,6966.0,6966.0,0.0,9.381430091087283e-63,378.93157482147217
9564.0,0.006994616452235821,6966.0,6966.0,1.0,8.13166026536012e-63,378.93516874313354
9565.0,0.006987621835783585,6966.0,6966.0,1.0,7.047372916671254e-63,378.9389579296112
9566.0,0.006980634213947802,6966.0,6966.0,0.0,6.106791130720686e-63,378.9425208568573
9567.0,0.006973653579733854,6966.0,6966.0,0.0,5.290985882856006e-63,378.9461340904236
9568.0,0.0069666799261541195,6966.0,6966.0,0.0,4.583505961745558e-63,378.94979310035706
9569.0,0.006959713246227965,6966.0,6966.0,1.0,3.9700556743869036e-63,378.9534590244293
9570.0,0.006952753532981738,6966.0,6966.0,1.0,3.438214203583072e-63,378.9570269584656
9571.0,0.006945800779448756,6966.0,6966.0,0.0,2.977191269950931e-63,378.96061992645264
9572.0,0.006938854978669307,6966.0,6966.0,1.0,2.5776144326181545e-63,378.9642357826233
9573.0,0.006931916123690638,6966.0,6966.0,0.0,2.2313439584497592e-63,378.96775698661804
9574.0,0.0069249842075669475,6966.0,6966.0,0.0,1.931311709793587e-63,378.9713270664215
9575.0,0.00691805922335938,6966.0,6966.0,1.0,1.6713809548474533e-63,378.9748749732971
9576.0,0.006911141164136021,6966.0,6966.0,2.0,1.4462244011743782e-63,378.9785261154175
9577.0,0.006904230022971885,6966.0,6966.0,0.0,1.2512180988875087e-63,378.9821000099182
9578.0,0.006897325792948912,6966.0,6966.0,2.0,1.0823491619737521e-63,378.9856479167938
9579.0,0.006890428467155964,6966.0,6966.0,0.0,9.361355196935216e-64,378.9893090724945
9580.0,0.006883538038688808,6966.0,6966.0,0.0,8.09556139849697e-64,378.9929208755493
9581.0,0.006876654500650119,6966.0,6966.0,0.0,6.999903662254657e-64,378.9965789318085
9582.0,0.006869777846149469,6966.0,6966.0,1.0,6.0516518736730446e-64,379.00009202957153
9583.0,0.00686290806830332,6966.0,6966.0,0.0,5.2310940639127026e-64,379.0036618709564
9584.0,0.006856045160235016,6966.0,6966.0,0.0,4.5211381446123367e-64,379.00736808776855
9585.0,0.006849189115074781,6966.0,6966.0,3.0,3.906965865109552e-64,379.0109667778015
9586.0,0.006842339925959706,6966.0,6966.0,0.0,3.375732188290745e-64,379.0145490169525
9587.0,0.006835497586033746,6966.0,6966.0,0.0,2.916304161931044e-64,379.0181579589844
9588.0,0.006828662088447712,6966.0,6966.0,0.0,2.5190341298179e-64,379.0218119621277
9589.0,0.006821833426359264,6966.0,6966.0,0.0,2.1755627956069533e-64,379.02572894096375
9590.0,0.006815011592932905,6966.0,6966.0,0.0,1.878648234865508e-64,379.0294518470764
9591.0,0.0068081965813399726,6966.0,6966.0,0.0,1.6220174581447534e-64,379.03319692611694
9592.0,0.006801388384758632,6966.0,6966.0,1.0,1.4002375698053167e-64,379.0368950366974
9593.0,0.006794586996373874,6966.0,6966.0,0.0,1.208603952105615e-64,379.0403609275818
9594.0,0.006787792409377501,6966.0,6966.0,0.0,1.0430432390742937e-64,379.04381704330444
9595.0,0.0067810046169681235,6966.0,6966.0,2.0,9.00029136324761e-65,379.04756593704224
9596.0,0.006774223612351155,6966.0,6966.0,1.0,7.765093968088078e-65,379.051127910614
9597.0,0.006767449388738804,6966.0,6966.0,1.0,6.6984248341394015e-65,379.05474281311035
9598.0,0.006760681939350066,6966.0,6966.0,0.0,5.777426415283227e-65,379.0583689212799
9599.0,0.0067539212574107155,6966.0,6966.0,0.0,4.982322719321609e-65,379.062038898468
9600.0,0.006747167336153305,6966.0,6966.0,1.0,4.296006398463798e-65,379.0656337738037
9601.0,0.006740420168817152,6966.0,6966.0,0.0,3.703680824959915e-65,379.06920313835144
9602.0,0.0067336797486483345,6966.0,6966.0,0.0,3.192549875751723e-65,379.0727570056915
9603.0,0.0067269460688996864,6966.0,6966.0,0.0,2.7515491067150804e-65,379.0763328075409
9604.0,0.006720219122830787,6966.0,6966.0,0.0,2.371112828796289e-65,379.0799310207367
9605.0,0.006713498903707956,6966.0,6966.0,2.0,2.0429723213104326e-65,379.0835790634155
9606.0,0.006706785404804248,6966.0,6966.0,1.0,1.7599810460060513e-65,379.0871419906616
9607.0,0.006700078619399444,6966.0,6966.0,1.0,1.5159632715128332e-65,379.0907311439514
9608.0,0.006693378540780045,6966.0,6966.0,0.0,1.3055829921880802e-65,379.09434700012207
9609.0,0.006686685162239265,6966.0,6966.0,0.0,1.124230437499407e-65,379.09785509109497
9610.0,0.006679998477077026,6966.0,6966.0,0.0,9.679238260452447e-66,379.1013660430908
9611.0,0.006673318478599949,6966.0,6966.0,1.0,8.332243291923182e-66,379.105131149292
9612.0,0.006666645160121349,6966.0,6966.0,0.0,7.171624792530633e-66,379.10866498947144
9613.0,0.006659978514961228,6966.0,6966.0,0.0,6.171744914919219e-66,379.1123218536377
9614.0,0.006653318536446267,6966.0,6966.0,0.0,5.310471726945024e-66,379.1158730983734
9615.0,0.006646665217909821,6966.0,6966.0,0.0,4.5687026561280184e-66,379.1193890571594
9616.0,0.006640018552691911,6966.0,6966.0,2.0,3.9299523183567045e-66,379.123104095459
9617.0,0.006633378534139219,6966.0,6966.0,0.0,3.3799960859380837e-66,379.12671399116516
9618.0,0.006626745155605079,6966.0,6966.0,1.0,2.906561903578585e-66,379.13036489486694
9619.0,0.006620118410449474,6966.0,6966.0,0.0,2.499063861442311e-66,379.1339349746704
9620.0,0.006613498292039025,6966.0,6966.0,1.0,2.1483719022029808e-66,379.1375849246979
9621.0,0.006606884793746986,6966.0,6966.0,0.0,1.8466127915005327e-66,379.14119577407837
9622.0,0.006600277908953239,6966.0,6966.0,1.0,1.586998133643775e-66,379.14474606513977
9623.0,0.0065936776310442854,6966.0,6966.0,0.0,1.3636757799889478e-66,379.1484010219574
9624.0,0.006587083953413241,6966.0,6966.0,1.0,1.1716014676536083e-66,379.15198588371277
9625.0,0.006580496869459828,6966.0,6966.0,0.0,1.0064279510755844e-66,379.15555214881897
9626.0,0.006573916372590368,6966.0,6966.0,0.0,8.644092570572367e-67,379.159157037735
9627.0,0.006567342456217778,6966.0,6966.0,0.0,7.423180128733836e-67,379.16274213790894
9628.0,0.0065607751137615605,6966.0,6966.0,1.0,6.37374073296375e-67,379.16639280319214
9629.0,0.006554214338647799,6966.0,6966.0,0.0,5.471829116752114e-67,379.170037984848
9630.0,0.006547660124309151,6966.0,6966.0,1.0,4.6968244741822884e-67,379.1736979484558
9631.0,0.006541112464184842,6966.0,6966.0,1.0,4.0309716164262006e-67,379.17736196517944
9632.0,0.006534571351720656,6966.0,6966.0,1.0,3.458985080736248e-67,379.18094086647034
9633.0,0.006528036780368935,6966.0,6966.0,3.0,2.9677076071705886e-67,379.18453097343445
9634.0,0.006521508743588566,6966.0,6966.0,2.0,2.5458155618058613e-67,379.1881079673767
9635.0,0.0065149872348449775,6966.0,6966.0,1.0,2.1835648919884714e-67,379.1917190551758
9636.0,0.0065084722476101324,6966.0,6966.0,1.0,1.8725720702404918e-67,379.1954939365387
9637.0,0.006501963775362522,6966.0,6966.0,1.0,1.6056252369458808e-67,379.199481010437
9638.0,0.00649546181158716,6966.0,6966.0,0.0,1.3765214036650657e-67,379.20316195487976
9639.0,0.006488966349775573,6966.0,6966.0,0.0,1.1799261425194104e-67,379.20692586898804
9640.0,0.006482477383425798,6966.0,6966.0,0.0,1.0112526744021132e-67,379.2106430530548
9641.0,0.006475994906042372,6966.0,6966.0,0.0,8.665576900581373e-68,379.2144658565521
9642.0,0.006469518911136329,6966.0,6966.0,1.0,7.424516022306066e-68,379.2180781364441
9643.0,0.006463049392225193,6966.0,6966.0,0.0,6.360212417902302e-68,379.221638917923
9644.0,0.006456586342832967,6966.0,6966.0,0.0,5.4476328271727905e-68,379.2252130508423
9645.0,0.006450129756490134,6966.0,6966.0,1.0,4.665269157690045e-68,379.22877407073975
9646.0,0.006443679626733644,6966.0,6966.0,0.0,3.994644936365573e-68,379.232360124588
9647.0,0.006437235947106911,6966.0,6966.0,0.0,3.4198904570542934e-68,379.235937833786
9648.0,0.0064307987111598035,6966.0,6966.0,0.0,2.9273771192679043e-68,379.2395107746124
9649.0,0.006424367912448644,6966.0,6966.0,0.0,2.5054027602770114e-68,379.24300813674927
9650.0,0.006417943544536195,6966.0,6966.0,0.0,2.143920911400821e-68,379.2466969490051
9651.0,0.00641152560099166,6966.0,6966.0,0.0,1.834307883402435e-68,379.25037693977356
9652.0,0.006405114075390668,6966.0,6966.0,1.0,1.5691624266061348e-68,379.2539601325989
9653.0,0.006398708961315277,6966.0,6966.0,3.0,1.3421334368079169e-68,379.25761795043945
9654.0,0.0063923102523539615,6966.0,6966.0,0.0,1.1477718039441584e-68,379.26119208335876
9655.0,0.006385917942101607,6966.0,6966.0,0.0,9.81403040413247e-69,379.2647659778595
9656.0,0.006379532024159505,6966.0,6966.0,0.0,8.390177916282447e-69,379.26835012435913
9657.0,0.0063731524921353455,6966.0,6966.0,0.0,7.171777329765823e-69,379.27192211151123
9658.0,0.00636677933964321,6966.0,6966.0,2.0,6.129347036288436e-69,379.2756381034851
9659.0,0.006360412560303567,6966.0,6966.0,1.0,5.237612261585497e-69,379.27937388420105
9660.0,0.006354052147743264,6966.0,6966.0,0.0,4.4749081824521716e-69,379.2831130027771
9661.0,0.00634769809559552,6966.0,6966.0,0.0,3.82266724491978e-69,379.28689098358154
9662.0,0.006341350397499924,6966.0,6966.0,1.0,3.264978874767589e-69,379.29053592681885
9663.0,0.006335009047102424,6966.0,6966.0,0.0,2.788211417887618e-69,379.29424595832825
9664.0,0.006328674038055322,6966.0,6966.0,0.0,2.380687566207032e-69,379.2978479862213
9665.0,0.006322345364017267,6966.0,6966.0,0.0,2.0324057463347869e-69,379.30134892463684
9666.0,0.0063160230186532496,6966.0,6966.0,0.0,1.7348009999585362e-69,379.3049340248108
9667.0,0.0063097069956345965,6966.0,6966.0,0.0,1.4805397906880596e-69,379.30849599838257
9668.0,0.006303397288638962,6966.0,6966.0,0.0,1.263343951708625e-69,379.3121130466461
9669.0,0.0062970938913503235,6966.0,6966.0,1.0,1.0778396597022798e-69,379.3156361579895
9670.0,0.006290796797458973,6966.0,6966.0,0.0,9.194278980390992e-70,379.3192129135132
9671.0,0.006284506000661515,6966.0,6966.0,0.0,7.841733692029201e-70,379.3228859901428
9672.0,0.006278221494660854,6966.0,6966.0,0.0,6.687092439643911e-70,379.3263609409332
9673.0,0.006271943273166193,6966.0,6966.0,1.0,5.701555025924808e-70,379.329950094223
9674.0,0.0062656713298930265,6966.0,6966.0,0.0,4.860489397040778e-70,379.3336751461029
9675.0,0.006259405658563134,6966.0,6966.0,0.0,4.1428317635281694e-70,379.33723306655884
9676.0,0.006253146252904571,6966.0,6966.0,0.0,3.5305725682034714e-70,379.3408100605011
9677.0,0.0062468931066516666,6966.0,6966.0,1.0,3.00831608612132e-70,379.3443639278412
9678.0,0.006240646213545015,6966.0,6966.0,0.0,2.56290316954695e-70,379.3480179309845
9679.0,0.00623440556733147,6966.0,6966.0,0.0,2.1830881358617753e-70,379.3516900539398
9680.0,0.006228171161764139,6966.0,6966.0,0.0,1.8592620722420224e-70,379.3553569316864
9681.0,0.006221942990602375,6966.0,6966.0,0.0,1.5832159270888844e-70,379.3588879108429
9682.0,0.006215721047611773,6966.0,6966.0,1.0,1.3479376997262986e-70,379.36234402656555
9683.0,0.006209505326564161,6966.0,6966.0,0.0,1.1474388484973806e-70,379.3660409450531
9684.0,0.006203295821237596,6966.0,6966.0,0.0,9.76605731730459e-71,379.3695559501648
9685.0,0.006197092525416358,6966.0,6966.0,1.0,8.310724921716388e-71,379.3730700016022
9686.0,0.006190895432890942,6966.0,6966.0,0.0,7.0711230719615864e-71,379.3766658306122
9687.0,0.006184704537458051,6966.0,6966.0,2.0,6.015443663021391e-71,379.38032484054565
9688.0,0.006178519832920593,6966.0,6966.0,0.0,5.116543142720532e-71,379.3839828968048
9689.0,0.006172341313087673,6966.0,6966.0,0.0,4.351262217490397e-71,379.3876299858093
9690.0,0.006166168971774585,6966.0,6966.0,0.0,3.69984422371679e-71,379.39124393463135
9691.0,0.006160002802802811,6966.0,6966.0,2.0,3.1454379353797186e-71,379.39475107192993
9692.0,0.006153842800000008,6966.0,6966.0,1.0,2.6736726190908347e-71,379.3984000682831
9693.0,0.006147688957200008,6966.0,6966.0,0.0,2.2722948971464082e-71,379.4020371437073
9694.0,0.006141541268242808,6966.0,6966.0,1.0,1.930858479064507e-71,379.40567088127136
9695.0,0.0061353997269745645,6966.0,6966.0,1.0,1.640459107683026e-71,379.40925908088684
9696.0,0.00612926432724759,6966.0,6966.0,1.0,1.3935081676829141e-71,379.4128279685974
9697.0,0.006123135062920343,6966.0,6966.0,0.0,1.1835393484992859e-71,379.41639590263367
9698.0,0.006117011927857422,6966.0,6966.0,1.0,1.0050435624299522e-71,379.42003202438354
9699.0,0.006110894915929565,6966.0,6966.0,0.0,8.533280116053442e-72,379.4236328601837
9700.0,0.0061047840210136355,6966.0,6966.0,0.0,7.243958908879943e-72,379.4271950721741
9701.0,0.006098679236992622,6966.0,6966.0,0.0,6.148437219111156e-72,379.43092703819275
9702.0,0.006092580557755629,6966.0,6966.0,1.0,5.217737485261915e-72,379.43449783325195
9703.0,0.006086487977197874,6966.0,6966.0,0.0,4.4271919635870857e-72,379.4380669593811
9704.0,0.006080401489220676,6966.0,6966.0,0.0,3.7558051793123994e-72,379.4416468143463
9705.0,0.0060743210877314555,6966.0,6966.0,0.0,3.18571017595795e-72,379.4452691078186
9706.0,0.006068246766643724,6966.0,6966.0,0.0,2.7017048391425033e-72,379.4488320350647
9707.0,0.00606217851987708,6966.0,6966.0,1.0,2.290856567912096e-72,379.4527690410614
9708.0,0.006056116341357203,6966.0,6966.0,1.0,1.9421652744522543e-72,379.4565329551697
9709.0,0.006050060225015846,6966.0,6966.0,0.0,1.6462761535507515e-72,379.46047282218933
9710.0,0.00604401016479083,6966.0,6966.0,1.0,1.39523491199745e-72,379.4641969203949
9711.0,0.006037966154626039,6966.0,6966.0,1.0,1.1822792157331317e-72,379.46774792671204
9712.0,0.006031928188471413,6966.0,6966.0,0.0,1.0016610251402214e-72,379.47143507003784
9713.0,0.006025896260282941,6966.0,6966.0,0.0,8.484952687819809e-73,379.4751057624817
9714.0,0.0060198703640226585,6966.0,6966.0,4.0,7.186309723279186e-73,379.47861790657043
9715.0,0.006013850493658636,6966.0,6966.0,0.0,6.085415287647342e-73,379.48202896118164
9716.0,0.006007836643164977,6966.0,6966.0,0.0,5.1523128234315997e-73,379.485778093338
9717.0,0.006001828806521812,6966.0,6966.0,0.0,4.3615601408616913e-73,379.4894118309021
9718.0,0.00599582697771529,6966.0,6966.0,0.0,3.691552713819951e-73,379.49305391311646
9719.0,0.0059898311507375745,6966.0,6966.0,1.0,3.123947870176116e-73,379.49677085876465
9720.0,0.005983841319586837,6966.0,6966.0,1.0,2.6431749151880852e-73,379.5002157688141
9721.0,0.00597785747826725,6966.0,6966.0,1.0,2.2360184329841546e-73,379.503830909729
9722.0,0.005971879620788983,6966.0,6966.0,0.0,1.8912638939568203e-73,379.5075218677521
9723.0,0.005965907741168194,6966.0,6966.0,1.0,1.5993963023151887e-73,379.511146068573
9724.0,0.005959941833427026,6966.0,6966.0,0.0,1.3523439884405389e-73,379.5147840976715
9725.0,0.005953981891593599,6966.0,6966.0,0.0,1.1432608195197256e-73,379.5184049606323
9726.0,0.005948027909702005,6966.0,6966.0,0.0,9.663410986983986e-74,379.52201795578003
9727.0,0.0059420798817923035,6966.0,6966.0,1.0,8.166622728689177e-74,379.52562284469604
9728.0,0.005936137801910511,6966.0,6966.0,0.0,6.900512937260219e-74,379.5292809009552
9729.0,0.005930201664108601,6966.0,6966.0,0.0,5.829710942635476e-74,379.53287506103516
9730.0,0.0059242714624444925,6966.0,6966.0,0.0,4.924241691597999e-74,379.5365068912506
9731.0,0.005918347190982048,6966.0,6966.0,1.0,4.1587069591849255e-74,379.54037594795227
9732.0,0.005912428843791066,6966.0,6966.0,1.0,3.5115901564963318e-74,379.5440049171448
9733.0,0.005906516414947274,6966.0,6966.0,0.0,2.964666177684284e-74,379.54768109321594
9734.0,0.005900609898532327,6966.0,6966.0,1.0,2.502500500066887e-74,379.5513188838959
9735.0,0.0058947092886337945,6966.0,6966.0,0.0,2.1120241109207653e-74,379.55506110191345
9736.0,0.00588881457934516,6966.0,6966.0,0.0,1.7821728433548914e-74,379.5587921142578
9737.0,0.0058829257647658156,6966.0,6966.0,0.0,1.5035814135939206e-74,379.5623388290405
9738.0,0.00587704283900105,6966.0,6966.0,0.0,1.2683239072479545e-74,379.56593799591064
9739.0,0.005871165796162049,6966.0,6966.0,0.0,1.0696937004322804e-74,379.5694601535797
9740.0,0.005865294630365887,6966.0,6966.0,0.0,9.020168550920308e-75,379.57310485839844
9741.0,0.005859429335735521,6966.0,6966.0,0.0,7.604939240134326e-75,379.57660698890686
9742.0,0.005853569906399785,6966.0,6966.0,0.0,6.410658631371603e-75,379.58021903038025
9743.0,0.0058477163364933854,6966.0,6966.0,0.0,5.403003968564275e-75,379.5838129520416
9744.0,0.005841868620156892,6966.0,6966.0,2.0,4.552957329621001e-75,379.58744192123413
9745.0,0.005836026751536735,6966.0,6966.0,0.0,3.835989922522582e-75,379.5910620689392
9746.0,0.005830190724785198,6966.0,6966.0,0.0,3.2313711587769274e-75,379.5946168899536
9747.0,0.005824360534060413,6966.0,6966.0,1.0,2.7215835174156964e-75,379.59828901290894
9748.0,0.005818536173526352,6966.0,6966.0,0.0,2.291827086483584e-75,379.60191082954407
9749.0,0.005812717637352826,6966.0,6966.0,1.0,1.9296001101194882e-75,379.60548996925354
9750.0,0.005806904919715473,6966.0,6966.0,1.0,1.6243439426331126e-75,379.6090278625488
9751.0,0.005801098014795758,6966.0,6966.0,0.0,1.3671425715669551e-75,379.61273097991943
9752.0,0.005795296916780962,6966.0,6966.0,0.0,1.1504683665068632e-75,379.61615014076233
9753.0,0.005789501619864181,6966.0,6966.0,0.0,9.679669792865475e-76,379.61953496932983
9754.0,0.005783712118244316,6966.0,6966.0,0.0,8.142753981672556e-76,379.6232750415802
9755.0,0.005777928406126072,6966.0,6966.0,0.0,6.848680724438072e-76,379.6268701553345
9756.0,0.005772150477719945,6966.0,6966.0,1.0,5.759267992908153e-76,379.6303780078888
9757.0,0.0057663783272422255,6966.0,6966.0,0.0,4.8423072239464025e-76,379.63403701782227
9758.0,0.005760611948914984,6966.0,6966.0,0.0,4.0706334976741003e-76,379.63778281211853
9759.0,0.005754851336966069,6966.0,6966.0,0.0,3.421339711959042e-76,379.64131593704224
9760.0,0.0057490964856291025,6966.0,6966.0,0.0,2.875112568581667e-76,379.6450619697571
9761.0,0.005743347389143474,6966.0,6966.0,1.0,2.415671586378719e-76,379.64854097366333
9762.0,0.00573760404175433,6966.0,6966.0,1.0,2.0292952383217345e-76,379.6521670818329
9763.0,0.005731866437712576,6966.0,6966.0,0.0,1.704420751436975e-76,379.65591406822205
9764.0,0.005726134571274863,6966.0,6966.0,1.0,1.4313061774288332e-76,379.6595311164856
9765.0,0.005720408436703588,6966.0,6966.0,1.0,1.2017450945167094e-76,379.6631419658661
9766.0,0.005714688028266884,6966.0,6966.0,1.0,1.0088257854223864e-76,379.6667399406433
9767.0,0.005708973340238618,6966.0,6966.0,1.0,8.467279934835315e-77,379.6703131198883
9768.0,0.005703264366898379,6966.0,6966.0,1.0,7.105514231663732e-77,379.6739511489868
9769.0,0.005697561102531481,6966.0,6966.0,1.0,5.9617105219969355e-77,379.67760014533997
9770.0,0.0056918635414289495,6966.0,6966.0,0.0,5.0011508509109354e-77,379.6812560558319
9771.0,0.005686171677887521,6966.0,6966.0,0.0,4.1946202306615284e-77,379.6847279071808
9772.0,0.005680485506209633,6966.0,6966.0,0.0,3.517538714263331e-77,379.68836092948914
9773.0,0.005674805020703423,6966.0,6966.0,0.0,2.9492296715995062e-77,379.692018032074
9774.0,0.00566913021568272,6966.0,6966.0,0.0,2.472303002537273e-77,379.6955931186676
9775.0,0.005663461085467037,6966.0,6966.0,0.0,2.072135324669897e-77,379.6992349624634
9776.0,0.00565779762438157,6966.0,6966.0,0.0,1.736431966043856e-77,379.70281982421875
9777.0,0.005652139826757188,6966.0,6966.0,0.0,1.4548579540293019e-77,379.7064599990845
9778.0,0.005646487686930431,6966.0,6966.0,0.0,1.2187271867920047e-77,379.7102119922638
9779.0,0.005640841199243501,6966.0,6966.0,0.0,1.0207406599229768e-77,379.71384501457214
9780.0,0.005635200358044257,6966.0,6966.0,0.0,8.54766045337284e-78,379.7173798084259
9781.0,0.0056295651576862135,6966.0,6966.0,1.0,7.156521229257544e-78,379.72118520736694
9782.0,0.005623935592528527,6966.0,6966.0,1.0,5.990725817908339e-78,379.724613904953
9783.0,0.005618311656935999,6966.0,6966.0,0.0,5.013945661387357e-78,379.72827887535095
9784.0,0.0056126933452790625,6966.0,6966.0,0.0,4.195680654981139e-78,379.73177194595337
9785.0,0.005607080651933783,6966.0,6966.0,0.0,3.510328605955675e-78,379.73529601097107
9786.0,0.00560147357128185,6966.0,6966.0,0.0,2.936402524480098e-78,379.7387411594391
9787.0,0.005595872097710568,6966.0,6966.0,0.0,2.455872378456908e-78,379.7423310279846
9788.0,0.005590276225612857,6966.0,6966.0,0.0,2.0536116191906555e-78,379.7459809780121
9789.0,0.005584685949387245,6966.0,6966.0,1.0,1.7169318849770812e-78,379.7496168613434
9790.0,0.005579101263437858,6966.0,6966.0,0.0,1.4351919043078731e-78,379.7533221244812
9791.0,0.00557352216217442,6966.0,6966.0,0.0,1.199468825108973e-78,379.75688004493713
9792.0,0.005567948640012245,6966.0,6966.0,0.0,1.0022820551898398e-78,379.7604389190674
9793.0,0.0055623806913722325,6966.0,6966.0,0.0,8.373612658857056e-79,379.763995885849
9794.0,0.00555681831068086,6966.0,6966.0,2.0,6.994515313424007e-79,379.76761412620544
9795.0,0.005551261492370179,6966.0,6966.0,0.0,5.84149688556186e-79,379.7711179256439
9796.0,0.00554571023087781,6966.0,6966.0,2.0,4.877669406716974e-79,379.77467799186707
9797.0,0.005540164520646932,6966.0,6966.0,0.0,4.072135156287805e-79,379.7782280445099
9798.0,0.005534624356126285,6966.0,6966.0,0.0,3.3990185721674015e-79,379.7819058895111
9799.0,0.005529089731770158,6966.0,6966.0,0.0,2.8366538551234483e-79,379.7853457927704
9800.0,0.005523560642038388,6966.0,6966.0,0.0,2.3669033505428436e-79,379.7888321876526
9801.0,0.00551803708139635,6966.0,6966.0,1.0,1.9745857587278447e-79,379.7925419807434
9802.0,0.005512519044314953,6966.0,6966.0,0.0,1.6469965639674902e-79,379.7961459159851
9803.0,0.005507006525270639,6966.0,6966.0,0.0,1.3735058821164976e-79,379.7998149394989
9804.0,0.005501499518745368,6966.0,6966.0,1.0,1.1452212899412941e-79,379.80352807044983
9805.0,0.005495998019226622,6966.0,6966.0,1.0,9.54705187470271e-80,379.8071789741516
9806.0,0.005490502021207396,6966.0,6966.0,1.0,7.957379163855233e-80,379.81063199043274
9807.0,0.0054850115191861885,6966.0,6966.0,0.0,6.631192631459898e-80,379.8143970966339
9808.0,0.005479526507667002,6966.0,6966.0,0.0,5.525021571909985e-80,379.8179030418396
9809.0,0.005474046981159335,6966.0,6966.0,1.0,4.602533677540696e-80,379.82147693634033
9810.0,0.0054685729341781755,6966.0,6966.0,0.0,3.833368374274241e-80,379.8252899646759
9811.0,0.005463104361243997,6966.0,6966.0,1.0,3.1921599184986895e-80,379.82892990112305
9812.0,0.005457641256882753,6966.0,6966.0,1.0,2.6577195395049154e-80,379.83257508277893
9813.0,0.00545218361562587,6966.0,6966.0,1.0,2.21235085920797e-80,379.8362469673157
9814.0,0.005446731432010244,6966.0,6966.0,0.0,1.8412769753669603e-80,379.839852809906
9815.0,0.005441284700578234,6966.0,6966.0,0.0,1.532161082508507e-80,379.8433699607849
9816.0,0.005435843415877655,6966.0,6966.0,1.0,1.2747054326606141e-80,379.84697794914246
9817.0,0.005430407572461778,6966.0,6966.0,0.0,1.0603158952882493e-80,379.85057282447815
9818.0,0.005424977164889316,6966.0,6966.0,1.0,8.81821437764889e-81,379.85425186157227
9819.0,0.0054195521877244265,6966.0,6966.0,0.0,7.332395775960332e-81,379.85789704322815
9820.0,0.005414132635536702,6966.0,6966.0,1.0,6.095803086427599e-81,379.8613359928131
9821.0,0.005408718502901165,6966.0,6966.0,0.0,5.066822205019066e-81,379.865021944046
9822.0,0.005403309784398264,6966.0,6966.0,1.0,4.2107555056843006e-81,379.8685541152954
9823.0,0.005397906474613866,6966.0,6966.0,1.0,3.4986776372398442e-81,379.872123003006
9824.0,0.005392508568139252,6966.0,6966.0,0.0,2.9064797159276196e-81,379.87570786476135
9825.0,0.005387116059571113,6966.0,6966.0,0.0,2.414071041716919e-81,379.87927198410034
9826.0,0.005381728943511542,6966.0,6966.0,0.0,2.0047125009209204e-81,379.88290214538574
9827.0,0.00537634721456803,6966.0,6966.0,0.0,1.6644600351978562e-81,379.88662695884705
9828.0,0.005370970867353462,6966.0,6966.0,0.0,1.3817000894333895e-81,379.89028215408325
9829.0,0.005365599896486108,6966.0,6966.0,0.0,1.1467619090828526e-81,379.89381313323975
9830.0,0.005360234296589622,6966.0,6966.0,0.0,9.515940342152398e-82,379.897567987442
9831.0,0.005354874062293033,6966.0,6966.0,0.0,7.894944107082235e-82,379.90124893188477
9832.0,0.00534951918823074,6966.0,6966.0,2.0,6.548852741941396e-82,379.9050431251526
9833.0,0.005344169669042509,6966.0,6966.0,1.0,5.431254143065566e-82,379.90873289108276
9834.0,0.005338825499373466,6966.0,6966.0,0.0,4.503536415187819e-82,379.9124228954315
9835.0,0.005333486673874093,6966.0,6966.0,0.0,3.7335829496352097e-82,379.9160358905792
9836.0,0.005328153187200219,6966.0,6966.0,0.0,3.094684794023728e-82,379.91967701911926
9837.0,0.005322825034013019,6966.0,6966.0,0.0,2.5646343006420867e-82,379.9232609272003
9838.0,0.005317502208979006,6966.0,6966.0,0.0,2.124969980938277e-82,379.9269049167633
9839.0,0.005312184706770027,6966.0,6966.0,0.0,1.760347458632772e-82,379.93052983283997
9840.0,0.005306872522063257,6966.0,6966.0,1.0,1.458015563269324e-82,379.9341139793396
9841.0,0.005301565649541194,6966.0,6966.0,0.0,1.2073800728760625e-82,379.9377717971802
9842.0,0.0052962640838916525,6966.0,6966.0,1.0,9.996405105352675e-83,379.94128489494324
9843.0,0.0052909678198077605,6966.0,6966.0,1.0,8.274878185583211e-83,379.9447259902954
9844.0,0.005285676851987953,6966.0,6966.0,0.0,6.848527538828827e-83,379.9482641220093
9845.0,0.0052803911751359645,6966.0,6966.0,0.0,5.666965347469494e-83,379.951819896698
9846.0,0.005275110783960829,6966.0,6966.0,1.0,4.6883667643999606e-83,379.95538902282715
9847.0,0.005269835673176868,6966.0,6966.0,2.0,3.8780212881408545e-83,379.9590308666229
9848.0,0.005264565837503691,6966.0,6966.0,0.0,3.207128085965876e-83,379.96259689331055
9849.0,0.005259301271666187,6966.0,6966.0,1.0,2.651794374282207e-83,379.96611309051514
9850.0,0.005254041970394521,6966.0,6966.0,0.0,2.1922027875687213e-83,379.9697549343109
9851.0,0.005248787928424126,6966.0,6966.0,1.0,1.8119193564619435e-83,379.97343707084656
9852.0,0.005243539140495702,6966.0,6966.0,1.0,1.4973184592788607e-83,379.97721099853516
9853.0,0.0052382956013552065,6966.0,6966.0,0.0,1.2371050657903367e-83,379.9807360172272
9854.0,0.005233057305753851,6966.0,6966.0,0.0,1.0219178880658814e-83,379.98423504829407
9855.0,0.005227824248448097,6966.0,6966.0,0.0,8.439997998383482e-84,379.98803210258484
9856.0,0.005222596424199649,6966.0,6966.0,0.0,6.969241742158436e-84,379.9915888309479
9857.0,0.005217373827775449,6966.0,6966.0,0.0,5.7536769579226585e-84,379.995090007782
9858.0,0.005212156453947674,6966.0,6966.0,1.0,4.7492179078917135e-84,379.99859380722046
9859.0,0.005206944297493726,6966.0,6966.0,0.0,3.919361408131646e-84,380.00222182273865
9860.0,0.0052017373531962315,6966.0,6966.0,0.0,3.2338884636835584e-84,380.00590896606445
9861.0,0.005196535615843035,6966.0,6966.0,0.0,2.6677872232438446e-84,380.00941705703735
9862.0,0.005191339080227192,6966.0,6966.0,0.0,2.2003596989011696e-84,380.01310181617737
9863.0,0.0051861477411469644,6966.0,6966.0,0.0,1.814481039510184e-84,380.01672887802124
9864.0,0.005180961593405817,6966.0,6966.0,1.0,1.495985422985069e-84,380.0203421115875
9865.0,0.005175780631812411,6966.0,6966.0,0.0,1.233157021552063e-84,380.02397298812866
9866.0,0.005170604851180599,6966.0,6966.0,0.0,1.0163081435282658e-84,380.0275790691376
9867.0,0.005165434246329418,6966.0,6966.0,0.0,8.374296894220378e-85,380.03119015693665
9868.0,0.005160268812083088,6966.0,6966.0,0.0,6.899015823265476e-85,380.0347669124603
9869.0,0.005155108543271005,6966.0,6966.0,0.0,5.682529287124613e-85,380.0383770465851
9870.0,0.0051499534347277335,6966.0,6966.0,1.0,4.6796340744844683e-85,380.0418529510498
9871.0,0.005144803481293005,6966.0,6966.0,1.0,3.8529883182810666e-85,380.0454611778259
9872.0,0.005139658677811712,6966.0,6966.0,0.0,3.1717503121972286e-85,380.0491290092468
9873.0,0.005134519019133901,6966.0,6966.0,0.0,2.6104519700380975e-85,380.0526988506317
9874.0,0.005129384500114767,6966.0,6966.0,0.0,2.1480666612044902e-85,380.05641198158264
9875.0,0.005124255115614653,6966.0,6966.0,0.0,1.7672380342862503e-85,380.06003499031067
9876.0,0.005119130860499038,6966.0,6966.0,0.0,1.4536421498746005e-85,380.0638711452484
9877.0,0.005114011729638539,6966.0,6966.0,1.0,1.1954599810420915e-85,380.0676119327545
9878.0,0.0051088977179089,6966.0,6966.0,1.0,9.829412701770274e-86,380.071249961853
9879.0,0.005103788820190991,6966.0,6966.0,1.0,8.0804399086881e-86,380.074777841568
9880.0,0.0050986850313708,6966.0,6966.0,0.0,6.641363670811579e-86,380.07842206954956
9881.0,0.00509358634633943,6966.0,6966.0,0.0,5.457506434732579e-86,380.0820927619934
9882.0,0.00508849275999309,6966.0,6966.0,0.0,4.48379658991256e-86,380.08554697036743
9883.0,0.005083404267233097,6966.0,6966.0,1.0,3.6830881601441914e-86,380.0892879962921
9884.0,0.0050783208629658644,6966.0,6966.0,0.0,3.024773136034872e-86,380.0929491519928
9885.0,0.0050732425421028985,6966.0,6966.0,0.0,2.483635707743913e-86,380.09659600257874
9886.0,0.005068169299560795,6966.0,6966.0,0.0,2.0389064157632493e-86,380.1002080440521
9887.0,0.0050631011302612345,6966.0,6966.0,0.0,1.6734814910742303e-86,380.1037800312042
9888.0,0.005058038029130974,6966.0,6966.0,1.0,1.3732786619838409e-86,380.10745310783386
9889.0,0.005052979991101843,6966.0,6966.0,0.0,1.1267056769205532e-86,380.1111378669739
9890.0,0.0050479270111107415,6966.0,6966.0,0.0,9.242219076676366e-87,380.11487007141113
9891.0,0.005042879084099631,6966.0,6966.0,0.0,7.579768028903593e-87,380.11850094795227
9892.0,0.005037836205015531,6966.0,6966.0,2.0,6.215117792541697e-87,380.12215089797974
9893.0,0.005032798368810516,6966.0,6966.0,2.0,5.09514467979516e-87,380.1257679462433
9894.0,0.005027765570441705,6966.0,6966.0,1.0,4.17616162092457e-87,380.1293499469757
9895.0,0.005022737804871264,6966.0,6966.0,0.0,3.4222490332938197e-87,380.1328818798065
9896.0,0.005017715067066392,6966.0,6966.0,0.0,2.8038796515430134e-87,380.13640880584717
9897.0,0.0050126973519993255,6966.0,6966.0,2.0,2.296785773009049e-87,380.13997077941895
9898.0,0.005007684654647326,6966.0,6966.0,1.0,1.8810263712402284e-87,380.143648147583
9899.0,0.005002676969992678,6966.0,6966.0,0.0,1.5402189652103997e-87,380.1472179889679
9900.0,0.004997674293022686,6966.0,6966.0,2.0,1.2609072732101248e-87,380.1509459018707
9901.0,0.004992676618729663,6966.0,6966.0,0.0,1.0320407523735043e-87,380.15447783470154
9902.0,0.004987683942110933,6966.0,6966.0,0.0,8.445463127663013e-88,380.15811491012573
9903.0,0.004982696258168822,6966.0,6966.0,0.0,6.909759522961104e-88,380.1619379520416
9904.0,0.004977713561910653,6966.0,6966.0,0.0,5.652169123071504e-88,380.16547107696533
9905.0,0.004972735848348743,6966.0,6966.0,1.0,4.6225330854245356e-88,380.1689097881317
9906.0,0.004967763112500394,6966.0,6966.0,2.0,3.7797013498832424e-88,380.1726658344269
9907.0,0.0049627953493878935,6966.0,6966.0,0.0,3.0899214071761074e-88,380.17615485191345
9908.0,0.004957832554038506,6966.0,6966.0,0.0,2.525514015347472e-88,380.17972111701965
9909.0,0.004952874721484467,6966.0,6966.0,0.0,2.0637849801873367e-88,380.1833281517029
9910.0,0.004947921846762983,6966.0,6966.0,0.0,1.6861310996524498e-88,380.1870958805084
9911.0,0.00494297392491622,6966.0,6966.0,0.0,1.3773057770810903e-88,380.1907169818878
9912.0,0.0049380309509913034,6966.0,6966.0,1.0,1.1248159099119274e-88,380.194326877594
9913.0,0.004933092920040312,6966.0,6966.0,1.0,9.184266878715535e-89,380.19797110557556
9914.0,0.004928159827120272,6966.0,6966.0,0.0,7.497550756241131e-89,380.20168900489807
9915.0,0.004923231667293151,6966.0,6966.0,0.0,6.11936165216888e-89,380.2050881385803
9916.0,0.004918308435625858,6966.0,6966.0,0.0,4.9934939166914254e-89,380.20851588249207
9917.0,0.004913390127190232,6966.0,6966.0,0.0,4.0739391665058554e-89,380.21214604377747
9918.0,0.004908476737063042,6966.0,6966.0,0.0,3.323043877542252e-89,380.2158570289612
9919.0,0.004903568260325979,6966.0,6966.0,1.0,2.7099984644634172e-89,380.2193570137024
9920.0,0.0048986646920656535,6966.0,6966.0,1.0,2.2095984579853083e-89,380.22307896614075
9921.0,0.004893766027373588,6966.0,6966.0,0.0,1.801228985651733e-89,380.22667503356934
9922.0,0.0048888722613462145,6966.0,6966.0,0.0,1.4680324744424485e-89,380.2303149700165
9923.0,0.004883983389084868,6966.0,6966.0,0.0,1.1962266573125933e-89,380.2338881492615
9924.0,0.004879099405695783,6966.0,6966.0,0.0,9.745458546441663e-90,380.2382080554962
9925.0,0.004874220306290087,6966.0,6966.0,0.0,7.93783341508129e-90,380.2419538497925
9926.0,0.004869346085983797,6966.0,6966.0,0.0,6.464165886351282e-90,380.2456359863281
9927.0,0.0048644767398978135,6966.0,6966.0,0.0,5.263004322436875e-90,380.24920415878296
9928.0,0.004859612263157916,6966.0,6966.0,1.0,4.284159114988463e-90,380.25283789634705
9929.0,0.004854752650894758,6966.0,6966.0,0.0,3.4866471616828375e-90,380.2564160823822
9930.0,0.004849897898243863,6966.0,6966.0,2.0,2.837009964302758e-90,380.2599370479584
9931.0,0.004845048000345619,6966.0,6966.0,0.0,2.307937720468347e-90,380.2635521888733
9932.0,0.004840202952345273,6966.0,6966.0,1.0,1.8771439706064857e-90,380.2670979499817
9933.0,0.004835362749392928,6966.0,6966.0,0.0,1.5264453634954602e-90,380.27065777778625
9934.0,0.004830527386643535,6966.0,6966.0,0.0,1.2410093087221276e-90,380.2742290496826
9935.0,0.004825696859256891,6966.0,6966.0,0.0,1.0087390140233077e-90,380.2777590751648
9936.0,0.004820871162397634,6966.0,6966.0,0.0,8.197709239009692e-91,380.2813651561737
9937.0,0.004816050291235237,6966.0,6966.0,0.0,6.660641001612149e-91,380.28497099876404
9938.0,0.004811234240944002,6966.0,6966.0,0.0,5.410647934663529e-91,380.2886800765991
9939.0,0.004806423006703058,6966.0,6966.0,0.0,4.394324940826644e-91,380.2922489643097
9940.0,0.004801616583696355,6966.0,6966.0,1.0,3.5681624005295084e-91,380.2958998680115
9941.0,0.004796814967112659,6966.0,6966.0,0.0,2.8967200078809335e-91,380.2994689941406
9942.0,0.0047920181521455465,6966.0,6966.0,0.0,2.3511362463446242e-91,380.3030149936676
9943.0,0.004787226133993401,6966.0,6966.0,0.0,1.907912068762727e-91,380.3065800666809
9944.0,0.004782438907859407,6966.0,6966.0,0.0,1.5479185447331208e-91,380.3100929260254
9945.0,0.004777656468951548,6966.0,6966.0,0.0,1.255587404094472e-91,380.3137218952179
9946.0,0.004772878812482596,6966.0,6966.0,0.0,1.0182509057353438e-91,380.31740283966064
9947.0,0.004768105933670113,6966.0,6966.0,0.0,8.256035974057337e-92,380.32108998298645
9948.0,0.004763337827736443,6966.0,6966.0,0.0,6.692635516666571e-92,380.3249669075012
9949.0,0.004758574489908706,6966.0,6966.0,0.0,5.4241476803159524e-92,380.32867217063904
9950.0,0.004753815915418798,6966.0,6966.0,0.0,4.3951578766155485e-92,380.3322730064392
9951.0,0.004749062099503379,6966.0,6966.0,0.0,3.5606231061489744e-92,380.3358271121979
9952.0,0.004744313037403875,6966.0,6966.0,1.0,2.883938479960341e-92,380.33936190605164
9953.0,0.004739568724366471,6966.0,6966.0,1.0,2.33536273597482e-92,380.3428030014038
9954.0,0.0047348291556421045,6966.0,6966.0,0.0,1.8907363647599433e-92,380.3464741706848
9955.0,0.004730094326486463,6966.0,6966.0,0.0,1.530438184824676e-92,380.350075006485
9956.0,0.004725364232159976,6966.0,6966.0,0.0,1.2385361912325463e-92,380.35356402397156
9957.0,0.0047206388679278165,6966.0,6966.0,0.0,1.0020966521566953e-92,380.35707998275757
9958.0,0.004715918229059889,6966.0,6966.0,2.0,8.106220811718687e-93,380.36069679260254
9959.0,0.004711202310830828,6966.0,6966.0,0.0,6.55594142606877e-93,380.36434388160706
9960.0,0.004706491108519998,6966.0,6966.0,0.0,5.301019772760716e-93,380.3679151535034
9961.0,0.0047017846174114775,6966.0,6966.0,1.0,4.2854004961804404e-93,380.371591091156
9962.0,0.004697082832794066,6966.0,6966.0,1.0,3.463625644738571e-93,380.3750350475311
9963.0,0.004692385749961272,6966.0,6966.0,1.0,2.7988390485764734e-93,380.37849402427673
9964.0,0.004687693364211311,6966.0,6966.0,0.0,2.2611650113587122e-93,380.38220405578613
9965.0,0.0046830056708471,6966.0,6966.0,2.0,1.8263913875112928e-93,380.3858001232147
9966.0,0.004678322665176253,6966.0,6966.0,0.0,1.474900127451132e-93,380.3893849849701
9967.0,0.004673644342511077,6966.0,6966.0,0.0,1.190798973503365e-93,380.3929901123047
9968.0,0.004668970698168566,6966.0,6966.0,1.0,9.61216623258436e-94,380.3965919017792
9969.0,0.004664301727470397,6966.0,6966.0,0.0,7.757307082432229e-94,380.4001760482788
9970.0,0.004659637425742927,6966.0,6966.0,0.0,6.259036603365837e-94,380.4038758277893
9971.0,0.004654977788317184,6966.0,6966.0,0.0,5.049061981421055e-94,380.40753388404846
9972.0,0.004650322810528867,6966.0,6966.0,0.0,4.0721195778113945e-94,380.41109800338745
9973.0,0.004645672487718339,6966.0,6966.0,0.0,3.283498781327501e-94,380.41475796699524
9974.0,0.00464102681523062,6966.0,6966.0,0.0,2.6470346058037576e-94,380.41822814941406
9975.0,0.00463638578841539,6966.0,6966.0,0.0,2.1334806473633918e-94,380.4217219352722
9976.0,0.004631749402626974,6966.0,6966.0,0.0,1.7191906154028228e-94,380.4253668785095
9977.0,0.004627117653224347,6966.0,6966.0,0.0,1.3850501456577785e-94,380.4288430213928
9978.0,0.004622490535571123,6966.0,6966.0,0.0,1.115611571589325e-94,380.4323239326477
9979.0,0.0046178680450355515,6966.0,6966.0,0.0,8.983932428556542e-95,380.4360749721527
9980.0,0.004613250176990516,6966.0,6966.0,0.0,7.233122203868988e-95,380.4397928714752
9981.0,0.004608636926813525,6966.0,6966.0,0.0,5.822250588786586e-95,380.44342589378357
9982.0,0.0046040282898867115,6966.0,6966.0,0.0,4.685561635677446e-95,380.4470098018646
9983.0,0.0045994242615968245,6966.0,6966.0,0.0,3.7699708581237585e-95,380.4506149291992
9984.0,0.004594824837335228,6966.0,6966.0,0.0,3.0326326958166926e-95,380.45428109169006
9985.0,0.004590230012497893,6966.0,6966.0,0.0,2.4389731536298643e-95,380.4579060077667
9986.0,0.004585639782485395,6966.0,6966.0,2.0,1.9610990056157423e-95,380.46149492263794
9987.0,0.00458105414270291,6966.0,6966.0,0.0,1.5765117671610956e-95,380.465078830719
9988.0,0.004576473088560207,6966.0,6966.0,0.0,1.2670682737447679e-95,380.4687077999115
9989.0,0.0045718966154716465,6966.0,6966.0,1.0,1.0181407607002547e-95,380.47225880622864
9990.0,0.0045673247188561744,6966.0,6966.0,2.0,8.179383010372824e-96,380.47587490081787
9991.0,0.004562757394137318,6966.0,6966.0,1.0,6.569587224758151e-96,380.47954392433167
9992.0,0.0045581946367431805,6966.0,6966.0,0.0,5.275460110057499e-96,380.4830460548401
9993.0,0.004553636442106437,6966.0,6966.0,1.0,4.235329768465526e-96,380.48651695251465
9994.0,0.004549082805664331,6966.0,6966.0,1.0,3.399528209940262e-96,380.4903190135956
9995.0,0.004544533722858666,6966.0,6966.0,2.0,2.7280636815009776e-96,380.49386715888977
9996.0,0.004539989189135807,6966.0,6966.0,0.0,2.188742639385709e-96,380.4973609447479
9997.0,0.004535449199946672,6966.0,6966.0,0.0,1.755654838491925e-96,380.5009660720825
9998.0,0.004530913750746725,6966.0,6966.0,0.0,1.407951599265268e-96,380.5045168399811
9999.0,0.004526382836995978,6966.0,6966.0,1.0,1.1288607311423907e-96,380.5080499649048
10000.0,0.0045218564541589824,6966.0,6966.0,0.0,9.048924460425847e-97,380.5118169784546
10001.0,0.004517334597704824,6966.0,6966.0,1.0,7.251993734371561e-97,380.5154359340668
10002.0,0.004512817263107119,6966.0,6966.0,0.0,5.810608858209684e-97,380.51894521713257
10003.0,0.004508304445844012,6966.0,6966.0,0.0,4.65467680514414e-97,380.5226080417633
10004.0,0.004503796141398168,6966.0,6966.0,0.0,3.727872002892791e-97,380.52621817588806
10005.0,0.0044992923452567704,6966.0,6966.0,0.0,2.984942216241495e-97,380.5298230648041
10006.0,0.004494793052911513,6966.0,6966.0,1.0,2.389539657171084e-97,380.533408164978
10007.0,0.004490298259858602,6966.0,6966.0,1.0,1.912475315463925e-97,380.5369749069214
10008.0,0.004485807961598743,6966.0,6966.0,0.0,1.5303142382097062e-97,380.54072308540344
10009.0,0.004481322153637144,6966.0,6966.0,0.0,1.224245418638973e-97,380.54431796073914
10010.0,0.004476840831483507,6966.0,6966.0,1.0,9.791728133667997e-98,380.548131942749
10011.0,0.004472363990652024,6966.0,6966.0,0.0,7.829843829906171e-98,380.5516929626465
10012.0,0.004467891626661372,6966.0,6966.0,1.0,6.259644215701141e-98,380.55528497695923
10013.0,0.00446342373503471,6966.0,6966.0,1.0,5.003211918634238e-98,380.55896401405334
10014.0,0.004458960311299676,6966.0,6966.0,0.0,3.9980732731871874e-98,380.5626149177551
10015.0,0.004454501350988376,6966.0,6966.0,0.0,3.194148508512314e-98,380.5663058757782
10016.0,0.004450046849637387,6966.0,6966.0,2.0,2.5513019806061263e-98,380.5701048374176
10017.0,0.00444559680278775,6966.0,6966.0,0.0,2.0373748328531208e-98,380.5737087726593
10018.0,0.0044411512059849625,6966.0,6966.0,0.0,1.626605436012123e-98,380.57745385169983
10019.0,0.004436710054778977,6966.0,6966.0,0.0,1.29836145810508e-98,380.58105516433716
10020.0,0.0044322733447241984,6966.0,6966.0,0.0,1.036122312075148e-98,380.5845489501953
10021.0,0.0044278410713794744,6966.0,6966.0,0.0,8.266627231421425e-99,380.58812284469604
10022.0,0.004423413230308095,6966.0,6966.0,0.0,6.593978121603511e-99,380.591659784317
10023.0,0.004418989817077786,6966.0,6966.0,0.0,5.258578606213099e-99,380.5951249599457
10024.0,0.004414570827260708,6966.0,6966.0,0.0,4.192671738931221e-99,380.5987238883972
10025.0,0.0044101562564334475,6966.0,6966.0,1.0,3.342064874561519e-99,380.6023108959198
10026.0,0.004405746100177014,6966.0,6966.0,1.0,2.6634240456038393e-99,380.6058599948883
10027.0,0.0044013403540768365,6966.0,6966.0,0.0,2.122106049224115e-99,380.60944294929504
10028.0,0.00439693901372276,6966.0,6966.0,1.0,1.6904217751250007e-99,380.6130678653717
10029.0,0.004392542074709037,6966.0,6966.0,1.0,1.3462453078509379e-99,380.61674094200134
10030.0,0.004388149532634328,6966.0,6966.0,0.0,1.071900212435651e-99,380.62047386169434
10031.0,0.0043837613831016935,6966.0,6966.0,0.0,8.532679681472792e-100,380.6241018772125
10032.0,0.004379377621718592,6966.0,6966.0,1.0,6.790744019005159e-100,380.6276230812073
10033.0,0.0043749982440968735,6966.0,6966.0,1.0,5.403187142076144e-100,380.63120198249817
10034.0,0.004370623245852777,6966.0,6966.0,0.0,4.2981670755765987e-100,380.63481616973877
10035.0,0.0043662526226069245,6966.0,6966.0,0.0,3.41835458687039e-100,380.6384348869324
10036.0,0.004361886369984317,6966.0,6966.0,0.0,2.7180119484488343e-100,380.6420440673828
10037.0,0.004357524483614333,6966.0,6966.0,0.0,2.160657589786014e-100,380.6456530094147
10038.0,0.004353166959130719,6966.0,6966.0,1.0,1.7171995590443194e-100,380.64940094947815
10039.0,0.004348813792171588,6966.0,6966.0,0.0,1.364444025473757e-100,380.6531219482422
10040.0,0.004344464978379417,6966.0,6966.0,1.0,1.0839037397635309e-100,380.6568548679352
10041.0,0.004340120513401037,6966.0,6966.0,0.0,8.608463459819292e-101,380.660649061203
10042.0,0.0043357803928876365,6966.0,6966.0,2.0,6.83534438912015e-101,380.6643579006195
10043.0,0.004331444612494749,6966.0,6966.0,0.0,5.426188737976125e-101,380.66793298721313
10044.0,0.004327113167882254,6966.0,6966.0,0.0,4.306545347813362e-101,380.6716628074646
10045.0,0.004322786054714371,6966.0,6966.0,2.0,3.417139332725079e-101,380.67514300346375
10046.0,0.004318463268659657,6966.0,6966.0,0.0,2.710789427508474e-101,380.6787579059601
10047.0,0.004314144805390998,6966.0,6966.0,0.0,2.1499492645700937e-101,380.68248295783997
10048.0,0.004309830660585607,6966.0,6966.0,0.0,1.7047467503095994e-101,380.68610286712646
10049.0,0.004305520829925021,6966.0,6966.0,0.0,1.351420995865676e-101,380.6896867752075
10050.0,0.0043012153090950965,6966.0,6966.0,1.0,1.0710764793455892e-101,380.693274974823
10051.0,0.004296914093786001,6966.0,6966.0,1.0,8.486902865646777e-102,380.69704413414
10052.0,0.004292617179692215,6966.0,6966.0,1.0,6.723212039347988e-102,380.70071506500244
10053.0,0.004288324562512523,6966.0,6966.0,0.0,5.324797685902998e-102,380.7041389942169
10054.0,0.004284036237950011,6966.0,6966.0,0.0,4.216266362138979e-102,380.70770382881165
10055.0,0.004279752201712061,6966.0,6966.0,0.0,3.3377322196714575e-102,380.7112879753113
10056.0,0.004275472449510349,6966.0,6966.0,0.0,2.641638371855442e-102,380.7148640155792
10057.0,0.004271196977060838,6966.0,6966.0,0.0,2.0902275036975552e-102,380.7184269428253
10058.0,0.0042669257800837775,6966.0,6966.0,0.0,1.653529585873021e-102,380.7220768928528
10059.0,0.004262658854303694,6966.0,6966.0,0.0,1.3077613515633877e-102,380.7256410121918
10060.0,0.0042583961954493895,6966.0,6966.0,0.0,1.0340535775543127e-102,380.72924304008484
10061.0,0.00425413779925394,6966.0,6966.0,0.0,8.174392690512249e-103,380.73281383514404
10062.0,0.004249883661454686,6966.0,6966.0,0.0,6.460494524790424e-103,380.73643493652344
10063.0,0.004245633777793231,6966.0,6966.0,0.0,5.104741286516917e-103,380.7400689125061
10064.0,0.004241388144015438,6966.0,6966.0,0.0,4.032545866693445e-103,380.7438380718231
10065.0,0.0042371467558714225,6966.0,6966.0,0.0,3.1848017132902166e-103,380.7473599910736
10066.0,0.004232909609115551,6966.0,6966.0,0.0,2.5146808879840053e-103,380.7509768009186
10067.0,0.004228676699506436,6966.0,6966.0,1.0,1.9850921033401632e-103,380.7545909881592
10068.0,0.0042244480228069295,6966.0,6966.0,0.0,1.5666631825608204e-103,380.7582061290741
10069.0,0.004220223574784123,6966.0,6966.0,1.0,1.2361401286394775e-103,380.76179218292236
10070.0,0.004216003351209339,6966.0,6966.0,0.0,9.751170762183767e-104,380.76532888412476
10071.0,0.004211787347858129,6966.0,6966.0,1.0,7.69028977426782e-104,380.7687990665436
10072.0,0.004207575560510271,6966.0,6966.0,0.0,6.063528594853801e-104,380.7723410129547
10073.0,0.00420336798494976,6966.0,6966.0,3.0,4.779746180482255e-104,380.7759530544281
10074.0,0.00419916461696481,6966.0,6966.0,0.0,3.766871589809539e-104,380.77955317497253
10075.0,0.004194965452347845,6966.0,6966.0,0.0,2.9679273704327885e-104,380.7831938266754
10076.0,0.004190770486895497,6966.0,6966.0,0.0,2.3378793287748686e-104,380.78684997558594
10077.0,0.004186579716408601,6966.0,6966.0,0.0,1.84114154624709e-104,380.7904758453369
10078.0,0.004182393136692193,6966.0,6966.0,1.0,1.4496008220153494e-104,380.79412484169006
10079.0,0.0041782107435555,6966.0,6966.0,0.0,1.141052777198497e-104,380.79764008522034
10080.0,0.004174032532811944,6966.0,6966.0,0.0,8.979641353885441e-105,380.8011829853058
10081.0,0.004169858500279133,6966.0,6966.0,0.0,7.064933843280295e-105,380.80482387542725
10082.0,0.004165688641778854,6966.0,6966.0,0.0,5.557160657007702e-105,380.80834102630615
10083.0,0.004161522953137075,6966.0,6966.0,0.0,4.370120838346067e-105,380.81185483932495
10084.0,0.004157361430183938,6966.0,6966.0,0.0,3.435812657597314e-105,380.81541895866394
10085.0,0.004153204068753754,6966.0,6966.0,0.0,2.7006041844378735e-105,380.8190019130707
10086.0,0.004149050864685,6966.0,6966.0,3.0,2.1222069084325386e-105,380.8226149082184
10087.0,0.004144901813820315,6966.0,6966.0,0.0,1.6672845804192814e-105,380.8262400627136
10088.0,0.004140756912006495,6966.0,6966.0,0.0,1.309564400358563e-105,380.82999897003174
10089.0,0.0041366161550944885,6966.0,6966.0,1.0,1.0283453759398572e-105,380.8335039615631
10090.0,0.004132479538939394,6966.0,6966.0,1.0,8.073206210047355e-106,380.83697485923767
10091.0,0.004128347059400454,6966.0,6966.0,0.0,6.336477447613947e-106,380.8407220840454
10092.0,0.004124218712341054,6966.0,6966.0,0.0,4.972152472415645e-106,380.8443238735199
10093.0,0.004120094493628713,6966.0,6966.0,2.0,3.9006373368700087e-106,380.8479959964752
10094.0,0.004115974399135084,6966.0,6966.0,0.0,3.0592938573462244e-106,380.85170888900757
10095.0,0.004111858424735949,6966.0,6966.0,0.0,2.39883952458585e-106,380.8553078174591
10096.0,0.004107746566311213,6966.0,6966.0,1.0,1.88050923857778e-106,380.8589379787445
10097.0,0.004103638819744902,6966.0,6966.0,0.0,1.4738182000492896e-106,380.8625729084015
10098.0,0.004099535180925157,6966.0,6966.0,0.0,1.154799060026117e-106,380.8661940097809
10099.0,0.004095435645744232,6966.0,6966.0,0.0,9.046131249395438e-107,380.8698408603668
10100.0,0.004091340210098488,6966.0,6966.0,0.0,7.084565139301409e-107,380.87341594696045
10101.0,0.0040872488698883895,6966.0,6966.0,0.0,5.546988366413795e-107,380.87698698043823
10102.0,0.0040831616210185015,6966.0,6966.0,0.0,4.342051297884488e-107,380.8805651664734
10103.0,0.004079078459397483,6966.0,6966.0,0.0,3.398021920585988e-107,380.8841829299927
10104.0,0.004074999380938085,6966.0,6966.0,0.0,2.6585866951149903e-107,380.8877899646759
10105.0,0.004070924381557147,6966.0,6966.0,0.0,2.0795472655477197e-107,380.8914158344269
10106.0,0.0040668534571755895,6966.0,6966.0,1.0,1.6262225382302745e-107,380.89499497413635
10107.0,0.004062786603718414,6966.0,6966.0,0.0,1.2714060099895532e-107,380.8986279964447
10108.0,0.0040587238171146955,6966.0,6966.0,0.0,9.937600678859158e-108,380.9022479057312
10109.0,0.00405466509329758,6966.0,6966.0,1.0,7.76554093346375e-108,380.9057970046997
10110.0,0.004050610428204282,6966.0,6966.0,2.0,6.0667300120840436e-108,380.9093379974365
10111.0,0.0040465598177760785,6966.0,6966.0,0.0,4.738384491913189e-108,380.9132671356201
10112.0,0.0040425132579583025,6966.0,6966.0,0.0,3.699972504725631e-108,380.91688299179077
10113.0,0.0040384707447003445,6966.0,6966.0,0.0,2.888412101654363e-108,380.92054891586304
10114.0,0.004034432273955644,6966.0,6966.0,0.0,2.2543023723451e-108,380.92418479919434
10115.0,0.0040303978416816886,6966.0,6966.0,0.0,1.75896592170147e-108,380.9277980327606
10116.0,0.004026367443840007,6966.0,6966.0,0.0,1.3721286115568081e-108,380.9314088821411
10117.0,0.004022341076396167,6966.0,6966.0,1.0,1.070099705556483e-108,380.9350280761719
10118.0,0.00401831873531977,6966.0,6966.0,0.0,8.343448510500374e-109,380.9386398792267
10119.0,0.00401430041658445,6966.0,6966.0,0.0,6.50367377538711e-109,380.94228196144104
10120.0,0.004010286116167866,6966.0,6966.0,0.0,5.068315159848073e-109,380.9459857940674
10121.0,0.0040062758300516985,6966.0,6966.0,0.0,3.9487539430792184e-109,380.94950103759766
10122.0,0.004002269554221647,6966.0,6966.0,2.0,3.075728668029945e-109,380.9529821872711
10123.0,0.003998267284667426,6966.0,6966.0,0.0,2.395120389849479e-109,380.95652890205383
10124.0,0.003994269017382758,6966.0,6966.0,0.0,1.8646526636478044e-109,380.96002221107483
10125.0,0.003990274748365376,6966.0,6966.0,1.0,1.4513083889394097e-109,380.9635169506073
10126.0,0.003986284473617011,6966.0,6966.0,1.0,1.129308294968993e-109,380.9671378135681
10127.0,0.003982298189143394,6966.0,6966.0,1.0,8.785293487204346e-110,380.9707500934601
10128.0,0.003978315890954251,6966.0,6966.0,1.0,6.832676596993418e-110,380.9744780063629
10129.0,0.003974337575063297,6966.0,6966.0,1.0,5.3127108724388446e-110,380.97810220718384
10130.0,0.003970363237488233,6966.0,6966.0,0.0,4.1298294179986516e-110,380.9817979335785
10131.0,0.003966392874250745,6966.0,6966.0,0.0,3.2095086619176616e-110,380.98528504371643
10132.0,0.003962426481376494,6966.0,6966.0,0.0,2.493649369156606e-110,380.9889271259308
10133.0,0.003958464054895117,6966.0,6966.0,0.0,1.936968285717204e-110,380.9925048351288
10134.0,0.003954505590840222,6966.0,6966.0,0.0,1.504179999782883e-110,380.99601793289185
10135.0,0.003950551085249381,6966.0,6966.0,0.0,1.1677965207015727e-110,380.99972701072693
10136.0,0.003946600534164132,6966.0,6966.0,0.0,9.064096102236657e-111,381.003319978714
10137.0,0.0039426539336299676,6966.0,6966.0,0.0,7.033502937381409e-111,381.00688195228577
10138.0,0.003938711279696337,6966.0,6966.0,1.0,5.456429920790875e-111,381.01069808006287
10139.0,0.0039347725684166415,6966.0,6966.0,0.0,4.2318972727381136e-111,381.0142569541931
10140.0,0.0039308377958482245,6966.0,6966.0,1.0,3.2813395116875143e-111,381.01779294013977
10141.0,0.003926906958052376,6966.0,6966.0,0.0,2.5436457327732957e-111,381.0215880870819
10142.0,0.003922980051094324,6966.0,6966.0,1.0,1.971293890966522e-111,381.0251638889313
10143.0,0.0039190570710432296,6966.0,6966.0,0.0,1.5273385424931497e-111,381.0286409854889
10144.0,0.0039151380139721866,6966.0,6966.0,0.0,1.1830642191606528e-111,381.0321989059448
10145.0,0.003911222875958215,6966.0,6966.0,1.0,9.161578137097838e-112,381.035826921463
10146.0,0.003907311653082257,6966.0,6966.0,0.0,7.092855481085354e-112,381.03960514068604
10147.0,0.0039034043414291745,6966.0,6966.0,0.0,5.48985244499706e-112,381.0431809425354
10148.0,0.0038995009370877453,6966.0,6966.0,0.0,4.248042573930832e-112,381.04688119888306
10149.0,0.0038956014361506575,6966.0,6966.0,0.0,3.2862875852469585e-112,381.0505020618439
10150.0,0.003891705834714507,6966.0,6966.0,1.0,2.541620336787769e-112,381.05412316322327
10151.0,0.003887814128879792,6966.0,6966.0,1.0,1.9651878976388675e-112,381.05769991874695
10152.0,0.003883926314750912,6966.0,6966.0,0.0,1.5190975614817984e-112,381.0612370967865
10153.0,0.003880042388436161,6966.0,6966.0,0.0,1.173965466682781e-112,381.0648238658905
10154.0,0.003876162346047725,6966.0,6966.0,0.0,9.070117951666205e-113,381.06840777397156
10155.0,0.003872286183701677,6966.0,6966.0,0.0,7.005810618089106e-113,381.0720019340515
10156.0,0.0038684138975179755,6966.0,6966.0,2.0,5.409929241275552e-113,381.07566809654236
10157.0,0.0038645454836204575,6966.0,6966.0,0.0,4.176499148726929e-113,381.07932901382446
10158.0,0.003860680938136837,6966.0,6966.0,0.0,3.223448365810321e-113,381.0828709602356
10159.0,0.0038568202571987002,6966.0,6966.0,2.0,2.4872327891742502e-113,381.086718082428
10160.0,0.0038529634369415017,6966.0,6966.0,1.0,1.9186662392939658e-113,381.0903241634369
10161.0,0.00384911047350456,6966.0,6966.0,0.0,1.479686131679976e-113,381.09385204315186
10162.0,0.0038452613630310553,6966.0,6966.0,1.0,1.1408454909413603e-113,381.09767508506775
10163.0,0.003841416101668024,6966.0,6966.0,0.0,8.79368695623909e-114,381.10117411613464
10164.0,0.003837574685566356,6966.0,6966.0,0.0,6.776446333375755e-114,381.1046578884125
10165.0,0.0038337371108807896,6966.0,6966.0,2.0,5.220591632631784e-114,381.1083769798279
10166.0,0.0038299033737699086,6966.0,6966.0,2.0,4.020907172596261e-114,381.11186695098877
10167.0,0.003826073470396139,6966.0,6966.0,1.0,3.096099162297735e-114,381.1154909133911
10168.0,0.0038222473969257427,6966.0,6966.0,0.0,2.3833732128918386e-114,381.119264125824
10169.0,0.003818425149528817,6966.0,6966.0,0.0,1.8342372521813274e-114,381.1228518486023
10170.0,0.0038146067243792882,6966.0,6966.0,0.0,1.4112537682269506e-114,381.12640285491943
10171.0,0.0038107921176549087,6966.0,6966.0,0.0,1.0855273132026125e-114,381.1301169395447
10172.0,0.003806981325537254,6966.0,6966.0,0.0,8.34761320957819e-115,381.1336028575897
10173.0,0.0038031743442117167,6966.0,6966.0,0.0,6.417556299605086e-115,381.1371009349823
10174.0,0.003799371169867505,6966.0,6966.0,0.0,4.932450664876892e-115,381.14077591896057
10175.0,0.0037955717986976377,6966.0,6966.0,0.0,3.7900190374671516e-115,381.14433693885803
10176.0,0.00379177622689894,6966.0,6966.0,0.0,2.911424262882587e-115,381.1480028629303
10177.0,0.003787984450672041,6966.0,6966.0,0.0,2.235913261966372e-115,381.1516489982605
10178.0,0.003784196466221369,6966.0,6966.0,0.0,1.7166811624355655e-115,381.1552460193634
10179.0,0.0037804122697551474,6966.0,6966.0,0.0,1.3176784733083272e-115,381.15885496139526
10180.0,0.003776631857485392,6966.0,6966.0,1.0,1.0111469245376894e-115,381.16265296936035
10181.0,0.003772855225627907,6966.0,6966.0,0.0,7.757181789181995e-116,381.16619086265564
10182.0,0.003769082370402279,6966.0,6966.0,1.0,5.949472311468275e-116,381.1696710586548
10183.0,0.0037653132880318767,6966.0,6966.0,1.0,4.5618141214698576e-116,381.1737608909607
10184.0,0.0037615479747438447,6966.0,6966.0,0.0,3.496884326672294e-116,381.1775949001312
10185.0,0.003757786426769101,6966.0,6966.0,1.0,2.6798431512024546e-116,381.18138790130615
10186.0,0.0037540286403423316,6966.0,6966.0,1.0,2.0531552867639396e-116,381.1850109100342
10187.0,0.0037502746117019895,6966.0,6966.0,0.0,1.5726005243009932e-116,381.1885859966278
10188.0,0.0037465243370902873,6966.0,6966.0,0.0,1.2042013652228433e-116,381.19238686561584
10189.0,0.003742777812753197,6966.0,6966.0,0.0,9.218574695853851e-117,381.1958968639374
10190.0,0.0037390350349404437,6966.0,6966.0,0.0,7.055248113787169e-117,381.19948983192444
10191.0,0.003735295999905503,6966.0,6966.0,0.0,5.398144873822675e-117,381.20306396484375
10192.0,0.0037315607039055975,6966.0,6966.0,0.0,4.129147494003303e-117,381.2066750526428
10193.0,0.003727829143201692,6966.0,6966.0,0.0,3.1576192135252167e-117,381.21028900146484
10194.0,0.00372410131405849,6966.0,6966.0,1.0,2.4140290860139513e-117,381.2138829231262
10195.0,0.003720377212744432,6966.0,6966.0,0.0,1.8450515598729274e-117,381.21743607521057
10196.0,0.0037166568355316873,6966.0,6966.0,0.0,1.4098005143089878e-117,381.2210030555725
10197.0,0.0037129401786961556,6966.0,6966.0,1.0,1.0769358999360706e-117,381.2245819568634
10198.0,0.0037092272385174595,6966.0,6966.0,0.0,8.22441392032683e-118,381.2281711101532
10199.0,0.003705518011278942,6966.0,6966.0,0.0,6.279178981405262e-118,381.2317750453949
10200.0,0.003701812493267663,6966.0,6966.0,0.0,4.792735321717343e-118,381.2353320121765
10201.0,0.0036981106807743953,6966.0,6966.0,0.0,3.6571821583178024e-118,381.2388598918915
10202.0,0.003694412570093621,6966.0,6966.0,1.0,2.7899227903366847e-118,381.24246311187744
10203.0,0.003690718157523527,6966.0,6966.0,0.0,2.1277475772013677e-118,381.2460689544678
10204.0,0.0036870274393660035,6966.0,6966.0,2.0,1.6222965137561016e-118,381.2496998310089
10205.0,0.0036833404119266376,6966.0,6966.0,0.0,1.2365806812689844e-118,381.2532889842987
10206.0,0.003679657071514711,6966.0,6966.0,0.0,9.423161925837542e-119,381.2571859359741
10207.0,0.0036759774144431963,6966.0,6966.0,0.0,7.178814093044332e-119,381.26078486442566
10208.0,0.0036723014370287532,6966.0,6966.0,0.0,5.467521471375683e-119,381.26449179649353
10209.0,0.0036686291355917246,6966.0,6966.0,1.0,4.163033513919202e-119,381.2680549621582
10210.0,0.0036649605064561328,6966.0,6966.0,0.0,3.1689166615063025e-119,381.2718620300293
10211.0,0.0036612955459496767,6966.0,6966.0,0.0,2.4115324545397864e-119,381.27551794052124
10212.0,0.003657634250403727,6966.0,6966.0,0.0,1.8346645426722546e-119,381.2791109085083
10213.0,0.0036539766161533234,6966.0,6966.0,1.0,1.3954085159958055e-119,381.28265619277954
10214.0,0.0036503226395371703,6966.0,6966.0,2.0,1.061028614007784e-119,381.2861998081207
10215.0,0.0036466723168976332,6966.0,6966.0,0.0,8.065545210344992e-120,381.2897078990936
10216.0,0.0036430256445807354,6966.0,6966.0,1.0,6.129444980696938e-120,381.2932469844818
10217.0,0.0036393826189361545,6966.0,6966.0,1.0,4.656817735711758e-120,381.2968227863312
10218.0,0.0036357432363172183,6966.0,6966.0,0.0,3.537022953603393e-120,381.30052495002747
10219.0,0.003632107493080901,6966.0,6966.0,0.0,2.685758415001453e-120,381.30430912971497
10220.0,0.0036284753855878203,6966.0,6966.0,0.0,2.0388079644369472e-120,381.30785393714905
10221.0,0.0036248469102022323,6966.0,6966.0,1.0,1.5472692242357567e-120,381.3113670349121
10222.0,0.00362122206329203,6966.0,6966.0,0.0,1.1739119480057367e-120,381.3149378299713
10223.0,0.003617600841228738,6966.0,6966.0,2.0,8.90399911117707e-121,381.31856298446655
10224.0,0.0036139832403875092,6966.0,6966.0,1.0,6.751721540567171e-121,381.3223068714142
10225.0,0.0036103692571471217,6966.0,6966.0,0.0,5.118275350485499e-121,381.32581305503845
10226.0,0.0036067588878899745,6966.0,6966.0,1.0,3.878933717333489e-121,381.3293650150299
10227.0,0.0036031521290020847,6966.0,6966.0,1.0,2.938871105890668e-121,381.33302998542786
10228.0,0.0035995489768730826,6966.0,6966.0,0.0,2.2260149005938317e-121,381.3366858959198
10229.0,0.0035959494278962095,6966.0,6966.0,2.0,1.685601161768491e-121,381.3404791355133
10230.0,0.0035923534784683135,6966.0,6966.0,0.0,1.2760294054957954e-121,381.34398198127747
10231.0,0.003588761124989845,6966.0,6966.0,1.0,9.657073306685421e-122,381.3475890159607
10232.0,0.003585172363864855,6966.0,6966.0,0.0,7.306497455395136e-122,381.3511598110199
10233.0,0.00358158719150099,6966.0,6966.0,0.0,5.52651927505073e-122,381.3547420501709
10234.0,0.003578005604309489,6966.0,6966.0,0.0,4.179003759366657e-122,381.358421087265
10235.0,0.00357442759870518,6966.0,6966.0,0.0,3.1591651811467396e-122,381.36189699172974
10236.0,0.0035708531711064746,6966.0,6966.0,1.0,2.3875379555536375e-122,381.3653998374939
10237.0,0.0035672823179353683,6966.0,6966.0,0.0,1.8038752128354115e-122,381.36905312538147
10238.0,0.003563715035617433,6966.0,6966.0,1.0,1.3625135556590487e-122,381.3727378845215
10239.0,0.0035601513205818155,6966.0,6966.0,0.0,1.0288526605028047e-122,381.37635803222656
10240.0,0.003556591169261234,6966.0,6966.0,0.0,7.766823364064664e-123,381.3801848888397
10241.0,0.0035530345780919728,6966.0,6966.0,1.0,5.8615360427981054e-123,381.38380694389343
10242.0,0.0035494815435138808,6966.0,6966.0,0.0,4.4223905864988476e-123,381.38751697540283
10243.0,0.0035459320619703667,6966.0,6966.0,0.0,3.3356484799344276e-123,381.3911519050598
10244.0,0.0035423861299083963,6966.0,6966.0,0.0,2.5152482647453862e-123,381.3947579860687
10245.0,0.003538843743778488,6966.0,6966.0,0.0,1.896088991539187e-123,381.39837098121643
10246.0,0.0035353049000347095,6966.0,6966.0,1.0,1.428939134636367e-123,381.40195894241333
10247.0,0.0035317695951346748,6966.0,6966.0,0.0,1.0765786831087624e-123,381.4055597782135
10248.0,0.00352823782553954,6966.0,6966.0,0.0,8.108765311637052e-124,381.4091501235962
10249.0,0.0035247095877140003,6966.0,6966.0,2.0,6.105770432647789e-124,381.41276597976685
10250.0,0.003521184878126286,6966.0,6966.0,0.0,4.596241866546735e-124,381.416375875473
10251.0,0.00351766369324816,6966.0,6966.0,0.0,3.4589303431960974e-124,381.4202699661255
10252.0,0.003514146029554912,6966.0,6966.0,0.0,2.602298871231117e-124,381.4240810871124
10253.0,0.003510631883525357,6966.0,6966.0,0.0,1.957261358943844e-124,381.4276900291443
10254.0,0.0035071212516418317,6966.0,6966.0,1.0,1.4716910163039782e-124,381.43121910095215
10255.0,0.00350361413039019,6966.0,6966.0,1.0,1.1062683799781438e-124,381.43481397628784
10256.0,0.0035001105162597995,6966.0,6966.0,0.0,8.313430674873327e-125,381.43845415115356
10257.0,0.0034966104057435397,6966.0,6966.0,1.0,6.245624290801642e-125,381.4420030117035
10258.0,0.003493113795337796,6966.0,6966.0,1.0,4.6908020096594404e-125,381.445543050766
10259.0,0.003489620681542458,6966.0,6966.0,0.0,3.522036857243181e-125,381.44907879829407
10260.0,0.0034861310608609157,6966.0,6966.0,2.0,2.64372399348277e-125,381.452663898468
10261.0,0.0034826449298000547,6966.0,6966.0,0.0,1.983871900702308e-125,381.45623087882996
10262.0,0.0034791622848702546,6966.0,6966.0,2.0,1.488285712257018e-125,381.45977306365967
10263.0,0.0034756831225853844,6966.0,6966.0,0.0,1.1161795119040277e-125,381.4633228778839
10264.0,0.0034722074394627988,6966.0,6966.0,0.0,8.368675019470271e-126,381.46697092056274
10265.0,0.003468735232023336,6966.0,6966.0,0.0,6.27269480122916e-126,381.47061491012573
10266.0,0.0034652664967913128,6966.0,6966.0,0.0,4.700307637748242e-126,381.474200963974
10267.0,0.0034618012302945213,6966.0,6966.0,0.0,3.5210561974552304e-126,381.4777591228485
10268.0,0.003458339429064227,6966.0,6966.0,0.0,2.6369023708189926e-126,381.48138308525085
10269.0,0.0034548810896351625,6966.0,6966.0,2.0,1.974192238382015e-126,381.484894990921
10270.0,0.0034514262085455273,6966.0,6966.0,0.0,1.4776072016506288e-126,381.488481760025
10271.0,0.0034479747823369816,6966.0,6966.0,2.0,1.1056116384106325e-126,381.49201011657715
10272.0,0.0034445268075546445,6966.0,6966.0,1.0,8.270278257610205e-127,381.4956200122833
10273.0,0.00344108228074709,6966.0,6966.0,1.0,6.184597396525128e-127,381.4991829395294
10274.0,0.0034376411984663427,6966.0,6966.0,1.0,4.623559061518606e-127,381.50284600257874
10275.0,0.003434203557267876,6966.0,6966.0,0.0,3.455532043805931e-127,381.5063738822937
10276.0,0.0034307693537106083,6966.0,6966.0,1.0,2.581825295333719e-127,381.5098719596863
10277.0,0.0034273385843568978,6966.0,6966.0,0.0,1.9284663425097666e-127,381.5138158798218
10278.0,0.0034239112457725407,6966.0,6966.0,0.0,1.4400263332871245e-127,381.5174548625946
10279.0,0.003420487334526768,6966.0,6966.0,1.0,1.0749835928676072e-127,381.5212790966034
10280.0,0.003417066847192241,6966.0,6966.0,1.0,8.022433798164482e-128,381.5248279571533
10281.0,0.003413649780345049,6966.0,6966.0,0.0,5.985262814806825e-128,381.5286560058594
10282.0,0.003410236130564704,6966.0,6966.0,4.0,4.464090168067326e-128,381.5323181152344
10283.0,0.003406825894434139,6966.0,6966.0,0.0,3.3285509827650806e-128,381.5359539985657
10284.0,0.003403419068539705,6966.0,6966.0,1.0,2.481131961100479e-128,381.5395390987396
10285.0,0.0034000156494711654,6966.0,6966.0,1.0,1.8489142939205952e-128,381.5431351661682
10286.0,0.0033966156338216943,6966.0,6966.0,0.0,1.3773865435945428e-128,381.54674911499023
10287.0,0.0033932190181878725,6966.0,6966.0,0.0,1.025809939296305e-128,381.55035185813904
10288.0,0.003389825799169685,6966.0,6966.0,1.0,7.637475895375111e-129,381.553946018219
10289.0,0.003386435973370515,6966.0,6966.0,2.0,5.6846608183940796e-129,381.5574028491974
10290.0,0.0033830495373971445,6966.0,6966.0,0.0,4.229907672724113e-129,381.5608720779419
10291.0,0.0033796664878597473,6966.0,6966.0,1.0,3.146507104936442e-129,381.5647130012512
10292.0,0.0033762868213718876,6966.0,6966.0,0.0,2.339903325541472e-129,381.56829714775085
10293.0,0.0033729105345505156,6966.0,6966.0,1.0,1.7395557550106615e-129,381.5718832015991
10294.0,0.003369537624015965,6966.0,6966.0,0.0,1.2928552487025155e-129,381.5755159854889
10295.0,0.003366168086391949,6966.0,6966.0,0.0,9.605775565777264e-130,381.5791277885437
10296.0,0.003362801918305557,6966.0,6966.0,0.0,7.134866002103125e-130,381.5826840400696
10297.0,0.0033594391163872515,6966.0,6966.0,2.0,5.297975322940059e-130,381.5862419605255
10298.0,0.003356079677270864,6966.0,6966.0,0.0,3.932825125097344e-130,381.58989906311035
10299.0,0.0033527235975935933,6966.0,6966.0,0.0,2.9185679267797178e-130,381.5935580730438
10300.0,0.0033493708739959997,6966.0,6966.0,1.0,2.165236357131631e-130,381.59713792800903
10301.0,0.0033460215031220035,6966.0,6966.0,0.0,1.6058723552135187e-130,381.60102891921997
10302.0,0.0033426754816188813,6966.0,6966.0,1.0,1.1906573813657959e-130,381.6046109199524
10303.0,0.0033393328061372624,6966.0,6966.0,2.0,8.825362260929212e-131,381.6081449985504
10304.0,0.003335993473331125,6966.0,6966.0,1.0,6.539553382925998e-131,381.61183500289917
10305.0,0.003332657479857794,6966.0,6966.0,0.0,4.844325567585278e-131,381.61543583869934
10306.0,0.003329324822377936,6966.0,6966.0,0.0,3.5874686184166794e-131,381.61895418167114
10307.0,0.003325995497555558,6966.0,6966.0,0.0,2.655903694502819e-131,381.6224989891052
10308.0,0.0033226695020580023,6966.0,6966.0,1.0,1.9656483624064319e-131,381.6260371208191
10309.0,0.0033193468325559443,6966.0,6966.0,0.0,1.454348533701388e-131,381.6295790672302
10310.0,0.003316027485723388,6966.0,6966.0,1.0,1.0757223639928714e-131,381.63308596611023
10311.0,0.0033127114582376647,6966.0,6966.0,0.0,7.954278604249447e-132,381.6367120742798
10312.0,0.003309398746779427,6966.0,6966.0,1.0,5.879903093715146e-132,381.64023995399475
10313.0,0.0033060893480326477,6966.0,6966.0,0.0,4.3451840504440076e-132,381.64370703697205
10314.0,0.003302783258684615,6966.0,6966.0,2.0,3.210071393493814e-132,381.64726519584656
10315.0,0.0032994804754259304,6966.0,6966.0,0.0,2.3707708626023202e-132,381.6508061885834
10316.0,0.0032961809949505045,6966.0,6966.0,0.0,1.750381496593884e-132,381.65440797805786
10317.0,0.003292884813955554,6966.0,6966.0,0.0,1.2919447982492611e-132,381.65800404548645
10318.0,0.0032895919291415984,6966.0,6966.0,0.0,9.532859250562191e-133,381.66164898872375
10319.0,0.003286302337212457,6966.0,6966.0,0.0,7.031860574690684e-133,381.66521310806274
10320.0,0.0032830160348752443,6966.0,6966.0,0.0,5.185433106843364e-133,381.66877698898315
10321.0,0.003279733018840369,6966.0,6966.0,0.0,3.8226752397916075e-133,381.67255306243896
10322.0,0.0032764532858215287,6966.0,6966.0,1.0,2.81719702286414e-133,381.67607593536377
10323.0,0.003273176832535707,6966.0,6966.0,0.0,2.0755555205269513e-133,381.67993688583374
10324.0,0.0032699036557031712,6966.0,6966.0,0.0,1.5286873571304958e-133,381.68359088897705
10325.0,0.0032666337520474683,6966.0,6966.0,0.0,1.1255636103467092e-133,381.68712091445923
10326.0,0.003263367118295421,6966.0,6966.0,0.0,8.284920247799321e-134,381.6906461715698
10327.0,0.0032601037511771256,6966.0,6966.0,0.0,6.096399314560905e-134,381.6942501068115
10328.0,0.0032568436474259485,6966.0,6966.0,0.0,4.4846146438053e-134,381.6979329586029
10329.0,0.0032535868037785226,6966.0,6966.0,0.0,3.2979447377726507e-134,381.7015371322632
10330.0,0.003250333216974744,6966.0,6966.0,0.0,2.4245324555238006e-134,381.70527505874634
10331.0,0.0032470828837577693,6966.0,6966.0,0.0,1.7818817547096533e-134,381.7088589668274
10332.0,0.0032438358008740117,6966.0,6966.0,2.0,1.3091694937973762e-134,381.71236395835876
10333.0,0.003240591965073138,6966.0,6966.0,0.0,9.615654619415179e-135,381.71593499183655
10334.0,0.0032373513731080647,6966.0,6966.0,0.0,7.060373616448643e-135,381.7195038795471
10335.0,0.0032341140217349565,6966.0,6966.0,1.0,5.182534783381712e-135,381.7231459617615
10336.0,0.0032308799077132213,6966.0,6966.0,1.0,3.802965170668336e-135,381.7267208099365
10337.0,0.003227649027805508,6966.0,6966.0,0.0,2.789766891775386e-135,381.7303488254547
10338.0,0.0032244213787777022,6966.0,6966.0,1.0,2.0458735832073007e-135,381.73393392562866
10339.0,0.0032211969573989244,6966.0,6966.0,0.0,1.499874251183464e-135,381.7375409603119
10340.0,0.0032179757604415254,6966.0,6966.0,1.0,1.0992486614749377e-135,381.74109983444214
10341.0,0.003214757784681084,6966.0,6966.0,0.0,8.053820525880573e-136,381.74462509155273
10342.0,0.003211543026896403,6966.0,6966.0,0.0,5.8989229031655565e-136,381.7482907772064
10343.0,0.0032083314838695066,6966.0,6966.0,1.0,4.3192478750353184e-136,381.75179409980774
10344.0,0.003205123152385637,6966.0,6966.0,0.0,3.16160810531219e-136,381.7553071975708
10345.0,0.0032019180292332514,6966.0,6966.0,0.0,2.3135149411350326e-136,381.7588539123535
10346.0,0.003198716111204018,6966.0,6966.0,0.0,1.6923913986174765e-136,381.76259207725525
10347.0,0.003195517395092814,6966.0,6966.0,0.0,1.2376373374181966e-136,381.7661509513855
10348.0,0.003192321877697721,6966.0,6966.0,1.0,9.047945016708672e-137,381.76960277557373
10349.0,0.0031891295558200234,6966.0,6966.0,0.0,6.612570618588682e-137,381.77327013015747
10350.0,0.0031859404262642036,6966.0,6966.0,1.0,4.831192890158907e-137,381.7768530845642
10351.0,0.003182754485837939,6966.0,6966.0,1.0,3.5285963410626525e-137,381.7804889678955
10352.0,0.0031795717313521012,6966.0,6966.0,1.0,2.576398231901089e-137,381.7840008735657
10353.0,0.003176392159620749,6966.0,6966.0,1.0,1.8805603698259021e-137,381.78753113746643
10354.0,0.003173215767461128,6966.0,6966.0,0.0,1.3722230319464795e-137,381.7911479473114
10355.0,0.003170042551693667,6966.0,6966.0,0.0,1.0009793762528111e-137,381.7947428226471
10356.0,0.003166872509141973,6966.0,6966.0,1.0,7.299421089342239e-138,381.7983989715576
10357.0,0.0031637056366328313,6966.0,6966.0,0.0,5.321259424984175e-138,381.8020269870758
10358.0,0.0031605419309961983,6966.0,6966.0,0.0,3.8779574131138794e-138,381.80561113357544
10359.0,0.0031573813890652023,6966.0,6966.0,0.0,2.8252318236129124e-138,381.8091468811035
10360.0,0.0031542240076761372,6966.0,6966.0,1.0,2.057630823136982e-138,381.8127200603485
10361.0,0.003151069783668461,6966.0,6966.0,0.0,1.4981075750269185e-138,381.81635212898254
10362.0,0.003147918713884793,6966.0,6966.0,0.0,1.0903867879239994e-138,381.8199460506439
10363.0,0.003144770795170908,6966.0,6966.0,1.0,7.933778302997513e-139,381.82351899147034
10364.0,0.0031416260243757373,6966.0,6966.0,0.0,5.770870143968642e-139,381.8270859718323
10365.0,0.0031384843983513614,6966.0,6966.0,0.0,4.1962771687207626e-139,381.83063292503357
10366.0,0.00313534591395301,6966.0,6966.0,1.0,3.05034185992137e-139,381.8342070579529
10367.0,0.003132210568039057,6966.0,6966.0,0.0,2.216635114779264e-139,381.83773493766785
10368.0,0.003129078357471018,6966.0,6966.0,0.0,1.6102789284084842e-139,381.84122705459595
10369.0,0.003125949279113547,6966.0,6966.0,0.0,1.1694161277181958e-139,381.84504413604736
10370.0,0.0031228233298344335,6966.0,6966.0,0.0,8.489810118160138e-140,381.8485949039459
10371.0,0.003119700506504599,6966.0,6966.0,0.0,6.161517192768741e-140,381.852117061615
10372.0,0.0031165808059980945,6966.0,6966.0,0.0,4.470313723173077e-140,381.8556890487671
10373.0,0.0031134642251920966,6966.0,6966.0,1.0,3.2422675633648357e-140,381.8591818809509
10374.0,0.0031103507609669045,6966.0,6966.0,1.0,2.350823760305384e-140,381.86272501945496
10375.0,0.0031072404102059376,6966.0,6966.0,2.0,1.7039291124047813e-140,381.86631989479065
10376.0,0.0031041331697957315,6966.0,6966.0,0.0,1.234647741106273e-140,381.8698031902313
10377.0,0.0031010290366259357,6966.0,6966.0,1.0,8.943233310085596e-141,381.8733539581299
10378.0,0.0030979280075893096,6966.0,6966.0,1.0,6.47598548380903e-141,381.8769030570984
10379.0,0.0030948300795817204,6966.0,6966.0,0.0,4.687883857020978e-141,381.8803951740265
10380.0,0.0030917352495021385,6966.0,6966.0,0.0,3.39240231409807e-141,381.88395714759827
10381.0,0.0030886435142526364,6966.0,6966.0,0.0,2.454128212179971e-141,381.8877320289612
10382.0,0.0030855548707383836,6966.0,6966.0,0.0,1.7747876354818326e-141,381.8912148475647
10383.0,0.0030824693158676454,6966.0,6966.0,0.0,1.2830826991784636e-141,381.89470076560974
10384.0,0.003079386846551778,6966.0,6966.0,1.0,9.27303440149518e-142,381.8983881473541
10385.0,0.003076307459705226,6966.0,6966.0,1.0,6.699585267354796e-142,381.90203881263733
10386.0,0.003073231152245521,6966.0,6966.0,1.0,4.838744063667389e-142,381.90563797950745
10387.0,0.0030701579210932754,6966.0,6966.0,1.0,3.4936221101375126e-142,381.90925693511963
10388.0,0.003067087763172182,6966.0,6966.0,0.0,2.521608182360462e-142,381.9128751754761
10389.0,0.00306402067540901,6966.0,6966.0,1.0,1.8194391798983138e-142,381.9164991378784
10390.0,0.003060956654733601,6966.0,6966.0,0.0,1.3123678970419417e-142,381.9202358722687
10391.0,0.0030578956980788674,6966.0,6966.0,1.0,9.463060786686282e-143,381.9238419532776
10392.0,0.0030548378023807885,6966.0,6966.0,0.0,6.821274007874452e-143,381.92755007743835
10393.0,0.003051782964578408,6966.0,6966.0,2.0,4.915379482855079e-143,381.93107891082764
10394.0,0.0030487311816138293,6966.0,6966.0,1.0,3.5408388243310643e-143,381.93468976020813
10395.0,0.0030456824504322155,6966.0,6966.0,0.0,2.549838482123285e-143,381.93825912475586
10396.0,0.0030426367679817832,6966.0,6966.0,2.0,1.8355932316045513e-143,381.94181299209595
10397.0,0.0030395941312138016,6966.0,6966.0,1.0,1.32098335395213e-143,381.9452359676361
10398.0,0.003036554537082588,6966.0,6966.0,0.0,9.503317088502083e-144,381.9487450122833
10399.0,0.0030335179825455054,6966.0,6966.0,0.0,6.834550080070991e-144,381.95246505737305
10400.0,0.0030304844645629597,6966.0,6966.0,0.0,4.913617337309849e-144,381.95620799064636
10401.0,0.003027453980098397,6966.0,6966.0,0.0,3.531419255715167e-144,381.9598560333252
10402.0,0.0030244265261182984,6966.0,6966.0,0.0,2.5371937586684022e-144,381.9633870124817
10403.0,0.0030214020995921803,6966.0,6966.0,1.0,1.8222763912151853e-144,381.96709418296814
10404.0,0.003018380697492588,6966.0,6966.0,2.0,1.3083712114329573e-144,381.9706859588623
10405.0,0.0030153623167950955,6966.0,6966.0,0.0,9.390823612845498e-145,381.97428584098816
10406.0,0.0030123469544783006,6966.0,6966.0,0.0,6.738018755464148e-145,381.9778368473053
10407.0,0.0030093346075238223,6966.0,6966.0,2.0,4.832995958288394e-145,381.9814579486847
10408.0,0.0030063252729162983,6966.0,6966.0,0.0,3.4654224786069794e-145,381.98509192466736
10409.0,0.0030033189476433818,6966.0,6966.0,0.0,2.4839985584994244e-145,381.98869585990906
10410.0,0.003000315628695738,6966.0,6966.0,0.0,1.779925156641304e-145,381.99228596687317
10411.0,0.0029973153130670423,6966.0,6966.0,0.0,1.274991379642263e-145,381.99601101875305
10412.0,0.002994317997753975,6966.0,6966.0,0.0,9.129935642657894e-146,381.9996519088745
10413.0,0.002991323679756221,6966.0,6966.0,0.0,6.535562906091328e-146,382.0031499862671
10414.0,0.002988332356076465,6966.0,6966.0,0.0,4.676844734821358e-146,382.0067489147186
10415.0,0.0029853440237203885,6966.0,6966.0,2.0,3.345626300646074e-146,382.01041173934937
10416.0,0.002982358679696668,6966.0,6966.0,0.0,2.3925239055961853e-146,382.013986825943
10417.0,0.0029793763210169714,6966.0,6966.0,0.0,1.710367262299034e-146,382.01749205589294
10418.0,0.0029763969446959544,6966.0,6966.0,1.0,1.2222964538423938e-146,382.0211899280548
10419.0,0.0029734205477512585,6966.0,6966.0,0.0,8.732079267119927e-147,382.0246789455414
10420.0,0.002970447127203507,6966.0,6966.0,0.0,6.236092982047874e-147,382.02815079689026
10421.0,0.0029674766800763036,6966.0,6966.0,0.0,4.452061379026923e-147,382.031996011734
10422.0,0.002964509203396227,6966.0,6966.0,0.0,3.177336460396091e-147,382.0356388092041
10423.0,0.002961544694192831,6966.0,6966.0,0.0,2.2668282952593795e-147,382.03921914100647
10424.0,0.002958583149498638,6966.0,6966.0,1.0,1.616691862214489e-147,382.0428030490875
10425.0,0.0029556245663491395,6966.0,6966.0,0.0,1.1526274049820743e-147,382.04637598991394
10426.0,0.0029526689417827905,6966.0,6966.0,0.0,8.214923901775188e-148,382.0499668121338
10427.0,0.002949716272841008,6966.0,6966.0,1.0,5.852897461483725e-148,382.0536091327667
10428.0,0.002946766556568167,6966.0,6966.0,0.0,4.168606549788183e-148,382.05724716186523
10429.0,0.002943819790011599,6966.0,6966.0,2.0,2.967996400674978e-148,382.0606920719147
10430.0,0.0029408759702215874,6966.0,6966.0,2.0,2.112458365047937e-148,382.06421303749084
10431.0,0.002937935094251366,6966.0,6966.0,1.0,1.5030212584660952e-148,382.0677230358124
10432.0,0.0029349971591571145,6966.0,6966.0,0.0,1.0690403986045213e-148,382.07128500938416
10433.0,0.0029320621619979576,6966.0,6966.0,1.0,7.601074555024325e-149,382.07487177848816
10434.0,0.0029291300998359597,6966.0,6966.0,1.0,5.402659533860646e-149,382.0785000324249
10435.0,0.0029262009697361238,6966.0,6966.0,0.0,3.838767344591643e-149,382.08212208747864
10436.0,0.002923274768766388,6966.0,6966.0,1.0,2.726637599063521e-149,382.0856578350067
10437.0,0.0029203514939976213,6966.0,6966.0,1.0,1.9360400337116417e-149,382.08929800987244
10438.0,0.0029174311425036238,6966.0,6966.0,0.0,1.3742077259190163e-149,382.0929229259491
10439.0,0.0029145137113611203,6966.0,6966.0,0.0,9.750826462597576e-150,382.096471786499
10440.0,0.002911599197649759,6966.0,6966.0,0.0,6.916419213754179e-150,382.10020112991333
10441.0,0.002908687598452109,6966.0,6966.0,0.0,4.904241866234954e-150,382.10387992858887
10442.0,0.002905778910853657,6966.0,6966.0,0.0,3.4762659414573697e-150,382.107439994812
10443.0,0.0029028731319428037,6966.0,6966.0,0.0,2.463227349601716e-150,382.1110670566559
10444.0,0.0028999702588108607,6966.0,6966.0,0.0,1.7448023769274485e-150,382.1147520542145
10445.0,0.0028970702885520497,6966.0,6966.0,0.0,1.2354867219059624e-150,382.1182930469513
10446.0,0.002894173218263498,6966.0,6966.0,0.0,8.745403704749234e-151,382.12187099456787
10447.0,0.0028912790450452345,6966.0,6966.0,0.0,6.188301055381072e-151,382.125483751297
10448.0,0.002888387766000189,6966.0,6966.0,0.0,4.377363842044864e-151,382.129026889801
10449.0,0.002885499378234189,6966.0,6966.0,1.0,3.0953042896340485e-151,382.13271403312683
10450.0,0.0028826138788559546,6966.0,6966.0,0.0,2.1879802272888202e-151,382.1363310813904
10451.0,0.002879731264977099,6966.0,6966.0,1.0,1.5460823617050055e-151,382.13997292518616
10452.0,0.0028768515337121215,6966.0,6966.0,0.0,1.0921213480810593e-151,382.1434369087219
10453.0,0.0028739746821784093,6966.0,6966.0,2.0,7.711840781445244e-152,382.14700198173523
10454.0,0.002871100707496231,6966.0,6966.0,0.0,5.443697055530343e-152,382.15063095092773
10455.0,0.0028682296067887346,6966.0,6966.0,0.0,3.84130177483585e-152,382.15430998802185
10456.0,0.0028653613771819457,6966.0,6966.0,0.0,2.7096383995089596e-152,382.1579191684723
10457.0,0.0028624960158047637,6966.0,6966.0,0.0,1.9107001196185305e-152,382.16150307655334
10458.0,0.002859633519788959,6966.0,6966.0,0.0,1.3468581315641762e-152,382.1651511192322
10459.0,0.00285677388626917,6966.0,6966.0,2.0,9.490719803039673e-153,382.1687021255493
10460.0,0.002853917112382901,6966.0,6966.0,0.0,6.685351957154335e-153,382.17236590385437
10461.0,0.002851063195270518,6966.0,6966.0,0.0,4.707573106587908e-153,382.17599081993103
10462.0,0.0028482121320752476,6966.0,6966.0,1.0,3.313732067551414e-153,382.1796250343323
10463.0,0.0028453639199431725,6966.0,6966.0,0.0,2.331766591393598e-153,382.1834111213684
10464.0,0.0028425185560232292,6966.0,6966.0,0.0,1.640211964740253e-153,382.1869521141052
10465.0,0.002839676037467206,6966.0,6966.0,0.0,1.1533521712050508e-153,382.1907720565796
10466.0,0.002836836361429739,6966.0,6966.0,0.0,8.107198532525069e-154,382.19428396224976
10467.0,0.0028339995250683094,6966.0,6966.0,1.0,5.696740473811774e-154,382.19790387153625
10468.0,0.002831165525543241,6966.0,6966.0,0.0,4.0015538292244946e-154,382.2014319896698
10469.0,0.0028283343600176976,6966.0,6966.0,0.0,2.8098125036263882e-154,382.20496892929077
10470.0,0.0028255060256576797,6966.0,6966.0,1.0,1.972296995270045e-154,382.2085430622101
10471.0,0.002822680519632022,6966.0,6966.0,0.0,1.3839277780062998e-154,382.21233105659485
10472.0,0.00281985783911239,6966.0,6966.0,0.0,9.707346391944495e-155,382.2159330844879
10473.0,0.0028170379812732776,6966.0,6966.0,2.0,6.806650640649875e-155,382.2194929122925
10474.0,0.0028142209432920045,6966.0,6966.0,0.0,4.7710291780986516e-155,382.22315287590027
10475.0,0.0028114067223487123,6966.0,6966.0,0.0,3.3429987082781343e-155,382.2267019748688
10476.0,0.0028085953156263637,6966.0,6966.0,1.0,2.3415622855160184e-155,382.23025703430176
10477.0,0.0028057867203107375,6966.0,6966.0,0.0,1.6395340287229755e-155,382.2338891029358
10478.0,0.002802980933590427,6966.0,6966.0,0.0,1.1475727185780806e-155,382.2375371456146
10479.0,0.0028001779526568363,6966.0,6966.0,0.0,8.0294333970739e-156,382.24117493629456
10480.0,0.0027973777747041795,6966.0,6966.0,1.0,5.616093562228303e-156,382.244863986969
10481.0,0.0027945803969294755,6966.0,6966.0,2.0,3.9267057894830335e-156,382.24856090545654
10482.0,0.002791785816532546,6966.0,6966.0,1.0,2.744522715064111e-156,382.25201892852783
10483.0,0.0027889940307160134,6966.0,6966.0,0.0,1.917562725805915e-156,382.2554359436035
10484.0,0.0027862050366852975,6966.0,6966.0,0.0,1.3392956418261288e-156,382.2591550350189
10485.0,0.002783418831648612,6966.0,6966.0,0.0,9.350768451582455e-157,382.26287484169006
10486.0,0.0027806354128169634,6966.0,6966.0,1.0,6.526223832478084e-157,382.26634097099304
10487.0,0.0027778547774041464,6966.0,6966.0,0.0,4.553237302519506e-157,382.27013421058655
10488.0,0.0027750769226267424,6966.0,6966.0,1.0,3.1755730477306404e-157,382.2736439704895
10489.0,0.0027723018457041157,6966.0,6966.0,1.0,2.2139472779094493e-157,382.2772550582886
10490.0,0.0027695295438584116,6966.0,6966.0,0.0,1.5429634202841947e-157,382.2810289859772
10491.0,0.002766760014314553,6966.0,6966.0,0.0,1.0749469138528789e-157,382.2846429347992
10492.0,0.0027639932543002386,6966.0,6966.0,0.0,7.486197466095009e-158,382.2881820201874
10493.0,0.0027612292610459384,6966.0,6966.0,1.0,5.2116861776051074e-158,382.2917730808258
10494.0,0.0027584680317848925,6966.0,6966.0,1.0,3.626918481659921e-158,382.2953381538391
10495.0,0.0027557095637531074,6966.0,6966.0,2.0,2.52313062090478e-158,382.29884099960327
10496.0,0.0027529538541893545,6966.0,6966.0,0.0,1.7546234051559693e-158,382.3024079799652
10497.0,0.0027502009003351653,6966.0,6966.0,0.0,1.2197482069414014e-158,382.306028842926
10498.0,0.00274745069943483,6966.0,6966.0,0.0,8.476145180391578e-159,382.3096249103546
10499.0,0.0027447032487353954,6966.0,6966.0,0.0,5.8880075078636e-159,382.31319785118103
10500.0,0.00274195854548666,6966.0,6966.0,0.0,4.08864999744515e-159,382.3167288303375
10501.0,0.0027392165869411732,6966.0,6966.0,0.0,2.838134467707421e-159,382.3203809261322
10502.0,0.002736477370354232,6966.0,6966.0,0.0,1.9693698975407677e-159,382.3238558769226
10503.0,0.0027337408929838775,6966.0,6966.0,0.0,1.3660379291775992e-159,382.3272888660431
10504.0,0.002731007152090894,6966.0,6966.0,0.0,9.471945646767479e-160,382.3309209346771
10505.0,0.002728276144938803,6966.0,6966.0,0.0,6.56532838762938e-160,382.33459281921387
10506.0,0.002725547868793864,6966.0,6966.0,2.0,4.548983568210671e-160,382.33827900886536
10507.0,0.00272282232092507,6966.0,6966.0,0.0,3.150741554835548e-160,382.3419289588928
10508.0,0.002720099498604145,6966.0,6966.0,0.0,2.1814814903424947e-160,382.3455009460449
10509.0,0.002717379399105541,6966.0,6966.0,0.0,1.5098383867441133e-160,382.349102973938
10510.0,0.0027146620197064353,6966.0,6966.0,0.0,1.0445985346232401e-160,382.35289311408997
10511.0,0.002711947357686729,6966.0,6966.0,0.0,7.224507071231658e-161,382.35655093193054
10512.0,0.0027092354103290424,6966.0,6966.0,0.0,4.994669168833943e-161,382.36005210876465
10513.0,0.0027065261749187135,6966.0,6966.0,0.0,3.4517932249016862e-161,382.36372590065
10514.0,0.002703819648743795,6966.0,6966.0,0.0,2.384636538782831e-161,382.3673298358917
10515.0,0.002701115829095051,6966.0,6966.0,0.0,1.646792320246065e-161,382.37093901634216
10516.0,0.002698414713265956,6966.0,6966.0,0.0,1.1368273870676659e-161,382.3746290206909
10517.0,0.00269571629855269,6966.0,6966.0,0.0,7.844930793184966e-162,382.3782207965851
10518.0,0.0026930205822541372,6966.0,6966.0,1.0,5.411559515305487e-162,382.3819410800934
10519.0,0.0026903275616718832,6966.0,6966.0,0.0,3.731593547402081e-162,382.38554310798645
10520.0,0.0026876372341102114,6966.0,6966.0,1.0,2.57219943245497e-162,382.3891520500183
10521.0,0.0026849495968761013,6966.0,6966.0,0.0,1.7723651065177475e-162,382.3926830291748
10522.0,0.002682264647279225,6966.0,6966.0,0.0,1.2207868178513622e-162,382.3961110115051
10523.0,0.002679582382631946,6966.0,6966.0,0.0,8.405516315680586e-163,382.39979100227356
10524.0,0.002676902800249314,6966.0,6966.0,0.0,5.785311159822401e-163,382.40352296829224
10525.0,0.002674225897449065,6966.0,6966.0,0.0,3.980399370266105e-163,382.4071309566498
10526.0,0.002671551671551616,6966.0,6966.0,0.0,2.7375623092362405e-163,382.41071796417236
10527.0,0.0026688801198800644,6966.0,6966.0,0.0,1.8820824781841164e-163,382.4143478870392
10528.0,0.0026662112397601843,6966.0,6966.0,0.0,1.2934522538678368e-163,382.4179949760437
10529.0,0.002663545028520424,6966.0,6966.0,0.0,8.885852522449997e-164,382.4215738773346
10530.0,0.0026608814834919036,6966.0,6966.0,0.0,6.102173978492624e-164,382.4249949455261
10531.0,0.0026582206020084116,6966.0,6966.0,1.0,4.188964619789541e-164,382.4287040233612
10532.0,0.002655562381406403,6966.0,6966.0,0.0,2.8745194895876468e-164,382.4322741031647
10533.0,0.0026529068190249967,6966.0,6966.0,1.0,1.9717875389062866e-164,382.43574595451355
10534.0,0.0026502539122059718,6966.0,6966.0,0.0,1.3520448828016108e-164,382.43962502479553
10535.0,0.002647603658293766,6966.0,6966.0,1.0,9.267403379826808e-165,382.4431838989258
10536.0,0.0026449560546354723,6966.0,6966.0,0.0,6.34981142148452e-165,382.4468460083008
10537.0,0.0026423110985808367,6966.0,6966.0,0.0,4.349098330450495e-165,382.4506220817566
10538.0,0.002639668787482256,6966.0,6966.0,1.0,2.977646239941373e-165,382.45434617996216
10539.0,0.0026370291186947736,6966.0,6966.0,0.0,2.0378972454496e-165,382.4579758644104
10540.0,0.002634392089576079,6966.0,6966.0,0.0,1.3942049133159527e-165,382.46164894104004
10541.0,0.0026317576974865028,6966.0,6966.0,0.0,9.534675452057382e-166,382.4652900695801
10542.0,0.002629125939789016,6966.0,6966.0,0.0,6.518085228210601e-166,382.468811750412
10543.0,0.002626496813849227,6966.0,6966.0,0.0,4.4541906676002726e-166,382.4723389148712
10544.0,0.002623870317035378,6966.0,6966.0,0.0,3.0426504059155295e-166,382.4759919643402
10545.0,0.0026212464467183427,6966.0,6966.0,1.0,2.0776367819813155e-166,382.47963094711304
10546.0,0.0026186252002716242,6966.0,6966.0,0.0,1.4181473138115257e-166,382.48326897621155
10547.0,0.0026160065750713527,6966.0,6966.0,0.0,9.676249404443454e-167,382.4869530200958
10548.0,0.0026133905684962815,6966.0,6966.0,0.0,6.599736256817332e-167,382.49068880081177
10549.0,0.0026107771779277852,6966.0,6966.0,0.0,4.499660630978414e-167,382.49432611465454
10550.0,0.0026081664007498576,6966.0,6966.0,0.0,3.0666656348449094e-167,382.4980969429016
10551.0,0.002605558234349108,6966.0,6966.0,0.0,2.0892307673683766e-167,382.5017161369324
10552.0,0.0026029526761147588,6966.0,6966.0,1.0,1.4227858995044252e-167,382.50531482696533
10553.0,0.002600349723438644,6966.0,6966.0,1.0,9.685581015314388e-168,382.50894808769226
10554.0,0.0025977493737152054,6966.0,6966.0,2.0,6.5908984881926145e-168,382.51258611679077
10555.0,0.0025951516243414904,6966.0,6966.0,1.0,4.483283672221327e-168,382.5161728858948
10556.0,0.002592556472717149,6966.0,6966.0,0.0,3.048458585136621e-168,382.5198428630829
10557.0,0.0025899639162444317,6966.0,6966.0,0.0,2.0720331341220814e-168,382.5234389305115
10558.0,0.0025873739523281872,6966.0,6966.0,2.0,1.4078138751822183e-168,382.5275468826294
10559.0,0.002584786578375859,6966.0,6966.0,0.0,9.561494223398714e-169,382.53107595443726
10560.0,0.002582201791797483,6966.0,6966.0,0.0,6.49139602287846e-169,382.5345649719238
10561.0,0.002579619590005686,6966.0,6966.0,1.0,4.405366928495646e-169,382.5384449958801
10562.0,0.0025770399704156803,6966.0,6966.0,0.0,2.988529483367333e-169,382.54188799858093
10563.0,0.0025744629304452647,6966.0,6966.0,1.0,2.0265825976965405e-169,382.5454978942871
10564.0,0.0025718884675148194,6966.0,6966.0,1.0,1.373732621037826e-169,382.54912281036377
10565.0,0.0025693165790473048,6966.0,6966.0,0.0,9.30831522788768e-170,382.5526559352875
10566.0,0.0025667472624682575,6966.0,6966.0,1.0,6.304791849759695e-170,382.556223154068
10567.0,0.002564180515205789,6966.0,6966.0,0.0,4.2687532742086724e-170,382.55977988243103
10568.0,0.0025616163346905835,6966.0,6966.0,0.0,2.8890949553361723e-170,382.56344509124756
10569.0,0.002559054718355893,6966.0,6966.0,2.0,1.9545773816952538e-170,382.5670599937439
10570.0,0.002556495663637537,6966.0,6966.0,0.0,1.321825247551974e-170,382.5707769393921
10571.0,0.0025539391679738994,6966.0,6966.0,1.0,8.93562980453248e-171,382.574383020401
10572.0,0.0025513852288059254,6966.0,6966.0,0.0,6.038180261037796e-171,382.5778880119324
10573.0,0.0025488338435771195,6966.0,6966.0,1.0,4.0786514253113426e-171,382.5814769268036
10574.0,0.0025462850097335422,6966.0,6966.0,2.0,2.753953146444607e-171,382.5850169658661
10575.0,0.0025437387247238086,6966.0,6966.0,0.0,1.8587705073462197e-171,382.5884680747986
10576.0,0.0025411949859990846,6966.0,6966.0,0.0,1.254076694588151e-171,382.59210991859436
10577.0,0.0025386537910130854,6966.0,6966.0,0.0,8.457681929192225e-172,382.5957109928131
10578.0,0.0025361151372220725,6966.0,6966.0,1.0,5.701739294628462e-172,382.59934401512146
10579.0,0.0025335790220848502,6966.0,6966.0,0.0,3.842305989319749e-172,382.6029679775238
10580.0,0.0025310454430627653,6966.0,6966.0,0.0,2.5882424314536823e-172,382.6066689491272
10581.0,0.0025285143976197027,6966.0,6966.0,1.0,1.7427945731219818e-172,382.61043095588684
10582.0,0.002525985883222083,6966.0,6966.0,1.0,1.1730472735278069e-172,382.61402201652527
10583.0,0.002523459897338861,6966.0,6966.0,2.0,7.892466136147967e-173,382.6175320148468
10584.0,0.002520936437441522,6966.0,6966.0,1.0,5.308082507696038e-173,382.62119579315186
10585.0,0.00251841550100408,6966.0,6966.0,0.0,3.568536596775843e-173,382.6248149871826
10586.0,0.002515897085503076,6966.0,6966.0,0.0,2.3981151073541274e-173,382.62841987609863
10587.0,0.002513381188417573,6966.0,6966.0,2.0,1.6109316051865111e-173,382.6320447921753
10588.0,0.0025108678072291554,6966.0,6966.0,0.0,1.0817109183473279e-173,382.6356739997864
10589.0,0.0025083569394219263,6966.0,6966.0,1.0,7.260594552946167e-174,382.6392810344696
10590.0,0.0025058485824825043,6966.0,6966.0,0.0,4.871467902150131e-174,382.64287090301514
10591.0,0.002503342733900022,6966.0,6966.0,0.0,3.2671872031206323e-174,382.64663314819336
10592.0,0.002500839391166122,6966.0,6966.0,0.0,2.1903551282859727e-174,382.6502048969269
10593.0,0.0024983385517749557,6966.0,6966.0,0.0,1.4678484383285956e-174,382.65372800827026
10594.0,0.002495840213223181,6966.0,6966.0,0.0,9.832724908348462e-175,382.6573209762573
10595.0,0.0024933443730099578,6966.0,6966.0,1.0,6.584038797937535e-175,382.6607949733734
10596.0,0.002490851028636948,6966.0,6966.0,0.0,4.406933710970779e-175,382.66429901123047
10597.0,0.002488360177608311,6966.0,6966.0,1.0,2.948533891187699e-175,382.66797494888306
10598.0,0.0024858718174307027,6966.0,6966.0,0.0,1.9719732756863008e-175,382.67164492607117
10599.0,0.002483385945613272,6966.0,6966.0,0.0,1.3183206234108765e-175,382.67531394958496
10600.0,0.0024809025596676587,6966.0,6966.0,0.0,8.809799248243955e-176,382.67898511886597
10601.0,0.002478421657107991,6966.0,6966.0,1.0,5.8848547474126345e-176,382.6826090812683
10602.0,0.002475943235450883,6966.0,6966.0,2.0,3.929434717642275e-176,382.68615102767944
10603.0,0.0024734672922154324,6966.0,6966.0,1.0,2.6227012713190826e-176,382.6898708343506
10604.0,0.002470993824923217,6966.0,6966.0,1.0,1.7498137246222954e-176,382.69342589378357
10605.0,0.002468522831098294,6966.0,6966.0,0.0,1.166967812596803e-176,382.6970160007477
10606.0,0.0024660543082671957,6966.0,6966.0,1.0,7.7794667205669305e-177,382.7006559371948
10607.0,0.0024635882539589286,6966.0,6966.0,0.0,5.183994018818744e-177,382.70426988601685
10608.0,0.0024611246657049697,6966.0,6966.0,1.0,3.453048628615518e-177,382.7078649997711
10609.0,0.002458663541039265,6966.0,6966.0,0.0,2.2991338667237395e-177,382.7114751338959
10610.0,0.0024562048774982256,6966.0,6966.0,0.0,1.530202854378785e-177,382.7150721549988
10611.0,0.0024537486726207273,6966.0,6966.0,0.0,1.0180210648766665e-177,382.718621969223
10612.0,0.0024512949239481065,6966.0,6966.0,0.0,6.769979472708796e-178,382.72225689888
10613.0,0.0024488436290241583,6966.0,6966.0,1.0,4.5002909503555124e-178,382.7258861064911
10614.0,0.002446394785395134,6966.0,6966.0,0.0,2.990310658139725e-178,382.7293930053711
10615.0,0.002443948390609739,6966.0,6966.0,0.0,1.9861604200892812e-178,382.73295187950134
10616.0,0.002441504442219129,6966.0,6966.0,1.0,1.3186649339391288e-178,382.7366940975189
10617.0,0.00243906293777691,6966.0,6966.0,0.0,8.75137983901081e-179,382.7401978969574
10618.0,0.002436623874839133,6966.0,6966.0,0.0,5.805509959649189e-179,382.74371314048767
10619.0,0.002434187250964294,6966.0,6966.0,1.0,3.8496903662402096e-179,382.74735283851624
10620.0,0.00243175306371333,6966.0,6966.0,0.0,2.5517177397574353e-179,382.75094294548035
10621.0,0.0024293213106496166,6966.0,6966.0,1.0,1.6906771908674473e-179,382.7545590400696
10622.0,0.002426891989338967,6966.0,6966.0,1.0,1.1197209485522554e-179,382.75816679000854
10623.0,0.002424465097349628,6966.0,6966.0,0.0,7.412757333822852e-180,382.7619171142578
10624.0,0.0024220406322522786,6966.0,6966.0,0.0,4.905355123349444e-180,382.7653908729553
10625.0,0.0024196185916200265,6966.0,6966.0,1.0,3.2447529448072966e-180,382.76910495758057
10626.0,0.0024171989730284063,6966.0,6966.0,1.0,2.1454240682178147e-180,382.7727589607239
10627.0,0.002414781774055378,6966.0,6966.0,1.0,1.4179627211704527e-180,382.77626609802246
10628.0,0.0024123669922813226,6966.0,6966.0,0.0,9.367774969396303e-181,382.78012919425964
10629.0,0.002409954625289041,6966.0,6966.0,2.0,6.186255850486686e-181,382.78371000289917
10630.0,0.002407544670663752,6966.0,6966.0,1.0,4.0835597684213515e-181,382.78739285469055
10631.0,0.0024051371259930883,6966.0,6966.0,0.0,2.694445389622592e-181,382.7910249233246
10632.0,0.0024027319888670954,6966.0,6966.0,1.0,1.7771296178970941e-181,382.79460310935974
10633.0,0.0024003292568782284,6966.0,6966.0,3.0,1.1716230112289871e-181,382.798171043396
10634.0,0.00239792892762135,6966.0,6966.0,0.0,7.72103584027034e-182,382.80174708366394
10635.0,0.0023955309986937287,6966.0,6966.0,2.0,5.0860655175653705e-182,382.80532479286194
10636.0,0.002393135467695035,6966.0,6966.0,1.0,3.348936070973984e-182,382.80895709991455
10637.0,0.0023907423322273398,6966.0,6966.0,0.0,2.204195479235386e-182,382.812597990036
10638.0,0.0023883515898951123,6966.0,6966.0,0.0,1.4501452982877217e-182,382.8163089752197
10639.0,0.002385963238305217,6966.0,6966.0,1.0,9.53654164769024e-183,382.81989312171936
10640.0,0.002383577275066912,6966.0,6966.0,0.0,6.268853170039697e-183,382.82348799705505
10641.0,0.002381193697791845,6966.0,6966.0,0.0,4.119105361034532e-183,382.8270490169525
10642.0,0.002378812504094053,6966.0,6966.0,0.0,2.7054227386896162e-183,382.8306460380554
10643.0,0.002376433691589959,6966.0,6966.0,1.0,1.7761703683867765e-183,382.8342580795288
10644.0,0.002374057257898369,6966.0,6966.0,0.0,1.1656043825872402e-183,382.8378310203552
10645.0,0.0023716832006404707,6966.0,6966.0,0.0,7.646005503567961e-184,382.8414499759674
10646.0,0.0023693115174398304,6966.0,6966.0,0.0,5.013427524345419e-184,382.84500217437744
10647.0,0.0023669422059223906,6966.0,6966.0,1.0,3.285877680421983e-184,382.8485629558563
10648.0,0.002364575263716468,6966.0,6966.0,1.0,2.1527042924762096e-184,382.85217690467834
10649.0,0.002362210688452752,6966.0,6966.0,0.0,1.4097221069546374e-184,382.8557550907135
10650.0,0.002359848477764299,6966.0,6966.0,1.0,9.227809257811933e-185,382.8593509197235
10651.0,0.002357488629286535,6966.0,6966.0,0.0,6.037810640063335e-185,382.86306381225586
10652.0,0.0023551311406572483,6966.0,6966.0,0.0,3.948898439268941e-185,382.8675878047943
10653.0,0.002352776009516591,6966.0,6966.0,0.0,2.581593460181496e-185,382.873330116272
10654.0,0.0023504232335070743,6966.0,6966.0,0.0,1.6869995517306072e-185,382.87697100639343
10655.0,0.002348072810273567,6966.0,6966.0,0.0,1.1019379098625968e-185,382.8806428909302
10656.0,0.0023457247374632935,6966.0,6966.0,0.0,7.194724000370463e-186,382.885901927948
10657.0,0.0023433790127258304,6966.0,6966.0,0.0,4.695543024545248e-186,382.8896358013153
10658.0,0.0023410356337131046,6966.0,6966.0,0.0,3.063176321756396e-186,382.89340591430664
10659.0,0.0023386945980793912,6966.0,6966.0,0.0,1.9974341409512136e-186,382.8970830440521
10660.0,0.002336355903481312,6966.0,6966.0,0.0,1.301928265343998e-186,382.9006109237671
10661.0,0.0023340195475778304,6966.0,6966.0,1.0,8.482337948200991e-187,382.90406489372253
10662.0,0.0023316855280302528,6966.0,6966.0,0.0,5.524052904262863e-187,382.9076781272888
10663.0,0.0023293538425022227,6966.0,6966.0,0.0,3.5959499867340945e-187,382.9112629890442
10664.0,0.0023270244886597203,6966.0,6966.0,0.0,2.339822030104839e-187,382.9148428440094
10665.0,0.0023246974641710607,6966.0,6966.0,2.0,1.5218266700621667e-187,382.9185049533844
10666.0,0.0023223727667068894,6966.0,6966.0,0.0,9.89374132494917e-188,382.9220669269562
10667.0,0.0023200503939401827,6966.0,6966.0,0.0,6.4293744514914e-188,382.9257290363312
10668.0,0.0023177303435462427,6966.0,6966.0,1.0,4.1762790504691756e-188,382.92937707901
10669.0,0.0023154126132026963,6966.0,6966.0,0.0,2.711581937892073e-188,382.9329800605774
10670.0,0.0023130972005894934,6966.0,6966.0,0.0,1.7598198035068403e-188,382.93663907051086
10671.0,0.002310784103388904,6966.0,6966.0,2.0,1.1416309293924828e-188,382.94028186798096
10672.0,0.0023084733192855152,6966.0,6966.0,0.0,7.40278474637968e-189,382.9437379837036
10673.0,0.0023061648459662297,6966.0,6966.0,0.0,4.7981762597123364e-189,382.947242975235
10674.0,0.0023038586811202633,6966.0,6966.0,0.0,3.1086280853302807e-189,382.95080518722534
10675.0,0.002301554822439143,6966.0,6966.0,0.0,2.013133792695585e-189,382.9543709754944
10676.0,0.002299253267616704,6966.0,6966.0,0.0,1.30312965085205e-189,382.9579999446869
10677.0,0.0022969540143490874,6966.0,6966.0,0.0,8.431668824854865e-190,382.9617729187012
10678.0,0.0022946570603347384,6966.0,6966.0,1.0,5.453184484503488e-190,382.96541810035706
10679.0,0.0022923624032744035,6966.0,6966.0,0.0,3.5253106075360826e-190,382.96903586387634
10680.0,0.002290070040871129,6966.0,6966.0,0.0,2.278006414817137e-190,382.97268891334534
10681.0,0.002287779970830258,6966.0,6966.0,1.0,1.471372603569328e-190,382.9761679172516
10682.0,0.0022854921908594277,6966.0,6966.0,1.0,9.499491658730144e-191,382.9797840118408
10683.0,0.002283206698668568,6966.0,6966.0,0.0,6.130386463626527e-191,382.9833879470825
10684.0,0.0022809234919698995,6966.0,6966.0,0.0,3.9544395272108764e-191,382.9869508743286
10685.0,0.0022786425684779297,6966.0,6966.0,2.0,2.5497137731841823e-191,382.99055910110474
10686.0,0.0022763639259094515,6966.0,6966.0,0.0,1.6432632285034724e-191,382.9941740036011
10687.0,0.002274087561983542,6966.0,6966.0,1.0,1.0585999495744375e-191,382.99783301353455
10688.0,0.002271813474421558,6966.0,6966.0,1.0,6.816562709674953e-192,383.00141286849976
10689.0,0.002269541660947137,6966.0,6966.0,1.0,4.3874041534170695e-192,383.0051100254059
10690.0,0.0022672721192861897,6966.0,6966.0,0.0,2.822658254577611e-192,383.0087728500366
10691.0,0.0022650048471669036,6966.0,6966.0,0.0,1.8151696337641813e-192,383.01224994659424
10692.0,0.0022627398423197367,6966.0,6966.0,1.0,1.1667671730533193e-192,383.01590514183044
10693.0,0.002260477102477417,6966.0,6966.0,0.0,7.496508898151701e-193,383.01946997642517
10694.0,0.0022582166253749397,6966.0,6966.0,1.0,4.81439370375048e-193,383.02308797836304
10695.0,0.0022559584087495648,6966.0,6966.0,1.0,3.090520538196603e-193,383.026673078537
10696.0,0.002253702450340815,6966.0,6966.0,0.0,1.9830285324774915e-193,383.03023505210876
10697.0,0.0022514487478904745,6966.0,6966.0,0.0,1.2718426848148724e-193,383.03383207321167
10698.0,0.002249197299142584,6966.0,6966.0,0.0,8.15351249654501e-194,383.0374438762665
10699.0,0.0022469481018434416,6966.0,6966.0,0.0,5.2247173894559006e-194,383.04085898399353
10700.0,0.002244701153741598,6966.0,6966.0,0.0,3.346473508386037e-194,383.04436683654785
10701.0,0.0022424564525878564,6966.0,6966.0,0.0,2.1424875635698033e-194,383.048024892807
10702.0,0.0022402139961352685,6966.0,6966.0,0.0,1.371056541010495e-194,383.0516848564148
10703.0,0.0022379737821391333,6966.0,6966.0,0.0,8.769975162413904e-195,383.05544090270996
10704.0,0.002235735808356994,6966.0,6966.0,1.0,5.607213731317441e-195,383.0590968132019
10705.0,0.002233500072548637,6966.0,6966.0,1.0,3.583450518140324e-195,383.06271290779114
10706.0,0.002231266572476088,6966.0,6966.0,2.0,2.289080538116019e-195,383.06636595726013
10707.0,0.002229035305903612,6966.0,6966.0,0.0,1.461591130513762e-195,383.0699529647827
10708.0,0.0022268062705977087,6966.0,6966.0,1.0,9.328153726628035e-196,383.07344698905945
10709.0,0.002224579464327111,6966.0,6966.0,0.0,5.950730263085992e-196,383.07702684402466
10710.0,0.002222354884862784,6966.0,6966.0,0.0,3.794455065939154e-196,383.08079504966736
10711.0,0.002220132529977921,6966.0,6966.0,0.0,2.418426801912352e-196,383.0842640399933
10712.0,0.002217912397447943,6966.0,6966.0,0.0,1.5407091716578e-196,383.0878028869629
10713.0,0.002215694485050495,6966.0,6966.0,0.0,9.810979771114582e-197,383.09142899513245
10714.0,0.0022134787905654443,6966.0,6966.0,0.0,6.244646924105876e-197,383.0950028896332
10715.0,0.002211265311774879,6966.0,6966.0,1.0,3.9728941578693916e-197,383.09866404533386
10716.0,0.002209054046463104,6966.0,6966.0,0.0,2.5264430013833463e-197,383.10226488113403
10717.0,0.002206844992416641,6966.0,6966.0,2.0,1.6058878780404118e-197,383.10590076446533
10718.0,0.0022046381474242244,6966.0,6966.0,1.0,1.020290737014654e-197,383.10935497283936
10719.0,0.0022024335092768,6966.0,6966.0,0.0,6.479410260549849e-198,383.1127738952637
10720.0,0.0022002310757675233,6966.0,6966.0,0.0,4.112914002870867e-198,383.1163680553436
10721.0,0.002198030844691756,6966.0,6966.0,0.0,2.6095534405310924e-198,383.11996507644653
10722.0,0.002195832813847064,6966.0,6966.0,0.0,1.6549503919628353e-198,383.1235840320587
10723.0,0.002193636981033217,6966.0,6966.0,0.0,1.0490731839401737e-198,383.1270978450775
10724.0,0.002191443344052184,6966.0,6966.0,0.0,6.647041868037337e-199,383.13060212135315
10725.0,0.0021892519007081315,6966.0,6966.0,0.0,4.209714729589847e-199,383.1342570781708
10726.0,0.002187062648807423,6966.0,6966.0,1.0,2.6648842207762894e-199,383.1377160549164
10727.0,0.0021848755861586158,6966.0,6966.0,0.0,1.6861851125177185e-199,383.14129281044006
10728.0,0.002182690710572457,6966.0,6966.0,0.0,1.0664320379081258e-199,383.1449429988861
10729.0,0.0021805080198618845,6966.0,6966.0,0.0,6.741583930078939e-200,383.1485619544983
10730.0,0.0021783275118420226,6966.0,6966.0,0.0,4.25982087080011e-200,383.1521580219269
10731.0,0.0021761491843301805,6966.0,6966.0,1.0,2.6904266620983317e-200,383.15572786331177
10732.0,0.0021739730351458503,6966.0,6966.0,0.0,1.6984439109358997e-200,383.159414768219
10733.0,0.0021717990621107045,6966.0,6966.0,0.0,1.0717198896122927e-200,383.1628918647766
10734.0,0.0021696272630485937,6966.0,6966.0,0.0,6.759447540690799e-201,383.1664960384369
10735.0,0.002167457635785545,6966.0,6966.0,1.0,4.261286582702633e-201,383.1700990200043
10736.0,0.0021652901781497595,6966.0,6966.0,1.0,2.6851571764863604e-201,383.17370891571045
10737.0,0.0021631248879716096,6966.0,6966.0,1.0,1.6912114498971314e-201,383.1774249076843
10738.0,0.0021609617630836382,6966.0,6966.0,2.0,1.0646948059283932e-201,383.1809239387512
10739.0,0.0021588008013205544,6966.0,6966.0,0.0,6.699635676302983e-202,383.18447399139404
10740.0,0.002156642000519234,6966.0,6966.0,0.0,4.213818858399831e-202,383.1880798339844
10741.0,0.0021544853585187145,6966.0,6966.0,0.0,2.649103713235557e-202,383.1915888786316
10742.0,0.0021523308731601957,6966.0,6966.0,0.0,1.6646398294180367e-202,383.1951198577881
10743.0,0.0021501785422870356,6966.0,6966.0,0.0,1.0455375172035126e-202,383.1987450122833
10744.0,0.0021480283637447485,6966.0,6966.0,1.0,6.563821741296104e-203,383.20233511924744
10745.0,0.0021458803353810035,6966.0,6966.0,1.0,4.118808019158261e-203,383.20594215393066
10746.0,0.0021437344550456227,6966.0,6966.0,1.0,2.583352877120559e-203,383.20958495140076
10747.0,0.0021415907205905773,6966.0,6966.0,1.0,1.619545398444374e-203,383.2132799625397
10748.0,0.0021394491298699866,6966.0,6966.0,0.0,1.014844555215742e-203,383.2169361114502
10749.0,0.0021373096807401166,6966.0,6966.0,0.0,6.356275736719183e-204,383.2206161022186
10750.0,0.0021351723710593767,6966.0,6966.0,0.0,3.979261969269961e-204,383.22406792640686
10751.0,0.0021330371986883175,6966.0,6966.0,1.0,2.489996461928068e-204,383.22775411605835
10752.0,0.0021309041614896293,6966.0,6966.0,0.0,1.5573675493536718e-204,383.2313449382782
10753.0,0.0021287732573281397,6966.0,6966.0,1.0,9.735976133874247e-205,383.2348430156708
10754.0,0.0021266444840708117,6966.0,6966.0,1.0,6.0836422071814635e-205,383.23842000961304
10755.0,0.0021245178395867407,6966.0,6966.0,0.0,3.7996483702998424e-205,383.24199986457825
10756.0,0.002122393321747154,6966.0,6966.0,1.0,2.372020981491833e-205,383.245582818985
10757.0,0.0021202709284254065,6966.0,6966.0,0.0,1.4800923537404408e-205,383.249223947525
10758.0,0.002118150657496981,6966.0,6966.0,2.0,9.231113038577936e-206,383.252779006958
10759.0,0.002116032506839484,6966.0,6966.0,1.0,5.754585978558128e-206,383.2563979625702
10760.0,0.0021139164743326443,6966.0,6966.0,0.0,3.5856562466868366e-206,383.2599141597748
10761.0,0.0021118025578583115,6966.0,6966.0,0.0,2.233148323348451e-206,383.2635338306427
10762.0,0.0021096907553004533,6966.0,6966.0,0.0,1.3901466902425697e-206,383.2671420574188
10763.0,0.002107581064545153,6966.0,6966.0,1.0,8.649631939026717e-207,383.27080607414246
10764.0,0.0021054734834806076,6966.0,6966.0,0.0,5.379332089892817e-207,383.27434396743774
10765.0,0.002103368009997127,6966.0,6966.0,2.0,3.3438948207358034e-207,383.27789282798767
10766.0,0.0021012646419871295,6966.0,6966.0,0.0,2.077639429777643e-207,383.2815308570862
10767.0,0.0020991633773451424,6966.0,6966.0,0.0,1.2902707725593803e-207,383.2851769924164
10768.0,0.002097064213967797,6966.0,6966.0,0.0,8.009113423758168e-208,383.28866696357727
10769.0,0.0020949671497538292,6966.0,6966.0,2.0,4.969134189325857e-208,383.2922258377075
10770.0,0.0020928721826040755,6966.0,6966.0,0.0,3.0815519549662187e-208,383.2958629131317
10771.0,0.0020907793104214716,6966.0,6966.0,1.0,1.9100755476402147e-208,383.2995538711548
10772.0,0.00208868853111105,6966.0,6966.0,0.0,1.183378483475494e-208,383.30308198928833
10773.0,0.002086599842579939,6966.0,6966.0,2.0,7.32805393658845e-209,383.30679512023926
10774.0,0.0020845132427373594,6966.0,6966.0,1.0,4.535710242820153e-209,383.31036496162415
10775.0,0.002082428729494622,6966.0,6966.0,0.0,2.806037016979142e-209,383.31394696235657
10776.0,0.0020803463007651275,6966.0,6966.0,1.0,1.7351328363601358e-209,383.31756711006165
10777.0,0.0020782659544643623,6966.0,6966.0,0.0,1.0724155231008665e-209,383.3211100101471
10778.0,0.002076187688509898,6966.0,6966.0,0.0,6.624975491810649e-210,383.3246479034424
10779.0,0.0020741115008213883,6966.0,6966.0,1.0,4.090685318292477e-210,383.3282799720764
10780.0,0.0020720373893205668,6966.0,6966.0,0.0,2.524633091106409e-210,383.3318901062012
10781.0,0.0020699653519312463,6966.0,6966.0,0.0,1.5573658993784358e-210,383.3354980945587
10782.0,0.002067895386579315,6966.0,6966.0,0.0,9.602250556153882e-211,383.33905601501465
10783.0,0.002065827491192736,6966.0,6966.0,1.0,5.9175941889046304e-211,383.34269094467163
10784.0,0.0020637616637015433,6966.0,6966.0,0.0,3.6450785036083204e-211,383.3462281227112
10785.0,0.002061697902037842,6966.0,6966.0,0.0,2.244181324940946e-211,383.34980297088623
10786.0,0.002059636204135804,6966.0,6966.0,0.0,1.3810141937702203e-211,383.35342597961426
10787.0,0.002057576567931668,6966.0,6966.0,0.0,8.494293627838749e-212,383.35706877708435
10788.0,0.0020555189913637364,6966.0,6966.0,0.0,5.222099164711061e-212,383.36052203178406
10789.0,0.0020534634723723727,6966.0,6966.0,1.0,3.2088651458505934e-212,383.3639509677887
10790.0,0.0020514100089,6966.0,6966.0,0.0,1.9708161485211222e-212,383.36738991737366
10791.0,0.0020493585988911,6966.0,6966.0,1.0,1.209842512315757e-212,383.37083292007446
10792.0,0.002047309240292209,6966.0,6966.0,1.0,7.423341505726036e-213,383.3744568824768
10793.0,0.002045261931051917,6966.0,6966.0,0.0,4.552581173812454e-213,383.37810492515564
10794.0,0.002043216669120865,6966.0,6966.0,1.0,2.790637343463282e-213,383.38170099258423
10795.0,0.0020411734524517443,6966.0,6966.0,0.0,1.709764666636789e-213,383.3853998184204
10796.0,0.0020391322789992928,6966.0,6966.0,0.0,1.0470231740973175e-213,383.3890290260315
10797.0,0.0020370931467202933,6966.0,6966.0,1.0,6.408598402929707e-214,383.3926501274109
10798.0,0.002035056053573573,6966.0,6966.0,1.0,3.9206350093582744e-214,383.3963100910187
10799.0,0.0020330209975199993,6966.0,6966.0,0.0,2.3973759805036994e-214,383.3998911380768
10800.0,0.0020309879765224794,6966.0,6966.0,2.0,1.4652173473843062e-214,383.4034159183502
10801.0,0.002028956988545957,6966.0,6966.0,0.0,8.950636204557659e-215,383.4072279930115
10802.0,0.002026928031557411,6966.0,6966.0,0.0,5.465016748242358e-215,383.4107520580292
10803.0,0.0020249011035258536,6966.0,6966.0,0.0,3.3351441678520273e-215,383.41437101364136
10804.0,0.002022876202422328,6966.0,6966.0,0.0,2.0343376411791208e-215,383.41792702674866
10805.0,0.0020208533262199057,6966.0,6966.0,0.0,1.2402708922961286e-215,383.4215371608734
10806.0,0.002018832472893686,6966.0,6966.0,2.0,7.557792190932241e-216,383.42512798309326
10807.0,0.002016813640420792,6966.0,6966.0,0.0,4.6031804957225835e-216,383.42872405052185
10808.0,0.0020147968267803713,6966.0,6966.0,0.0,2.8022411734974516e-216,383.43225598335266
10809.0,0.002012782029953591,6966.0,6966.0,1.0,1.7050505029016062e-216,383.4357678890228
10810.0,0.0020107692479236377,6966.0,6966.0,0.0,1.0369385015599397e-216,383.4394760131836
10811.0,0.002008758478675714,6966.0,6966.0,0.0,6.30307613046252e-217,383.44305181503296
10812.0,0.0020067497201970382,6966.0,6966.0,0.0,3.829443694903394e-217,383.4466540813446
10813.0,0.002004742970476841,6966.0,6966.0,1.0,2.325424215257786e-217,383.4503288269043
10814.0,0.0020027382275063644,6966.0,6966.0,0.0,1.4114056200767632e-217,383.45394492149353
10815.0,0.002000735489278858,6966.0,6966.0,0.0,8.562181443466758e-218,383.4575319290161
10816.0,0.001998734753789579,6966.0,6966.0,0.0,5.191582102492704e-218,383.4610939025879
10817.0,0.0019967360190357897,6966.0,6966.0,0.0,3.146281119229824e-218,383.46476697921753
10818.0,0.001994739283016754,6966.0,6966.0,0.0,1.905801224705239e-218,383.46851682662964
10819.0,0.001992744543733737,6966.0,6966.0,0.0,1.153824460220195e-218,383.47205090522766
10820.0,0.0019907517991900035,6966.0,6966.0,1.0,6.98206238871628e-219,383.4755449295044
10821.0,0.0019887610473908134,6966.0,6966.0,0.0,4.222885776591597e-219,383.47925090789795
10822.0,0.0019867722863434224,6966.0,6966.0,1.0,2.55279741169307e-219,383.4827527999878
10823.0,0.0019847855140570792,6966.0,6966.0,0.0,1.5424267745014952e-219,383.48629093170166
10824.0,0.001982800728543022,6966.0,6966.0,1.0,9.31480417442914e-220,383.48997497558594
10825.0,0.001980817927814479,6966.0,6966.0,0.0,5.622424765497824e-220,383.49343609809875
10826.0,0.0019788371098866647,6966.0,6966.0,1.0,3.3919864358356605e-220,383.497043132782
10827.0,0.001976858272776778,6966.0,6966.0,2.0,2.0453369858070887e-220,383.5006830692291
10828.0,0.001974881414504001,6966.0,6966.0,0.0,1.232695264178593e-220,383.50441002845764
10829.0,0.001972906533089497,6966.0,6966.0,0.0,7.425512849440585e-221,383.50800800323486
10830.0,0.0019709336265564077,6966.0,6966.0,0.0,4.470713409711985e-221,383.5116550922394
10831.0,0.0019689626929298514,6966.0,6966.0,0.0,2.690336708383797e-221,383.5152289867401
10832.0,0.0019669937302369215,6966.0,6966.0,1.0,1.618138358381094e-221,383.5187830924988
10833.0,0.0019650267365066846,6966.0,6966.0,1.0,9.727554142669997e-222,383.52234292030334
10834.0,0.001963061709770178,6966.0,6966.0,0.0,5.84481039353472e-222,383.52590918540955
10835.0,0.0019610986480604075,6966.0,6966.0,1.0,3.510069720133576e-222,383.52953004837036
10836.0,0.001959137549412347,6966.0,6966.0,0.0,2.1068779709752446e-222,383.53319096565247
10837.0,0.0019571784118629343,6966.0,6966.0,1.0,1.2639826812501527e-222,383.53682112693787
10838.0,0.0019552212334510715,6966.0,6966.0,0.0,7.579154220028132e-223,383.54043197631836
10839.0,0.0019532660122176205,6966.0,6966.0,2.0,4.542323093545125e-223,383.5440950393677
10840.0,0.001951312746205403,6966.0,6966.0,1.0,2.7209009664360404e-223,383.54764199256897
10841.0,0.0019493614334591975,6966.0,6966.0,2.0,1.629013410513389e-223,383.55129289627075
10842.0,0.0019474120720257384,6966.0,6966.0,0.0,9.747956290043078e-224,383.5548481941223
10843.0,0.0019454646599537126,6966.0,6966.0,1.0,5.830143607494999e-224,383.5584228038788
10844.0,0.001943519195293759,6966.0,6966.0,0.0,3.4851499927560653e-224,383.5620319843292
10845.0,0.0019415756760984653,6966.0,6966.0,0.0,2.0822842483761183e-224,383.56567192077637
10846.0,0.0019396341004223668,6966.0,6966.0,0.0,1.2434681005436254e-224,383.56928181648254
10847.0,0.0019376944663219444,6966.0,6966.0,1.0,7.421730048911228e-225,383.57306003570557
10848.0,0.0019357567718556225,6966.0,6966.0,0.0,4.427425937384217e-225,383.5766050815582
10849.0,0.0019338210150837668,6966.0,6966.0,0.0,2.6398112652627745e-225,383.5801029205322
10850.0,0.001931887194068683,6966.0,6966.0,0.0,1.5731482355391e-225,383.5837378501892
10851.0,0.0019299553068746144,6966.0,6966.0,0.0,9.370038792524058e-226,383.587308883667
10852.0,0.0019280253515677399,6966.0,6966.0,1.0,5.578120307345962e-226,383.59093475341797
10853.0,0.001926097326216172,6966.0,6966.0,0.0,3.3190124817815894e-226,383.5945279598236
10854.0,0.0019241712288899557,6966.0,6966.0,0.0,1.973804750329095e-226,383.5981569290161
10855.0,0.0019222470576610658,6966.0,6966.0,1.0,1.173204076689584e-226,383.6017999649048
10856.0,0.0019203248106034047,6966.0,6966.0,0.0,6.969743254056075e-227,383.6053719520569
10857.0,0.0019184044857928012,6966.0,6966.0,0.0,4.1384109431905393e-227,383.6089518070221
10858.0,0.0019164860813070084,6966.0,6966.0,0.0,2.4559744115734865e-227,383.61246395111084
10859.0,0.0019145695952257015,6966.0,6966.0,2.0,1.4567573731080713e-227,383.6159608364105
10860.0,0.0019126550256304757,6966.0,6966.0,1.0,8.636217043996579e-228,383.61956906318665
10861.0,0.0019107423706048452,6966.0,6966.0,2.0,5.117202236182171e-228,383.623193025589
10862.0,0.0019088316282342404,6966.0,6966.0,1.0,3.030498651486955e-228,383.62664675712585
10863.0,0.0019069227966060061,6966.0,6966.0,0.0,1.7937745705945236e-228,383.63017201423645
10864.0,0.0019050158738094002,6966.0,6966.0,1.0,1.0611912408165816e-228,383.63380217552185
10865.0,0.0019031108579355908,6966.0,6966.0,0.0,6.2746751680303106e-229,383.63723707199097
10866.0,0.0019012077470776552,6966.0,6966.0,0.0,3.708176593623744e-229,383.64073300361633
10867.0,0.0018993065393305775,6966.0,6966.0,1.0,2.1902864133416593e-229,383.64446091651917
10868.0,0.0018974072327912468,6966.0,6966.0,0.0,1.2930416725981405e-229,383.64794301986694
10869.0,0.0018955098255584557,6966.0,6966.0,0.0,7.629481367134647e-230,383.651526927948
10870.0,0.0018936143157328971,6966.0,6966.0,2.0,4.4993332897784735e-230,383.6552610397339
10871.0,0.0018917207014171643,6966.0,6966.0,0.0,2.6519891115128196e-230,383.6587710380554
10872.0,0.0018898289807157472,6966.0,6966.0,0.0,1.5623038468297034e-230,383.6623980998993
10873.0,0.0018879391517350314,6966.0,6966.0,0.0,9.198758798925261e-231,383.666051864624
10874.0,0.0018860512125832964,6966.0,6966.0,0.0,5.413307455017994e-231,383.66967582702637
10875.0,0.0018841651613707132,6966.0,6966.0,1.0,3.1839457525642407e-231,383.6732370853424
10876.0,0.0018822809962093425,6966.0,6966.0,1.0,1.8717071423575513e-231,383.67686581611633
10877.0,0.0018803987152131332,6966.0,6966.0,0.0,1.0997125385975974e-231,383.680538892746
10878.0,0.0018785183164979201,6966.0,6966.0,0.0,6.457869521663124e-232,383.6841371059418
10879.0,0.0018766397981814223,6966.0,6966.0,1.0,3.790250676924636e-232,383.68788599967957
10880.0,0.0018747631583832408,6966.0,6966.0,0.0,2.2233864209200045e-232,383.69144797325134
10881.0,0.0018728883952248575,6966.0,6966.0,2.0,1.3035571587990937e-232,383.69493889808655
10882.0,0.0018710155068296327,6966.0,6966.0,2.0,7.638588102693927e-233,383.6985318660736
10883.0,0.001869144491322803,6966.0,6966.0,0.0,4.473668049197722e-233,383.7021210193634
10884.0,0.0018672753468314803,6966.0,6966.0,1.0,2.6186764205387334e-233,383.70572876930237
10885.0,0.0018654080714846488,6966.0,6966.0,0.0,1.5320294183781129e-233,383.7093620300293
10886.0,0.0018635426634131642,6966.0,6966.0,0.0,8.95817050102838e-234,383.7130410671234
10887.0,0.001861679120749751,6966.0,6966.0,0.0,5.235260088735649e-234,383.716509103775
10888.0,0.0018598174416290013,6966.0,6966.0,0.0,3.0579028666990374e-234,383.71998286247253
10889.0,0.0018579576241873723,6966.0,6966.0,1.0,1.7851526602209816e-234,383.72357201576233
10890.0,0.001856099666563185,6966.0,6966.0,1.0,1.0415810128870053e-234,383.7272160053253
10891.0,0.0018542435668966219,6966.0,6966.0,0.0,6.074024383567988e-235,383.73070096969604
10892.0,0.0018523893233297253,6966.0,6966.0,0.0,3.540181730902071e-235,383.73435616493225
10893.0,0.0018505369340063955,6966.0,6966.0,0.0,2.0622432770522092e-235,383.7380509376526
10894.0,0.001848686397072389,6966.0,6966.0,1.0,1.200657991329606e-235,383.74162912368774
10895.0,0.0018468377106753166,6966.0,6966.0,1.0,6.9865629966300926e-236,383.745157957077
10896.0,0.0018449908729646412,6966.0,6966.0,0.0,4.063239781302119e-236,383.7487690448761
10897.0,0.0018431458820916766,6966.0,6966.0,0.0,2.3618140266254884e-236,383.75240087509155
10898.0,0.001841302736209585,6966.0,6966.0,0.0,1.3720915210860115e-236,383.75602197647095
10899.0,0.0018394614334733754,6966.0,6966.0,0.0,7.966808259795948e-237,383.7596130371094
10900.0,0.001837621972039902,6966.0,6966.0,0.0,4.623270608940126e-237,383.76321601867676
10901.0,0.001835784350067862,6966.0,6966.0,0.0,2.681499324943028e-237,383.7668640613556
10902.0,0.0018339485657177942,6966.0,6966.0,0.0,1.5544231702133138e-237,383.7704689502716
10903.0,0.0018321146171520763,6966.0,6966.0,0.0,9.005830836493366e-238,383.7740828990936
10904.0,0.0018302825025349242,6966.0,6966.0,0.0,5.214840455718309e-238,383.7776720523834
10905.0,0.0018284522200323892,6966.0,6966.0,1.0,3.018010502670811e-238,383.78129386901855
10906.0,0.0018266237678123568,6966.0,6966.0,1.0,1.7456722551062427e-238,383.78495597839355
10907.0,0.0018247971440445445,6966.0,6966.0,1.0,1.0091754481150173e-238,383.7886309623718
10908.0,0.0018229723469005,6966.0,6966.0,0.0,5.830857241256466e-239,383.7922468185425
10909.0,0.0018211493745535995,6966.0,6966.0,0.0,3.3671283257766792e-239,383.7959530353546
10910.0,0.0018193282251790458,6966.0,6966.0,1.0,1.943337434059426e-239,383.79965710639954
10911.0,0.0018175088969538667,6966.0,6966.0,0.0,1.1209798711850325e-239,383.8032989501953
10912.0,0.0018156913880569127,6966.0,6966.0,1.0,6.462614080534733e-240,383.80694794654846
10913.0,0.0018138756966688558,6966.0,6966.0,0.0,3.7237387289968484e-240,383.8105480670929
10914.0,0.001812061820972187,6966.0,6966.0,0.0,2.1444232746057784e-240,383.8142411708832
10915.0,0.0018102497591512147,6966.0,6966.0,1.0,1.2342465278003284e-240,383.8179988861084
10916.0,0.0018084395093920635,6966.0,6966.0,1.0,7.099915292786166e-241,383.82167887687683
10917.0,0.0018066310698826714,6966.0,6966.0,0.0,4.0819156993893556e-241,383.82568192481995
10918.0,0.0018048244388127889,6966.0,6966.0,1.0,2.345493672052269e-241,383.82946491241455
10919.0,0.001803019614373976,6966.0,6966.0,1.0,1.3469876976320405e-241,383.833135843277
10920.0,0.001801216594759602,6966.0,6966.0,0.0,7.731288525660993e-242,383.83668994903564
10921.0,0.0017994153781648425,6966.0,6966.0,0.0,4.435052650310041e-242,383.84035897254944
10922.0,0.0017976159627866777,6966.0,6966.0,1.0,2.5427524648198614e-242,383.8440189361572
10923.0,0.001795818346823891,6966.0,6966.0,0.0,1.4570268383399125e-242,383.8476481437683
10924.0,0.0017940225284770672,6966.0,6966.0,0.0,8.344281376565347e-243,383.85126781463623
10925.0,0.0017922285059485902,6966.0,6966.0,0.0,4.776040583464232e-243,383.8548719882965
10926.0,0.0017904362774426416,6966.0,6966.0,2.0,2.7321498349334094e-243,383.8584280014038
10927.0,0.001788645841165199,6966.0,6966.0,0.0,1.5620617974026013e-243,383.8620779514313
10928.0,0.0017868571953240338,6966.0,6966.0,0.0,8.925835117084585e-244,383.86565685272217
10929.0,0.0017850703381287099,6966.0,6966.0,0.0,5.097488049190347e-244,383.86927485466003
10930.0,0.001783285267790581,6966.0,6966.0,0.0,2.909511219969334e-244,383.87287306785583
10931.0,0.0017815019825227906,6966.0,6966.0,1.0,1.659740059988598e-244,383.8763279914856
10932.0,0.0017797204805402678,6966.0,6966.0,0.0,9.462722241634596e-245,383.87998604774475
10933.0,0.0017779407600597276,6966.0,6966.0,0.0,5.391974632476314e-245,383.8836119174957
10934.0,0.0017761628192996678,6966.0,6966.0,0.0,3.070683641626016e-245,383.8872458934784
10935.0,0.001774386656480368,6966.0,6966.0,1.0,1.747742925791101e-245,383.8909800052643
10936.0,0.0017726122698238876,6966.0,6966.0,1.0,9.942029054221508e-246,383.89459586143494
10937.0,0.0017708396575540637,6966.0,6966.0,1.0,5.652326692812561e-246,383.89839911460876
10938.0,0.0017690688178965096,6966.0,6966.0,1.0,3.211692734210118e-246,383.9022738933563
10939.0,0.0017672997490786131,6966.0,6966.0,1.0,1.8238746377101543e-246,383.9059429168701
10940.0,0.0017655324493295345,6966.0,6966.0,0.0,1.0351659881439694e-246,383.9094319343567
10941.0,0.001763766916880205,6966.0,6966.0,1.0,5.871901651468631e-247,383.91306710243225
10942.0,0.0017620031499633248,6966.0,6966.0,0.0,3.328902490186359e-247,383.9165909290314
10943.0,0.0017602411468133614,6966.0,6966.0,0.0,1.886151835992761e-247,383.9201078414917
10944.0,0.001758480905666548,6966.0,6966.0,1.0,1.0680836227481658e-247,383.9237871170044
10945.0,0.0017567224247608815,6966.0,6966.0,3.0,6.0448655064485226e-248,383.9273569583893
10946.0,0.0017549657023361205,6966.0,6966.0,2.0,3.419168967403219e-248,383.9309000968933
10947.0,0.0017532107366337844,6966.0,6966.0,0.0,1.932888356455468e-248,383.9345350265503
10948.0,0.0017514575258971506,6966.0,6966.0,0.0,1.092056265608617e-248,383.93833780288696
10949.0,0.0017497060683712535,6966.0,6966.0,1.0,6.166447665269899e-249,383.9418570995331
10950.0,0.0017479563623028823,6966.0,6966.0,1.0,3.4799790273937933e-249,383.94549894332886
10951.0,0.0017462084059405795,6966.0,6966.0,0.0,1.962770382953381e-249,383.94908714294434
10952.0,0.0017444621975346388,6966.0,6966.0,0.0,1.1064031651668992e-249,383.95268297195435
10953.0,0.001742717735337104,6966.0,6966.0,1.0,6.233157741324992e-250,383.9563238620758
10954.0,0.001740975017601767,6966.0,6966.0,1.0,3.5095656521351294e-250,383.95993089675903
10955.0,0.0017392340425841652,6966.0,6966.0,1.0,1.974917326109063e-250,383.96353006362915
10956.0,0.0017374948085415811,6966.0,6966.0,0.0,1.1106942266951285e-250,383.9671199321747
10957.0,0.0017357573137330396,6966.0,6966.0,0.0,6.242950685424608e-251,383.97078680992126
10958.0,0.0017340215564193065,6966.0,6966.0,0.0,3.5069925167957855e-251,383.9743330478668
10959.0,0.0017322875348628872,6966.0,6966.0,0.0,1.9689245234408425e-251,383.97789692878723
10960.0,0.0017305552473280243,6966.0,6966.0,1.0,1.1047711908175133e-251,383.98165011405945
10961.0,0.0017288246920806963,6966.0,6966.0,0.0,6.195329437579172e-252,383.98527693748474
10962.0,0.0017270958673886155,6966.0,6966.0,1.0,3.4722022167333534e-252,383.98893904685974
10963.0,0.0017253687715212268,6966.0,6966.0,0.0,1.944884897412153e-252,383.9926669597626
10964.0,0.0017236434027497055,6966.0,6966.0,0.0,1.0887566853607915e-252,383.9962899684906
10965.0,0.001721919759346956,6966.0,6966.0,0.0,6.091377997910029e-253,383.9999361038208
10966.0,0.001720197839587609,6966.0,6966.0,0.0,3.406024739361856e-253,384.003536939621
10967.0,0.0017184776417480214,6966.0,6966.0,1.0,1.9033879932918215e-253,384.0073039531708
10968.0,0.0017167591641062735,6966.0,6966.0,0.0,1.0630504589200634e-253,384.01086592674255
10969.0,0.0017150424049421672,6966.0,6966.0,1.0,5.933722151975792e-254,384.01446294784546
10970.0,0.001713327362537225,6966.0,6966.0,0.0,3.3101452684340443e-254,384.0181231498718
10971.0,0.0017116140351746878,6966.0,6966.0,0.0,1.845496248605675e-254,384.0217139720917
10972.0,0.0017099024211395131,6966.0,6966.0,1.0,1.028312919029278e-254,384.025337934494
10973.0,0.0017081925187183737,6966.0,6966.0,0.0,5.726419701193084e-255,384.0288989543915
10974.0,0.0017064843261996553,6966.0,6966.0,0.0,3.187033010107438e-255,384.0325059890747
10975.0,0.0017047778418734557,6966.0,6966.0,0.0,1.7726998051192153e-255,384.0361359119415
10976.0,0.0017030730640315822,6966.0,6966.0,0.0,9.854369118943254e-256,384.03975105285645
10977.0,0.0017013699909675505,6966.0,6966.0,0.0,5.474786566735758e-256,384.04336190223694
10978.0,0.001699668620976583,6966.0,6966.0,0.0,3.0398352236511577e-256,384.0468339920044
10979.0,0.0016979689523556065,6966.0,6966.0,0.0,1.6868525427792175e-256,384.0503759384155
10980.0,0.001696270983403251,6966.0,6966.0,2.0,9.355094272620662e-257,384.0540361404419
10981.0,0.0016945747124198476,6966.0,6966.0,0.0,5.185169183135658e-257,384.0576059818268
10982.0,0.0016928801377074278,6966.0,6966.0,2.0,2.8722428194836386e-257,384.0611479282379
10983.0,0.0016911872575697204,6966.0,6966.0,1.0,1.5900931803441445e-257,384.06473088264465
10984.0,0.0016894960703121506,6966.0,6966.0,1.0,8.797655299553797e-258,384.0684959888458
10985.0,0.0016878065742418384,6966.0,6966.0,0.0,4.864676845362737e-258,384.0720989704132
10986.0,0.0016861187676675965,6966.0,6966.0,0.0,2.688335576483958e-258,384.0756769180298
10987.0,0.0016844326488999288,6966.0,6966.0,0.0,1.484756155724206e-258,384.0792579650879
10988.0,0.001682748216251029,6966.0,6966.0,2.0,8.195372596294856e-259,384.0827569961548
10989.0,0.0016810654680347779,6966.0,6966.0,2.0,4.520889864842179e-259,384.0864222049713
10990.0,0.001679384402566743,6966.0,6966.0,0.0,2.4924160984814627e-259,384.08994698524475
10991.0,0.0016777050181641764,6966.0,6966.0,0.0,1.3732775045378816e-259,384.09343910217285
10992.0,0.0016760273131460122,6966.0,6966.0,1.0,7.562004699825365e-260,384.0970239639282
10993.0,0.0016743512858328662,6966.0,6966.0,2.0,4.16156037000528e-260,384.10067200660706
10994.0,0.0016726769345470334,6966.0,6966.0,0.0,2.2888420043767104e-260,384.1043310165405
10995.0,0.0016710042576124863,6966.0,6966.0,0.0,1.2581010664482866e-260,384.10809206962585
10996.0,0.0016693332533548738,6966.0,6966.0,0.0,6.911225852948638e-261,384.11170291900635
10997.0,0.0016676639201015188,6966.0,6966.0,0.0,3.7943223133254666e-261,384.115375995636
10998.0,0.0016659962561814173,6966.0,6966.0,1.0,2.0818655201555695e-261,384.11892318725586
10999.0,0.001664330259925236,6966.0,6966.0,0.0,1.1415900704976505e-261,384.12257385253906
11000.0,0.0016626659296653107,6966.0,6966.0,1.0,6.256140436880012e-262,384.12617897987366
11001.0,0.0016610032637356454,6966.0,6966.0,0.0,3.4264257917495086e-262,384.1298670768738
11002.0,0.0016593422604719097,6966.0,6966.0,2.0,1.8754886701329127e-262,384.133504152298
11003.0,0.0016576829182114378,6966.0,6966.0,1.0,1.025948522763728e-262,384.13709807395935
11004.0,0.0016560252352932263,6966.0,6966.0,1.0,5.6088579981208586e-263,384.14066791534424
11005.0,0.001654369210057933,6966.0,6966.0,0.0,3.0645083267327417e-263,384.1443190574646
11006.0,0.001652714840847875,6966.0,6966.0,1.0,1.673340760756685e-263,384.1479489803314
11007.0,0.001651062126007027,6966.0,6966.0,0.0,9.13155911722252e-264,384.15158700942993
11008.0,0.00164941106388102,6966.0,6966.0,1.0,4.980147173493478e-264,384.1552939414978
11009.0,0.0016477616528171389,6966.0,6966.0,0.0,2.714412540628509e-264,384.1588628292084
11010.0,0.0016461138911643216,6966.0,6966.0,0.0,1.4785829666217021e-264,384.16235089302063
11011.0,0.0016444677772731572,6966.0,6966.0,1.0,8.049176493679467e-265,384.1661479473114
11012.0,0.001642823309495884,6966.0,6966.0,1.0,4.379180468493407e-265,384.16969776153564
11013.0,0.0016411804861863881,6966.0,6966.0,1.0,2.3810560164865443e-265,384.1732370853424
11014.0,0.0016395393057002017,6966.0,6966.0,0.0,1.293842742775048e-265,384.17697286605835
11015.0,0.0016378997663945014,6966.0,6966.0,0.0,7.026324811729957e-266,384.18053793907166
11016.0,0.001636261866628107,6966.0,6966.0,1.0,3.8133751482196665e-266,384.18419218063354
11017.0,0.0016346256047614788,6966.0,6966.0,0.0,2.0683553647634423e-266,384.1878731250763
11018.0,0.0016329909791567173,6966.0,6966.0,0.0,1.1211786830440734e-266,384.191486120224
11019.0,0.0016313579881775606,6966.0,6966.0,0.0,6.073769273914821e-267,384.195161819458
11020.0,0.001629726630189383,6966.0,6966.0,2.0,3.288329022168757e-267,384.19874906539917
11021.0,0.0016280969035591937,6966.0,6966.0,0.0,1.7792029540775912e-267,384.20231890678406
11022.0,0.0016264688066556345,6966.0,6966.0,0.0,9.620744910271318e-268,384.2059428691864
11023.0,0.0016248423378489789,6966.0,6966.0,0.0,5.199057544012875e-268,384.20946502685547
11024.0,0.0016232174955111299,6966.0,6966.0,1.0,2.8078441421265236e-268,384.2130060195923
11025.0,0.0016215942780156188,6966.0,6966.0,0.0,1.5154916604673857e-268,384.21660804748535
11026.0,0.0016199726837376033,6966.0,6966.0,0.0,8.17459070040925e-269,384.22014904022217
11027.0,0.0016183527110538657,6966.0,6966.0,0.0,4.406665921532619e-269,384.2237877845764
11028.0,0.001616734358342812,6966.0,6966.0,0.0,2.3740267742045958e-269,384.2273619174957
11029.0,0.001615117623984469,6966.0,6966.0,1.0,1.2781805505380615e-269,384.23125410079956
11030.0,0.0016135025063604845,6966.0,6966.0,0.0,6.877484724332576e-270,384.23482298851013
11031.0,0.001611889003854124,6966.0,6966.0,1.0,3.698261633560821e-270,384.23870182037354
11032.0,0.00161027711485027,6966.0,6966.0,0.0,1.987448702454359e-270,384.24229097366333
11033.0,0.0016086668377354196,6966.0,6966.0,0.0,1.0673927588921836e-270,384.2462811470032
11034.0,0.0016070581708976842,6966.0,6966.0,0.0,5.729046333297658e-271,384.2500088214874
11035.0,0.0016054511127267866,6966.0,6966.0,2.0,3.073051967142565e-271,384.25347995758057
11036.0,0.0016038456616140598,6966.0,6966.0,0.0,1.6473530760692874e-271,384.25723600387573
11037.0,0.0016022418159524457,6966.0,6966.0,0.0,8.825359870990671e-272,384.2608549594879
11038.0,0.0016006395741364932,6966.0,6966.0,2.0,4.725054590341488e-272,384.26446509361267
11039.0,0.0015990389345623566,6966.0,6966.0,2.0,2.528189597715255e-272,384.26801586151123
11040.0,0.0015974398956277943,6966.0,6966.0,0.0,1.3518875878779496e-272,384.2716691493988
11041.0,0.0015958424557321665,6966.0,6966.0,0.0,7.224360011560587e-273,384.2753119468689
11042.0,0.0015942466132764343,6966.0,6966.0,0.0,3.858209142495827e-273,384.2788598537445
11043.0,0.001592652366663158,6966.0,6966.0,0.0,2.0592044366776594e-273,384.2824320793152
11044.0,0.0015910597142964947,6966.0,6966.0,1.0,1.0983486118463108e-273,384.28603887557983
11045.0,0.0015894686545821983,6966.0,6966.0,0.0,5.854741344148332e-274,384.2896430492401
11046.0,0.0015878791859276161,6966.0,6966.0,0.0,3.1189018997449637e-274,384.2932198047638
11047.0,0.0015862913067416886,6966.0,6966.0,0.0,1.6604352203342768e-274,384.29690980911255
11048.0,0.0015847050154349468,6966.0,6966.0,1.0,8.834217855747928e-275,384.30048394203186
11049.0,0.0015831203104195119,6966.0,6966.0,0.0,4.697209655028166e-275,384.30412101745605
11050.0,0.0015815371901090924,6966.0,6966.0,1.0,2.495957476823332e-275,384.3076910972595
11051.0,0.0015799556529189833,6966.0,6966.0,1.0,1.325438378631527e-275,384.3112199306488
11052.0,0.0015783756972660642,6966.0,6966.0,2.0,7.034071011553262e-276,384.31481194496155
11053.0,0.0015767973215687983,6966.0,6966.0,0.0,3.730598634194687e-276,384.31843304634094
11054.0,0.0015752205242472294,6966.0,6966.0,2.0,1.9773092657923966e-276,384.3219439983368
11055.0,0.0015736453037229821,6966.0,6966.0,0.0,1.0473568951767812e-276,384.3255808353424
11056.0,0.0015720716584192592,6966.0,6966.0,0.0,5.544195483595902e-277,384.3292679786682
11057.0,0.00157049958676084,6966.0,6966.0,0.0,2.932957977340217e-277,384.332811832428
11058.0,0.001568929087174079,6966.0,6966.0,0.0,1.5505877081655712e-277,384.3362920284271
11059.0,0.001567360158086905,6966.0,6966.0,0.0,8.192373548438622e-278,384.3400249481201
11060.0,0.001565792797928818,6966.0,6966.0,0.0,4.325594381283873e-278,384.343514919281
11061.0,0.001564227005130889,6966.0,6966.0,0.0,2.282465367801133e-278,384.3469588756561
11062.0,0.001562662778125758,6966.0,6966.0,0.0,1.2036069347410185e-278,384.35063099861145
11063.0,0.0015611001153476324,6966.0,6966.0,0.0,6.342886910605217e-279,384.3542809486389
11064.0,0.0015595390152322848,6966.0,6966.0,0.0,3.3404946386619574e-279,384.35789918899536
11065.0,0.0015579794762170525,6966.0,6966.0,0.0,1.758149635259959e-279,384.361389875412
11066.0,0.0015564214967408354,6966.0,6966.0,1.0,9.2474471243936e-280,384.36488604545593
11067.0,0.0015548650752440945,6966.0,6966.0,0.0,4.860809101025711e-280,384.36853098869324
11068.0,0.0015533102101688504,6966.0,6966.0,1.0,2.553381344427702e-280,384.371985912323
11069.0,0.0015517568999586816,6966.0,6966.0,0.0,1.3404262492415e-280,384.3754289150238
11070.0,0.0015502051430587229,6966.0,6966.0,1.0,7.032180571056219e-281,384.3790819644928
11071.0,0.0015486549379156642,6966.0,6966.0,1.0,3.68686020396305e-281,384.3825900554657
11072.0,0.0015471062829777486,6966.0,6966.0,0.0,1.9317130475949204e-281,384.386127948761
11073.0,0.0015455591766947707,6966.0,6966.0,0.0,1.0114573177169995e-281,384.38962388038635
11074.0,0.001544013617518076,6966.0,6966.0,0.0,5.292626317880335e-282,384.39317297935486
11075.0,0.001542469603900558,6966.0,6966.0,0.0,2.7676638764204954e-282,384.3966529369354
11076.0,0.0015409271342966574,6966.0,6966.0,0.0,1.446350729539695e-282,384.4002540111542
11077.0,0.0015393862071623608,6966.0,6966.0,1.0,7.553561521441811e-283,384.4038758277893
11078.0,0.0015378468209551984,6966.0,6966.0,2.0,3.942280467646559e-283,384.4075291156769
11079.0,0.0015363089741342432,6966.0,6966.0,0.0,2.056177387977171e-283,384.41130089759827
11080.0,0.001534772665160109,6966.0,6966.0,0.0,1.0717430342735892e-283,384.4149510860443
11081.0,0.001533237892494949,6966.0,6966.0,0.0,5.582612800253581e-284,384.41873598098755
11082.0,0.001531704654602454,6966.0,6966.0,1.0,2.906034780813631e-284,384.4222710132599
11083.0,0.0015301729499478517,6966.0,6966.0,0.0,1.511751082038734e-284,384.42593789100647
11084.0,0.001528642776997904,6966.0,6966.0,0.0,7.85915155588098e-285,384.4296119213104
11085.0,0.001527114134220906,6966.0,6966.0,0.0,4.083068354005286e-285,384.433247089386
11086.0,0.0015255870200866853,6966.0,6966.0,1.0,2.119888229122872e-285,384.43691301345825
11087.0,0.0015240614330665986,6966.0,6966.0,0.0,1.0999028255735357e-285,384.4406979084015
11088.0,0.001522537371633532,6966.0,6966.0,1.0,5.703092665025592e-286,384.44431591033936
11089.0,0.0015210148342618983,6966.0,6966.0,1.0,2.9551600644954434e-286,384.4480540752411
11090.0,0.0015194938194276364,6966.0,6966.0,1.0,1.5302619334055498e-286,384.45163798332214
11091.0,0.0015179743256082089,6966.0,6966.0,0.0,7.918892353599425e-287,384.4552369117737
11092.0,0.0015164563512826007,6966.0,6966.0,0.0,4.095215083022006e-287,384.45883083343506
11093.0,0.0015149398949313182,6966.0,6966.0,0.0,2.1164222488985628e-287,384.4623999595642
11094.0,0.0015134249550363868,6966.0,6966.0,0.0,1.0930523426415914e-287,384.46609687805176
11095.0,0.0015119115300813505,6966.0,6966.0,2.0,5.641470892523356e-288,384.46975088119507
11096.0,0.0015103996185512692,6966.0,6966.0,1.0,2.909753558110408e-288,384.4734239578247
11097.0,0.001508889218932718,6966.0,6966.0,1.0,1.499796169826551e-288,384.4770619869232
11098.0,0.0015073803297137851,6966.0,6966.0,0.0,7.7253855037445845e-289,384.480651140213
11099.0,0.0015058729493840713,6966.0,6966.0,1.0,3.976671163075163e-289,384.48424005508423
11100.0,0.001504367076434687,6966.0,6966.0,0.0,2.045646138964377e-289,384.48801708221436
11101.0,0.0015028627093582525,6966.0,6966.0,0.0,1.0516043232833868e-289,384.4916310310364
11102.0,0.0015013598466488943,6966.0,6966.0,2.0,5.402377747240632e-290,384.49518179893494
11103.0,0.0014998584868022454,6966.0,6966.0,0.0,2.7734987584450497e-290,384.49882411956787
11104.0,0.001498358628315443,6966.0,6966.0,1.0,1.4229222059145355e-290,384.50234293937683
11105.0,0.0014968602696871277,6966.0,6966.0,0.0,7.295317559825722e-291,384.50597405433655
11106.0,0.0014953634094174405,6966.0,6966.0,1.0,3.7378065262900834e-291,384.50978207588196
11107.0,0.001493868046008023,6966.0,6966.0,0.0,1.913809546891607e-291,384.5134060382843
11108.0,0.001492374177962015,6966.0,6966.0,1.0,9.792410396260162e-292,384.5170991420746
11109.0,0.001490881803784053,6966.0,6966.0,0.0,5.007133785949534e-292,384.52072191238403
11110.0,0.001489390921980269,6966.0,6966.0,0.0,2.558569348083538e-292,384.524288892746
11111.0,0.0014879015310582887,6966.0,6966.0,0.0,1.3065117082617864e-292,384.5278170108795
11112.0,0.0014864136295272305,6966.0,6966.0,0.0,6.667104207428323e-293,384.5314860343933
11113.0,0.0014849272158977032,6966.0,6966.0,0.0,3.399920107435073e-293,384.53497409820557
11114.0,0.0014834422886818054,6966.0,6966.0,0.0,1.7326363415917027e-293,384.53846192359924
11115.0,0.0014819588463931236,6966.0,6966.0,0.0,8.823747511922926e-294,384.542053937912
11116.0,0.0014804768875467304,6966.0,6966.0,1.0,4.490610399951201e-294,384.54571294784546
11117.0,0.0014789964106591837,6966.0,6966.0,3.0,2.2838314113769807e-294,384.54936504364014
11118.0,0.0014775174142485246,6966.0,6966.0,0.0,1.1607234823092386e-294,384.55308079719543
11119.0,0.001476039896834276,6966.0,6966.0,1.0,5.895209860157475e-295,384.5567891597748
11120.0,0.0014745638569374417,6966.0,6966.0,0.0,2.9920940819323677e-295,384.56034803390503
11121.0,0.0014730892930805042,6966.0,6966.0,0.0,1.5175967979763719e-295,384.56396985054016
11122.0,0.0014716162037874238,6966.0,6966.0,1.0,7.692056117768149e-296,384.5676350593567
11123.0,0.0014701445875836363,6966.0,6966.0,1.0,3.896126750293812e-296,384.571222782135
11124.0,0.0014686744429960527,6966.0,6966.0,0.0,1.9720957859459847e-296,384.57483887672424
11125.0,0.0014672057685530566,6966.0,6966.0,1.0,9.975322196279677e-297,384.57854080200195
11126.0,0.0014657385627845035,6966.0,6966.0,1.0,5.0423102216312995e-297,384.5821568965912
11127.0,0.001464272824221719,6966.0,6966.0,0.0,2.5470390133730033e-297,384.58583402633667
11128.0,0.0014628085513974974,6966.0,6966.0,0.0,1.2857150923948236e-297,384.5895149707794
11129.0,0.0014613457428461,6966.0,6966.0,1.0,6.485697645851194e-298,384.59329295158386
11130.0,0.0014598843971032538,6966.0,6966.0,0.0,3.269423423602689e-298,384.5968210697174
11131.0,0.0014584245127061506,6966.0,6966.0,0.0,1.646978226191719e-298,384.60041403770447
11132.0,0.0014569660881934444,6966.0,6966.0,1.0,8.29099138921266e-299,384.6040139198303
11133.0,0.0014555091221052508,6966.0,6966.0,0.0,4.170870355971183e-299,384.6076428890228
11134.0,0.0014540536129831457,6966.0,6966.0,0.0,2.0967576636031062e-299,384.61130595207214
11135.0,0.0014525995593701626,6966.0,6966.0,0.0,1.0533454165489017e-299,384.61492800712585
11136.0,0.0014511469598107924,6966.0,6966.0,0.0,5.2880323575832035e-300,384.61849999427795
11137.0,0.0014496958128509816,6966.0,6966.0,0.0,2.652881320369854e-300,384.622083902359
11138.0,0.0014482461170381305,6966.0,6966.0,0.0,1.3299694447548581e-300,384.6256220340729
11139.0,0.0014467978709210923,6966.0,6966.0,2.0,6.662931198424848e-301,384.6292669773102
11140.0,0.0014453510730501713,6966.0,6966.0,0.0,3.3357117693909253e-301,384.63287591934204
11141.0,0.001443905721977121,6966.0,6966.0,1.0,1.6688255036863847e-301,384.6365649700165
11142.0,0.001442461816255144,6966.0,6966.0,0.0,8.343192431146885e-302,384.6403160095215
11143.0,0.0014410193544388888,6966.0,6966.0,1.0,4.1682351602929913e-302,384.643837928772
11144.0,0.00143957833508445,6966.0,6966.0,0.0,2.080992347447895e-302,384.6473391056061
11145.0,0.0014381387567493655,6966.0,6966.0,2.0,1.038213734687318e-302,384.65100598335266
11146.0,0.001436700617992616,6966.0,6966.0,0.0,5.176077504968123e-303,384.6546540260315
11147.0,0.0014352639173746233,6966.0,6966.0,0.0,2.5787674684527084e-303,384.6583318710327
11148.0,0.0014338286534572487,6966.0,6966.0,1.0,1.283868973317205e-303,384.66205191612244
11149.0,0.0014323948248037915,6966.0,6966.0,1.0,6.387428174643172e-304,384.66557097435
11150.0,0.0014309624299789878,6966.0,6966.0,0.0,3.1756150936540193e-304,384.6690819263458
11151.0,0.0014295314675490088,6966.0,6966.0,0.0,1.5777052959717835e-304,384.672865152359
11152.0,0.0014281019360814597,6966.0,6966.0,0.0,7.832849879657321e-305,384.67652010917664
11153.0,0.0014266738341453783,6966.0,6966.0,0.0,3.8860583064612945e-305,384.6802809238434
11154.0,0.001425247160311233,6966.0,6966.0,0.0,1.9266113150292414e-305,384.68398809432983
11155.0,0.0014238219131509217,6966.0,6966.0,1.0,9.544954894938863e-306,384.6876618862152
11156.0,0.0014223980912377707,6966.0,6966.0,1.0,4.7255061072784956e-306,384.6912558078766
11157.0,0.001420975693146533,6966.0,6966.0,0.0,2.3378527088097393e-306,384.694885969162
11158.0,0.0014195547174533864,6966.0,6966.0,1.0,1.1557929097895862e-306,384.69843006134033
11159.0,0.001418135162735933,6966.0,6966.0,0.0,5.7100072888116275e-307,384.70192694664
11160.0,0.001416717027573197,6966.0,6966.0,0.0,2.8189459533110176e-307,384.705598115921
11161.0,0.001415300310545624,6966.0,6966.0,1.0,1.3906888714138303e-307,384.7092480659485
11162.0,0.0014138850102350783,6966.0,6966.0,0.0,6.855924801010204e-308,384.71283197402954
11163.0,0.0014124711252248433,6966.0,6966.0,0.0,3.377494418793682e-308,384.7164340019226
11164.0,0.0014110586540996184,6966.0,6966.0,0.0,1.662705967530543e-308,384.7200400829315
11165.0,0.0014096475954455188,6966.0,6966.0,0.0,8.17952687489232e-309,384.72359681129456
11166.0,0.0014082379478500733,6966.0,6966.0,0.0,4.0209855850601e-309,384.7271718978882
11167.0,0.0014068297099022232,6966.0,6966.0,0.0,1.975277625243367e-309,384.7309398651123
11168.0,0.001405422880192321,6966.0,6966.0,0.0,9.6964945812687e-310,384.7344229221344
11169.0,0.0014040174573121287,6966.0,6966.0,1.0,4.75654983367533e-310,384.7380459308624
11170.0,0.0014026134398548167,6966.0,6966.0,2.0,2.33163040968287e-310,384.74162793159485
11171.0,0.0014012108264149618,6966.0,6966.0,1.0,1.14213496809855e-310,384.7450819015503
11172.0,0.0013998096155885468,6966.0,6966.0,0.0,5.590683326481e-311,384.7486879825592
11173.0,0.0013984098059729583,6966.0,6966.0,0.0,2.7346502824156e-311,384.75218296051025
11174.0,0.0013970113961669854,6966.0,6966.0,1.0,1.3366811474204e-311,384.75565099716187
11175.0,0.0013956143847708184,6966.0,6966.0,0.0,6.52893981872e-312,384.7592878341675
11176.0,0.0013942187703860475,6966.0,6966.0,0.0,3.18673544919e-312,384.7630548477173
11177.0,0.0013928245516156615,6966.0,6966.0,0.0,1.554309670295e-312,384.7666549682617
11178.0,0.001391431727064046,6966.0,6966.0,0.0,7.57559878966e-313,384.7703289985657
11179.0,0.0013900402953369818,6966.0,6966.0,0.0,3.6896396265e-313,384.7739658355713
11180.0,0.0013886502550416449,6966.0,6966.0,0.0,1.79571821564e-313,384.7774610519409
11181.0,0.0013872616047866033,6966.0,6966.0,0.0,8.733319878e-314,384.7810068130493
11182.0,0.0013858743431818166,6966.0,6966.0,0.0,4.244310761e-314,384.7846028804779
11183.0,0.0013844884688386347,6966.0,6966.0,0.0,2.0612055157e-314,384.7881848812103
11184.0,0.001383103980369796,6966.0,6966.0,0.0,1.000279613e-314,384.7917699813843
11185.0,0.0013817208763894262,6966.0,6966.0,2.0,4.850731373e-315,384.7953670024872
11186.0,0.0013803391555130369,6966.0,6966.0,0.0,2.35059822e-315,384.7990207672119
11187.0,0.001378958816357524,6966.0,6966.0,0.0,1.13824208e-315,384.80274295806885
11188.0,0.0013775798575411664,6966.0,6966.0,0.0,5.5077677e-316,384.80643010139465
11189.0,0.0013762022776836252,6966.0,6966.0,0.0,2.66318305e-316,384.81000995635986
11190.0,0.0013748260754059415,6966.0,6966.0,0.0,1.2867984e-316,384.8136179447174
11191.0,0.0013734512493305355,6966.0,6966.0,0.0,6.2130356e-317,384.8171429634094
11192.0,0.001372077798081205,6966.0,6966.0,0.0,2.997648e-317,384.8206949234009
11193.0,0.0013707057202831238,6966.0,6966.0,1.0,1.445242e-317,384.82426714897156
11194.0,0.0013693350145628407,6966.0,6966.0,1.0,6.962793e-318,384.82782912254333
11195.0,0.0013679656795482777,6966.0,6966.0,0.0,3.35204e-318,384.83138275146484
11196.0,0.0013665977138687295,6966.0,6966.0,0.0,1.61256e-318,384.83519196510315
11197.0,0.0013652311161548609,6966.0,6966.0,0.0,7.75184e-319,384.8391377925873
11198.0,0.001363865885038706,6966.0,6966.0,0.0,3.7237e-319,384.84265899658203
11199.0,0.0013625020191536674,6966.0,6966.0,0.0,1.78743e-319,384.8466329574585
11200.0,0.0013611395171345137,6966.0,6966.0,0.0,8.5735e-320,384.8502070903778
11201.0,0.0013597783776173793,6966.0,6966.0,0.0,4.109e-320,384.85395908355713
11202.0,0.0013584185992397619,6966.0,6966.0,1.0,1.9684e-320,384.8576238155365
11203.0,0.001357060180640522,6966.0,6966.0,2.0,9.42e-321,384.8611180782318
11204.0,0.0013557031204598816,6966.0,6966.0,1.0,4.506e-321,384.8647220134735
11205.0,0.0013543474173394218,6966.0,6966.0,0.0,2.154e-321,384.86831283569336
11206.0,0.0013529930699220825,6966.0,6966.0,0.0,1.03e-321,384.87189412117004
11207.0,0.0013516400768521604,6966.0,6966.0,1.0,4.9e-322,384.8756239414215
11208.0,0.0013502884367753082,6966.0,6966.0,0.0,2.3e-322,384.8791890144348
11209.0,0.001348938148338533,6966.0,6966.0,0.0,1.14e-322,384.882798910141
11210.0,0.0013475892101901944,6966.0,6966.0,1.0,5.4e-323,384.88645696640015
11211.0,0.0013462416209800042,6966.0,6966.0,0.0,2.5e-323,384.89007019996643
11212.0,0.001344895379359024,6966.0,6966.0,0.0,1e-323,384.89367413520813
11213.0,0.001343550483979665,6966.0,6966.0,0.0,5e-324,384.8972418308258
11214.0,0.0013422069334956854,6966.0,6966.0,0.0,5e-324,384.90086102485657
11215.0,0.0013408647265621897,6966.0,6966.0,0.0,0.0,384.90446400642395
11216.0,0.0013395238618356276,6966.0,6966.0,0.0,0.0,384.90804386138916
11217.0,0.001338184337973792,6966.0,6966.0,0.0,0.0,384.9116220474243
11218.0,0.0013368461536358183,6966.0,6966.0,0.0,0.0,384.9151110649109
11219.0,0.0013355093074821824,6966.0,6966.0,0.0,0.0,384.91873598098755
11220.0,0.0013341737981747003,6966.0,6966.0,0.0,0.0,384.92233514785767
11221.0,0.0013328396243765257,6966.0,6966.0,0.0,0.0,384.92582416534424
11222.0,0.0013315067847521492,6966.0,6966.0,0.0,0.0,384.92944502830505
11223.0,0.001330175277967397,6966.0,6966.0,0.0,0.0,384.9329960346222
11224.0,0.0013288451026894296,6966.0,6966.0,1.0,0.0,384.9366018772125
11225.0,0.00132751625758674,6966.0,6966.0,0.0,0.0,384.94032192230225
11226.0,0.0013261887413291533,6966.0,6966.0,0.0,0.0,384.9438259601593
11227.0,0.0013248625525878242,6966.0,6966.0,2.0,0.0,384.9474198818207
11228.0,0.0013235376900352365,6966.0,6966.0,0.0,0.0,384.95114398002625
11229.0,0.0013222141523452013,6966.0,6966.0,0.0,0.0,384.95475006103516
11230.0,0.0013208919381928561,6966.0,6966.0,0.0,0.0,384.9583251476288
11231.0,0.0013195710462546634,6966.0,6966.0,1.0,0.0,384.9619369506836
11232.0,0.0013182514752084087,6966.0,6966.0,0.0,0.0,384.96556186676025
11233.0,0.0013169332237332003,6966.0,6966.0,1.0,0.0,384.9692199230194
11234.0,0.001315616290509467,6966.0,6966.0,1.0,0.0,384.9728331565857
11235.0,0.0013143006742189576,6966.0,6966.0,0.0,0.0,384.97642493247986
11236.0,0.0013129863735447387,6966.0,6966.0,0.0,0.0,384.98000288009644
11237.0,0.001311673387171194,6966.0,6966.0,1.0,0.0,384.9836061000824
11238.0,0.0013103617137840227,6966.0,6966.0,2.0,0.0,384.9873790740967
11239.0,0.0013090513520702387,6966.0,6966.0,0.0,0.0,384.99088191986084
11240.0,0.0013077423007181684,6966.0,6966.0,2.0,0.0,384.9942901134491
11241.0,0.0013064345584174503,6966.0,6966.0,0.0,0.0,384.9979422092438
11242.0,0.0013051281238590329,6966.0,6966.0,2.0,0.0,385.0016338825226
11243.0,0.0013038229957351738,6966.0,6966.0,0.0,0.0,385.0052330493927
11244.0,0.0013025191727394387,6966.0,6966.0,1.0,0.0,385.00889897346497
11245.0,0.0013012166535666992,6966.0,6966.0,0.0,0.0,385.0126209259033
11246.0,0.0012999154369131326,6966.0,6966.0,0.0,0.0,385.01629304885864
11247.0,0.0012986155214762196,6966.0,6966.0,1.0,0.0,385.0198748111725
11248.0,0.0012973169059547433,6966.0,6966.0,0.0,0.0,385.0235228538513
11249.0,0.0012960195890487885,6966.0,6966.0,1.0,0.0,385.0274200439453
11250.0,0.0012947235694597398,6966.0,6966.0,0.0,0.0,385.0311460494995
11251.0,0.00129342884589028,6966.0,6966.0,1.0,0.0,385.0346670150757
11252.0,0.0012921354170443897,6966.0,6966.0,1.0,0.0,385.03851294517517
11253.0,0.0012908432816273454,6966.0,6966.0,0.0,0.0,385.0420980453491
11254.0,0.001289552438345718,6966.0,6966.0,0.0,0.0,385.0455918312073
11255.0,0.0012882628859073723,6966.0,6966.0,0.0,0.0,385.0493309497833
11256.0,0.001286974623021465,6966.0,6966.0,0.0,0.0,385.0530068874359
11257.0,0.0012856876483984434,6966.0,6966.0,0.0,0.0,385.0566759109497
11258.0,0.001284401960750045,6966.0,6966.0,0.0,0.0,385.06025290489197
11259.0,0.0012831175587892949,6966.0,6966.0,0.0,0.0,385.06385707855225
11260.0,0.0012818344412305056,6966.0,6966.0,0.0,0.0,385.06731605529785
11261.0,0.0012805526067892752,6966.0,6966.0,1.0,0.0,385.0707857608795
11262.0,0.0012792720541824859,6966.0,6966.0,0.0,0.0,385.0743808746338
11263.0,0.0012779927821283035,6966.0,6966.0,0.0,0.0,385.07799196243286
11264.0,0.0012767147893461752,6966.0,6966.0,0.0,0.0,385.0815939903259
11265.0,0.001275438074556829,6966.0,6966.0,0.0,0.0,385.08523392677307
11266.0,0.0012741626364822722,6966.0,6966.0,0.0,0.0,385.08886194229126
11267.0,0.0012728884738457899,6966.0,6966.0,0.0,0.0,385.09259819984436
11268.0,0.001271615585371944,6966.0,6966.0,0.0,0.0,385.0961811542511
11269.0,0.0012703439697865722,6966.0,6966.0,0.0,0.0,385.0998570919037
11270.0,0.0012690736258167857,6966.0,6966.0,0.0,0.0,385.1034429073334
11271.0,0.001267804552190969,6966.0,6966.0,1.0,0.0,385.10700392723083
11272.0,0.0012665367476387779,6966.0,6966.0,0.0,0.0,385.1105239391327
11273.0,0.0012652702108911392,6966.0,6966.0,1.0,0.0,385.1142899990082
11274.0,0.001264004940680248,6966.0,6966.0,0.0,0.0,385.11789989471436
11275.0,0.001262740935739568,6966.0,6966.0,0.0,0.0,385.12158489227295
11276.0,0.0012614781948038284,6966.0,6966.0,1.0,0.0,385.1251208782196
11277.0,0.0012602167166090245,6966.0,6966.0,2.0,0.0,385.12865591049194
11278.0,0.0012589564998924155,6966.0,6966.0,0.0,0.0,385.13226890563965
11279.0,0.0012576975433925231,6966.0,6966.0,1.0,0.0,385.1358768939972
11280.0,0.0012564398458491306,6966.0,6966.0,0.0,0.0,385.13959097862244
11281.0,0.0012551834060032813,6966.0,6966.0,0.0,0.0,385.143278837204
11282.0,0.0012539282225972781,6966.0,6966.0,2.0,0.0,385.146852016449
11283.0,0.001252674294374681,6966.0,6966.0,0.0,0.0,385.15052700042725
11284.0,0.0012514216200803063,6966.0,6966.0,0.0,0.0,385.1541531085968
11285.0,0.001250170198460226,6966.0,6966.0,1.0,0.0,385.1577479839325
11286.0,0.0012489200282617657,6966.0,6966.0,1.0,0.0,385.1613669395447
11287.0,0.0012476711082335039,6966.0,6966.0,0.0,0.0,385.1650550365448
11288.0,0.0012464234371252704,6966.0,6966.0,1.0,0.0,385.1685137748718
11289.0,0.001245177013688145,6966.0,6966.0,0.0,0.0,385.17201495170593
11290.0,0.001243931836674457,6966.0,6966.0,1.0,0.0,385.1757080554962
11291.0,0.0012426879048377825,6966.0,6966.0,0.0,0.0,385.1793849468231
11292.0,0.0012414452169329448,6966.0,6966.0,0.0,0.0,385.1829788684845
11293.0,0.001240203771716012,6966.0,6966.0,0.0,0.0,385.186665058136
11294.0,0.0012389635679442958,6966.0,6966.0,0.0,0.0,385.190141916275
11295.0,0.0012377246043763514,6966.0,6966.0,1.0,0.0,385.1936547756195
11296.0,0.001236486879771975,6966.0,6966.0,0.0,0.0,385.1972210407257
11297.0,0.0012352503928922032,6966.0,6966.0,1.0,0.0,385.20096492767334
11298.0,0.001234015142499311,6966.0,6966.0,1.0,0.0,385.204491853714
11299.0,0.0012327811273568116,6966.0,6966.0,0.0,0.0,385.20806193351746
11300.0,0.0012315483462294547,6966.0,6966.0,1.0,0.0,385.211688041687
11301.0,0.0012303167978832252,6966.0,6966.0,1.0,0.0,385.2153060436249
11302.0,0.001229086481085342,6966.0,6966.0,0.0,0.0,385.21896982192993
11303.0,0.0012278573946042568,6966.0,6966.0,1.0,0.0,385.2226357460022
11304.0,0.0012266295372096525,6966.0,6966.0,0.0,0.0,385.2262370586395
11305.0,0.0012254029076724429,6966.0,6966.0,0.0,0.0,385.22981095314026
11306.0,0.0012241775047647705,6966.0,6966.0,0.0,0.0,385.2334349155426
11307.0,0.0012229533272600057,6966.0,6966.0,0.0,0.0,385.2371070384979
11308.0,0.0012217303739327457,6966.0,6966.0,0.0,0.0,385.2407109737396
11309.0,0.001220508643558813,6966.0,6966.0,0.0,0.0,385.2442948818207
11310.0,0.0012192881349152541,6966.0,6966.0,2.0,0.0,385.2480118274689
11311.0,0.0012180688467803389,6966.0,6966.0,0.0,0.0,385.2516460418701
11312.0,0.0012168507779335585,6966.0,6966.0,0.0,0.0,385.25524377822876
11313.0,0.0012156339271556249,6966.0,6966.0,0.0,0.0,385.25887393951416
11314.0,0.0012144182932284692,6966.0,6966.0,0.0,0.0,385.2624988555908
11315.0,0.0012132038749352407,6966.0,6966.0,0.0,0.0,385.26615500450134
11316.0,0.0012119906710603054,6966.0,6966.0,1.0,0.0,385.2697639465332
11317.0,0.0012107786803892452,6966.0,6966.0,0.0,0.0,385.27361392974854
11318.0,0.001209567901708856,6966.0,6966.0,1.0,0.0,385.2771999835968
11319.0,0.0012083583338071472,6966.0,6966.0,0.0,0.0,385.2808201313019
11320.0,0.00120714997547334,6966.0,6966.0,0.0,0.0,385.28442001342773
11321.0,0.0012059428254978667,6966.0,6966.0,0.0,0.0,385.28801798820496
11322.0,0.0012047368826723689,6966.0,6966.0,1.0,0.0,385.29185700416565
11323.0,0.0012035321457896965,6966.0,6966.0,1.0,0.0,385.2954149246216
11324.0,0.0012023286136439069,6966.0,6966.0,0.0,0.0,385.2990050315857
11325.0,0.001201126285030263,6966.0,6966.0,0.0,0.0,385.3025789260864
11326.0,0.0011999251587452326,6966.0,6966.0,0.0,0.0,385.3062219619751
11327.0,0.0011987252335864873,6966.0,6966.0,1.0,0.0,385.30976700782776
11328.0,0.0011975265083529008,6966.0,6966.0,1.0,0.0,385.3133578300476
11329.0,0.001196328981844548,6966.0,6966.0,1.0,0.0,385.3169889450073
11330.0,0.0011951326528627034,6966.0,6966.0,0.0,0.0,385.32062792778015
11331.0,0.0011939375202098406,6966.0,6966.0,1.0,0.0,385.3241648674011
11332.0,0.0011927435826896307,6966.0,6966.0,2.0,0.0,385.3277509212494
11333.0,0.001191550839106941,6966.0,6966.0,0.0,0.0,385.33132886886597
11334.0,0.001190359288267834,6966.0,6966.0,0.0,0.0,385.33492374420166
11335.0,0.0011891689289795662,6966.0,6966.0,1.0,0.0,385.33853816986084
11336.0,0.0011879797600505867,6966.0,6966.0,0.0,0.0,385.34218192100525
11337.0,0.0011867917802905362,6966.0,6966.0,1.0,0.0,385.34571409225464
11338.0,0.0011856049885102457,6966.0,6966.0,0.0,0.0,385.3492498397827
11339.0,0.0011844193835217356,6966.0,6966.0,0.0,0.0,385.35291504859924
11340.0,0.0011832349641382137,6966.0,6966.0,1.0,0.0,385.35649490356445
11341.0,0.0011820517291740754,6966.0,6966.0,0.0,0.0,385.36006689071655
11342.0,0.0011808696774449014,6966.0,6966.0,0.0,0.0,385.363646030426
11343.0,0.0011796888077674564,6966.0,6966.0,0.0,0.0,385.3671188354492
11344.0,0.001178509118959689,6966.0,6966.0,1.0,0.0,385.37062311172485
11345.0,0.0011773306098407292,6966.0,6966.0,1.0,0.0,385.37420296669006
11346.0,0.0011761532792308885,6966.0,6966.0,0.0,0.0,385.3779978752136
11347.0,0.0011749771259516575,6966.0,6966.0,1.0,0.0,385.3817639350891
11348.0,0.001173802148825706,6966.0,6966.0,0.0,0.0,385.3853168487549
11349.0,0.0011726283466768801,6966.0,6966.0,0.0,0.0,385.3891170024872
11350.0,0.0011714557183302033,6966.0,6966.0,1.0,0.0,385.3926911354065
11351.0,0.0011702842626118732,6966.0,6966.0,1.0,0.0,385.396283864975
11352.0,0.0011691139783492613,6966.0,6966.0,0.0,0.0,385.3999807834625
11353.0,0.001167944864370912,6966.0,6966.0,0.0,0.0,385.4035620689392
11354.0,0.0011667769195065412,6966.0,6966.0,0.0,0.0,385.4071719646454
11355.0,0.0011656101425870347,6966.0,6966.0,1.0,0.0,385.41077995300293
11356.0,0.0011644445324444476,6966.0,6966.0,0.0,0.0,385.41435718536377
11357.0,0.0011632800879120032,6966.0,6966.0,0.0,0.0,385.4178578853607
11358.0,0.0011621168078240912,6966.0,6966.0,0.0,0.0,385.42159605026245
11359.0,0.001160954691016267,6966.0,6966.0,2.0,0.0,385.42522501945496
11360.0,0.0011597937363252509,6966.0,6966.0,1.0,0.0,385.42902517318726
11361.0,0.0011586339425889256,6966.0,6966.0,0.0,0.0,385.4326899051666
11362.0,0.0011574753086463366,6966.0,6966.0,2.0,0.0,385.4364318847656
11363.0,0.0011563178333376903,6966.0,6966.0,1.0,0.0,385.4400751590729
11364.0,0.0011551615155043526,6966.0,6966.0,0.0,0.0,385.44367003440857
11365.0,0.0011540063539888482,6966.0,6966.0,0.0,0.0,385.4473419189453
11366.0,0.0011528523476348593,6966.0,6966.0,0.0,0.0,385.4509789943695
11367.0,0.0011516994952872244,6966.0,6966.0,0.0,0.0,385.4546129703522
11368.0,0.0011505477957919371,6966.0,6966.0,0.0,0.0,385.45821809768677
11369.0,0.0011493972479961452,6966.0,6966.0,1.0,0.0,385.4619300365448
