step,temperature,best_hpwl,current_hpwl,accepted_moves,boltzmann_prob,elapsed_time_sec
1.0,10.0,6731421.0,6731421.0,17247.0,0.9048374180359595,0.0010101795196533203
2.0,9.99,6175581.0,6175581.0,8103.0,0.9047468482529377,66.85742044448853
3.0,9.98001,5866109.0,5866109.0,5903.0,0.9046561968886792,97.17456936836243
4.0,9.97002999,5665806.0,5665806.0,4611.0,0.9045654638787952,119.01114082336426
5.0,9.96005996001,5525895.0,5525895.0,3873.0,0.9044746491588648,135.9551079273224
6.0,9.95009990004999,5409538.0,5409538.0,3398.0,0.904383752664434,149.79033279418945
7.0,9.940149800149939,5316362.0,5316362.0,3079.0,0.9042927743310167,161.99914598464966
8.0,9.93020965034979,5241568.0,5241568.0,2753.0,0.9042017140940946,172.7544867992401
9.0,9.92027944069944,5173789.0,5173789.0,2630.0,0.9041105718891163,182.42112040519714
10.0,9.910359161258741,5120546.0,5120556.0,2348.0,0.9040193476514986,191.77397894859314
11.0,9.900448802097483,5069668.0,5069692.0,2271.0,0.9039280413166257,199.97103905677795
12.0,9.890548353295385,5024610.0,5024610.0,2186.0,0.9038366528198497,207.94322443008423
13.0,9.88065780494209,4983987.0,4983987.0,2063.0,0.9037451820964901,215.27986764907837
14.0,9.870777147137147,4945206.0,4945206.0,1939.0,0.9036536290818343,222.35255599021912
15.0,9.86090636999001,4913403.0,4913439.0,1767.0,0.9035619937111373,229.11069750785828
16.0,9.85104546362002,4883439.0,4883474.0,1742.0,0.9034702759196221,235.3623082637787
17.0,9.8411944181564,4856125.0,4856125.0,1747.0,0.9033784756424792,241.20317387580872
18.0,9.831353223738244,4828671.0,4828710.0,1686.0,0.9032865928148672,246.9408004283905
19.0,9.821521870514506,4804946.0,4804946.0,1587.0,0.9031946273719123,252.59284162521362
20.0,9.81170034864399,4783897.0,4783935.0,1530.0,0.9031025792487087,258.44905853271484
21.0,9.801888648295346,4763042.0,4763042.0,1517.0,0.9030104483803185,264.013076543808
22.0,9.79208675964705,4743697.0,4743697.0,1448.0,0.9029182347017718,270.2907350063324
23.0,9.782294672887403,4725850.0,4725854.0,1433.0,0.9028259381480663,275.29281306266785
24.0,9.772512378214515,4707778.0,4707780.0,1369.0,0.9027335586541682,280.26125860214233
25.0,9.7627398658363,4691326.0,4691326.0,1396.0,0.9026410961550111,286.88681530952454
26.0,9.752977125970464,4676236.0,4676247.0,1341.0,0.9025485505854971,292.676561832428
27.0,9.743224148844494,4660150.0,4660171.0,1301.0,0.9024559218804963,298.16898822784424
28.0,9.73348092469565,4646023.0,4646023.0,1338.0,0.9023632099748465,303.7047290802002
29.0,9.723747443770954,4632823.0,4632823.0,1242.0,0.902270414803354,309.06169152259827
30.0,9.714023696327184,4619759.0,4619760.0,1265.0,0.9021775363007932,314.0652883052826
31.0,9.704309672630856,4608859.0,4608898.0,1146.0,0.9020845744019065,319.27478528022766
32.0,9.694605362958225,4597133.0,4597157.0,1166.0,0.9019915290414043,324.34747314453125
33.0,9.684910757595267,4585694.0,4585706.0,1164.0,0.9018984001539658,329.2454285621643
34.0,9.675225846837671,4575167.0,4575167.0,1140.0,0.9018051876742379,334.0262141227722
35.0,9.665550620990834,4565892.0,4565892.0,1104.0,0.901711891536836,338.8167881965637
36.0,9.655885070369843,4555777.0,4555777.0,1124.0,0.9016185116763438,343.09139943122864
37.0,9.646229185299473,4545230.0,4545236.0,1133.0,0.901525048027313,347.8593726158142
38.0,9.636582956114173,4536270.0,4536274.0,1124.0,0.9014315005242642,352.4271762371063
39.0,9.62694637315806,4526682.0,4526682.0,1069.0,0.9013378691016861,356.49107694625854
40.0,9.617319426784901,4517271.0,4517289.0,1042.0,0.9012441536940357,360.93990421295166
41.0,9.607702107358117,4510055.0,4510069.0,950.0,0.9011503542357384,365.481160402298
42.0,9.598094405250759,4500917.0,4500927.0,1107.0,0.9010564706611884,369.46035861968994
43.0,9.588496310845509,4492707.0,4492707.0,1023.0,0.9009625029047481,374.00050020217896
44.0,9.578907814534663,4483923.0,4483933.0,1000.0,0.9008684509007485,378.29764461517334
45.0,9.569328906720129,4477232.0,4477237.0,947.0,0.9007743145834891,382.6837627887726
46.0,9.55975957781341,4469763.0,4469763.0,961.0,0.9006800938872381,386.5980877876282
47.0,9.550199818235596,4463149.0,4463161.0,991.0,0.9005857887462322,390.4725320339203
48.0,9.54064961841736,4456099.0,4456099.0,973.0,0.9004913990946766,394.54107308387756
49.0,9.531108968798943,4449229.0,4449235.0,958.0,0.9003969248667455,398.4396278858185
50.0,9.521577859830144,4443185.0,4443217.0,898.0,0.9003023659965814,401.9546320438385
51.0,9.512056281970313,4436268.0,4436326.0,961.0,0.900207722418296,405.7712423801422
52.0,9.502544225688343,4430247.0,4430272.0,945.0,0.9001129940659692,409.59179186820984
53.0,9.493041681462655,4424549.0,4424557.0,911.0,0.9000181808736503,413.0065200328827
54.0,9.483548639781192,4418610.0,4418617.0,912.0,0.8999232827753565,416.40585827827454
55.0,9.47406509114141,4412153.0,4412160.0,924.0,0.8998282997050749,420.0081396102905
56.0,9.464591026050268,4406933.0,4406939.0,900.0,0.8997332315967607,423.8264012336731
57.0,9.455126435024217,4402257.0,4402285.0,886.0,0.8996380783843384,427.28904247283936
58.0,9.445671308589192,4397351.0,4397357.0,914.0,0.8995428400017011,430.56326603889465
59.0,9.436225637280604,4392997.0,4392997.0,916.0,0.8994475163827113,434.1228506565094
60.0,9.426789411643323,4387808.0,4387816.0,884.0,0.8993521074612001,437.28355979919434
61.0,9.41736262223168,4383238.0,4383277.0,850.0,0.8992566131709677,440.8489525318146
62.0,9.407945259609448,4378645.0,4378682.0,893.0,0.8991610334457835,444.13508462905884
63.0,9.39853731434984,4374095.0,4374115.0,893.0,0.8990653682193858,447.4605348110199
64.0,9.38913877703549,4369336.0,4369343.0,892.0,0.8989696174254821,450.91362857818604
65.0,9.379749638258454,4364121.0,4364144.0,808.0,0.8988737809977492,454.30908823013306
66.0,9.370369888620196,4360076.0,4360076.0,819.0,0.8987778588698327,457.85095286369324
67.0,9.360999518731576,4355996.0,4356025.0,797.0,0.8986818509753478,461.02380418777466
68.0,9.351638519212845,4351992.0,4352019.0,859.0,0.8985857572478786,464.15790843963623
69.0,9.342286880693631,4347799.0,4347856.0,798.0,0.8984895776209788,467.2900586128235
70.0,9.332944593812938,4344273.0,4344285.0,818.0,0.8983933120281711,470.4573657512665
71.0,9.323611649219124,4340400.0,4340402.0,808.0,0.8982969604029476,473.46991991996765
72.0,9.314288037569906,4337447.0,4337486.0,803.0,0.89820052267877,476.62612557411194
73.0,9.304973749532335,4333058.0,4333148.0,821.0,0.8981039987890691,479.5128254890442
74.0,9.295668775782802,4329576.0,4329576.0,791.0,0.8980073886672453,482.8644025325775
75.0,9.28637310700702,4325815.0,4325891.0,833.0,0.8979106922466684,485.98089027404785
76.0,9.277086733900012,4322075.0,4322096.0,788.0,0.8978139094606776,489.20688462257385
77.0,9.267809647166112,4318985.0,4318989.0,751.0,0.897717040242582,492.21172547340393
78.0,9.258541837518946,4314522.0,4314556.0,738.0,0.8976200845256598,494.9411346912384
79.0,9.249283295681426,4312146.0,4312146.0,736.0,0.8975230422431588,498.15270233154297
80.0,9.240034012385745,4308323.0,4308323.0,749.0,0.897425913328297,500.81249594688416
81.0,9.23079397837336,4304726.0,4304726.0,756.0,0.8973286977142614,504.0251798629761
82.0,9.221563184394986,4301047.0,4301047.0,737.0,0.897231395334209,506.9390730857849
83.0,9.21234162121059,4297794.0,4297826.0,716.0,0.8971340061212666,509.9073278903961
84.0,9.20312927958938,4295097.0,4295126.0,763.0,0.8970365300085305,512.752377986908
85.0,9.19392615030979,4291288.0,4291330.0,785.0,0.8969389669290669,515.3894147872925
86.0,9.18473222415948,4288039.0,4288039.0,721.0,0.8968413168159121,518.383875131607
87.0,9.17554749193532,4284939.0,4284962.0,760.0,0.8967435796020717,521.2806127071381
88.0,9.166371944443386,4280893.0,4280893.0,761.0,0.8966457552205218,524.2367436885834
89.0,9.157205572498942,4277639.0,4277666.0,710.0,0.8965478436042079,527.4573044776917
90.0,9.148048366926442,4274860.0,4274860.0,708.0,0.8964498446860459,530.2341780662537
91.0,9.138900318559516,4271288.0,4271288.0,740.0,0.8963517583989214,533.234664440155
92.0,9.129761418240957,4268976.0,4269063.0,671.0,0.8962535846756903,536.2737457752228
93.0,9.120631656822717,4267214.0,4267234.0,691.0,0.8961553234491781,538.9341993331909
94.0,9.111511025165894,4263835.0,4263916.0,737.0,0.896056974652181,541.3272187709808
95.0,9.102399514140728,4261676.0,4261677.0,677.0,0.895958538217465,544.3810534477234
96.0,9.093297114626587,4259216.0,4259233.0,687.0,0.895860014077766,547.1946451663971
97.0,9.08420381751196,4256497.0,4256543.0,691.0,0.8957614021657909,550.0260601043701
98.0,9.075119613694449,4253952.0,4253952.0,686.0,0.8956627024142161,552.8294498920441
99.0,9.066044494080755,4251467.0,4251467.0,676.0,0.8955639147556885,555.4388163089752
100.0,9.056978449586675,4249657.0,4249685.0,703.0,0.8954650391228255,558.0846848487854
101.0,9.047921471137087,4246909.0,4246941.0,685.0,0.8953660754482147,560.6875696182251
102.0,9.03887354966595,4244516.0,4244521.0,669.0,0.895267023664414,563.3348879814148
103.0,9.029834676116284,4241703.0,4241738.0,699.0,0.8951678837039518,566.1441926956177
104.0,9.020804841440167,4240190.0,4240225.0,694.0,0.8950686554993272,568.9161601066589
105.0,9.011784036598728,4237337.0,4237337.0,627.0,0.8949693389830096,571.1034219264984
106.0,9.00277225256213,4235519.0,4235520.0,657.0,0.8948699340874385,573.810896396637
107.0,8.993769480309567,4233581.0,4233581.0,683.0,0.8947704407450249,576.3764679431915
108.0,8.984775710829258,4230609.0,4230638.0,694.0,0.8946708588881496,578.9022617340088
109.0,8.975790935118429,4229291.0,4229401.0,667.0,0.8945711884491643,581.8097162246704
110.0,8.966815144183311,4227474.0,4227516.0,609.0,0.8944714293603915,583.9643490314484
111.0,8.957848329039127,4225242.0,4225285.0,658.0,0.8943715815541243,586.3728506565094
112.0,8.948890480710087,4223935.0,4223972.0,628.0,0.8942716449626267,588.8911509513855
113.0,8.939941590229378,4222386.0,4222510.0,682.0,0.8941716195181333,591.1134176254272
114.0,8.931001648639148,4220400.0,4220510.0,641.0,0.8940715051528495,593.5063042640686
115.0,8.922070646990509,4218085.0,4218099.0,614.0,0.8939713017989519,595.9265141487122
116.0,8.913148576343518,4216815.0,4216852.0,653.0,0.8938710093885877,598.4227151870728
117.0,8.904235427767174,4215050.0,4215127.0,593.0,0.8937706278538751,600.6301329135895
118.0,8.895331192339407,4213458.0,4213505.0,610.0,0.8936701571269032,603.0635802745819
119.0,8.886435861147067,4211463.0,4211514.0,658.0,0.8935695971397325,605.246018409729
120.0,8.87754942528592,4209876.0,4209892.0,630.0,0.8934689478243942,607.8199896812439
121.0,8.868671875860635,4208438.0,4208553.0,686.0,0.8933682091128906,610.1346969604492
122.0,8.859803203984773,4206503.0,4206524.0,639.0,0.8932673809371954,612.2771680355072
123.0,8.850943400780789,4205045.0,4205047.0,634.0,0.8931664632292532,614.8277883529663
124.0,8.842092457380009,4203154.0,4203154.0,614.0,0.89306545592098,617.2125713825226
125.0,8.833250364922629,4201776.0,4201804.0,614.0,0.8929643589442628,619.7089762687683
126.0,8.824417114557706,4200198.0,4200229.0,625.0,0.8928631722309603,622.003582239151
127.0,8.815592697443149,4198370.0,4198402.0,600.0,0.8927618957129024,624.469051361084
128.0,8.806777104745706,4197562.0,4197614.0,550.0,0.8926605293218901,627.0036361217499
129.0,8.79797032764096,4196238.0,4196238.0,580.0,0.892559072989696,629.0326459407806
130.0,8.78917235731332,4194443.0,4194451.0,581.0,0.8924575266480642,631.4378626346588
131.0,8.780383184956007,4192641.0,4192685.0,645.0,0.8923558902287104,633.9589607715607
132.0,8.771602801771051,4190358.0,4190358.0,615.0,0.8922541636633216,636.5340685844421
133.0,8.76283119896928,4189036.0,4189056.0,594.0,0.8921523468835563,639.0873348712921
134.0,8.75406836777031,4187331.0,4187407.0,675.0,0.892050439821045,641.474622964859
135.0,8.74531429940254,4185926.0,4186010.0,629.0,0.8919484424073897,644.0245723724365
136.0,8.736568985103139,4183715.0,4183715.0,578.0,0.8918463545741638,646.2315936088562
137.0,8.727832416118035,4182760.0,4182803.0,560.0,0.891744176252913,649.00537276268
138.0,8.719104583701917,4180612.0,4180612.0,554.0,0.8916419073751543,651.0660827159882
139.0,8.710385479118214,4179126.0,4179126.0,587.0,0.8915395478723765,653.6436290740967
140.0,8.701675093639096,4177816.0,4177904.0,603.0,0.8914370976760408,656.0071024894714
141.0,8.692973418545456,4176527.0,4176550.0,573.0,0.8913345567175798,658.22012758255
142.0,8.68428044512691,4175039.0,4175219.0,627.0,0.8912319249283982,660.6562523841858
143.0,8.675596164681783,4173536.0,4173563.0,605.0,0.8911292022398727,663.0180103778839
144.0,8.666920568517101,4172406.0,4172496.0,585.0,0.891026388583352,665.4560742378235
145.0,8.658253647948584,4170451.0,4170466.0,616.0,0.8909234838901571,667.9033539295197
146.0,8.649595394300635,4169206.0,4169233.0,552.0,0.8908204880915807,670.4363143444061
147.0,8.640945798906333,4167112.0,4167112.0,540.0,0.890717401118888,672.7689492702484
148.0,8.632304853107428,4165277.0,4165342.0,591.0,0.8906142229033163,675.5817348957062
149.0,8.623672548254321,4163996.0,4164050.0,551.0,0.890510953376075,677.9264223575592
150.0,8.615048875706067,4162488.0,4162499.0,529.0,0.890407592468346,680.3517236709595
151.0,8.606433826830362,4161294.0,4161316.0,548.0,0.8903041401112836,682.7554576396942
152.0,8.59782739300353,4160229.0,4160317.0,594.0,0.890200596236014,684.9642522335052
153.0,8.589229565610527,4158775.0,4158850.0,561.0,0.8900969607736364,687.262120962143
154.0,8.580640336044917,4157154.0,4157164.0,585.0,0.8899932336552221,689.6372411251068
155.0,8.572059695708871,4155844.0,4155868.0,541.0,0.8898894148118152,692.1814751625061
156.0,8.563487636013162,4154531.0,4154539.0,576.0,0.8897855041744318,694.5404050350189
157.0,8.554924148377149,4152772.0,4152800.0,546.0,0.8896815016740613,696.9288940429688
158.0,8.546369224228771,4151887.0,4151887.0,574.0,0.8895774072416653,699.5440220832825
159.0,8.537822855004542,4149983.0,4150013.0,554.0,0.8894732208081781,701.5490555763245
160.0,8.529285032149538,4148724.0,4148761.0,602.0,0.889368942304507,704.0691692829132
161.0,8.520755747117388,4147367.0,4147367.0,557.0,0.8892645716615317,706.4345977306366
162.0,8.51223499137027,4146266.0,4146304.0,544.0,0.8891601088101049,708.8634693622589
163.0,8.5037227563789,4144809.0,4144810.0,572.0,0.8890555536810523,710.9626162052155
164.0,8.495219033622522,4143298.0,4143309.0,551.0,0.8889509062051723,713.5019707679749
165.0,8.486723814588899,4142056.0,4142164.0,542.0,0.8888461663132362,715.9264514446259
166.0,8.47823709077431,4140725.0,4140729.0,591.0,0.8887413339359888,718.2509431838989
167.0,8.469758853683537,4139776.0,4139854.0,565.0,0.8886364090041471,720.617237329483
168.0,8.461289094829853,4138674.0,4138674.0,534.0,0.888531391448402,722.7063705921173
169.0,8.452827805735023,4137221.0,4137221.0,588.0,0.888426281199417,724.9620623588562
170.0,8.444374977929288,4136007.0,4136007.0,497.0,0.8883210781878291,727.3773033618927
171.0,8.435930602951359,4134836.0,4134843.0,550.0,0.8882157823442485,729.6775097846985
172.0,8.427494672348407,4133072.0,4133095.0,551.0,0.8881103935992584,731.9550864696503
173.0,8.419067177676059,4131720.0,4131824.0,554.0,0.8880049118834156,734.5919079780579
174.0,8.410648110498382,4130390.0,4130432.0,561.0,0.8878993371272501,736.9470238685608
175.0,8.402237462387884,4129500.0,4129604.0,513.0,0.8877936692612655,739.266722202301
176.0,8.393835224925496,4128207.0,4128264.0,538.0,0.8876879082159388,741.3487327098846
177.0,8.38544138970057,4126863.0,4126870.0,570.0,0.8875820539217203,743.7024173736572
178.0,8.37705594831087,4125681.0,4125681.0,524.0,0.8874761063090342,746.0388307571411
179.0,8.36867889236256,4124631.0,4124635.0,544.0,0.8873700653082781,748.3562695980072
180.0,8.360310213470198,4122880.0,4122880.0,551.0,0.8872639308498232,750.4236605167389
181.0,8.351949903256727,4121837.0,4121900.0,515.0,0.8871577028640146,753.0069115161896
182.0,8.34359795335347,4120831.0,4120855.0,539.0,0.8870513812811711,755.1630918979645
183.0,8.335254355400117,4119946.0,4119959.0,536.0,0.8869449660315851,757.4700055122375
184.0,8.326919101044718,4118860.0,4119010.0,509.0,0.8868384570455231,759.6229417324066
185.0,8.318592181943673,4118197.0,4118197.0,535.0,0.8867318542532254,762.0172345638275
186.0,8.31027358976173,4116870.0,4116872.0,548.0,0.8866251575849061,764.1744112968445
187.0,8.301963316171967,4115639.0,4115677.0,519.0,0.8865183669707536,766.482670545578
188.0,8.293661352855796,4114455.0,4114455.0,535.0,0.88641148234093,768.7845656871796
189.0,8.285367691502941,4113614.0,4113614.0,517.0,0.8863045036255719,771.0034518241882
190.0,8.277082323811438,4112678.0,4112678.0,509.0,0.8861974307547895,773.2765097618103
191.0,8.268805241487627,4111301.0,4111314.0,508.0,0.8860902636586678,775.6532816886902
192.0,8.26053643624614,4109970.0,4109994.0,557.0,0.8859830022672656,777.9468169212341
193.0,8.252275899809893,4109533.0,4109621.0,488.0,0.885875646510616,780.3980309963226
194.0,8.244023623910083,4108326.0,4108482.0,546.0,0.8857681963187267,782.3918817043304
195.0,8.235779600286174,4107288.0,4107288.0,541.0,0.8856606516215798,784.7376713752747
196.0,8.227543820685888,4106409.0,4106478.0,532.0,0.8855530123491315,787.1233947277069
197.0,8.219316276865202,4105598.0,4105651.0,530.0,0.8854452784313127,789.222106218338
198.0,8.211096960588337,4104932.0,4105017.0,492.0,0.8853374497980291,791.3318891525269
199.0,8.202885863627749,4103781.0,4103833.0,500.0,0.8852295263791604,793.335889339447
200.0,8.19468297776412,4102662.0,4102712.0,472.0,0.8851215081045615,795.6766526699066
201.0,8.186488294786356,4101722.0,4101844.0,505.0,0.8850133949040616,798.0134718418121
202.0,8.17830180649157,4100801.0,4100848.0,524.0,0.884905186707465,800.3423309326172
203.0,8.170123504685078,4099393.0,4099433.0,520.0,0.8847968834445505,802.3792641162872
204.0,8.161953381180393,4098396.0,4098433.0,495.0,0.884688485045072,804.6517384052277
205.0,8.153791427799213,4097666.0,4097723.0,499.0,0.8845799914387582,806.8396992683411
206.0,8.145637636371413,4096674.0,4096678.0,515.0,0.8844714025553125,809.0056319236755
207.0,8.137491998735042,4095893.0,4095902.0,456.0,0.8843627183244138,811.2291767597198
208.0,8.129354506736307,4095142.0,4095183.0,476.0,0.8842539386757158,813.2812073230743
209.0,8.12122515222957,4093864.0,4093873.0,483.0,0.8841450635388471,815.5538010597229
210.0,8.11310392707734,4092955.0,4092962.0,435.0,0.8840360928434119,817.9868230819702
211.0,8.104990823150263,4092055.0,4092055.0,469.0,0.8839270265189894,820.1967537403107
212.0,8.096885832327112,4091308.0,4091411.0,531.0,0.8838178644951338,822.3000159263611
213.0,8.088788946494786,4090653.0,4090693.0,495.0,0.8837086067013753,824.4066698551178
214.0,8.080700157548291,4089943.0,4089943.0,479.0,0.8835992530672188,826.4491991996765
215.0,8.072619457390743,4088723.0,4088762.0,517.0,0.8834898035221451,828.5702967643738
216.0,8.064546837933353,4087202.0,4087293.0,466.0,0.8833802579956102,830.8330376148224
217.0,8.056482291095419,4086458.0,4086472.0,463.0,0.8832706164170457,833.2372782230377
218.0,8.048425808804323,4085748.0,4085792.0,483.0,0.8831608787158589,835.1549775600433
219.0,8.04037738299552,4084925.0,4084929.0,481.0,0.8830510448214328,837.1845076084137
220.0,8.032337005612524,4083875.0,4083875.0,490.0,0.8829411146631259,839.2236273288727
221.0,8.024304668606911,4083539.0,4083675.0,494.0,0.8828310881702724,841.4610621929169
222.0,8.016280363938304,4082978.0,4083026.0,490.0,0.8827209652721828,843.303019285202
223.0,8.008264083574366,4082130.0,4082130.0,494.0,0.8826107458981428,845.2670638561249
224.0,8.000255819490791,4081606.0,4081606.0,449.0,0.8825004299774145,847.3788917064667
225.0,7.9922555636713,4080419.0,4080439.0,521.0,0.882390017439236,849.3708703517914
226.0,7.984263308107629,4079583.0,4079595.0,500.0,0.882279508212821,851.4999942779541
227.0,7.976279044799521,4078915.0,4078998.0,439.0,0.8821689022273597,853.7389278411865
228.0,7.968302765754721,4078535.0,4078646.0,489.0,0.8820581994120181,855.6999037265778
229.0,7.960334462988967,4077554.0,4077614.0,469.0,0.881947399695939,857.9412043094635
230.0,7.952374128525978,4076929.0,4076965.0,460.0,0.8818365030082409,860.2666471004486
231.0,7.944421754397452,4076009.0,4076009.0,504.0,0.8817255092780187,862.1792106628418
232.0,7.936477332643054,4075138.0,4075138.0,492.0,0.8816144184343438,865.1139130592346
233.0,7.928540855310412,4073959.0,4073959.0,500.0,0.8815032304062641,867.3255131244659
234.0,7.920612314455101,4072970.0,4073011.0,447.0,0.8813919451228037,869.5758740901947
235.0,7.912691702140646,4071796.0,4071796.0,476.0,0.8812805625129636,871.9329669475555
236.0,7.904779010438505,4071425.0,4071442.0,444.0,0.8811690825057211,874.2214934825897
237.0,7.896874231428066,4070463.0,4070520.0,438.0,0.8810575050300303,876.3498306274414
238.0,7.888977357196638,4069843.0,4069843.0,476.0,0.880945830014822,878.712242603302
239.0,7.881088379839442,4069200.0,4069268.0,463.0,0.8808340573890038,880.7275087833405
240.0,7.873207291459602,4067786.0,4067816.0,458.0,0.8807221870814601,882.5433211326599
241.0,7.8653340841681425,4067294.0,4067356.0,443.0,0.8806102190210521,884.954790353775
242.0,7.857468750083974,4066761.0,4066772.0,470.0,0.8804981531366182,886.868079662323
243.0,7.849611281333891,4066077.0,4066085.0,502.0,0.8803859893569734,888.7908115386963
244.0,7.8417616700525565,4065435.0,4065435.0,446.0,0.8802737276109104,890.8392190933228
245.0,7.833919908382504,4064610.0,4064664.0,458.0,0.8801613678271982,892.8557245731354
246.0,7.826085988474122,4064356.0,4064420.0,410.0,0.8800489099345837,895.0179381370544
247.0,7.818259902485648,4063817.0,4063846.0,441.0,0.8799363538617908,896.8579611778259
248.0,7.810441642583163,4063212.0,4063285.0,496.0,0.8798236995375206,898.7273805141449
249.0,7.80263120094058,4062183.0,4062188.0,447.0,0.8797109468904515,900.5651752948761
250.0,7.794828569739639,4061557.0,4061598.0,463.0,0.8795980958492395,902.5736379623413
251.0,7.7870337411699,4060870.0,4060872.0,435.0,0.8794851463425183,904.5122637748718
252.0,7.7792467074287295,4060003.0,4060006.0,454.0,0.8793720982988986,906.4854054450989
253.0,7.771467460721301,4059240.0,4059293.0,441.0,0.8792589516469691,908.5741307735443
254.0,7.763695993260579,4058556.0,4058569.0,460.0,0.879145706315296,910.713278055191
255.0,7.755932297267318,4057470.0,4057487.0,463.0,0.8790323622324234,912.6811587810516
256.0,7.748176364970051,4056185.0,4056191.0,437.0,0.8789189193268729,914.8079833984375
257.0,7.7404281886050805,4055565.0,4055565.0,474.0,0.8788053775271443,917.1517491340637
258.0,7.732687760416476,4054520.0,4054524.0,466.0,0.878691736761715,919.1524388790131
259.0,7.724955072656059,4053994.0,4054058.0,452.0,0.8785779969590405,921.2922143936157
260.0,7.717230117583403,4053568.0,4053647.0,452.0,0.8784641580475543,923.1390435695648
261.0,7.70951288746582,4052618.0,4052656.0,452.0,0.8783502199556681,925.06458568573
262.0,7.701803374578354,4052165.0,4052255.0,479.0,0.8782361826117716,927.2235376834869
263.0,7.694101571203776,4050936.0,4051030.0,433.0,0.8781220459442328,929.1997065544128
264.0,7.686407469632572,4050320.0,4050342.0,454.0,0.8780078098813981,931.598141670227
265.0,7.678721062162939,4049678.0,4049752.0,443.0,0.877893474351592,933.5869822502136
266.0,7.671042341100776,4048729.0,4048753.0,428.0,0.8777790392831175,935.4375522136688
267.0,7.663371298759675,4047864.0,4047872.0,474.0,0.8776645046042563,937.5194225311279
268.0,7.655707927460916,4047211.0,4047222.0,440.0,0.8775498702432681,939.7587678432465
269.0,7.648052219533454,4046525.0,4046577.0,428.0,0.8774351361283919,941.7762174606323
270.0,7.640404167313921,4045576.0,4045582.0,465.0,0.8773203021878447,943.8191294670105
271.0,7.632763763146607,4045148.0,4045159.0,432.0,0.8772053683498227,945.9111235141754
272.0,7.62513099938346,4044231.0,4044311.0,443.0,0.8770903345425005,947.9232821464539
273.0,7.617505868384076,4044066.0,4044105.0,412.0,0.876975200694032,949.9118413925171
274.0,7.609888362515692,4043137.0,4043137.0,464.0,0.8768599667325496,951.7331395149231
275.0,7.602278474153176,4042686.0,4042724.0,417.0,0.876744632586165,953.8580641746521
276.0,7.594676195679023,4041979.0,4041979.0,425.0,0.8766291981829686,955.8466665744781
277.0,7.587081519483344,4041130.0,4041131.0,397.0,0.8765136634510302,957.9224483966827
278.0,7.57949443796386,4040460.0,4040530.0,400.0,0.8763980283183987,960.184238910675
279.0,7.571914943525896,4040023.0,4040023.0,427.0,0.8762822927131023,962.242794752121
280.0,7.56434302858237,4039386.0,4039472.0,415.0,0.8761664565631484,964.2013618946075
281.0,7.5567786855537875,4038728.0,4038753.0,471.0,0.8760505197965237,966.2430756092072
282.0,7.549221906868234,4037726.0,4037766.0,473.0,0.8759344823411945,968.3690073490143
283.0,7.541672684961366,4036548.0,4036575.0,476.0,0.8758183441251067,970.4162225723267
284.0,7.534131012276404,4035802.0,4035885.0,450.0,0.8757021050761855,972.739058971405
285.0,7.526596881264128,4035194.0,4035194.0,430.0,0.8755857651223358,974.9859051704407
286.0,7.519070284382864,4034736.0,4034837.0,391.0,0.8754693241914424,977.1742897033691
287.0,7.511551214098481,4034076.0,4034076.0,421.0,0.8753527822113697,979.1531910896301
288.0,7.504039662884383,4033628.0,4033628.0,451.0,0.875236139109962,981.246054649353
289.0,7.496535623221498,4032567.0,4032591.0,425.0,0.8751193948150435,983.2260665893555
290.0,7.489039087598276,4031837.0,4031980.0,387.0,0.8750025492544182,985.3037004470825
291.0,7.481550048510678,4031410.0,4031485.0,390.0,0.8748856023558705,987.37619972229
292.0,7.474068498462167,4030421.0,4030421.0,398.0,0.8747685540471647,989.3837950229645
293.0,7.466594429963704,4029847.0,4029975.0,448.0,0.8746514042560453,991.5749390125275
294.0,7.4591278355337405,4029465.0,4029537.0,403.0,0.8745341529102368,993.5800039768219
295.0,7.451668707698206,4029127.0,4029129.0,421.0,0.8744167999374446,995.5567932128906
296.0,7.444217038990508,4028539.0,4028696.0,441.0,0.8742993452653539,997.4078814983368
297.0,7.436772821951517,4028276.0,4028409.0,416.0,0.8741817888216307,999.5143892765045
298.0,7.4293360491295655,4027475.0,4027475.0,415.0,0.8740641305339213,1001.3181262016296
299.0,7.4219067130804355,4026962.0,4027026.0,422.0,0.8739463703298528,1003.4937229156494
300.0,7.414484806367355,4026253.0,4026322.0,466.0,0.8738285081370328,1005.5076291561127
301.0,7.407070321560988,4025295.0,4025317.0,424.0,0.8737105438830498,1007.6262221336365
302.0,7.399663251239427,4024675.0,4024683.0,423.0,0.8735924774954729,1009.8366432189941
303.0,7.392263587988188,4024261.0,4024319.0,403.0,0.8734743089018521,1011.8875410556793
304.0,7.3848713244001996,4023586.0,4023586.0,415.0,0.8733560380297185,1013.7075364589691
305.0,7.377486453075799,4023075.0,4023075.0,407.0,0.8732376648065842,1015.8627507686615
306.0,7.370108966622723,4022469.0,4022533.0,404.0,0.873119189159942,1017.823662519455
307.0,7.3627388576561,4021807.0,4021809.0,397.0,0.8730006110172663,1019.7850773334503
308.0,7.355376118798444,4020947.0,4021090.0,442.0,0.8728819303060127,1021.7475278377533
309.0,7.348020742679645,4020947.0,4021056.0,427.0,0.8727631469536178,1023.8880643844604
310.0,7.340672721936965,4020723.0,4020737.0,447.0,0.8726442608874998,1025.6495037078857
311.0,7.333332049215028,4020143.0,4020192.0,444.0,0.8725252720350581,1027.3501670360565
312.0,7.325998717165813,4019606.0,4019647.0,415.0,0.8724061803236741,1029.3558461666107
313.0,7.3186727184486475,4019099.0,4019099.0,413.0,0.8722869856807103,1031.4580128192902
314.0,7.311354045730199,4018303.0,4018303.0,393.0,0.8721676880335109,1033.6796152591705
315.0,7.304042691684469,4017700.0,4017849.0,416.0,0.872048287309402,1036.216866493225
316.0,7.296738648992784,4016941.0,4016999.0,407.0,0.8719287834356915,1038.390760421753
317.0,7.2894419103437915,4016721.0,4016840.0,390.0,0.871809176339669,1040.8691203594208
318.0,7.2821524684334475,4015681.0,4015708.0,408.0,0.8716894659486064,1042.7364692687988
319.0,7.274870315965014,4015293.0,4015293.0,437.0,0.8715696521897571,1045.022679567337
320.0,7.267595445649049,4014822.0,4014870.0,379.0,0.871449734990357,1047.0356197357178
321.0,7.2603278502034,4014171.0,4014189.0,398.0,0.8713297142776241,1048.859038591385
322.0,7.253067522353197,4013571.0,4013571.0,420.0,0.8712095899787584,1050.8047893047333
323.0,7.245814454830843,4012427.0,4012442.0,407.0,0.8710893620209426,1052.7111978530884
324.0,7.2385686403760126,4012014.0,4012014.0,386.0,0.8709690303313413,1054.9581716060638
325.0,7.231330071735637,4011341.0,4011353.0,386.0,0.8708485948371021,1056.8436629772186
326.0,7.2240987416639015,4010601.0,4010601.0,380.0,0.8707280554653548,1059.0499017238617
327.0,7.216874642922238,4009963.0,4010036.0,427.0,0.8706074121432119,1061.035347700119
328.0,7.209657768279316,4009791.0,4009795.0,372.0,0.8704866647977685,1063.0853989124298
329.0,7.202448110511036,4009267.0,4009317.0,393.0,0.8703658133561026,1064.857697725296
330.0,7.195245662400525,4008837.0,4008902.0,369.0,0.8702448577452752,1066.8109476566315
331.0,7.1880504167381245,4008523.0,4008632.0,383.0,0.8701237978923296,1068.733009815216
332.0,7.180862366321386,4008352.0,4008366.0,391.0,0.8700026337242928,1070.48180103302
333.0,7.1736815039550645,4007526.0,4007546.0,373.0,0.8698813651681745,1072.2629115581512
334.0,7.166507822451109,4006903.0,4006923.0,366.0,0.8697599921509674,1074.4920060634613
335.0,7.159341314628658,4006482.0,4006489.0,366.0,0.869638514599648,1076.5802235603333
336.0,7.152181973314029,4005741.0,4005915.0,387.0,0.8695169324411754,1078.5406930446625
337.0,7.145029791340715,4005545.0,4005590.0,395.0,0.8693952456024927,1080.705359697342
338.0,7.137884761549374,4005107.0,4005107.0,359.0,0.8692734540105259,1082.5151443481445
339.0,7.130746876787825,4004701.0,4004718.0,377.0,0.8691515575921849,1084.5677092075348
340.0,7.123616129911037,4004504.0,4004570.0,387.0,0.8690295562743631,1086.4781484603882
341.0,7.116492513781126,4003725.0,4003725.0,420.0,0.8689074499839374,1088.2593669891357
342.0,7.109376021267345,4003386.0,4003487.0,396.0,0.868785238647769,1090.1754324436188
343.0,7.102266645246078,4003221.0,4003246.0,390.0,0.8686629221927022,1092.0824565887451
344.0,7.095164378600832,4002977.0,4002986.0,407.0,0.8685405005455659,1093.7572479248047
345.0,7.088069214222231,4002273.0,4002425.0,420.0,0.8684179736331726,1095.6316974163055
346.0,7.080981145008009,4001886.0,4001941.0,389.0,0.868295341382319,1097.8150043487549
347.0,7.073900163863001,4001021.0,4001021.0,419.0,0.8681726037197859,1099.7991905212402
348.0,7.066826263699138,4000452.0,4000560.0,370.0,0.8680497605723383,1101.9160363674164
349.0,7.059759437435439,4000148.0,4000174.0,409.0,0.8679268118667258,1103.8777108192444
350.0,7.052699677998003,3999644.0,3999644.0,387.0,0.8678037575296822,1105.7375974655151
351.0,7.045646978320005,3999084.0,3999112.0,379.0,0.8676805974879256,1107.7357668876648
352.0,7.038601331341685,3998366.0,3998377.0,394.0,0.8675573316681588,1109.7699038982391
353.0,7.031562730010343,3997903.0,3997947.0,371.0,0.8674339599970696,1111.8826682567596
354.0,7.024531167280332,3996975.0,3997021.0,377.0,0.8673104824013299,1113.877230644226
355.0,7.017506636113052,3996292.0,3996349.0,401.0,0.8671868988075968,1116.1099860668182
356.0,7.010489129476939,3995788.0,3995788.0,416.0,0.8670632091425121,1118.1171135902405
357.0,7.0034786403474625,3994990.0,3994990.0,360.0,0.8669394133327027,1120.1831049919128
358.0,6.996475161707115,3994218.0,3994274.0,378.0,0.8668155113047805,1122.3776404857635
359.0,6.989478686545407,3993995.0,3993996.0,343.0,0.8666915029853425,1124.657969713211
360.0,6.982489207858862,3993176.0,3993186.0,384.0,0.8665673883009708,1126.544160604477
361.0,6.975506718651003,3992922.0,3992937.0,397.0,0.866443167178233,1128.696872472763
362.0,6.968531211932352,3992332.0,3992338.0,359.0,0.866318839543682,1130.6455323696136
363.0,6.961562680720419,3991911.0,3992037.0,394.0,0.8661944053238562,1132.6597352027893
364.0,6.954601118039699,3991562.0,3991563.0,360.0,0.8660698644452793,1134.662254333496
365.0,6.947646516921659,3991239.0,3991296.0,389.0,0.865945216834461,1136.4569232463837
366.0,6.940698870404737,3990894.0,3990894.0,363.0,0.8658204624178963,1138.431057691574
367.0,6.933758171534333,3990275.0,3990389.0,415.0,0.8656956011220663,1140.3760406970978
368.0,6.926824413362798,3989619.0,3989657.0,345.0,0.8655706328734379,1142.4428160190582
369.0,6.919897588949436,3989060.0,3989141.0,371.0,0.865445557598464,1144.635207414627
370.0,6.912977691360486,3988781.0,3988865.0,378.0,0.8653203752235832,1146.77290725708
371.0,6.906064713669125,3988151.0,3988222.0,352.0,0.8651950856752207,1148.6854746341705
372.0,6.899158648955456,3987735.0,3987774.0,356.0,0.8650696888797877,1150.692673444748
373.0,6.892259490306501,3987305.0,3987327.0,359.0,0.8649441847636817,1152.7446818351746
374.0,6.885367230816195,3986944.0,3986952.0,365.0,0.8648185732532866,1154.8057625293732
375.0,6.878481863585379,3986276.0,3986380.0,363.0,0.8646928542749727,1156.7165422439575
376.0,6.871603381721794,3985695.0,3985703.0,370.0,0.8645670277550969,1158.8079771995544
377.0,6.864731778340072,3985528.0,3985535.0,356.0,0.8644410936200027,1160.6253669261932
378.0,6.857867046561732,3984424.0,3984514.0,385.0,0.8643150517960204,1162.381136417389
379.0,6.85100917951517,3984142.0,3984151.0,354.0,0.8641889022094671,1164.581372499466
380.0,6.844158170335655,3983719.0,3983721.0,348.0,0.8640626447866468,1166.3497416973114
381.0,6.8373140121653195,3982943.0,3983084.0,306.0,0.8639362794538505,1168.2530994415283
382.0,6.830476698153154,3982583.0,3982595.0,375.0,0.8638098061373563,1170.3373761177063
383.0,6.823646221455001,3982049.0,3982049.0,365.0,0.8636832247634291,1172.3762443065643
384.0,6.816822575233546,3981091.0,3981091.0,368.0,0.8635565352583215,1174.4603424072266
385.0,6.810005752658313,3980576.0,3980585.0,369.0,0.8634297375482735,1176.6302206516266
386.0,6.803195746905654,3980480.0,3980510.0,344.0,0.8633028315595119,1178.6565821170807
387.0,6.796392551158749,3980227.0,3980412.0,394.0,0.8631758172182517,1180.5014362335205
388.0,6.78959615860759,3980085.0,3980085.0,351.0,0.863048694450695,1182.3426008224487
389.0,6.782806562448982,3979341.0,3979394.0,331.0,0.862921463183032,1184.0624985694885
390.0,6.776023755886533,3979160.0,3979312.0,361.0,0.8627941233414402,1186.1231529712677
391.0,6.769247732130647,3978728.0,3978807.0,370.0,0.8626666748520856,1188.0107576847076
392.0,6.762478484398516,3978090.0,3978122.0,378.0,0.8625391176411215,1189.8529915809631
393.0,6.755716005914117,3977673.0,3977740.0,360.0,0.8624114516346896,1191.959820985794
394.0,6.748960289908203,3976964.0,3976991.0,350.0,0.8622836767589196,1194.1044883728027
395.0,6.742211329618295,3976564.0,3976564.0,358.0,0.8621557929399297,1196.2891218662262
396.0,6.735469118288676,3975667.0,3975667.0,370.0,0.862027800103826,1198.1979558467865
397.0,6.728733649170387,3975068.0,3975157.0,356.0,0.8618996981767034,1200.5198152065277
398.0,6.722004915521216,3974822.0,3974872.0,348.0,0.8617714870846449,1202.786783695221
399.0,6.715282910605695,3974383.0,3974383.0,338.0,0.8616431667537224,1204.614030122757
400.0,6.708567627695089,3973844.0,3973870.0,344.0,0.8615147371099965,1206.507390499115
401.0,6.701859060067394,3973243.0,3973265.0,351.0,0.8613861980795162,1208.5340209007263
402.0,6.695157201007327,3972831.0,3972942.0,354.0,0.8612575495883198,1210.6406600475311
403.0,6.68846204380632,3972617.0,3972643.0,328.0,0.8611287915624342,1212.5849323272705
404.0,6.6817735817625135,3972154.0,3972162.0,366.0,0.8609999239278756,1214.463577747345
405.0,6.675091808180751,3971672.0,3971694.0,341.0,0.8608709466106492,1216.625881910324
406.0,6.66841671637257,3971627.0,3971805.0,385.0,0.8607418595367494,1218.6447746753693
407.0,6.661748299656197,3971397.0,3971459.0,341.0,0.8606126626321602,1220.353836297989
408.0,6.655086551356541,3971135.0,3971161.0,328.0,0.8604833558228546,1222.153793334961
409.0,6.648431464805184,3970823.0,3970859.0,326.0,0.8603539390347954,1224.0742461681366
410.0,6.641783033340379,3970280.0,3970311.0,363.0,0.860224412193935,1225.9580986499786
411.0,6.635141250307038,3969937.0,3969946.0,327.0,0.8600947752262152,1228.0247139930725
412.0,6.628506109056731,3969635.0,3969761.0,317.0,0.859965028057568,1229.9319415092468
413.0,6.6218776029476745,3969423.0,3969454.0,349.0,0.8598351706139151,1231.8400526046753
414.0,6.615255725344727,3968718.0,3968718.0,315.0,0.859705202821168,1233.5630464553833
415.0,6.608640469619382,3968155.0,3968246.0,340.0,0.8595751246052287,1235.6117732524872
416.0,6.602031829149762,3967976.0,3967999.0,342.0,0.8594449358919888,1237.7046298980713
417.0,6.595429797320612,3967683.0,3967683.0,344.0,0.8593146366073308,1239.459406375885
418.0,6.588834367523292,3967210.0,3967217.0,311.0,0.859184226677127,1241.356925725937
419.0,6.582245533155769,3966636.0,3966636.0,318.0,0.8590537060272405,1243.539692401886
420.0,6.575663287622613,3966258.0,3966400.0,309.0,0.8589230745835249,1245.8413763046265
421.0,6.5690876243349905,3965683.0,3965701.0,307.0,0.8587923322718244,1247.9498934745789
422.0,6.562518536710655,3965313.0,3965331.0,345.0,0.8586614790179738,1250.2901074886322
423.0,6.555956018173944,3964955.0,3964983.0,358.0,0.858530514747799,1252.1948034763336
424.0,6.549400062155771,3964605.0,3964618.0,348.0,0.8583994393871167,1254.1009929180145
425.0,6.542850662093615,3963960.0,3963969.0,314.0,0.8582682528617347,1255.949411869049
426.0,6.536307811431522,3963325.0,3963372.0,368.0,0.8581369550974518,1258.0970492362976
427.0,6.529771503620091,3963011.0,3963101.0,341.0,0.8580055460200582,1260.227531194687
428.0,6.523241732116471,3962470.0,3962470.0,353.0,0.8578740255553353,1262.1372952461243
429.0,6.5167184903843545,3961781.0,3961806.0,347.0,0.8577423936290561,1264.0588698387146
430.0,6.51020177189397,3961248.0,3961290.0,351.0,0.8576106501669849,1266.2470347881317
431.0,6.5036915701220765,3960448.0,3960448.0,339.0,0.8574787950948777,1268.3782830238342
432.0,6.497187878551954,3959882.0,3959915.0,310.0,0.8573468283384823,1270.5557487010956
433.0,6.490690690673402,3959561.0,3959637.0,318.0,0.8572147498235382,1272.5590524673462
434.0,6.484199999982729,3959328.0,3959330.0,313.0,0.857082559475777,1274.4438841342926
435.0,6.477715799982746,3958717.0,3958780.0,350.0,0.8569502572209222,1276.3458261489868
436.0,6.471238084182763,3958497.0,3958540.0,313.0,0.8568178429846894,1278.5562493801117
437.0,6.46476684609858,3957894.0,3957900.0,313.0,0.8566853166927865,1280.4070541858673
438.0,6.458302079252481,3957524.0,3957524.0,325.0,0.8565526782709136,1282.5237424373627
439.0,6.451843777173228,3957145.0,3957187.0,336.0,0.8564199276447634,1284.3898782730103
440.0,6.4453919333960545,3956973.0,3957034.0,315.0,0.8562870647400209,1286.2844777107239
441.0,6.438946541462658,3956527.0,3956576.0,331.0,0.8561540894823639,1288.0841283798218
442.0,6.432507594921196,3955876.0,3955926.0,361.0,0.8560210017974631,1290.2681307792664
443.0,6.426075087326275,3955379.0,3955405.0,338.0,0.8558878016109814,1292.388741493225
444.0,6.419649012238949,3955026.0,3955059.0,317.0,0.8557544888485753,1294.4948964118958
445.0,6.41322936322671,3954986.0,3955011.0,339.0,0.855621063435894,1296.4835858345032
446.0,6.406816133863484,3954794.0,3954917.0,329.0,0.8554875252985799,1298.1532399654388
447.0,6.40040931772962,3954483.0,3954483.0,326.0,0.8553538743622685,1300.036987066269
448.0,6.394008908411891,3954039.0,3954062.0,370.0,0.855220110552589,1301.953970193863
449.0,6.387614899503479,3953734.0,3953779.0,337.0,0.8550862337951637,1303.931792497635
450.0,6.381227284603975,3953241.0,3953253.0,360.0,0.8549522440156084,1305.8374934196472
451.0,6.374846057319371,3952652.0,3952662.0,336.0,0.854818141139533,1308.013738155365
452.0,6.368471211262052,3952164.0,3952188.0,316.0,0.8546839250925408,1310.1519675254822
453.0,6.36210274005079,3951632.0,3951645.0,319.0,0.8545495958002288,1312.0923693180084
454.0,6.355740637310739,3951195.0,3951209.0,311.0,0.8544151531881884,1314.1289639472961
455.0,6.3493848966734285,3950900.0,3950907.0,312.0,0.8542805971820048,1316.2851829528809
456.0,6.343035511776755,3950581.0,3950680.0,279.0,0.8541459277072573,1318.1825909614563
457.0,6.336692476264978,3949900.0,3949922.0,334.0,0.8540111446895198,1319.9844799041748
458.0,6.330355783788713,3949524.0,3949599.0,325.0,0.8538762480543601,1322.1319444179535
459.0,6.324025428004925,3948797.0,3948801.0,309.0,0.8537412377273411,1324.185442686081
460.0,6.31770140257692,3948476.0,3948476.0,322.0,0.8536061136340197,1326.2626736164093
461.0,6.311383701174343,3948110.0,3948134.0,310.0,0.853470875699948,1328.210474729538
462.0,6.305072317473169,3947398.0,3947424.0,318.0,0.8533355238506724,1330.140393257141
463.0,6.2987672451556955,3947106.0,3947106.0,298.0,0.8532000580117345,1332.3607966899872
464.0,6.29246847791054,3946765.0,3946795.0,310.0,0.8530644781086711,1334.4327974319458
465.0,6.286176009432629,3946235.0,3946314.0,311.0,0.8529287840670139,1336.3200285434723
466.0,6.279889833423196,3946022.0,3946055.0,321.0,0.8527929758122896,1338.4011099338531
467.0,6.273609943589773,3945497.0,3945537.0,340.0,0.8526570532700208,1340.287635087967
468.0,6.267336333646183,3945277.0,3945485.0,334.0,0.8525210163657251,1342.3390617370605
469.0,6.261068997312536,3945156.0,3945178.0,327.0,0.8523848650249158,1344.229600429535
470.0,6.254807928315224,3944474.0,3944477.0,311.0,0.8522485991731021,1346.112453699112
471.0,6.248553120386909,3944043.0,3944065.0,282.0,0.8521122187357885,1348.231974363327
472.0,6.242304567266522,3943593.0,3943662.0,334.0,0.8519757236384757,1350.2055218219757
473.0,6.236062262699255,3943382.0,3943420.0,320.0,0.8518391138066604,1352.147477388382
474.0,6.229826200436555,3943175.0,3943286.0,308.0,0.8517023891658354,1354.0112676620483
475.0,6.223596374236119,3942670.0,3942760.0,332.0,0.8515655496414894,1355.904149055481
476.0,6.217372777861883,3942272.0,3942310.0,309.0,0.851428595159108,1357.9055836200714
477.0,6.21115540508402,3942010.0,3942018.0,319.0,0.8512915256441727,1359.9354181289673
478.0,6.204944249678936,3941626.0,3941626.0,294.0,0.8511543410221618,1361.7932827472687
479.0,6.198739305429258,3941039.0,3941108.0,336.0,0.8510170412185503,1363.7927572727203
480.0,6.192540566123828,3940758.0,3940778.0,319.0,0.8508796261588097,1366.0487892627716
481.0,6.186348025557704,3940338.0,3940352.0,288.0,0.8507420957684088,1367.9016242027283
482.0,6.180161677532147,3939845.0,3939883.0,305.0,0.850604449972813,1369.9475212097168
483.0,6.1739815158546145,3939282.0,3939307.0,321.0,0.850466688697485,1372.0593938827515
484.0,6.16780753433876,3938960.0,3938963.0,315.0,0.8503288118678847,1374.1249589920044
485.0,6.161639726804421,3938625.0,3938627.0,299.0,0.8501908194094692,1376.1304075717926
486.0,6.155478087077617,3938231.0,3938272.0,308.0,0.8500527112476931,1377.9181232452393
487.0,6.149322608990539,3937828.0,3937893.0,313.0,0.8499144873080088,1379.9254653453827
488.0,6.143173286381548,3937394.0,3937448.0,293.0,0.8497761475158659,1381.8561658859253
489.0,6.137030113095166,3937078.0,3937145.0,317.0,0.8496376917967122,1383.7987806797028
490.0,6.130893082982071,3936694.0,3936745.0,306.0,0.8494991200759933,1385.737559556961
491.0,6.124762189899089,3936223.0,3936312.0,326.0,0.8493604322791526,1387.6624083518982
492.0,6.1186374277091895,3935704.0,3935817.0,322.0,0.8492216283316317,1389.6325252056122
493.0,6.11251879028148,3935318.0,3935355.0,300.0,0.8490827081588705,1391.5389158725739
494.0,6.106406271491198,3934907.0,3934915.0,275.0,0.8489436716863075,1393.4218010902405
495.0,6.100299865219707,3934711.0,3934752.0,266.0,0.8488045188393791,1395.3532075881958
496.0,6.094199565354487,3934490.0,3934490.0,288.0,0.8486652495435208,1397.2266268730164
497.0,6.088105365789133,3934284.0,3934284.0,287.0,0.8485258637241665,1399.0489709377289
498.0,6.082017260423344,3934149.0,3934149.0,288.0,0.8483863613067489,1400.7788496017456
499.0,6.07593524316292,3933691.0,3933701.0,305.0,0.8482467422167,1402.3819179534912
500.0,6.069859307919757,3933420.0,3933467.0,289.0,0.8481070063794504,1404.391325712204
501.0,6.063789448611837,3932926.0,3933028.0,312.0,0.8479671537204301,1406.265878200531
502.0,6.057725659163226,3932505.0,3932525.0,280.0,0.8478271841650682,1408.326653957367
503.0,6.051667933504063,3932169.0,3932178.0,293.0,0.8476870976387935,1410.1391398906708
504.0,6.045616265570558,3931417.0,3931417.0,299.0,0.847546894067034,1412.0311625003815
505.0,6.039570649304988,3931060.0,3931087.0,285.0,0.8474065733752174,1414.161578655243
506.0,6.033531078655683,3930804.0,3930828.0,308.0,0.8472661354887715,1416.0339753627777
507.0,6.027497547577027,3930426.0,3930474.0,303.0,0.8471255803331235,1417.8406164646149
508.0,6.02147005002945,3930004.0,3930046.0,305.0,0.8469849078337007,1419.702528476715
509.0,6.01544857997942,3929726.0,3929726.0,287.0,0.8468441179159308,1421.6606922149658
510.0,6.009433131399441,3929088.0,3929098.0,272.0,0.8467032105052414,1423.3978805541992
511.0,6.003423698268041,3928938.0,3928944.0,284.0,0.8465621855270606,1425.5474152565002
512.0,5.997420274569773,3928535.0,3928570.0,279.0,0.8464210429068169,1427.2807233333588
513.0,5.9914228542952035,3928329.0,3928430.0,290.0,0.8462797825699393,1429.2421624660492
514.0,5.985431431440908,3928223.0,3928302.0,298.0,0.8461384044418577,1431.085500240326
515.0,5.979446000009467,3927925.0,3927944.0,304.0,0.8459969084480029,1432.8363063335419
516.0,5.973466554009458,3927649.0,3927651.0,286.0,0.8458552945138063,1434.636684179306
517.0,5.967493087455448,3927389.0,3927420.0,316.0,0.8457135625647005,1436.465478181839
518.0,5.961525594367993,3927165.0,3927171.0,298.0,0.8455717125261195,1438.3389348983765
519.0,5.955564068773625,3927059.0,3927070.0,281.0,0.8454297443234985,1440.1675674915314
520.0,5.949608504704851,3926381.0,3926381.0,328.0,0.8452876578822739,1441.8439555168152
521.0,5.943658896200146,3925878.0,3925898.0,304.0,0.845145453127884,1443.9572942256927
522.0,5.937715237303946,3925642.0,3925757.0,280.0,0.8450031299857688,1445.9670796394348
523.0,5.931777522066642,3925236.0,3925250.0,307.0,0.8448606883813695,1447.7833256721497
524.0,5.925845744544575,3924920.0,3924934.0,294.0,0.8447181282401299,1449.5674855709076
525.0,5.91991989880003,3924654.0,3924654.0,287.0,0.8445754494874957,1451.5452945232391
526.0,5.91399997890123,3924398.0,3924637.0,284.0,0.8444326520489146,1453.4439990520477
527.0,5.908085978922329,3924093.0,3924093.0,276.0,0.8442897358498366,1455.2338333129883
528.0,5.902177892943406,3923495.0,3923498.0,281.0,0.8441467008157142,1457.5488231182098
529.0,5.8962757150504626,3923316.0,3923316.0,301.0,0.8440035468720025,1459.7788150310516
530.0,5.890379439335412,3923199.0,3923243.0,265.0,0.8438602739441593,1461.6191198825836
531.0,5.884489059896077,3923160.0,3923160.0,271.0,0.843716881957645,1463.502732515335
532.0,5.878604570836181,3922662.0,3922704.0,297.0,0.843573370837923,1465.9690594673157
533.0,5.872725966265345,3922393.0,3922463.0,295.0,0.8434297405104599,1467.9897918701172
534.0,5.86685324029908,3922086.0,3922155.0,279.0,0.8432859909007252,1469.8153159618378
535.0,5.860986387058781,3921578.0,3921615.0,297.0,0.8431421219341919,1471.8632018566132
536.0,5.855125400671723,3921396.0,3921467.0,292.0,0.8429981335363365,1473.8760764598846
537.0,5.849270275271051,3921022.0,3921022.0,282.0,0.8428540256326386,1475.6516692638397
538.0,5.84342100499578,3920673.0,3920693.0,282.0,0.842709798148582,1477.6743564605713
539.0,5.837577583990784,3920288.0,3920295.0,257.0,0.8425654510096542,1479.574597120285
540.0,5.831740006406793,3919995.0,3920000.0,300.0,0.8424209841413463,1481.500231742859
541.0,5.825908266400386,3919639.0,3919660.0,264.0,0.8422763974691538,1483.519035577774
542.0,5.820082358133986,3919228.0,3919266.0,276.0,0.8421316909185765,1485.4299705028534
543.0,5.814262275775852,3918793.0,3918800.0,306.0,0.841986864415118,1487.388020515442
544.0,5.808448013500076,3918468.0,3918468.0,269.0,0.8418419178842869,1489.388117313385
545.0,5.802639565486576,3918100.0,3918116.0,323.0,0.8416968512515959,1491.3246250152588
546.0,5.796836925921089,3917792.0,3917815.0,267.0,0.8415516644425627,1493.262204170227
547.0,5.791040088995168,3917364.0,3917416.0,285.0,0.8414063573827099,1495.1501581668854
548.0,5.785249048906173,3916991.0,3916997.0,270.0,0.8412609299975649,1497.252065896988
549.0,5.779463799857266,3916862.0,3916967.0,280.0,0.84111538221266,1499.1301317214966
550.0,5.773684336057409,3916385.0,3916385.0,258.0,0.8409697139535334,1500.8591892719269
551.0,5.767910651721351,3915859.0,3915864.0,260.0,0.8408239251457278,1502.843281030655
552.0,5.7621427410696295,3915437.0,3915458.0,288.0,0.8406780157147921,1504.9029965400696
553.0,5.75638059832856,3915020.0,3915026.0,268.0,0.8405319855862803,1506.7477278709412
554.0,5.750624217730231,3914738.0,3914756.0,272.0,0.8403858346857526,1508.7065289020538
555.0,5.7448735935125015,3914271.0,3914271.0,270.0,0.8402395629387746,1510.4966621398926
556.0,5.739128719918989,3913942.0,3913947.0,255.0,0.8400931702709183,1512.549495458603
557.0,5.73338959119907,3913787.0,3913795.0,255.0,0.8399466566077619,1514.498766899109
558.0,5.7276562016078705,3913283.0,3913292.0,262.0,0.8398000218748894,1516.4060235023499
559.0,5.7219285454062625,3913020.0,3913033.0,267.0,0.8396532659978918,1518.5269033908844
560.0,5.716206616860856,3912691.0,3912711.0,270.0,0.8395063889023662,1520.298823595047
561.0,5.710490410243995,3912281.0,3912378.0,268.0,0.8393593905139165,1522.1412150859833
562.0,5.704779919833752,3912130.0,3912130.0,273.0,0.8392122707581536,1524.0797181129456
563.0,5.699075139913918,3911762.0,3911771.0,258.0,0.8390650295606952,1525.7746901512146
564.0,5.693376064774005,3911692.0,3911730.0,270.0,0.8389176668471661,1527.5400116443634
565.0,5.687682688709231,3911265.0,3911272.0,246.0,0.8387701825431982,1529.2291045188904
566.0,5.6819950060205215,3910868.0,3910868.0,276.0,0.8386225765744311,1531.2318077087402
567.0,5.676313011014501,3910416.0,3910422.0,267.0,0.8384748488665114,1533.1614048480988
568.0,5.670636698003486,3910035.0,3910242.0,293.0,0.8383269993450937,1535.0178577899933
569.0,5.664966061305483,3909771.0,3909781.0,246.0,0.8381790279358404,1537.863320350647
570.0,5.659301095244178,3909458.0,3909460.0,247.0,0.8380309345644215,1540.7529351711273
571.0,5.653641794148934,3909290.0,3909303.0,284.0,0.8378827191565152,1543.6809918880463
572.0,5.647988152354785,3908985.0,3908985.0,268.0,0.8377343816378079,1546.5873620510101
573.0,5.642340164202429,3908649.0,3908664.0,267.0,0.8375859219339943,1549.6574001312256
574.0,5.636697824038227,3908067.0,3908111.0,283.0,0.8374373399707774,1552.3342864513397
575.0,5.631061126214188,3907713.0,3907713.0,276.0,0.837288635673869,1554.8264298439026
576.0,5.625430065087974,3907408.0,3907489.0,257.0,0.8371398089689897,1557.13613986969
577.0,5.619804635022886,3907301.0,3907314.0,291.0,0.8369908597818684,1559.0046255588531
578.0,5.614184830387863,3907060.0,3907105.0,265.0,0.8368417880382437,1560.80104804039
579.0,5.608570645557475,3906608.0,3906623.0,286.0,0.836692593663863,1562.8542590141296
580.0,5.602962074911918,3905757.0,3905757.0,269.0,0.8365432765844828,1565.188071489334
581.0,5.597359112837006,3905635.0,3905774.0,251.0,0.8363938367258694,1567.9246377944946
582.0,5.591761753724169,3905563.0,3905569.0,243.0,0.8362442740137986,1571.2242534160614
583.0,5.586169991970445,3905411.0,3905459.0,259.0,0.8360945883740557,1573.210510969162
584.0,5.5805838219784745,3905033.0,3905088.0,263.0,0.8359447797324359,1575.1720054149628
585.0,5.575003238156496,3904753.0,3904760.0,240.0,0.8357948480147444,1577.3730998039246
586.0,5.569428234918339,3904736.0,3904817.0,282.0,0.8356447931467965,1579.2776782512665
587.0,5.563858806683421,3904304.0,3904304.0,245.0,0.835494615054418,1581.1614351272583
588.0,5.558294947876738,3903982.0,3904000.0,251.0,0.8353443136634447,1584.08136343956
589.0,5.5527366529288615,3903727.0,3903727.0,269.0,0.8351938888997233,1586.3490166664124
590.0,5.547183916275933,3903355.0,3903377.0,260.0,0.835043340689111,1588.3224892616272
591.0,5.541636732359657,3903149.0,3903149.0,264.0,0.8348926689574759,1590.7498908042908
592.0,5.536095095627298,3902635.0,3902635.0,260.0,0.834741873630697,1596.8422605991364
593.0,5.53055900053167,3902144.0,3902144.0,308.0,0.8345909546346645,1599.5689706802368
594.0,5.525028441531139,3901933.0,3901993.0,255.0,0.8344399118952799,1603.2889621257782
595.0,5.519503413089607,3901834.0,3901834.0,255.0,0.834288745338456,1605.5642576217651
596.0,5.513983909676518,3901585.0,3901585.0,271.0,0.8341374548901171,1607.9403793811798
597.0,5.508469925766841,3901289.0,3901360.0,261.0,0.8339860404761996,1609.9659459590912
598.0,5.502961455841074,3901087.0,3901087.0,236.0,0.8338345020226512,1612.0624976158142
599.0,5.497458494385233,3900654.0,3900656.0,268.0,0.8336828394554319,1613.938065290451
600.0,5.4919610358908475,3900356.0,3900356.0,237.0,0.8335310527005138,1616.1119194030762
601.0,5.4864690748549565,3899986.0,3899994.0,255.0,0.833379141683881,1618.3561358451843
602.0,5.480982605780102,3899588.0,3899599.0,247.0,0.8332271063315307,1620.4897241592407
603.0,5.475501623174321,3899522.0,3899578.0,252.0,0.8330749465694719,1622.857140302658
604.0,5.470026121551147,3899522.0,3899634.0,249.0,0.8329226623237267,1624.6973299980164
605.0,5.464556095429596,3899305.0,3899365.0,256.0,0.8327702535203302,1626.5511553287506
606.0,5.459091539334167,3899275.0,3899284.0,252.0,0.8326177200853302,1628.4958193302155
607.0,5.453632447794832,3899190.0,3899220.0,242.0,0.8324650619447876,1630.3080966472626
608.0,5.448178815347037,3898781.0,3898783.0,242.0,0.8323122790247772,1632.1691999435425
609.0,5.4427306365316905,3898480.0,3898547.0,244.0,0.8321593712513866,1634.5510687828064
610.0,5.437287905895158,3898194.0,3898210.0,208.0,0.8320063385507173,1636.6570670604706
611.0,5.431850617989263,3897959.0,3897978.0,269.0,0.8318531808488845,1638.7936594486237
612.0,5.426418767371274,3897477.0,3897502.0,240.0,0.8316998980720174,1640.8646430969238
613.0,5.420992348603903,3897124.0,3897221.0,251.0,0.8315464901462591,1642.9845983982086
614.0,5.415571356255299,3896723.0,3896723.0,259.0,0.831392956997767,1645.048080921173
615.0,5.410155784899044,3896443.0,3896455.0,250.0,0.8312392985527128,1647.2043919563293
616.0,5.404745629114145,3895972.0,3896025.0,242.0,0.8310855147372829,1649.26380777359
617.0,5.3993408834850305,3895818.0,3895895.0,236.0,0.8309316054776779,1651.559250831604
618.0,5.393941542601546,3895548.0,3895548.0,251.0,0.8307775707001136,1653.8110647201538
619.0,5.388547601058944,3895105.0,3895124.0,239.0,0.8306234103308208,1655.9437172412872
620.0,5.383159053457885,3894806.0,3894826.0,225.0,0.830469124296045,1658.0928525924683
621.0,5.377775894404428,3894589.0,3894727.0,241.0,0.8303147125220475,1660.0864136219025
622.0,5.372398118510024,3894259.0,3894308.0,255.0,0.8301601749351045,1662.0661067962646
623.0,5.3670257203915135,3893816.0,3893816.0,225.0,0.8300055114615081,1664.1788115501404
624.0,5.361658694671122,3893557.0,3893577.0,229.0,0.829850722027566,1666.3431844711304
625.0,5.356297035976451,3893356.0,3893365.0,264.0,0.829695806559602,1668.3178970813751
626.0,5.350940738940475,3893227.0,3893242.0,246.0,0.8295407649839552,1670.236708164215
627.0,5.345589798201535,3893022.0,3893025.0,242.0,0.8293855972269819,1672.179866552353
628.0,5.340244208403333,3892594.0,3892627.0,226.0,0.829230303215054,1674.380234003067
629.0,5.33490396419493,3892390.0,3892441.0,270.0,0.8290748828745602,1677.9248900413513
630.0,5.329569060230735,3892083.0,3892083.0,214.0,0.8289193361319057,1681.2004308700562
631.0,5.324239491170505,3891860.0,3891878.0,256.0,0.8287636629135127,1684.1758580207825
632.0,5.318915251679334,3891415.0,3891456.0,268.0,0.8286078631458199,1687.504963874817
633.0,5.313596336427654,3891090.0,3891096.0,253.0,0.8284519367552838,1690.5834710597992
634.0,5.308282740091227,3890751.0,3890759.0,249.0,0.8282958836683776,1693.0302193164825
635.0,5.3029744573511355,3890324.0,3890342.0,245.0,0.8281397038115922,1695.2788450717926
636.0,5.297671482893785,3890029.0,3890033.0,215.0,0.827983397111436,1697.602323770523
637.0,5.292373811410891,3889939.0,3889987.0,207.0,0.8278269634944352,1699.8430824279785
638.0,5.28708143759948,3889484.0,3889484.0,256.0,0.8276704028871337,1701.87499833107
639.0,5.28179435616188,3889171.0,3889180.0,245.0,0.8275137152160936,1704.3436262607574
640.0,5.276512561805718,3889013.0,3889031.0,244.0,0.8273569004078953,1706.5189530849457
641.0,5.271236049243912,3888671.0,3888671.0,266.0,0.8271999583891374,1708.5333778858185
642.0,5.265964813194668,3888491.0,3888506.0,228.0,0.8270428890864373,1710.863873243332
643.0,5.260698848381474,3888249.0,3888249.0,221.0,0.8268856924264306,1712.8019862174988
644.0,5.255438149533092,3887916.0,3887918.0,224.0,0.8267283683357723,1714.905971288681
645.0,5.25018271138356,3887551.0,3887551.0,227.0,0.826570916741136,1717.0151314735413
646.0,5.244932528672176,3887129.0,3887165.0,235.0,0.8264133375692146,1719.122233390808
647.0,5.239687596143503,3886905.0,3886905.0,249.0,0.8262556307467205,1721.264817237854
648.0,5.23444790854736,3886285.0,3886285.0,243.0,0.8260977962003853,1723.3540902137756
649.0,5.229213460638813,3886001.0,3886038.0,239.0,0.8259398338569605,1725.6379051208496
650.0,5.2239842471781746,3885779.0,3885785.0,264.0,0.8257817436432171,1727.9244995117188
651.0,5.218760262930997,3885498.0,3885546.0,245.0,0.8256235254859465,1730.050056695938
652.0,5.213541502668066,3884958.0,3884994.0,246.0,0.8254651793119598,1732.2073380947113
653.0,5.208327961165398,3884625.0,3884669.0,230.0,0.8253067050480889,1734.6541721820831
654.0,5.203119633204232,3884348.0,3884354.0,269.0,0.8251481026211855,1736.9501297473907
655.0,5.197916513571028,3883997.0,3884029.0,258.0,0.8249893719581226,1739.083369255066
656.0,5.192718597057457,3883799.0,3883823.0,252.0,0.8248305129857936,1741.254410982132
657.0,5.1875258784603995,3883564.0,3883577.0,233.0,0.8246715256311128,1743.2945520877838
658.0,5.182338352581939,3883078.0,3883123.0,271.0,0.8245124098210159,1745.281904220581
659.0,5.177156014229357,3882780.0,3882813.0,232.0,0.8243531654824596,1747.6708459854126
660.0,5.171978858215128,3882600.0,3882663.0,246.0,0.8241937925424223,1749.9552385807037
661.0,5.166806879356913,3882400.0,3882438.0,234.0,0.8240342909279038,1752.0529448986053
662.0,5.161640072477556,3882206.0,3882277.0,246.0,0.8238746605659258,1754.0469379425049
663.0,5.156478432405078,3881810.0,3881820.0,259.0,0.8237149013835319,1756.058302640915
664.0,5.151321953972673,3881457.0,3881475.0,241.0,0.8235550133077878,1758.2679252624512
665.0,5.1461706320187,3881010.0,3881020.0,235.0,0.8233949962657814,1760.37952709198
666.0,5.141024461386682,3880615.0,3880626.0,246.0,0.8232348501846233,1762.850082397461
667.0,5.135883436925295,3880154.0,3880237.0,226.0,0.8230745749914463,1765.0172135829926
668.0,5.130747553488369,3879862.0,3879891.0,222.0,0.8229141706134064,1767.2210025787354
669.0,5.125616805934881,3879673.0,3879673.0,233.0,0.8227536369776822,1769.369099855423
670.0,5.120491189128946,3879270.0,3879325.0,230.0,0.8225929740114757,1771.4231564998627
671.0,5.115370697939817,3879251.0,3879283.0,196.0,0.8224321816420119,1773.6830215454102
672.0,5.110255327241877,3879100.0,3879100.0,199.0,0.8222712597965395,1775.574096441269
673.0,5.1051450719146345,3878753.0,3878792.0,218.0,0.8221102084023306,1777.5868742465973
674.0,5.10003992684272,3878726.0,3878750.0,217.0,0.8219490273866812,1779.7524619102478
675.0,5.094939886915877,3878436.0,3878479.0,208.0,0.8217877166769113,1781.6324305534363
676.0,5.089844947028961,3878209.0,3878209.0,215.0,0.821626276200365,1783.7082102298737
677.0,5.084755102081933,3877975.0,3877977.0,222.0,0.8214647058844106,1785.8925669193268
678.0,5.07967034697985,3877541.0,3877586.0,236.0,0.8213030056564408,1787.974764585495
679.0,5.07459067663287,3877453.0,3877453.0,227.0,0.8211411754438732,1790.2042672634125
680.0,5.069516085956238,3876944.0,3876944.0,206.0,0.8209792151741502,1792.0789115428925
681.0,5.064446569870282,3876670.0,3876674.0,244.0,0.820817124774739,1794.5205466747284
682.0,5.059382123300412,3876425.0,3876425.0,211.0,0.8206549041731319,1796.6283600330353
683.0,5.054322741177112,3876256.0,3876281.0,211.0,0.8204925532968467,1798.7789418697357
684.0,5.049268418435934,3875939.0,3875941.0,224.0,0.8203300720734267,1800.6751334667206
685.0,5.044219150017499,3875445.0,3875445.0,244.0,0.8201674604304408,1802.7520065307617
686.0,5.039174930867482,3875189.0,3875213.0,198.0,0.8200047182954837,1805.3235974311829
687.0,5.034135755936615,3874671.0,3874671.0,234.0,0.8198418455961762,1807.523968219757
688.0,5.029101620180678,3874443.0,3874469.0,221.0,0.8196788422601653,1809.9420759677887
689.0,5.024072518560497,3874216.0,3874234.0,211.0,0.8195157082151243,1812.0499103069305
690.0,5.0190484460419365,3873748.0,3873750.0,227.0,0.8193524433887532,1814.158842086792
691.0,5.014029397595895,3873551.0,3873565.0,204.0,0.8191890477087787,1816.6396276950836
692.0,5.009015368198299,3873241.0,3873244.0,190.0,0.8190255211029539,1818.6472182273865
693.0,5.004006352830101,3872817.0,3872829.0,212.0,0.8188618634990597,1820.9575011730194
694.0,4.999002346477271,3872520.0,3872520.0,225.0,0.8186980748249039,1823.2646172046661
695.0,4.994003344130793,3872190.0,3872209.0,209.0,0.8185341550083215,1825.5710606575012
696.0,4.989009340786662,3872190.0,3872268.0,220.0,0.8183701039771756,1827.7417967319489
697.0,4.984020331445875,3871796.0,3871796.0,214.0,0.8182059216593567,1829.5488381385803
698.0,4.979036311114429,3871496.0,3871589.0,235.0,0.8180416079827835,1831.658812046051
699.0,4.9740572748033145,3871295.0,3871309.0,243.0,0.8178771628754025,1833.9045448303223
700.0,4.969083217528511,3871102.0,3871139.0,213.0,0.8177125862651888,1836.3029658794403
701.0,4.964114134310982,3870913.0,3870939.0,227.0,0.8175478780801461,1838.4842522144318
702.0,4.959150020176671,3870811.0,3870811.0,239.0,0.8173830382483063,1840.626202583313
703.0,4.954190870156494,3870526.0,3870538.0,218.0,0.8172180666977304,1842.642293214798
704.0,4.949236679286337,3870422.0,3870452.0,225.0,0.8170529633565088,1845.0284497737885
705.0,4.944287442607051,3870263.0,3870263.0,211.0,0.8168877281527603,1847.056134223938
706.0,4.939343155164444,3869982.0,3869982.0,226.0,0.816722361014634,1849.1436803340912
707.0,4.93440381200928,3869848.0,3869915.0,225.0,0.8165568618703078,1851.511375427246
708.0,4.929469408197271,3869598.0,3869632.0,211.0,0.8163912306479898,1853.6329469680786
709.0,4.924539938789073,3869374.0,3869418.0,223.0,0.8162254672759178,1856.0473153591156
710.0,4.919615398850285,3869170.0,3869170.0,217.0,0.8160595716823599,1858.477873325348
711.0,4.914695783451434,3868709.0,3868709.0,199.0,0.8158935437956143,1860.7201223373413
712.0,4.909781087667983,3868524.0,3868552.0,190.0,0.8157273835440099,1863.4050285816193
713.0,4.904871306580315,3868337.0,3868339.0,221.0,0.815561090855906,1865.5880680084229
714.0,4.899966435273734,3868219.0,3868219.0,187.0,0.815394665659693,1867.8459434509277
715.0,4.89506646883846,3867902.0,3867902.0,256.0,0.8152281078837922,1870.1261942386627
716.0,4.890171402369622,3867752.0,3867792.0,222.0,0.8150614174566562,1872.528793811798
717.0,4.885281230967252,3867417.0,3867441.0,220.0,0.8148945943067687,1874.7459592819214
718.0,4.880395949736285,3867232.0,3867280.0,212.0,0.8147276383626454,1877.3875591754913
719.0,4.875515553786549,3867001.0,3867020.0,202.0,0.8145605495528334,1879.674744129181
720.0,4.870640038232763,3866722.0,3866722.0,222.0,0.814393327805912,1881.88440990448
721.0,4.86576939819453,3866722.0,3866757.0,186.0,0.8142259730504927,1884.4614770412445
722.0,4.860903628796335,3866614.0,3866622.0,218.0,0.8140584852152188,1886.4760210514069
723.0,4.856042725167539,3866371.0,3866391.0,199.0,0.8138908642287669,1888.6431765556335
724.0,4.851186682442371,3866123.0,3866174.0,214.0,0.8137231100198457,1890.9880697727203
725.0,4.846335495759929,3865808.0,3865816.0,212.0,0.8135552225171967,1893.1981179714203
726.0,4.841489160264169,3865456.0,3865456.0,216.0,0.8133872016495952,1895.517210483551
727.0,4.836647671103905,3865154.0,3865191.0,216.0,0.8132190473458489,1897.817846775055
728.0,4.8318110234328016,3865007.0,3865088.0,208.0,0.8130507595347994,1900.1539635658264
729.0,4.826979212409369,3864615.0,3864624.0,225.0,0.8128823381453221,1902.049087047577
730.0,4.8221522331969595,3864234.0,3864262.0,192.0,0.8127137831063258,1904.7344207763672
731.0,4.817330080963763,3864045.0,3864096.0,185.0,0.8125450943467534,1907.0534255504608
732.0,4.812512750882799,3863977.0,3864003.0,178.0,0.8123762717955822,1909.0544204711914
733.0,4.8077002381319165,3863669.0,3863684.0,239.0,0.8122073153818238,1910.9705529212952
734.0,4.802892537893785,3863296.0,3863312.0,190.0,0.8120382250345244,1913.2009620666504
735.0,4.7980896453558906,3863167.0,3863224.0,207.0,0.8118690006827648,1915.622504234314
736.0,4.7932915557105344,3862930.0,3862946.0,210.0,0.811699642255661,1917.7069826126099
737.0,4.788498264154824,3862597.0,3862620.0,196.0,0.8115301496823641,1919.8843348026276
738.0,4.783709765890669,3862553.0,3862574.0,179.0,0.8113605228920605,1922.3568530082703
739.0,4.778926056124779,3862364.0,3862388.0,194.0,0.8111907618139721,1924.4761490821838
740.0,4.774147130068654,3862212.0,3862222.0,213.0,0.8110208663773565,1926.6260979175568
741.0,4.769372982938585,3861888.0,3861888.0,201.0,0.8108508365115074,1928.7400131225586
742.0,4.764603609955647,3861642.0,3861657.0,187.0,0.8106806721457543,1931.046885251999
743.0,4.7598390063456915,3861468.0,3861507.0,183.0,0.8105103732094635,1933.188039779663
744.0,4.755079167339345,3861341.0,3861341.0,203.0,0.8103399396320374,1935.5930778980255
745.0,4.750324088172006,3861191.0,3861238.0,193.0,0.8101693713429153,1938.0865278244019
746.0,4.745573764083834,3861103.0,3861146.0,201.0,0.8099986682715732,1940.3103291988373
747.0,4.74082819031975,3860955.0,3860963.0,175.0,0.8098278303475244,1942.334716796875
748.0,4.73608736212943,3860786.0,3860809.0,188.0,0.8096568575003191,1944.5401406288147
749.0,4.7313512747673006,3860615.0,3860618.0,221.0,0.8094857496595457,1946.7805197238922
750.0,4.7266199234925335,3860200.0,3860219.0,183.0,0.8093145067548295,1948.9361217021942
751.0,4.721893303569041,3859820.0,3859863.0,247.0,0.8091431287158343,1951.2489998340607
752.0,4.717171410265472,3859551.0,3859563.0,220.0,0.8089716154722613,1953.4741430282593
753.0,4.712454238855206,3859201.0,3859205.0,192.0,0.8087999669538506,1955.6102600097656
754.0,4.707741784616351,3858974.0,3859026.0,181.0,0.8086281830903804,1957.6912541389465
755.0,4.703034042831734,3858734.0,3858741.0,192.0,0.8084562638116678,1959.707534313202
756.0,4.6983310087889025,3858469.0,3858470.0,202.0,0.8082842090475684,1961.86953830719
757.0,4.693632677780114,3858388.0,3858388.0,174.0,0.8081120187279772,1964.0313589572906
758.0,4.688939045102334,3858112.0,3858142.0,195.0,0.8079396927828284,1965.9894754886627
759.0,4.684250106057232,3857949.0,3858017.0,183.0,0.8077672311420954,1968.334321975708
760.0,4.679565855951175,3857663.0,3857664.0,203.0,0.8075946337357915,1970.5090172290802
761.0,4.674886290095224,3857373.0,3857416.0,210.0,0.8074219004939699,1972.8131065368652
762.0,4.670211403805129,3857153.0,3857160.0,205.0,0.8072490313467235,1975.310471534729
763.0,4.6655411924013235,3856896.0,3856905.0,187.0,0.807076026224186,1977.7390093803406
764.0,4.660875651208922,3856590.0,3856600.0,213.0,0.8069028850565311,1980.00301861763
765.0,4.6562147755577135,3856382.0,3856404.0,217.0,0.8067296077739733,1982.3512904644012
766.0,4.6515585607821555,3856294.0,3856330.0,234.0,0.806556194306768,1984.6272423267365
767.0,4.646907002221373,3856072.0,3856110.0,186.0,0.8063826445852117,1986.7073049545288
768.0,4.642260095219152,3855639.0,3855666.0,199.0,0.806208958539642,1989.0739569664001
769.0,4.637617835123933,3855524.0,3855527.0,192.0,0.8060351361004381,1992.0280554294586
770.0,4.632980217288809,3855288.0,3855299.0,202.0,0.8058611771980209,1994.0646834373474
771.0,4.62834723707152,3855013.0,3855078.0,179.0,0.8056870817628531,1996.2359125614166
772.0,4.623718889834449,3854794.0,3854801.0,219.0,0.8055128497254394,1998.6088576316833
773.0,4.619095170944615,3854505.0,3854512.0,182.0,0.805338481016327,2000.8261413574219
774.0,4.61447607577367,3854148.0,3854157.0,222.0,0.8051639755661053,2003.0741562843323
775.0,4.609861599697896,3853983.0,3854012.0,201.0,0.8049893333054068,2005.4679543972015
776.0,4.6052517380981985,3853700.0,3853700.0,202.0,0.8048145541649064,2007.4870052337646
777.0,4.6006464863601,3853467.0,3853520.0,219.0,0.8046396380753226,2009.6751608848572
778.0,4.59604583987374,3853269.0,3853274.0,180.0,0.8044645849674168,2011.9801766872406
779.0,4.591449794033866,3853043.0,3853043.0,177.0,0.8042893947719941,2014.1841480731964
780.0,4.5868583442398325,3852731.0,3852745.0,183.0,0.8041140674199034,2016.332527399063
781.0,4.582271485895593,3852544.0,3852544.0,175.0,0.8039386028420374,2018.7045228481293
782.0,4.5776892144096974,3852302.0,3852320.0,193.0,0.8037630009693331,2020.8862073421478
783.0,4.573111525195288,3852053.0,3852077.0,181.0,0.8035872617327716,2023.3203744888306
784.0,4.568538413670093,3851779.0,3851782.0,213.0,0.8034113850633786,2025.741208076477
785.0,4.563969875256423,3851671.0,3851693.0,169.0,0.8032353708922249,2028.1688599586487
786.0,4.559405905381166,3851567.0,3851636.0,201.0,0.8030592191504259,2030.3373906612396
787.0,4.554846499475786,3851212.0,3851212.0,199.0,0.8028829297691422,2032.3981635570526
788.0,4.55029165297631,3850883.0,3850883.0,197.0,0.8027065026795801,2034.7499344348907
789.0,4.5457413613233335,3850669.0,3850678.0,185.0,0.8025299378129913,2037.1170132160187
790.0,4.54119561996201,3850431.0,3850431.0,203.0,0.8023532351006732,2039.1888530254364
791.0,4.536654424342048,3850308.0,3850331.0,204.0,0.8021763944739695,2041.3894157409668
792.0,4.532117769917706,3850235.0,3850239.0,171.0,0.8019994158642698,2043.430198431015
793.0,4.527585652147788,3849842.0,3849853.0,210.0,0.8018222992030106,2045.3487694263458
794.0,4.523058066495641,3849468.0,3849468.0,205.0,0.8016450444216746,2047.6460750102997
795.0,4.518535008429145,3849422.0,3849522.0,216.0,0.8014676514517918,2049.933685064316
796.0,4.514016473420716,3849184.0,3849222.0,215.0,0.8012901202249387,2051.9295251369476
797.0,4.5095024569472955,3848940.0,3848957.0,204.0,0.8011124506727398,2054.108884572983
798.0,4.504992954490348,3848790.0,3848818.0,194.0,0.8009346427268668,2056.3249101638794
799.0,4.500487961535858,3848526.0,3848547.0,180.0,0.8007566963190389,2058.5872168540955
800.0,4.4959874735743215,3848419.0,3848547.0,215.0,0.8005786113810235,2061.149877548218
801.0,4.491491486100747,3848319.0,3848341.0,213.0,0.8004003878446363,2063.299122571945
802.0,4.486999994614647,3847958.0,3847958.0,194.0,0.8002220256417409,2066.7199053764343
803.0,4.482512994620032,3847830.0,3847834.0,167.0,0.8000435247042502,2069.2015249729156
804.0,4.478030481625412,3847614.0,3847632.0,179.0,0.7998648849641251,2071.4619529247284
805.0,4.473552451143787,3847404.0,3847415.0,192.0,0.799686106353376,2073.7790706157684
806.0,4.4690788986926435,3847239.0,3847240.0,184.0,0.7995071888040626,2076.0145225524902
807.0,4.464609819793951,3847038.0,3847053.0,200.0,0.7993281322482938,2078.3210310935974
808.0,4.460145209974157,3846922.0,3846931.0,203.0,0.7991489366182282,2080.7091290950775
809.0,4.455685064764183,3846782.0,3846783.0,174.0,0.7989696018460746,2082.6887335777283
810.0,4.451229379699419,3846451.0,3846464.0,185.0,0.7987901278640914,2084.744931936264
811.0,4.4467781503197195,3846156.0,3846175.0,186.0,0.7986105146045878,2087.0790469646454
812.0,4.4423313721693996,3845867.0,3845867.0,193.0,0.7984307619999232,2089.352498292923
813.0,4.43788904079723,3845489.0,3845519.0,187.0,0.7982508699825082,2091.646024465561
814.0,4.433451151756432,3845362.0,3845365.0,196.0,0.7980708384848038,2093.788053750992
815.0,4.429017700604676,3845105.0,3845105.0,175.0,0.7978906674393227,2095.823582172394
816.0,4.424588682904071,3844783.0,3844803.0,176.0,0.7977103567786289,2098.024743080139
817.0,4.420164094221167,3844629.0,3844629.0,162.0,0.7975299064353378,2100.234221458435
818.0,4.415743930126945,3844328.0,3844335.0,184.0,0.797349316342117,2102.464442253113
819.0,4.411328186196818,3844177.0,3844208.0,161.0,0.7971685864316861,2104.7859995365143
820.0,4.4069168580106215,3844100.0,3844109.0,189.0,0.7969877166368169,2106.9095542430878
821.0,4.402509941152611,3843934.0,3843934.0,164.0,0.7968067068903338,2108.8908021450043
822.0,4.398107431211459,3843802.0,3843860.0,221.0,0.7966255571251141,2111.101616382599
823.0,4.393709323780247,3843616.0,3843648.0,206.0,0.7964442672740877,2113.1337933540344
824.0,4.389315614456467,3843509.0,3843516.0,187.0,0.7962628372702382,2115.16383934021
825.0,4.384926298842011,3843354.0,3843354.0,191.0,0.7960812670466023,2117.1289155483246
826.0,4.380541372543169,3843203.0,3843251.0,189.0,0.7958995565362704,2119.4321644306183
827.0,4.376160831170625,3843070.0,3843101.0,180.0,0.7957177056723869,2121.391060590744
828.0,4.371784670339455,3842718.0,3842722.0,163.0,0.7955357143881503,2123.2395474910736
829.0,4.367412885669116,3842489.0,3842489.0,171.0,0.7953535826168132,2125.4133694171906
830.0,4.363045472783447,3842258.0,3842261.0,181.0,0.7951713102916831,2127.656175136566
831.0,4.358682427310663,3842166.0,3842256.0,208.0,0.7949888973461219,2130.0618896484375
832.0,4.354323744883352,3841867.0,3841867.0,194.0,0.7948063437135469,2132.257201194763
833.0,4.349969421138469,3841596.0,3841641.0,168.0,0.7946236493274303,2134.403797864914
834.0,4.34561945171733,3841425.0,3841427.0,179.0,0.7944408141213001,2136.6388652324677
835.0,4.341273832265613,3841380.0,3841422.0,158.0,0.7942578380287397,2138.7646322250366
836.0,4.336932558433348,3841108.0,3841108.0,171.0,0.7940747209833886,2140.753007411957
837.0,4.332595625874914,3840951.0,3840964.0,177.0,0.7938914629189423,2143.0458505153656
838.0,4.3282630302490395,3840567.0,3840573.0,175.0,0.7937080637691528,2145.2147648334503
839.0,4.32393476721879,3840290.0,3840290.0,168.0,0.7935245234678286,2147.602063894272
840.0,4.319610832451572,3840143.0,3840174.0,212.0,0.7933408419488354,2149.768987417221
841.0,4.31529122161912,3839924.0,3839972.0,187.0,0.7931570191460953,2151.756962299347
842.0,4.3109759303975,3839750.0,3839753.0,184.0,0.7929730549935882,2153.907279729843
843.0,4.306664954467103,3839467.0,3839497.0,179.0,0.7927889494253516,2156.0394625663757
844.0,4.302358289512636,3839286.0,3839289.0,184.0,0.7926047023754803,2158.249140739441
845.0,4.298055931223123,3839077.0,3839084.0,185.0,0.7924203137781276,2160.3912959098816
846.0,4.2937578752919,3838858.0,3838860.0,177.0,0.7922357835675047,2162.451229095459
847.0,4.289464117416608,3838426.0,3838426.0,203.0,0.7920511116778813,2164.63724565506
848.0,4.285174653299191,3838215.0,3838243.0,147.0,0.7918662980435859,2166.9480526447296
849.0,4.280889478645892,3838099.0,3838126.0,181.0,0.7916813425990059,2169.055917739868
850.0,4.276608589167246,3837805.0,3837805.0,173.0,0.7914962452785878,2171.086822271347
851.0,4.272331980578079,3837764.0,3837802.0,161.0,0.7913110060168375,2173.2141325473785
852.0,4.2680596485975,3837548.0,3837548.0,158.0,0.7911256247483205,2175.225828409195
853.0,4.263791588948902,3837292.0,3837292.0,197.0,0.7909401014076622,2177.4835109710693
854.0,4.2595277973599535,3837212.0,3837277.0,165.0,0.7907544359295484,2180.002175807953
855.0,4.255268269562594,3837028.0,3837028.0,170.0,0.7905686282487246,2182.0114872455597
856.0,4.251013001293031,3836781.0,3836827.0,158.0,0.7903826782999974,2184.1000463962555
857.0,4.246761988291738,3836512.0,3836515.0,175.0,0.790196586018234,2186.3861134052277
858.0,4.242515226303446,3836314.0,3836315.0,179.0,0.7900103513383625,2188.6487805843353
859.0,4.238272711077143,3836052.0,3836081.0,204.0,0.7898239741953728,2190.845943927765
860.0,4.234034438366066,3835720.0,3835729.0,195.0,0.7896374545243156,2192.9725494384766
861.0,4.2298004039277,3835535.0,3835535.0,166.0,0.7894507922603039,2195.128963947296
862.0,4.225570603523773,3835258.0,3835302.0,188.0,0.7892639873385124,2197.3011186122894
863.0,4.221345032920249,3835073.0,3835082.0,168.0,0.7890770396941784,2199.7590312957764
864.0,4.217123687887329,3834878.0,3834897.0,174.0,0.7888899492626011,2201.942017555237
865.0,4.212906564199442,3834839.0,3834850.0,190.0,0.7887027159791431,2204.127433538437
866.0,4.2086936576352425,3834615.0,3834654.0,174.0,0.7885153397792293,2206.0790231227875
867.0,4.204484963977607,3834464.0,3834489.0,165.0,0.788327820598348,2208.1479671001434
868.0,4.200280479013629,3834351.0,3834355.0,167.0,0.7881401583720514,2210.2532749176025
869.0,4.196080198534616,3834175.0,3834175.0,174.0,0.7879523530359548,2212.3590981960297
870.0,4.191884118336081,3833921.0,3833944.0,189.0,0.7877644045257376,2214.419585466385
871.0,4.187692234217745,3833755.0,3833757.0,174.0,0.7875763127771434,2216.6411678791046
872.0,4.1835045419835275,3833556.0,3833562.0,188.0,0.7873880777259801,2218.6089220046997
873.0,4.179321037441544,3833520.0,3833576.0,169.0,0.7871996993081204,2220.6347608566284
874.0,4.175141716404102,3833365.0,3833365.0,157.0,0.7870111774595019,2222.597154378891
875.0,4.170966574687698,3833021.0,3833027.0,168.0,0.7868225121161271,2224.6644451618195
876.0,4.16679560811301,3832832.0,3832835.0,160.0,0.7866337032140639,2226.985913515091
877.0,4.162628812504897,3832776.0,3832782.0,154.0,0.7864447506894463,2230.192305803299
878.0,4.158466183692392,3832657.0,3832678.0,162.0,0.7862556544784735,2233.258970975876
879.0,4.1543077175087,3832525.0,3832525.0,154.0,0.7860664145174113,2236.750412464142
880.0,4.150153409791191,3832352.0,3832380.0,156.0,0.7858770307425915,2239.7424745559692
881.0,4.146003256381399,3832123.0,3832131.0,135.0,0.7856875030904129,2243.3898804187775
882.0,4.141857253125018,3832021.0,3832040.0,169.0,0.7854978314973406,2246.8337621688843
883.0,4.137715395871893,3831817.0,3831817.0,163.0,0.7853080158999075,2249.824733734131
884.0,4.133577680476021,3831506.0,3831506.0,168.0,0.7851180562347133,2252.2035245895386
885.0,4.129444102795545,3831251.0,3831251.0,183.0,0.7849279524384254,2254.63977599144
886.0,4.12531465869275,3831089.0,3831117.0,163.0,0.7847377044477791,2256.8744666576385
887.0,4.121189344034057,3830931.0,3830931.0,168.0,0.7845473121995777,2258.926151037216
888.0,4.117068154690022,3830714.0,3830722.0,173.0,0.7843567756306933,2261.065896511078
889.0,4.1129510865353325,3830350.0,3830378.0,198.0,0.7841660946780658,2263.3543679714203
890.0,4.1088381354487975,3830173.0,3830213.0,150.0,0.7839752692787044,2265.6560130119324
891.0,4.104729297313349,3829986.0,3829986.0,175.0,0.7837842993696874,2268.028062582016
892.0,4.100624568016036,3829795.0,3829816.0,170.0,0.7835931848881624,2270.1778087615967
893.0,4.09652394344802,3829627.0,3829630.0,169.0,0.7834019257713465,2272.2879927158356
894.0,4.092427419504571,3829397.0,3829400.0,165.0,0.7832105219565266,2274.464487552643
895.0,4.088334992085067,3829196.0,3829196.0,156.0,0.7830189733810601,2276.806218147278
896.0,4.084246657092982,3828871.0,3828871.0,160.0,0.7828272799823739,2278.927306652069
897.0,4.080162410435889,3828708.0,3828777.0,130.0,0.7826354416979664,2281.191745519638
898.0,4.076082248025453,3828635.0,3828635.0,139.0,0.7824434584654063,2283.36483502388
899.0,4.072006165777427,3828518.0,3828572.0,155.0,0.7822513302223336,2285.4144101142883
900.0,4.06793415961165,3828425.0,3828428.0,170.0,0.7820590569064597,2287.381229162216
901.0,4.063866225452038,3828222.0,3828272.0,156.0,0.7818666384555673,2289.4642276763916
902.0,4.059802359226587,3828214.0,3828281.0,134.0,0.7816740748075114,2292.0370469093323
903.0,4.05574255686736,3828165.0,3828173.0,152.0,0.7814813659002187,2294.0447473526
904.0,4.051686814310492,3827908.0,3827911.0,187.0,0.7812885116716886,2296.1878271102905
905.0,4.047635127496181,3827678.0,3827687.0,165.0,0.781095512059993,2298.473801612854
906.0,4.043587492368685,3827417.0,3827417.0,156.0,0.7809023670032765,2300.766035079956
907.0,4.039543904876316,3827283.0,3827301.0,166.0,0.7807090764397573,2303.094079017639
908.0,4.03550436097144,3827094.0,3827094.0,182.0,0.7805156403077267,2305.255110025406
909.0,4.031468856610468,3826958.0,3826986.0,145.0,0.7803220585455495,2307.289032936096
910.0,4.027437387753857,3826890.0,3826965.0,171.0,0.7801283310916646,2309.2422938346863
911.0,4.023409950366103,3826801.0,3826838.0,158.0,0.7799344578845852,2311.2412865161896
912.0,4.019386540415737,3826528.0,3826542.0,171.0,0.7797404388628987,2313.225168466568
913.0,4.015367153875321,3826496.0,3826496.0,143.0,0.7795462739652673,2315.3689930438995
914.0,4.011351786721446,3826400.0,3826416.0,138.0,0.7793519631304282,2317.2999455928802
915.0,4.007340434934724,3826090.0,3826091.0,158.0,0.7791575062971937,2319.217440843582
916.0,4.003333094499789,3825864.0,3825864.0,166.0,0.7789629034044516,2321.571236848831
917.0,3.999329761405289,3825727.0,3825731.0,145.0,0.7787681543911654,2323.682051181793
918.0,3.995330431643884,3825551.0,3825551.0,169.0,0.7785732591963747,2325.689679145813
919.0,3.9913351012122398,3825509.0,3825616.0,153.0,0.778378217759195,2327.8248488903046
920.0,3.9873437661110276,3825509.0,3825566.0,141.0,0.778183030018819,2329.794200658798
921.0,3.9833564223449165,3825256.0,3825256.0,146.0,0.7779876959145156,2331.662129640579
922.0,3.9793730659225717,3824985.0,3824985.0,147.0,0.7777922153856307,2333.9042110443115
923.0,3.975393692856649,3824812.0,3824832.0,160.0,0.7775965883715881,2336.154628276825
924.0,3.9714182991637923,3824569.0,3824607.0,153.0,0.7774008148118884,2338.400839805603
925.0,3.9674468808646286,3824372.0,3824372.0,152.0,0.7772048946461105,2340.6371772289276
926.0,3.963479433983764,3824203.0,3824218.0,173.0,0.7770088278139113,2342.8819103240967
927.0,3.9595159545497802,3824017.0,3824030.0,148.0,0.7768126142550261,2345.1938750743866
928.0,3.9555564385952304,3823737.0,3823742.0,166.0,0.7766162539092688,2347.2723689079285
929.0,3.9516008821566353,3823601.0,3823626.0,144.0,0.776419746716532,2349.508124113083
930.0,3.9476492812744786,3823355.0,3823359.0,165.0,0.7762230926167877,2351.5431509017944
931.0,3.943701631993204,3823075.0,3823075.0,156.0,0.7760262915500872,2353.624231815338
932.0,3.9397579303612105,3822892.0,3822907.0,151.0,0.7758293434565614,2355.9305152893066
933.0,3.9358181724308494,3822625.0,3822636.0,172.0,0.7756322482764214,2357.9790511131287
934.0,3.9318823542584185,3822583.0,3822649.0,183.0,0.7754350059499584,2360.146933078766
935.0,3.9279504719041602,3822454.0,3822482.0,171.0,0.7752376164175441,2362.063149213791
936.0,3.924022521432256,3822228.0,3822228.0,149.0,0.7750400796196307,2364.113979101181
937.0,3.9200984989108236,3822052.0,3822066.0,162.0,0.7748423954967518,2366.331883907318
938.0,3.916178400411913,3821833.0,3821833.0,155.0,0.7746445639895223,2368.5679466724396
939.0,3.912262222011501,3821726.0,3821726.0,153.0,0.7744465850386383,2370.653639316559
940.0,3.9083499597894895,3821570.0,3821627.0,167.0,0.7742484585848779,2372.684760093689
941.0,3.9044416098297,3821447.0,3821460.0,158.0,0.7740501845691016,2374.7814180850983
942.0,3.9005371682198704,3821234.0,3821237.0,162.0,0.7738517629322519,2376.9558460712433
943.0,3.8966366310516505,3821114.0,3821180.0,141.0,0.773653193615354,2379.2190992832184
944.0,3.892739994420599,3821066.0,3821147.0,159.0,0.7734544765595162,2381.2010123729706
945.0,3.8888472544261785,3820990.0,3820996.0,161.0,0.7732556117059297,2383.169013977051
946.0,3.8849584071717524,3820876.0,3820926.0,168.0,0.7730565989958696,2385.171139240265
947.0,3.881073448764581,3820717.0,3820722.0,135.0,0.7728574383706944,2387.3569383621216
948.0,3.877192375315816,3820690.0,3820694.0,141.0,0.7726581297718467,2389.482358455658
949.0,3.8733151829405004,3820464.0,3820464.0,161.0,0.7724586731408533,2391.383316516876
950.0,3.8694418677575597,3820457.0,3820482.0,153.0,0.7722590684193255,2393.581272125244
951.0,3.8655724258898023,3820291.0,3820300.0,184.0,0.7720593155489598,2395.5698080062866
952.0,3.8617068534639127,3820123.0,3820127.0,158.0,0.7718594144715376,2397.6671600341797
953.0,3.857845146610449,3819939.0,3819960.0,167.0,0.7716593651289254,2399.945985555649
954.0,3.8539873014638384,3819738.0,3819781.0,181.0,0.7714591674630757,2402.127111196518
955.0,3.8501333141623744,3819487.0,3819487.0,166.0,0.771258821416027,2404.2237260341644
956.0,3.846283180848212,3819170.0,3819170.0,150.0,0.7710583269299036,2406.4001171588898
957.0,3.8424368976673637,3818969.0,3818970.0,145.0,0.7708576839469167,2408.62904548645
958.0,3.8385944607696962,3818829.0,3818829.0,153.0,0.7706568924093641,2410.79603099823
959.0,3.8347558663089267,3818668.0,3818686.0,154.0,0.7704559522596305,2412.9140479564667
960.0,3.8309211104426177,3818574.0,3818582.0,149.0,0.7702548634401881,2414.9789593219757
961.0,3.827090189332175,3818419.0,3818472.0,149.0,0.7700536258935967,2417.0636916160583
962.0,3.8232630991428427,3818231.0,3818251.0,144.0,0.769852239562504,2419.208974123001
963.0,3.8194398360436996,3818056.0,3818056.0,153.0,0.7696507043896458,2421.2896268367767
964.0,3.815620396207656,3817835.0,3817835.0,176.0,0.7694490203178461,2423.374556541443
965.0,3.8118047758114484,3817733.0,3817744.0,134.0,0.7692471872900181,2425.5509312152863
966.0,3.807992971035637,3817653.0,3817668.0,157.0,0.7690452052491635,2427.5772428512573
967.0,3.804184978064601,3817558.0,3817558.0,169.0,0.7688430741383737,2429.5921819210052
968.0,3.8003807930865365,3817369.0,3817407.0,160.0,0.7686407939008295,2431.607006788254
969.0,3.79658041229345,3817317.0,3817327.0,154.0,0.7684383644798014,2433.64696931839
970.0,3.792783831881157,3817168.0,3817188.0,171.0,0.7682357858186503,2435.7259476184845
971.0,3.788991048049276,3816853.0,3816886.0,164.0,0.7680330578608272,2437.8413605690002
972.0,3.785202057001227,3816623.0,3816623.0,167.0,0.7678301805498741,2440.130219221115
973.0,3.7814168549442257,3816388.0,3816396.0,144.0,0.7676271538294236,2442.386226415634
974.0,3.7776354380892814,3816067.0,3816073.0,143.0,0.7674239776431999,2444.6588385105133
975.0,3.773857802651192,3815917.0,3815917.0,145.0,0.7672206519350186,2446.9620447158813
976.0,3.770083944848541,3815766.0,3815766.0,135.0,0.7670171766487873,2449.012954235077
977.0,3.766313860903692,3815570.0,3815583.0,131.0,0.7668135517285053,2451.1039628982544
978.0,3.7625475470427885,3815363.0,3815363.0,154.0,0.7666097771182648,2453.221003293991
979.0,3.7587849994957456,3815191.0,3815193.0,129.0,0.7664058527622503,2455.310059785843
980.0,3.75502621449625,3815054.0,3815103.0,145.0,0.7662017786047395,2457.5204162597656
981.0,3.7512711882817538,3814980.0,3814998.0,134.0,0.765997554590103,2459.5603659152985
982.0,3.747519917093472,3814887.0,3814894.0,180.0,0.7657931806628057,2461.584540128708
983.0,3.7437723971763783,3814722.0,3814736.0,138.0,0.7655886567674053,2463.5860941410065
984.0,3.740028624779202,3814514.0,3814522.0,149.0,0.7653839828485546,2465.7805082798004
985.0,3.7362885961544228,3814423.0,3814431.0,144.0,0.7651791588510001,2468.0460278987885
986.0,3.7325523075582683,3814311.0,3814312.0,139.0,0.7649741847195834,2470.23130607605
987.0,3.72881975525071,3814122.0,3814168.0,156.0,0.764769060399241,2472.424200296402
988.0,3.7250909354954596,3814061.0,3814064.0,152.0,0.7645637858350046,2474.4812886714935
989.0,3.721365844559964,3813921.0,3813924.0,170.0,0.7643583609720014,2476.632008075714
990.0,3.717644478715404,3813734.0,3813744.0,137.0,0.7641527857554548,2478.724076271057
991.0,3.713926834236689,3813620.0,3813660.0,159.0,0.7639470601306838,2480.8642847537994
992.0,3.710212907402452,3813373.0,3813397.0,154.0,0.7637411840431043,2482.8958446979523
993.0,3.70650269449505,3813273.0,3813317.0,167.0,0.7635351574382289,2485.492784500122
994.0,3.7027961918005547,3813261.0,3813271.0,152.0,0.7633289802616668,2487.453843832016
995.0,3.699093395608754,3813103.0,3813146.0,164.0,0.7631226524591253,2489.3179280757904
996.0,3.6953943022131455,3813058.0,3813058.0,141.0,0.7629161739764084,2491.6544597148895
997.0,3.6916989079109324,3812831.0,3812878.0,168.0,0.7627095447594187,2493.5712683200836
998.0,3.6880072090030214,3812706.0,3812711.0,148.0,0.7625027647541565,2495.761782169342
999.0,3.6843192017940183,3812469.0,3812475.0,154.0,0.762295833906721,2497.9919118881226
1000.0,3.680634882592224,3812331.0,3812331.0,146.0,0.7620887521633101,2500.1580600738525
1001.0,3.6769542477096318,3812251.0,3812287.0,131.0,0.7618815194702204,2502.3270275592804
1002.0,3.673277293461922,3812130.0,3812143.0,128.0,0.7616741357738485,2504.391364097595
1003.0,3.66960401616846,3812005.0,3812038.0,147.0,0.7614666010206901,2506.487868309021
1004.0,3.6659344121522914,3811813.0,3811858.0,143.0,0.7612589151573413,2508.5190122127533
1005.0,3.662268477740139,3811606.0,3811613.0,132.0,0.7610510781304982,2510.7158002853394
1006.0,3.6586062092623988,3811536.0,3811557.0,147.0,0.7608430898869576,2513.039738178253
1007.0,3.6549476030531363,3811430.0,3811457.0,152.0,0.7606349503736171,2515.240866661072
1008.0,3.6512926554500833,3811340.0,3811340.0,148.0,0.7604266595374753,2517.4621522426605
1009.0,3.647641362794633,3811238.0,3811238.0,145.0,0.7602182173256327,2519.640103816986
1010.0,3.6439937214318383,3811091.0,3811091.0,140.0,0.7600096236852911,2522.096037864685
1011.0,3.6403497277104067,3810992.0,3811000.0,146.0,0.7598008785637548,2524.5809779167175
1012.0,3.6367093779826964,3810819.0,3810840.0,143.0,0.7595919819084298,2526.785817861557
1013.0,3.6330726686047137,3810540.0,3810540.0,161.0,0.7593829336668255,2528.9529654979706
1014.0,3.629439595936109,3810429.0,3810450.0,138.0,0.7591737337865537,2531.3561503887177
1015.0,3.625810156340173,3810245.0,3810245.0,135.0,0.7589643822153299,2533.5241589546204
1016.0,3.6221843461838326,3810119.0,3810126.0,138.0,0.7587548789009727,2535.7108726501465
1017.0,3.618562161837649,3809810.0,3809810.0,127.0,0.7585452237914049,2538.7508866786957
1018.0,3.614943599675811,3809627.0,3809627.0,138.0,0.7583354168346533,2541.438148498535
1019.0,3.611328656076135,3809361.0,3809377.0,140.0,0.7581254579788493,2543.764364719391
1020.0,3.607717327420059,3809265.0,3809265.0,146.0,0.7579153471722291,2546.350950241089
1021.0,3.604109610092639,3809142.0,3809151.0,146.0,0.7577050843631336,2548.694352865219
1022.0,3.600505500482546,3808781.0,3808797.0,157.0,0.7574946695000094,2550.957908630371
1023.0,3.5969049949820637,3808673.0,3808679.0,144.0,0.757284102531409,2553.310638189316
1024.0,3.5933080899870817,3808479.0,3808479.0,134.0,0.7570733834059904,2555.297045469284
1025.0,3.5897147818970945,3808359.0,3808359.0,128.0,0.756862512072518,2557.579510450363
1026.0,3.5861250671151974,3808242.0,3808242.0,127.0,0.7566514884798631,2559.667921066284
1027.0,3.582538942048082,3808040.0,3808045.0,132.0,0.7564403125770036,2561.8161685466766
1028.0,3.578956403106034,3807915.0,3807921.0,148.0,0.7562289843130248,2564.0361833572388
1029.0,3.575377446702928,3807807.0,3807807.0,141.0,0.7560175036371193,2565.991153717041
1030.0,3.571802069256225,3807448.0,3807455.0,151.0,0.7558058704985877,2568.2919657230377
1031.0,3.568230267186969,3807309.0,3807309.0,133.0,0.7555940848468388,2570.5511496067047
1032.0,3.5646620369197817,3807183.0,3807183.0,155.0,0.7553821466313895,2572.669980764389
1033.0,3.561097374882862,3806968.0,3806968.0,130.0,0.7551700558018658,2574.8602964878082
1034.0,3.557536277507979,3806713.0,3806713.0,135.0,0.7549578123080026,2577.2309107780457
1035.0,3.553978741230471,3806553.0,3806553.0,135.0,0.7547454160996443,2579.459455728531
1036.0,3.5504247624892407,3806481.0,3806491.0,141.0,0.7545328671267446,2581.732189655304
1037.0,3.5468743377267513,3806346.0,3806350.0,127.0,0.7543201653393677,2583.8259632587433
1038.0,3.5433274633890246,3806155.0,3806167.0,135.0,0.7541073106876879,2585.9078526496887
1039.0,3.5397841359256357,3805960.0,3805960.0,122.0,0.7538943031219898,2588.064321041107
1040.0,3.53624435178971,3805799.0,3805811.0,132.0,0.7536811425926693,2590.2835478782654
1041.0,3.5327081074379203,3805531.0,3805543.0,145.0,0.7534678290502335,2592.557020187378
1042.0,3.5291753993304824,3805284.0,3805284.0,148.0,0.7532543624453006,2594.7997002601624
1043.0,3.525646223931152,3805217.0,3805225.0,156.0,0.7530407427286014,2597.135043859482
1044.0,3.522120577707221,3805033.0,3805033.0,151.0,0.7528269698509784,2599.1479659080505
1045.0,3.5185984571295137,3804828.0,3804828.0,150.0,0.7526130437633864,2601.325947523117
1046.0,3.5150798586723844,3804715.0,3804715.0,135.0,0.7523989644168936,2603.5959112644196
1047.0,3.511564778813712,3804572.0,3804590.0,147.0,0.7521847317626807,2605.766191005707
1048.0,3.5080532140348986,3804385.0,3804408.0,115.0,0.7519703457520422,2607.847131729126
1049.0,3.5045451608208635,3804238.0,3804272.0,132.0,0.7517558063363861,2610.078834295273
1050.0,3.5010406156600427,3804170.0,3804170.0,146.0,0.7515411134672347,2612.1859922409058
1051.0,3.4975395750443825,3803954.0,3803968.0,124.0,0.7513262670962245,2614.2125010490417
1052.0,3.494042035469338,3803796.0,3803811.0,128.0,0.7511112671751068,2616.524297475815
1053.0,3.490547993433869,3803705.0,3803715.0,142.0,0.7508961136557478,2618.738713502884
1054.0,3.487057445440435,3803599.0,3803610.0,126.0,0.7506808064901291,2620.9023180007935
1055.0,3.483570387994994,3803422.0,3803472.0,137.0,0.7504653456303477,2623.0328979492188
1056.0,3.480086817606999,3803404.0,3803421.0,144.0,0.7502497310286171,2625.140011548996
1057.0,3.476606730789392,3803258.0,3803265.0,132.0,0.7500339626372665,2627.0621461868286
1058.0,3.4731301240586028,3803176.0,3803181.0,110.0,0.749818040408742,2629.150980234146
1059.0,3.469656993934544,3803074.0,3803081.0,138.0,0.7496019642956067,2631.0930535793304
1060.0,3.4661873369406093,3803019.0,3803060.0,129.0,0.7493857342505404,2633.09978723526
1061.0,3.4627211496036687,3802762.0,3802762.0,153.0,0.7491693502263412,2635.1839973926544
1062.0,3.459258428454065,3802622.0,3802624.0,148.0,0.7489528121759246,2637.644237279892
1063.0,3.4557991700256108,3802373.0,3802391.0,144.0,0.7487361200523244,2639.7836747169495
1064.0,3.4523433708555853,3802210.0,3802216.0,128.0,0.7485192738086928,2642.206911087036
1065.0,3.4488910274847298,3802021.0,3802025.0,124.0,0.7483022733983012,2644.2670588493347
1066.0,3.445442136457245,3801774.0,3801774.0,133.0,0.7480851187745398,2646.5468707084656
1067.0,3.4419966943207876,3801703.0,3801720.0,114.0,0.7478678098909183,2648.8095421791077
1068.0,3.4385546976264667,3801542.0,3801542.0,133.0,0.7476503467010664,2650.9081494808197
1069.0,3.43511614292884,3801461.0,3801484.0,115.0,0.747432729158734,2652.9179787635803
1070.0,3.4316810267859115,3801382.0,3801388.0,125.0,0.7472149572177912,2654.9244096279144
1071.0,3.4282493457591254,3801260.0,3801260.0,125.0,0.7469970308322289,2656.9343225955963
1072.0,3.4248210964133663,3801092.0,3801096.0,137.0,0.7467789499561591,2658.972574234009
1073.0,3.421396275316953,3800924.0,3800932.0,116.0,0.7465607145438156,2661.2343986034393
1074.0,3.417974879041636,3800631.0,3800633.0,127.0,0.7463423245495534,2663.52684879303
1075.0,3.4145569041625943,3800577.0,3800581.0,113.0,0.74612377992785,2667.243412733078
1076.0,3.4111423472584317,3800229.0,3800230.0,155.0,0.745905080633305,2669.1718204021454
1077.0,3.4077312049111734,3800128.0,3800146.0,136.0,0.7456862266206411,2671.9217343330383
1078.0,3.4043234737062624,3799912.0,3799913.0,126.0,0.7454672178447036,2673.997926235199
1079.0,3.400919150232556,3799867.0,3799899.0,96.0,0.7452480542604615,2676.4027314186096
1080.0,3.3975182310823238,3799856.0,3799856.0,133.0,0.7450287358230075,2678.566781282425
1081.0,3.3941207128512416,3799659.0,3799659.0,119.0,0.7448092624875584,2680.644305229187
1082.0,3.3907265921383902,3799581.0,3799618.0,136.0,0.744589634209455,2682.8616242408752
1083.0,3.3873358655462518,3799390.0,3799401.0,121.0,0.7443698509441632,2684.9940762519836
1084.0,3.3839485296807057,3799310.0,3799311.0,128.0,0.7441499126472737,2687.1637971401215
1085.0,3.380564581151025,3799035.0,3799045.0,134.0,0.7439298192745029,2689.6497645378113
1086.0,3.377184016569874,3798855.0,3798868.0,139.0,0.7437095707816923,2692.4058961868286
1087.0,3.373806832553304,3798773.0,3798773.0,116.0,0.74348916712481,2694.6111826896667
1088.0,3.3704330257207507,3798668.0,3798669.0,122.0,0.7432686082599501,2696.753998041153
1089.0,3.3670625926950297,3798449.0,3798457.0,121.0,0.7430478941433336,2698.8821380138397
1090.0,3.363695530102335,3798365.0,3798429.0,110.0,0.7428270247313085,2701.2090492248535
1091.0,3.3603318345722326,3798357.0,3798382.0,122.0,0.7426059999803498,2703.2836995124817
1092.0,3.3569715027376605,3798176.0,3798176.0,133.0,0.7423848198470608,2705.230901479721
1093.0,3.353614531234923,3797857.0,3797857.0,140.0,0.7421634842881722,2707.369679927826
1094.0,3.350260916703688,3797735.0,3797751.0,119.0,0.7419419932605436,2709.9107971191406
1095.0,3.3469106557869845,3797719.0,3797750.0,123.0,0.7417203467211626,2712.071854352951
1096.0,3.3435637451311977,3797578.0,3797580.0,134.0,0.7414985446271466,2714.045116662979
1097.0,3.3402201813860666,3797438.0,3797443.0,135.0,0.7412765869357419,2716.358721971512
1098.0,3.3368799612046804,3797320.0,3797327.0,118.0,0.7410544736043245,2718.5460827350616
1099.0,3.3335430812434756,3797114.0,3797132.0,137.0,0.7408322045904006,2720.631147146225
1100.0,3.330209538162232,3797053.0,3797100.0,128.0,0.7406097798516065,2722.914318084717
1101.0,3.3268793286240697,3796944.0,3796944.0,136.0,0.7403871993457095,2725.0513229370117
1102.0,3.3235524492954456,3796605.0,3796611.0,120.0,0.7401644630306078,2727.337876558304
1103.0,3.32022889684615,3796465.0,3796532.0,138.0,0.7399415708643309,2729.643331050873
1104.0,3.3169086679493036,3796398.0,3796398.0,125.0,0.7397185228050401,2731.704016685486
1105.0,3.3135917592813544,3796263.0,3796263.0,120.0,0.7394953188110288,2733.7772846221924
1106.0,3.310278167522073,3796175.0,3796175.0,117.0,0.7392719588407226,2735.964430809021
1107.0,3.3069678893545507,3796092.0,3796139.0,149.0,0.7390484428526799,2738.054963350296
1108.0,3.303660921465196,3795904.0,3795904.0,129.0,0.7388247708055924,2740.132058620453
1109.0,3.3003572605437306,3795713.0,3795713.0,115.0,0.7386009426582849,2742.345959186554
1110.0,3.297056903283187,3795545.0,3795553.0,134.0,0.7383769583697161,2744.6174125671387
1111.0,3.2937598463799036,3795490.0,3795494.0,132.0,0.7381528178989787,2746.913143157959
1112.0,3.290466086533524,3795325.0,3795335.0,113.0,0.7379285212053,2748.924911260605
1113.0,3.28717562044699,3795252.0,3795252.0,106.0,0.7377040682480417,2751.174824953079
1114.0,3.2838884448265433,3795105.0,3795107.0,100.0,0.737479458986701,2753.108772277832
1115.0,3.2806045563817166,3795009.0,3795013.0,126.0,0.7372546933809104,2755.3017003536224
1116.0,3.277323951825335,3794946.0,3794966.0,113.0,0.7370297713904383,2757.487812280655
1117.0,3.27404662787351,3794888.0,3794898.0,119.0,0.7368046929751891,2759.573208093643
1118.0,3.2707725812456365,3794757.0,3794770.0,106.0,0.7365794580952036,2761.642874479294
1119.0,3.2675018086643908,3794727.0,3794740.0,110.0,0.7363540667106597,2763.7889783382416
1120.0,3.2642343068557262,3794482.0,3794484.0,131.0,0.7361285187818722,2765.906328678131
1121.0,3.2609700725488704,3794274.0,3794299.0,125.0,0.7359028142692937,2768.293370962143
1122.0,3.2577091024763214,3794173.0,3794173.0,119.0,0.7356769531335144,2770.546980381012
1123.0,3.254451393373845,3794002.0,3794002.0,143.0,0.735450935335263,2772.725177049637
1124.0,3.251196941980471,3793790.0,3793790.0,128.0,0.7352247608354062,2775.0088832378387
1125.0,3.2479457450384905,3793592.0,3793594.0,133.0,0.7349984295949503,2777.3780450820923
1126.0,3.2446977992934523,3793372.0,3793393.0,127.0,0.7347719415750403,2779.686993122101
1127.0,3.2414531014941588,3793273.0,3793273.0,133.0,0.7345452967369612,2782.2340788841248
1128.0,3.2382116483926646,3793149.0,3793162.0,113.0,0.7343184950421376,2784.5224602222443
1129.0,3.234973436744272,3792980.0,3792981.0,122.0,0.7340915364521345,2786.8129980564117
1130.0,3.231738463307528,3792914.0,3792917.0,116.0,0.7338644209286579,2789.071141719818
1131.0,3.2285067248442205,3792769.0,3792770.0,125.0,0.733637148433554,2791.217229604721
1132.0,3.225278218119376,3792571.0,3792571.0,104.0,0.7334097189288111,2793.3946237564087
1133.0,3.222052939901257,3792404.0,3792405.0,121.0,0.7331821323765588,2795.6813881397247
1134.0,3.2188308869613556,3792188.0,3792203.0,141.0,0.7329543887390689,2797.9539346694946
1135.0,3.215612056074394,3792142.0,3792142.0,117.0,0.7327264879787553,2800.352113723755
1136.0,3.21239644401832,3791983.0,3792007.0,127.0,0.732498430058175,2802.4604840278625
1137.0,3.2091840475743014,3791971.0,3791996.0,118.0,0.7322702149400279,2804.6329765319824
1138.0,3.2059748635267273,3791921.0,3791921.0,109.0,0.7320418425871573,2806.6343252658844
1139.0,3.2027688886632006,3791702.0,3791702.0,128.0,0.7318133129625505,2808.780675649643
1140.0,3.1995661197745373,3791566.0,3791579.0,115.0,0.7315846260293386,2811.0677947998047
1141.0,3.1963665536547627,3791420.0,3791420.0,135.0,0.7313557817507976,2813.257367372513
1142.0,3.193170187101108,3791379.0,3791412.0,122.0,0.731126780090348,2815.572881937027
1143.0,3.1899770169140065,3791272.0,3791281.0,97.0,0.7308976210115558,2817.648032426834
1144.0,3.1867870398970926,3791098.0,3791106.0,125.0,0.7306683044781321,2819.8197062015533
1145.0,3.1836002528571954,3790971.0,3790975.0,131.0,0.7304388304539347,2822.0469872951508
1146.0,3.1804166526043383,3790798.0,3790807.0,120.0,0.7302091989029668,2824.1840014457703
1147.0,3.177236235951734,3790705.0,3790706.0,122.0,0.7299794097893787,2826.4829087257385
1148.0,3.174058999715782,3790591.0,3790591.0,107.0,0.7297494630774677,2828.578176021576
1149.0,3.1708849407160664,3790362.0,3790368.0,122.0,0.7295193587316782,2830.836949825287
1150.0,3.1677140557753503,3790310.0,3790410.0,114.0,0.7292890967166024,2833.163375377655
1151.0,3.164546341719575,3790142.0,3790156.0,132.0,0.7290586769969807,2835.2562279701233
1152.0,3.1613817953778556,3790062.0,3790090.0,101.0,0.7288280995377016,2837.486259698868
1153.0,3.1582204135824776,3789959.0,3789961.0,121.0,0.7285973643038026,2839.625785112381
1154.0,3.155062193168895,3789875.0,3789891.0,104.0,0.7283664712604703,2841.8958938121796
1155.0,3.1519071309757263,3789686.0,3789689.0,121.0,0.7281354203730406,2843.9858753681183
1156.0,3.1487552238447507,3789567.0,3789570.0,109.0,0.7279042116069994,2846.325894832611
1157.0,3.145606468620906,3789496.0,3789505.0,102.0,0.7276728449279827,2848.5459730625153
1158.0,3.142460862152285,3789381.0,3789381.0,99.0,0.7274413203017772,2850.6246168613434
1159.0,3.1393184012901325,3789303.0,3789309.0,125.0,0.7272096376943203,2852.7814033031464
1160.0,3.1361790828888423,3789200.0,3789204.0,129.0,0.7269777970717011,2854.9247722625732
1161.0,3.1330429038059533,3789060.0,3789062.0,110.0,0.7267457984001596,2857.0651359558105
1162.0,3.1299098609021474,3788849.0,3788860.0,112.0,0.7265136416460886,2859.2320778369904
1163.0,3.1267799510412453,3788717.0,3788749.0,116.0,0.7262813267760327,2861.4710564613342
1164.0,3.1236531710902042,3788589.0,3788596.0,126.0,0.7260488537566895,2863.6564586162567
1165.0,3.120529517919114,3788425.0,3788429.0,108.0,0.7258162225549095,2865.937165737152
1166.0,3.117408988401195,3788366.0,3788381.0,103.0,0.7255834331376968,2868.136969089508
1167.0,3.1142915794127934,3788315.0,3788318.0,133.0,0.7253504854722093,2870.1938877105713
1168.0,3.1111772878333808,3788210.0,3788235.0,115.0,0.7251173795257589,2872.37247467041
1169.0,3.1080661105455474,3788126.0,3788126.0,111.0,0.7248841152658123,2874.4099473953247
1170.0,3.104958044435002,3788027.0,3788035.0,100.0,0.7246506926599909,2876.3771374225616
1171.0,3.101853086390567,3787841.0,3787883.0,114.0,0.7244171116760715,2878.380843400955
1172.0,3.0987512333041765,3787792.0,3787808.0,114.0,0.7241833722819864,2880.5136041641235
1173.0,3.0956524820708724,3787741.0,3787741.0,107.0,0.7239494744458238,2882.4895634651184
1174.0,3.0925568295888017,3787554.0,3787554.0,111.0,0.7237154181358287,2884.4587728977203
1175.0,3.089464272759213,3787456.0,3787456.0,116.0,0.7234812033204023,2886.592460155487
1176.0,3.086374808486454,3787343.0,3787349.0,118.0,0.7232468299681034,2888.7261567115784
1177.0,3.0832884336779673,3787134.0,3787137.0,116.0,0.7230122980476478,2890.8701627254486
1178.0,3.0802051452442893,3787004.0,3787004.0,118.0,0.7227776075279093,2893.18488574028
1179.0,3.0771249400990452,3786944.0,3786944.0,115.0,0.7225427583779201,2895.207008600235
1180.0,3.0740478151589463,3786849.0,3786876.0,110.0,0.7223077505668708,2897.1868369579315
1181.0,3.0709737673437876,3786663.0,3786663.0,113.0,0.7220725840641108,2899.2161242961884
1182.0,3.067902793576444,3786468.0,3786474.0,111.0,0.721837258839149,2901.453742980957
1183.0,3.0648348907828673,3786366.0,3786369.0,85.0,0.7216017748616537,2903.5901188850403
1184.0,3.0617700558920844,3786273.0,3786275.0,103.0,0.7213661321014537,2905.734097480774
1185.0,3.0587082858361923,3786095.0,3786095.0,112.0,0.721130330528538,2907.7371821403503
1186.0,3.0556495775503563,3785913.0,3785919.0,119.0,0.7208943701130562,2909.945998430252
1187.0,3.052593927972806,3785833.0,3785839.0,94.0,0.7206582508253191,2912.0373475551605
1188.0,3.049541334044833,3785610.0,3785612.0,103.0,0.7204219726357993,2914.1320374011993
1189.0,3.046491792710788,3785482.0,3785482.0,115.0,0.7201855355151311,2916.2779536247253
1190.0,3.0434453009180773,3785379.0,3785390.0,111.0,0.719948939434111,2918.4008638858795
1191.0,3.040401855617159,3785233.0,3785233.0,109.0,0.7197121843636981,2920.5112392902374
1192.0,3.037361453761542,3785132.0,3785137.0,111.0,0.719475270275015,2922.639631509781
1193.0,3.0343240923077803,3785003.0,3785003.0,109.0,0.719238197139347,2924.7829763889313
1194.0,3.0312897682154727,3784871.0,3784883.0,122.0,0.7190009649281436,2926.7788467407227
1195.0,3.028258478447257,3784661.0,3784664.0,127.0,0.7187635736130183,2928.736891269684
1196.0,3.02523021996881,3784510.0,3784514.0,97.0,0.7185260231657491,2930.8367173671722
1197.0,3.022204989748841,3784424.0,3784424.0,90.0,0.718288313558279,2932.8676710128784
1198.0,3.019182784759092,3784283.0,3784283.0,120.0,0.7180504447627161,2934.896163702011
1199.0,3.016163601974333,3784185.0,3784185.0,101.0,0.7178124167513341,2936.963360786438
1200.0,3.013147438372359,3784060.0,3784064.0,102.0,0.717574229496573,2938.9950222969055
1201.0,3.0101342909339865,3783908.0,3783908.0,124.0,0.7173358829710388,2941.0042288303375
1202.0,3.0071241566430524,3783806.0,3783809.0,108.0,0.7170973771475045,2943.0069773197174
1203.0,3.0041170324864095,3783699.0,3783699.0,98.0,0.7168587119989104,2945.024610519409
1204.0,3.001112915453923,3783540.0,3783540.0,104.0,0.7166198874983638,2947.02242064476
1205.0,2.9981118025384688,3783494.0,3783501.0,132.0,0.7163809036191404,2949.1528935432434
1206.0,2.99511369073593,3783267.0,3783279.0,129.0,0.7161417603346839,2951.050645828247
1207.0,2.9921185770451943,3783098.0,3783098.0,120.0,0.7159024576186067,2953.1988599300385
1208.0,2.989126458468149,3782917.0,3782933.0,101.0,0.7156629954446904,2955.279643058777
1209.0,2.986137332009681,3782839.0,3782851.0,99.0,0.7154233737868856,2957.3798904418945
1210.0,2.983151194677671,3782707.0,3782707.0,119.0,0.7151835926193132,2959.327098608017
1211.0,2.9801680434829936,3782507.0,3782509.0,108.0,0.714943651916264,2961.3941791057587
1212.0,2.9771878754395105,3782404.0,3782422.0,97.0,0.714703551652199,2963.5042808055878
1213.0,2.974210687564071,3782207.0,3782207.0,92.0,0.7144632918017509,2965.829638004303
1214.0,2.971236476876507,3782030.0,3782030.0,96.0,0.7142228723397233,2968.1242682933807
1215.0,2.9682652403996306,3781838.0,3781838.0,103.0,0.7139822932410912,2970.1640577316284
1216.0,2.965296975159231,3781763.0,3781763.0,104.0,0.7137415544810022,2972.3731265068054
1217.0,2.962331678184072,3781554.0,3781554.0,105.0,0.713500656034776,2974.3951227664948
1218.0,2.9593693465058877,3781529.0,3781567.0,94.0,0.7132595978779053,2976.5595469474792
1219.0,2.9564099771593817,3781478.0,3781494.0,93.0,0.713018379986056,2978.444987297058
1220.0,2.953453567182222,3781456.0,3781458.0,95.0,0.7127770023350675,2980.5648198127747
1221.0,2.95050011361504,3781341.0,3781358.0,98.0,0.7125354649009533,2982.503865003586
1222.0,2.9475496135014247,3781265.0,3781270.0,98.0,0.7122937676599013,2984.6001737117767
1223.0,2.944602063887923,3781196.0,3781199.0,92.0,0.7120519105882741,2986.5598526000977
1224.0,2.941657461824035,3781104.0,3781108.0,107.0,0.7118098936626094,2988.553040266037
1225.0,2.9387158043622112,3781047.0,3781055.0,98.0,0.7115677168596204,2990.5699417591095
1226.0,2.935777088557849,3780990.0,3780990.0,113.0,0.7113253801561963,2992.466058731079
1227.0,2.932841311469291,3780929.0,3780943.0,107.0,0.7110828835294025,2994.496801376343
1228.0,2.9299084701578217,3780812.0,3780820.0,110.0,0.7108402269564813,2996.5723383426666
1229.0,2.926978561687664,3780687.0,3780688.0,113.0,0.7105974104148519,2998.705908060074
1230.0,2.9240515831259764,3780627.0,3780627.0,106.0,0.710354433882111,3000.7742731571198
1231.0,2.9211275315428504,3780488.0,3780488.0,98.0,0.7101112973360328,3002.716250896454
1232.0,2.9182064040113076,3780410.0,3780410.0,96.0,0.7098680007545705,3004.8748528957367
1233.0,2.915288197607296,3780262.0,3780262.0,125.0,0.7096245441158551,3006.911602497101
1234.0,2.912372909409689,3780035.0,3780041.0,114.0,0.7093809273981971,3009.0481238365173
1235.0,2.909460536500279,3779899.0,3779901.0,111.0,0.7091371505800864,3011.273083925247
1236.0,2.9065510759637787,3779876.0,3779967.0,104.0,0.7088932136401923,3013.390101671219
1237.0,2.903644524887815,3779736.0,3779736.0,93.0,0.7086491165573648,3015.3345301151276
1238.0,2.900740880362927,3779542.0,3779543.0,110.0,0.708404859310634,3017.3902127742767
1239.0,2.897840139482564,3779414.0,3779414.0,111.0,0.7081604418792112,3019.601293325424
1240.0,2.894942299343082,3779268.0,3779277.0,106.0,0.7079158642424891,3021.7598350048065
1241.0,2.892047357043739,3779107.0,3779113.0,103.0,0.7076711263800418,3023.7943098545074
1242.0,2.889155309686695,3778974.0,3778987.0,103.0,0.7074262282716258,3025.904698371887
1243.0,2.8862661543770085,3778932.0,3778933.0,110.0,0.7071811698971803,3028.0559482574463
1244.0,2.8833798882226316,3778700.0,3778702.0,111.0,0.7069359512368268,3030.0691361427307
1245.0,2.8804965083344087,3778635.0,3778635.0,98.0,0.7066905722708708,3032.3298852443695
1246.0,2.8776160118260745,3778516.0,3778519.0,101.0,0.7064450329798011,3034.3572731018066
1247.0,2.8747383958142483,3778420.0,3778435.0,101.0,0.7061993333442905,3036.501143693924
1248.0,2.871863657418434,3778302.0,3778302.0,102.0,0.7059534733451966,3038.619608402252
1249.0,2.868991793761016,3778192.0,3778203.0,111.0,0.7057074529635619,3040.8144142627716
1250.0,2.8661228019672547,3778046.0,3778061.0,97.0,0.7054612721806135,3042.8591310977936
1251.0,2.8632566791652874,3777981.0,3777981.0,107.0,0.705214930977765,3045.004964351654
1252.0,2.8603934224861223,3777912.0,3777917.0,125.0,0.7049684293366156,3047.0512776374817
1253.0,2.857533029063636,3777815.0,3777830.0,111.0,0.7047217672389511,3049.1082417964935
1254.0,2.8546754960345724,3777766.0,3777781.0,98.0,0.7044749446667441,3051.2014915943146
1255.0,2.851820820538538,3777575.0,3777575.0,96.0,0.7042279616021544,3053.162252664566
1256.0,2.8489689997179997,3777357.0,3777357.0,110.0,0.7039808180275295,3055.4343931674957
1257.0,2.8461200307182817,3777306.0,3777316.0,102.0,0.703733513925405,3057.671844959259
1258.0,2.8432739106875635,3777246.0,3777270.0,95.0,0.7034860492785047,3059.637307405472
1259.0,2.840430636776876,3777105.0,3777111.0,105.0,0.7032384240697416,3061.6571259498596
1260.0,2.8375902061400993,3777012.0,3777027.0,96.0,0.7029906382822174,3063.672389268875
1261.0,2.8347526159339593,3776916.0,3776917.0,106.0,0.7027426918992241,3065.8723084926605
1262.0,2.8319178633180253,3776776.0,3776776.0,96.0,0.7024945849042431,3068.007820367813
1263.0,2.8290859454547075,3776674.0,3776675.0,89.0,0.7022463172809466,3070.1799924373627
1264.0,2.826256859509253,3776560.0,3776560.0,111.0,0.7019978890131974,3072.2709109783173
1265.0,2.8234306026497435,3776460.0,3776464.0,95.0,0.7017493000850498,3074.2749741077423
1266.0,2.8206071720470938,3776412.0,3776412.0,106.0,0.7015005504807493,3076.5597310066223
1267.0,2.8177865648750466,3776361.0,3776370.0,88.0,0.7012516401847338,3078.5057723522186
1268.0,2.814968778310172,3776343.0,3776375.0,91.0,0.7010025691816335,3080.4843003749847
1269.0,2.8121538095318614,3776231.0,3776239.0,92.0,0.7007533374562713,3082.534966945648
1270.0,2.8093416557223296,3776069.0,3776084.0,99.0,0.7005039449936635,3085.047491312027
1271.0,2.806532314066607,3775985.0,3775985.0,113.0,0.7002543917790199,3087.307148694992
1272.0,2.8037257817525405,3775899.0,3775899.0,103.0,0.7000046777977444,3089.311550140381
1273.0,2.800922055970788,3775820.0,3775820.0,80.0,0.6997548030354352,3091.5179715156555
1274.0,2.798121133914817,3775621.0,3775621.0,101.0,0.6995047674778855,3093.4721252918243
1275.0,2.7953230127809023,3775449.0,3775451.0,91.0,0.6992545711110835,3095.6801931858063
1276.0,2.7925276897681215,3775396.0,3775396.0,106.0,0.6990042139212133,3097.861142396927
1277.0,2.7897351620783533,3775276.0,3775276.0,88.0,0.6987536958946549,3099.9235813617706
1278.0,2.786945426916275,3775150.0,3775154.0,106.0,0.6985030170179846,3102.037137746811
1279.0,2.7841584814893587,3775067.0,3775067.0,88.0,0.6982521772779757,3104.1480379104614
1280.0,2.7813743230078694,3774860.0,3774863.0,107.0,0.698001176661599,3106.2511711120605
1281.0,2.7785929486848615,3774719.0,3774736.0,115.0,0.6977500151560224,3108.468029975891
1282.0,2.7758143557361765,3774719.0,3774760.0,103.0,0.6974986927486122,3110.5414254665375
1283.0,2.77303854138044,3774556.0,3774556.0,92.0,0.6972472094269332,3112.640058517456
1284.0,2.77026550283906,3774367.0,3774373.0,103.0,0.6969955651787488,3114.7660253047943
1285.0,2.7674952373362207,3774322.0,3774327.0,80.0,0.696743759992022,3117.069446325302
1286.0,2.7647277420988843,3774223.0,3774231.0,109.0,0.6964917938549151,3118.996108531952
1287.0,2.7619630143567853,3774033.0,3774033.0,104.0,0.6962396667557909,3121.2202639579773
1288.0,2.7592010513424285,3773896.0,3773898.0,119.0,0.6959873786832123,3123.3535146713257
1289.0,2.756441850291086,3773698.0,3773711.0,92.0,0.6957349296259434,3125.504578113556
1290.0,2.753685408440795,3773582.0,3773582.0,102.0,0.6954823195729495,3127.702579975128
1291.0,2.750931723032354,3773390.0,3773395.0,98.0,0.6952295485133975,3129.8479855060577
1292.0,2.7481807913093217,3773195.0,3773195.0,110.0,0.6949766164366565,3132.1418313980103
1293.0,2.7454326105180122,3773084.0,3773084.0,104.0,0.6947235233322984,3134.386079788208
1294.0,2.742687177907494,3772988.0,3772991.0,80.0,0.6944702691900975,3136.459944963455
1295.0,2.7399444907295867,3772877.0,3772899.0,99.0,0.6942168540000317,3138.5970962047577
1296.0,2.737204546238857,3772789.0,3772803.0,97.0,0.693963277752283,3140.6662878990173
1297.0,2.734467341692618,3772648.0,3772648.0,94.0,0.693709540437237,3142.773999452591
1298.0,2.7317328743509255,3772503.0,3772504.0,85.0,0.6934556420454842,3145.037180185318
1299.0,2.7290011414765747,3772419.0,3772419.0,92.0,0.6932015825678199,3147.2330639362335
1300.0,2.726272140335098,3772347.0,3772376.0,91.0,0.6929473619952451,3149.284893512726
1301.0,2.723545868194763,3772287.0,3772300.0,94.0,0.6926929803189662,3151.298073530197
1302.0,2.720822322326568,3772219.0,3772221.0,91.0,0.6924384375303962,3153.324490070343
1303.0,2.7181015000042414,3772133.0,3772148.0,88.0,0.6921837336211545,3155.416771173477
1304.0,2.7153833985042373,3772055.0,3772059.0,107.0,0.6919288685830676,3157.510313987732
1305.0,2.712668015105733,3771940.0,3771949.0,96.0,0.6916738424081693,3159.6071803569794
1306.0,2.7099553470906272,3771857.0,3771882.0,113.0,0.6914186550887016,3161.659026861191
1307.0,2.7072453917435366,3771707.0,3771711.0,103.0,0.6911633066171146,3163.7426238059998
1308.0,2.7045381463517932,3771538.0,3771542.0,112.0,0.6909077969860669,3165.918088197708
1309.0,2.7018336082054413,3771354.0,3771354.0,100.0,0.6906521261884264,3168.1665098667145
1310.0,2.6991317745972356,3771163.0,3771190.0,99.0,0.6903962942172707,3170.4903450012207
1311.0,2.6964326428226384,3771111.0,3771115.0,101.0,0.690140301065887,3172.6559171676636
1312.0,2.6937362101798157,3770951.0,3770956.0,106.0,0.6898841467277729,3174.7741236686707
1313.0,2.691042473969636,3770840.0,3770840.0,82.0,0.689627831196637,3177.002954483032
1314.0,2.6883514314956662,3770686.0,3770686.0,111.0,0.6893713544663987,3179.1169140338898
1315.0,2.6856630800641708,3770678.0,3770695.0,80.0,0.6891147165311895,3181.3689608573914
1316.0,2.6829774169841065,3770581.0,3770581.0,87.0,0.6888579173853522,3183.332921743393
1317.0,2.680294439567122,3770390.0,3770391.0,81.0,0.6886009570234427,3185.4050631523132
1318.0,2.677614145127555,3770267.0,3770267.0,98.0,0.6883438354402294,3187.6442239284515
1319.0,2.6749365309824276,3770098.0,3770112.0,97.0,0.6880865526306938,3189.8741567134857
1320.0,2.672261594451445,3770021.0,3770021.0,109.0,0.6878291085900317,3192.1609539985657
1321.0,2.6695893328569937,3769882.0,3769890.0,97.0,0.6875715033136521,3194.1510348320007
1322.0,2.6669197435241365,3769746.0,3769760.0,112.0,0.6873137367971792,3196.349417448044
1323.0,2.6642528237806125,3769627.0,3769639.0,108.0,0.6870558090364518,3198.51358962059
1324.0,2.6615885709568317,3769422.0,3769422.0,100.0,0.6867977200275243,3200.631247520447
1325.0,2.658926982385875,3769217.0,3769217.0,105.0,0.6865394697666664,3202.9729940891266
1326.0,2.656268055403489,3769036.0,3769036.0,100.0,0.6862810582503642,3205.247385263443
1327.0,2.6536117873480856,3768999.0,3769019.0,81.0,0.6860224854753207,3207.504559993744
1328.0,2.6509581755607377,3768901.0,3768914.0,90.0,0.6857637514384557,3209.499855995178
1329.0,2.648307217385177,3768826.0,3768826.0,102.0,0.6855048561369059,3211.574986219406
1330.0,2.645658910167792,3768712.0,3768712.0,104.0,0.6852457995680268,3213.7129924297333
1331.0,2.643013251257624,3768558.0,3768558.0,105.0,0.6849865817293914,3215.8860375881195
1332.0,2.640370238006366,3768469.0,3768498.0,105.0,0.6847272026187917,3218.171591281891
1333.0,2.6377298677683596,3768385.0,3768385.0,81.0,0.684467662234239,3220.2439692020416
1334.0,2.635092137900591,3768293.0,3768294.0,80.0,0.6842079605739637,3222.3860805034637
1335.0,2.6324570457626906,3768224.0,3768224.0,100.0,0.6839480976364164,3224.5769300460815
1336.0,2.629824588716928,3768131.0,3768133.0,95.0,0.683688073420268,3226.713044643402
1337.0,2.6271947641282107,3767984.0,3767992.0,118.0,0.6834278879244103,3228.777053833008
1338.0,2.6245675693640824,3767859.0,3767859.0,84.0,0.6831675411479563,3230.9343085289
1339.0,2.6219430017947185,3767754.0,3767764.0,102.0,0.6829070330902404,3233.1129891872406
1340.0,2.6193210587929237,3767663.0,3767690.0,82.0,0.6826463637508193,3235.305123090744
1341.0,2.6167017377341306,3767571.0,3767571.0,89.0,0.682385533129472,3237.443736076355
1342.0,2.6140850359963963,3767406.0,3767406.0,109.0,0.6821245412262007,3239.4971067905426
1343.0,2.6114709509604,3767250.0,3767252.0,90.0,0.6818633880412306,3241.7572588920593
1344.0,2.6088594800094396,3767147.0,3767151.0,106.0,0.6816020735750108,3243.8994312286377
1345.0,2.6062506205294302,3767100.0,3767108.0,97.0,0.6813405978282145,3246.0543253421783
1346.0,2.603644369908901,3767023.0,3767036.0,83.0,0.6810789608017398,3248.044646024704
1347.0,2.601040725538992,3766937.0,3766942.0,92.0,0.6808171624967092,3250.2615780830383
1348.0,2.598439684813453,3766847.0,3766851.0,86.0,0.6805552029144711,3252.425905942917
1349.0,2.5958412451286397,3766774.0,3766777.0,97.0,0.6802930820565999,3254.4772408008575
1350.0,2.593245403883511,3766590.0,3766590.0,88.0,0.6800307999248958,3256.5670115947723
1351.0,2.5906521584796276,3766494.0,3766497.0,107.0,0.6797683565213861,3258.758888244629
1352.0,2.588061506321148,3766340.0,3766340.0,88.0,0.6795057518483252,3260.917205095291
1353.0,2.5854734448148267,3766265.0,3766274.0,83.0,0.6792429859081948,3263.1045536994934
1354.0,2.582887971370012,3766060.0,3766060.0,85.0,0.6789800587037048,3266.52494096756
1355.0,2.580305083398642,3765890.0,3765900.0,111.0,0.6787169702377936,3268.822104692459
1356.0,2.5777247783152433,3765855.0,3765863.0,82.0,0.6784537205136285,3271.1306500434875
1357.0,2.575147053536928,3765802.0,3765802.0,85.0,0.6781903095346056,3273.410727262497
1358.0,2.572571906483391,3765607.0,3765609.0,84.0,0.6779267373043513,3275.4191715717316
1359.0,2.5699993345769077,3765474.0,3765478.0,89.0,0.6776630038267216,3277.7459819316864
1360.0,2.567429335242331,3765365.0,3765365.0,93.0,0.6773991091058035,3280.074727296829
1361.0,2.5648619059070885,3765258.0,3765265.0,103.0,0.6771350531459146,3282.2338654994965
1362.0,2.5622970440011814,3765230.0,3765235.0,83.0,0.6768708359516042,3284.403109550476
1363.0,2.5597347469571803,3765127.0,3765133.0,88.0,0.6766064575276535,3286.4702014923096
1364.0,2.557175012210223,3765072.0,3765072.0,75.0,0.6763419178790755,3288.684070110321
1365.0,2.5546178371980126,3764989.0,3764989.0,88.0,0.6760772170111162,3290.7489981651306
1366.0,2.5520632193608144,3764885.0,3764887.0,96.0,0.675812354929255,3292.8742718696594
1367.0,2.5495111561414534,3764690.0,3764690.0,98.0,0.6755473316392042,3295.1512322425842
1368.0,2.546961644985312,3764615.0,3764636.0,99.0,0.6752821471469106,3297.4388439655304
1369.0,2.5444146833403267,3764447.0,3764473.0,101.0,0.6750168014585554,3299.5087897777557
1370.0,2.5418702686569863,3764340.0,3764340.0,103.0,0.6747512945805542,3301.848973751068
1371.0,2.5393283983883292,3764214.0,3764214.0,99.0,0.6744856265195582,3304.008208990097
1372.0,2.5367890699899407,3764109.0,3764109.0,90.0,0.6742197972824545,3306.2370822429657
1373.0,2.534252280919951,3763963.0,3763965.0,81.0,0.6739538068763659,3308.444275379181
1374.0,2.531718028639031,3763847.0,3763849.0,77.0,0.6736876553086519,3310.682792186737
1375.0,2.529186310610392,3763780.0,3763795.0,81.0,0.6734213425869092,3312.8131754398346
1376.0,2.5266571242997813,3763751.0,3763781.0,83.0,0.6731548687189717,3314.9412317276
1377.0,2.5241304671754814,3763727.0,3763747.0,70.0,0.6728882337129111,3317.008782148361
1378.0,2.521606336708306,3763611.0,3763611.0,84.0,0.6726214375770375,3319.039134979248
1379.0,2.5190847303715977,3763548.0,3763548.0,87.0,0.6723544803198999,3321.167401075363
1380.0,2.516565645641226,3763477.0,3763511.0,100.0,0.6720873619502861,3323.41610789299
1381.0,2.514049079995585,3763393.0,3763405.0,87.0,0.6718200824772237,3325.5894055366516
1382.0,2.511535030915589,3763324.0,3763346.0,84.0,0.6715526419099802,3327.738835334778
1383.0,2.5090234958846733,3763203.0,3763204.0,82.0,0.6712850402580637,3329.745887517929
1384.0,2.5065144723887887,3763116.0,3763116.0,75.0,0.6710172775312231,3332.0179674625397
1385.0,2.5040079579164,3763070.0,3763089.0,88.0,0.6707493537394484,3334.144849061966
1386.0,2.5015039499584835,3763070.0,3763091.0,79.0,0.6704812688929717,3336.2131316661835
1387.0,2.499002446008525,3763002.0,3763031.0,86.0,0.6702130230022671,3338.2429094314575
1388.0,2.4965034435625166,3762990.0,3763011.0,92.0,0.6699446160780513,3340.4094653129578
1389.0,2.494006940118954,3762902.0,3762912.0,82.0,0.6696760481312841,3342.4199726581573
1390.0,2.491512933178835,3762772.0,3762772.0,91.0,0.6694073191731688,3344.569052219391
1391.0,2.489021420245656,3762704.0,3762714.0,83.0,0.6691384292151524,3346.693321943283
1392.0,2.4865323988254104,3762570.0,3762570.0,94.0,0.6688693782689266,3348.8041570186615
1393.0,2.484045866426585,3762503.0,3762503.0,80.0,0.6686001663464277,3351.434414625168
1394.0,2.4815618205601586,3762448.0,3762465.0,86.0,0.668330793459837,3353.882743835449
1395.0,2.4790802587395984,3762392.0,3762405.0,93.0,0.668061259621582,3355.9346330165863
1396.0,2.4766011784808586,3762353.0,3762375.0,94.0,0.6677915648443358,3357.9817740917206
1397.0,2.4741245773023777,3762237.0,3762251.0,91.0,0.667521709141018,3360.026916027069
1398.0,2.471650452725075,3762163.0,3762163.0,103.0,0.6672516925247958,3362.3149740695953
1399.0,2.46917880227235,3761974.0,3761974.0,82.0,0.666981515009083,3364.556013584137
1400.0,2.466709623470078,3761761.0,3761763.0,90.0,0.6667111766075418,3366.8803384304047
1401.0,2.4642429138466078,3761696.0,3761696.0,77.0,0.6664406773340822,3369.107860803604
1402.0,2.461778670932761,3761590.0,3761603.0,88.0,0.6661700172028633,3371.2073073387146
1403.0,2.4593168922618283,3761526.0,3761526.0,70.0,0.6658991962282933,3373.3980627059937
1404.0,2.4568575753695665,3761484.0,3761502.0,78.0,0.6656282144250297,3375.5648922920227
1405.0,2.454400717794197,3761376.0,3761376.0,92.0,0.6653570718079804,3377.6543684005737
1406.0,2.451946317076403,3761292.0,3761295.0,109.0,0.6650857683923034,3379.843062400818
1407.0,2.4494943707593264,3761083.0,3761095.0,95.0,0.6648143041934078,3381.998787879944
1408.0,2.447044876388567,3760910.0,3760920.0,99.0,0.664542679226954,3384.269924402237
1409.0,2.4445978315121786,3760702.0,3760702.0,91.0,0.664270893508854,3386.5300056934357
1410.0,2.4421532336806666,3760556.0,3760556.0,96.0,0.6639989470552724,3388.8299062252045
1411.0,2.439711080446986,3760453.0,3760453.0,83.0,0.6637268398826259,3391.0460748672485
1412.0,2.437271369366539,3760280.0,3760281.0,97.0,0.663454572007585,3393.2576870918274
1413.0,2.4348340979971725,3760225.0,3760228.0,92.0,0.6631821434470727,3395.548978805542
1414.0,2.432399263899175,3760120.0,3760123.0,94.0,0.662909554218267,3397.652935743332
1415.0,2.429966864635276,3760036.0,3760053.0,87.0,0.6626368043385997,3399.8894667625427
1416.0,2.427536897770641,3759936.0,3759945.0,97.0,0.6623638938257577,3402.1252312660217
1417.0,2.42510936087287,3759815.0,3759818.0,91.0,0.6620908226976829,3404.2536499500275
1418.0,2.4226842515119973,3759729.0,3759748.0,86.0,0.6618175909725732,3406.4260296821594
1419.0,2.4202615672604852,3759700.0,3759725.0,82.0,0.6615441986688825,3408.459053993225
1420.0,2.4178413056932246,3759659.0,3759663.0,80.0,0.6612706458053214,3410.4582047462463
1421.0,2.415423464387531,3759487.0,3759487.0,91.0,0.6609969324008572,3412.6168537139893
1422.0,2.4130080409231436,3759398.0,3759402.0,59.0,0.6607230584747154,3414.85928606987
1423.0,2.4105950328822203,3759312.0,3759313.0,64.0,0.6604490240463786,3417.201511144638
1424.0,2.408184437849338,3759258.0,3759262.0,82.0,0.6601748291355882,3419.340017080307
1425.0,2.4057762534114886,3759093.0,3759095.0,97.0,0.6599004737623446,3421.4314007759094
1426.0,2.4033704771580773,3758993.0,3758993.0,72.0,0.6596259579469067,3423.743957042694
1427.0,2.4009671066809193,3758911.0,3758935.0,82.0,0.659351281709794,3425.829902648926
1428.0,2.398566139574238,3758898.0,3758904.0,67.0,0.6590764450717852,3427.944251060486
1429.0,2.396167573434664,3758834.0,3758860.0,82.0,0.6588014480539203,3429.9762468338013
1430.0,2.393771405861229,3758731.0,3758747.0,90.0,0.6585262906775,3432.0079329013824
1431.0,2.391377634455368,3758642.0,3758642.0,71.0,0.6582509729640864,3434.1173346042633
1432.0,2.3889862568209126,3758532.0,3758532.0,76.0,0.6579754949355036,3436.1295092105865
1433.0,2.3865972705640917,3758382.0,3758388.0,103.0,0.6576998566138379,3438.2771351337433
1434.0,2.3842106732935275,3758220.0,3758226.0,77.0,0.6574240580214386,3440.520343065262
1435.0,2.381826462620234,3758168.0,3758168.0,80.0,0.6571480991809178,3442.8989753723145
1436.0,2.3794446361576136,3758054.0,3758064.0,82.0,0.6568719801151518,3444.9180297851562
1437.0,2.377065191521456,3757955.0,3757959.0,92.0,0.6565957008472806,3447.1021070480347
1438.0,2.3746881263299344,3757834.0,3757834.0,86.0,0.6563192614007088,3449.213475227356
1439.0,2.3723134382036046,3757776.0,3757789.0,100.0,0.6560426617991063,3451.48632478714
1440.0,2.369941124765401,3757737.0,3757737.0,69.0,0.6557659020664078,3453.4435498714447
1441.0,2.3675711836406355,3757673.0,3757680.0,80.0,0.6554889822268144,3455.468189716339
1442.0,2.3652036124569946,3757565.0,3757577.0,102.0,0.6552119023047934,3457.591558456421
1443.0,2.3628384088445378,3757526.0,3757553.0,84.0,0.6549346623250787,3459.7604978084564
1444.0,2.3604755704356934,3757505.0,3757509.0,72.0,0.6546572623126716,3461.83634185791
1445.0,2.3581150948652576,3757476.0,3757478.0,66.0,0.6543797022928408,3463.882425069809
1446.0,2.3557569797703923,3757433.0,3757435.0,70.0,0.6541019822911233,3466.0022146701813
1447.0,2.353401222790622,3757388.0,3757410.0,88.0,0.6538241023333246,3468.104168176651
1448.0,2.351047821567831,3757323.0,3757352.0,72.0,0.6535460624455189,3470.1672365665436
1449.0,2.348696773746263,3757294.0,3757299.0,89.0,0.6532678626540503,3472.354805469513
1450.0,2.3463480769725167,3757204.0,3757208.0,77.0,0.6529895029855326,3474.5099823474884
1451.0,2.3440017288955444,3757073.0,3757073.0,81.0,0.6527109834668494,3476.869109392166
1452.0,2.3416577271666488,3756997.0,3757004.0,98.0,0.6524323041251558,3479.123156309128
1453.0,2.3393160694394823,3756872.0,3756872.0,84.0,0.6521534649878777,3481.3023767471313
1454.0,2.3369767533700427,3756807.0,3756807.0,74.0,0.6518744660827126,3483.4746820926666
1455.0,2.334639776616673,3756733.0,3756747.0,83.0,0.6515953074376302,3485.6560986042023
1456.0,2.332305136840056,3756647.0,3756648.0,78.0,0.6513159890808727,3487.826072216034
1457.0,2.329972831703216,3756534.0,3756546.0,91.0,0.6510365110409553,3490.045881509781
1458.0,2.3276428588715126,3756445.0,3756448.0,79.0,0.6507568733466667,3492.4287583827972
1459.0,2.325315216012641,3756368.0,3756377.0,97.0,0.6504770760270691,3494.643189907074
1460.0,2.322989900796628,3756287.0,3756300.0,74.0,0.6501971191114995,3496.7439823150635
1461.0,2.3206669108958313,3756144.0,3756151.0,85.0,0.6499170026295694,3498.932427406311
1462.0,2.3183462439849354,3756056.0,3756057.0,70.0,0.6496367266111654,3501.273333311081
1463.0,2.3160278977409505,3755949.0,3755959.0,86.0,0.6493562910864501,3503.485939979553
1464.0,2.3137118698432095,3755881.0,3755881.0,99.0,0.6490756960858617,3505.7586793899536
1465.0,2.3113981579733665,3755789.0,3755793.0,73.0,0.6487949416401154,3507.971406698227
1466.0,2.309086759815393,3755729.0,3755729.0,76.0,0.6485140277802031,3510.404299736023
1467.0,2.306777673055578,3755622.0,3755626.0,74.0,0.6482329545373942,3512.4925491809845
1468.0,2.304470895382522,3755560.0,3755565.0,74.0,0.647951721943236,3514.7146542072296
1469.0,2.30216642448714,3755514.0,3755518.0,85.0,0.6476703300295541,3516.9251325130463
1470.0,2.2998642580626525,3755410.0,3755410.0,82.0,0.6473887788284529,3519.05303812027
1471.0,2.2975643938045898,3755277.0,3755278.0,71.0,0.6471070683723159,3521.28590798378
1472.0,2.295266829410785,3755243.0,3755243.0,90.0,0.6468251986938065,3523.5388538837433
1473.0,2.2929715625813745,3755158.0,3755158.0,78.0,0.646543169825868,3525.6604630947113
1474.0,2.2906785910187932,3755065.0,3755065.0,88.0,0.6462609818017243,3527.8498151302338
1475.0,2.2883879124277744,3754969.0,3754971.0,93.0,0.6459786346548801,3530.0648958683014
1476.0,2.286099524515347,3754875.0,3754875.0,89.0,0.6456961284191222,3532.3607671260834
1477.0,2.2838134249908313,3754789.0,3754803.0,86.0,0.6454134631285184,3534.652862071991
1478.0,2.2815296115658406,3754698.0,3754718.0,78.0,0.6451306388174196,3536.727003097534
1479.0,2.279248081954275,3754636.0,3754643.0,75.0,0.644847655520459,3538.809649705887
1480.0,2.2769688338723206,3754555.0,3754555.0,70.0,0.6445645132725533,3540.877331972122
1481.0,2.2746918650384482,3754457.0,3754468.0,70.0,0.6442812121089027,3542.8935689926147
1482.0,2.2724171731734097,3754414.0,3754414.0,83.0,0.6439977520649915,3545.0094196796417
1483.0,2.2701447560002364,3754365.0,3754365.0,77.0,0.643714133176589,3547.066049337387
1484.0,2.267874611244236,3754297.0,3754297.0,80.0,0.643430355479749,3549.068890810013
1485.0,2.265606736632992,3754263.0,3754265.0,75.0,0.6431464190108112,3551.2589049339294
1486.0,2.263341129896359,3754147.0,3754155.0,79.0,0.6428623238064006,3553.2528836727142
1487.0,2.2610777887664626,3754047.0,3754054.0,77.0,0.6425780699034294,3555.400603532791
1488.0,2.258816710977696,3753999.0,3754027.0,62.0,0.6422936573390958,3557.4743299484253
1489.0,2.2565578942667184,3753999.0,3754022.0,70.0,0.6420090861508859,3559.5008442401886
1490.0,2.2543013363724516,3753961.0,3753963.0,78.0,0.6417243563765731,3561.431168079376
1491.0,2.252047035036079,3753798.0,3753801.0,84.0,0.6414394680542193,3563.387031555176
1492.0,2.249794988001043,3753700.0,3753722.0,80.0,0.6411544212221744,3565.5835247039795
1493.0,2.2475451930130417,3753659.0,3753660.0,83.0,0.6408692159190781,3567.638862133026
1494.0,2.2452976478200286,3753571.0,3753576.0,71.0,0.640583852183859,3569.691609144211
1495.0,2.2430523501722086,3753477.0,3753479.0,77.0,0.6402983300557362,3571.776750564575
1496.0,2.2408092978220364,3753329.0,3753329.0,102.0,0.6400126495742187,3573.8403017520905
1497.0,2.2385684885242143,3753173.0,3753173.0,83.0,0.6397268107791064,3576.022360086441
1498.0,2.2363299200356903,3753094.0,3753108.0,92.0,0.6394408137104909,3578.1588971614838
1499.0,2.2340935901156547,3753061.0,3753061.0,59.0,0.639154658408755,3580.2581548690796
1500.0,2.231859496525539,3752961.0,3752963.0,76.0,0.6388683449145739,3582.220598936081
1501.0,2.2296276370290133,3752862.0,3752865.0,88.0,0.6385818732689157,3584.397378206253
1502.0,2.2273980093919845,3752806.0,3752806.0,66.0,0.6382952435130412,3586.4396402835846
1503.0,2.2251706113825924,3752693.0,3752704.0,77.0,0.638008455688505,3588.363037586212
1504.0,2.22294544077121,3752594.0,3752594.0,78.0,0.6377215098371554,3590.3015806674957
1505.0,2.2207224953304388,3752463.0,3752467.0,78.0,0.6374344060011352,3592.2989127635956
1506.0,2.218501772835108,3752349.0,3752349.0,61.0,0.6371471442228824,3594.3088886737823
1507.0,2.2162832710622733,3752303.0,3752316.0,70.0,0.6368597245451301,3596.2827003002167
1508.0,2.214066987791211,3752255.0,3752255.0,76.0,0.6365721470109067,3598.13636469841
1509.0,2.2118529208034197,3752181.0,3752182.0,73.0,0.6362844116635377,3599.990147590637
