step,temperature,best_hpwl,current_hpwl,accepted_moves,boltzmann_prob,elapsed_time_sec
1.0,10.0,477.0,513.0,625.0,0.9048374180359595,1.8835067749023438e-05
2.0,9.99,477.0,571.0,642.0,0.9047468482529377,0.0030999183654785156
3.0,9.98001,477.0,572.0,600.0,0.9046561968886792,0.006172895431518555
4.0,9.97002999,477.0,540.0,639.0,0.9045654638787952,0.009202957153320312
5.0,9.96005996001,477.0,521.0,694.0,0.9044746491588648,0.01232004165649414
6.0,9.95009990004999,477.0,514.0,601.0,0.904383752664434,0.015215873718261719
7.0,9.940149800149939,477.0,587.0,657.0,0.9042927743310167,0.01819896697998047
8.0,9.93020965034979,477.0,579.0,657.0,0.9042017140940946,0.021184921264648438
9.0,9.92027944069944,471.0,539.0,634.0,0.9041105718891163,0.024235963821411133
10.0,9.910359161258741,471.0,535.0,643.0,0.9040193476514986,0.027225732803344727
11.0,9.900448802097483,471.0,525.0,641.0,0.9039280413166257,0.03021097183227539
12.0,9.890548353295385,471.0,541.0,648.0,0.9038366528198497,0.03313779830932617
13.0,9.88065780494209,471.0,548.0,620.0,0.9037451820964901,0.03612685203552246
14.0,9.870777147137147,471.0,519.0,628.0,0.9036536290818343,0.03910088539123535
15.0,9.86090636999001,471.0,519.0,641.0,0.9035619937111373,0.042135000228881836
16.0,9.85104546362002,471.0,549.0,654.0,0.9034702759196221,0.045210838317871094
17.0,9.8411944181564,438.0,545.0,599.0,0.9033784756424792,0.04835200309753418
18.0,9.831353223738244,438.0,581.0,604.0,0.9032865928148672,0.051286935806274414
19.0,9.821521870514506,438.0,549.0,614.0,0.9031946273719123,0.05428719520568848
20.0,9.81170034864399,438.0,551.0,578.0,0.9031025792487087,0.057183027267456055
21.0,9.801888648295346,438.0,497.0,612.0,0.9030104483803185,0.06005096435546875
22.0,9.79208675964705,438.0,558.0,634.0,0.9029182347017718,0.06288790702819824
23.0,9.782294672887403,438.0,536.0,564.0,0.9028259381480663,0.06585097312927246
24.0,9.772512378214515,438.0,556.0,577.0,0.9027335586541682,0.06879210472106934
25.0,9.7627398658363,438.0,512.0,609.0,0.9026410961550111,0.07177495956420898
26.0,9.752977125970464,438.0,585.0,615.0,0.9025485505854971,0.07472896575927734
27.0,9.743224148844494,438.0,581.0,618.0,0.9024559218804963,0.07764601707458496
28.0,9.73348092469565,438.0,508.0,620.0,0.9023632099748465,0.08059191703796387
29.0,9.723747443770954,438.0,553.0,620.0,0.902270414803354,0.08340191841125488
30.0,9.714023696327184,438.0,503.0,634.0,0.9021775363007932,0.08622479438781738
31.0,9.704309672630856,438.0,556.0,663.0,0.9020845744019065,0.08916783332824707
32.0,9.694605362958225,438.0,559.0,646.0,0.9019915290414043,0.09211111068725586
33.0,9.684910757595267,438.0,537.0,635.0,0.9018984001539658,0.09495186805725098
34.0,9.675225846837671,438.0,553.0,604.0,0.9018051876742379,0.09778594970703125
35.0,9.665550620990834,438.0,536.0,591.0,0.901711891536836,0.1006619930267334
36.0,9.655885070369843,438.0,571.0,624.0,0.9016185116763438,0.10355687141418457
37.0,9.646229185299473,438.0,565.0,592.0,0.901525048027313,0.10646700859069824
38.0,9.636582956114173,438.0,555.0,599.0,0.9014315005242642,0.10931086540222168
39.0,9.62694637315806,438.0,525.0,588.0,0.9013378691016861,0.11226606369018555
40.0,9.617319426784901,438.0,496.0,627.0,0.9012441536940357,0.1150808334350586
41.0,9.607702107358117,438.0,549.0,587.0,0.9011503542357384,0.11792802810668945
42.0,9.598094405250759,438.0,539.0,634.0,0.9010564706611884,0.12081480026245117
43.0,9.588496310845509,438.0,501.0,614.0,0.9009625029047481,0.1236867904663086
44.0,9.578907814534663,438.0,567.0,592.0,0.9008684509007485,0.12656593322753906
45.0,9.569328906720129,438.0,558.0,606.0,0.9007743145834891,0.12944412231445312
46.0,9.55975957781341,438.0,561.0,595.0,0.9006800938872381,0.13230490684509277
47.0,9.550199818235596,438.0,555.0,567.0,0.9005857887462322,0.13526606559753418
48.0,9.54064961841736,438.0,562.0,624.0,0.9004913990946766,0.13813185691833496
49.0,9.531108968798943,438.0,511.0,571.0,0.9003969248667455,0.14102983474731445
50.0,9.521577859830144,438.0,560.0,609.0,0.9003023659965814,0.14395380020141602
51.0,9.512056281970313,438.0,574.0,588.0,0.900207722418296,0.14681196212768555
52.0,9.502544225688343,438.0,571.0,606.0,0.9001129940659692,0.14963674545288086
53.0,9.493041681462655,438.0,510.0,591.0,0.9000181808736503,0.15242791175842285
54.0,9.483548639781192,438.0,532.0,586.0,0.8999232827753565,0.15518999099731445
55.0,9.47406509114141,438.0,542.0,606.0,0.8998282997050749,0.1580798625946045
56.0,9.464591026050268,438.0,559.0,613.0,0.8997332315967607,0.16087603569030762
57.0,9.455126435024217,438.0,503.0,557.0,0.8996380783843384,0.16361498832702637
58.0,9.445671308589192,438.0,559.0,588.0,0.8995428400017011,0.16645193099975586
59.0,9.436225637280604,438.0,500.0,600.0,0.8994475163827113,0.16923809051513672
60.0,9.426789411643323,438.0,519.0,618.0,0.8993521074612001,0.1720571517944336
61.0,9.41736262223168,438.0,511.0,547.0,0.8992566131709677,0.1748809814453125
62.0,9.407945259609448,438.0,554.0,564.0,0.8991610334457835,0.17771196365356445
63.0,9.39853731434984,438.0,537.0,593.0,0.8990653682193858,0.18044686317443848
64.0,9.38913877703549,438.0,543.0,613.0,0.8989696174254821,0.18318796157836914
65.0,9.379749638258454,438.0,539.0,587.0,0.8988737809977492,0.18584704399108887
66.0,9.370369888620196,438.0,555.0,595.0,0.8987778588698327,0.18868494033813477
67.0,9.360999518731576,438.0,525.0,581.0,0.8986818509753478,0.19137191772460938
68.0,9.351638519212845,438.0,508.0,581.0,0.8985857572478786,0.19408798217773438
69.0,9.342286880693631,438.0,563.0,589.0,0.8984895776209788,0.19683098793029785
70.0,9.332944593812938,438.0,523.0,580.0,0.8983933120281711,0.19964289665222168
71.0,9.323611649219124,438.0,582.0,609.0,0.8982969604029476,0.20235705375671387
72.0,9.314288037569906,438.0,517.0,585.0,0.89820052267877,0.20513582229614258
73.0,9.304973749532335,438.0,559.0,598.0,0.8981039987890691,0.20790505409240723
74.0,9.295668775782802,438.0,533.0,594.0,0.8980073886672453,0.21070003509521484
75.0,9.28637310700702,438.0,530.0,549.0,0.8979106922466684,0.2135601043701172
76.0,9.277086733900012,438.0,524.0,608.0,0.8978139094606776,0.21630287170410156
77.0,9.267809647166112,438.0,535.0,551.0,0.897717040242582,0.21901392936706543
78.0,9.258541837518946,438.0,549.0,577.0,0.8976200845256598,0.22175383567810059
79.0,9.249283295681426,438.0,537.0,563.0,0.8975230422431588,0.2246079444885254
80.0,9.240034012385745,438.0,531.0,541.0,0.897425913328297,0.2273421287536621
81.0,9.23079397837336,438.0,512.0,600.0,0.8973286977142614,0.23006796836853027
82.0,9.221563184394986,438.0,501.0,553.0,0.897231395334209,0.23292899131774902
83.0,9.21234162121059,438.0,506.0,555.0,0.8971340061212666,0.23563289642333984
84.0,9.20312927958938,438.0,525.0,540.0,0.8970365300085305,0.2383439540863037
85.0,9.19392615030979,438.0,541.0,573.0,0.8969389669290669,0.24106907844543457
86.0,9.18473222415948,438.0,543.0,574.0,0.8968413168159121,0.24381685256958008
87.0,9.17554749193532,438.0,488.0,562.0,0.8967435796020717,0.24649286270141602
88.0,9.166371944443386,438.0,483.0,573.0,0.8966457552205218,0.24928998947143555
89.0,9.157205572498942,438.0,537.0,556.0,0.8965478436042079,0.25192809104919434
90.0,9.148048366926442,438.0,500.0,551.0,0.8964498446860459,0.2545769214630127
91.0,9.138900318559516,438.0,545.0,554.0,0.8963517583989214,0.2571730613708496
92.0,9.129761418240957,438.0,514.0,552.0,0.8962535846756903,0.2599501609802246
93.0,9.120631656822717,438.0,524.0,552.0,0.8961553234491781,0.26270103454589844
94.0,9.111511025165894,438.0,555.0,592.0,0.896056974652181,0.26555395126342773
95.0,9.102399514140728,438.0,531.0,524.0,0.895958538217465,0.26830315589904785
96.0,9.093297114626587,438.0,556.0,571.0,0.895860014077766,0.2710530757904053
97.0,9.08420381751196,438.0,538.0,556.0,0.8957614021657909,0.27376794815063477
98.0,9.075119613694449,438.0,521.0,584.0,0.8956627024142161,0.2765030860900879
99.0,9.066044494080755,438.0,515.0,532.0,0.8955639147556885,0.27922987937927246
100.0,9.056978449586675,438.0,538.0,563.0,0.8954650391228255,0.2819240093231201
101.0,9.047921471137087,438.0,563.0,549.0,0.8953660754482147,0.28462696075439453
102.0,9.03887354966595,438.0,537.0,568.0,0.895267023664414,0.28735804557800293
103.0,9.029834676116284,438.0,542.0,573.0,0.8951678837039518,0.2900547981262207
104.0,9.020804841440167,438.0,568.0,569.0,0.8950686554993272,0.2927408218383789
105.0,9.011784036598728,438.0,545.0,582.0,0.8949693389830096,0.29543590545654297
106.0,9.00277225256213,438.0,527.0,591.0,0.8948699340874385,0.29818010330200195
107.0,8.993769480309567,438.0,531.0,556.0,0.8947704407450249,0.3008251190185547
108.0,8.984775710829258,438.0,568.0,551.0,0.8946708588881496,0.303494930267334
109.0,8.975790935118429,438.0,532.0,551.0,0.8945711884491643,0.3062000274658203
110.0,8.966815144183311,438.0,558.0,533.0,0.8944714293603915,0.30898594856262207
111.0,8.957848329039127,438.0,519.0,541.0,0.8943715815541243,0.31168484687805176
112.0,8.948890480710087,438.0,556.0,509.0,0.8942716449626267,0.31455111503601074
113.0,8.939941590229378,438.0,537.0,584.0,0.8941716195181333,0.3172578811645508
114.0,8.931001648639148,438.0,571.0,549.0,0.8940715051528495,0.31989407539367676
115.0,8.922070646990509,438.0,501.0,509.0,0.8939713017989519,0.32254600524902344
116.0,8.913148576343518,438.0,551.0,552.0,0.8938710093885877,0.3251669406890869
117.0,8.904235427767174,438.0,538.0,533.0,0.8937706278538751,0.3278348445892334
118.0,8.895331192339407,438.0,556.0,515.0,0.8936701571269032,0.330535888671875
119.0,8.886435861147067,438.0,498.0,477.0,0.8935695971397325,0.3331420421600342
120.0,8.87754942528592,438.0,495.0,532.0,0.8934689478243942,0.3357560634613037
121.0,8.868671875860635,438.0,524.0,513.0,0.8933682091128906,0.3383939266204834
122.0,8.859803203984773,438.0,529.0,555.0,0.8932673809371954,0.3410627841949463
123.0,8.850943400780789,438.0,557.0,492.0,0.8931664632292532,0.3436768054962158
124.0,8.842092457380009,438.0,520.0,545.0,0.89306545592098,0.34629082679748535
125.0,8.833250364922629,438.0,550.0,532.0,0.8929643589442628,0.34897589683532715
126.0,8.824417114557706,438.0,547.0,521.0,0.8928631722309603,0.35157299041748047
127.0,8.815592697443149,438.0,537.0,528.0,0.8927618957129024,0.35416293144226074
128.0,8.806777104745706,438.0,548.0,545.0,0.8926605293218901,0.356748104095459
129.0,8.79797032764096,438.0,509.0,536.0,0.892559072989696,0.35936999320983887
130.0,8.78917235731332,438.0,554.0,495.0,0.8924575266480642,0.3620879650115967
131.0,8.780383184956007,438.0,535.0,515.0,0.8923558902287104,0.3647270202636719
132.0,8.771602801771051,438.0,532.0,526.0,0.8922541636633216,0.3673379421234131
133.0,8.76283119896928,438.0,497.0,479.0,0.8921523468835563,0.36985301971435547
134.0,8.75406836777031,438.0,529.0,498.0,0.892050439821045,0.3725109100341797
135.0,8.74531429940254,438.0,540.0,470.0,0.8919484424073897,0.375169038772583
136.0,8.736568985103139,438.0,522.0,492.0,0.8918463545741638,0.3777480125427246
137.0,8.727832416118035,438.0,548.0,503.0,0.891744176252913,0.3803670406341553
138.0,8.719104583701917,438.0,561.0,527.0,0.8916419073751543,0.38289594650268555
139.0,8.710385479118214,438.0,549.0,495.0,0.8915395478723765,0.3854820728302002
140.0,8.701675093639096,438.0,515.0,500.0,0.8914370976760408,0.3879990577697754
141.0,8.692973418545456,438.0,544.0,501.0,0.8913345567175798,0.39070701599121094
142.0,8.68428044512691,438.0,543.0,506.0,0.8912319249283982,0.3932311534881592
143.0,8.675596164681783,438.0,522.0,505.0,0.8911292022398727,0.39581799507141113
144.0,8.666920568517101,438.0,569.0,512.0,0.891026388583352,0.39841294288635254
145.0,8.658253647948584,438.0,565.0,520.0,0.8909234838901571,0.40105390548706055
146.0,8.649595394300635,438.0,537.0,503.0,0.8908204880915807,0.4036710262298584
147.0,8.640945798906333,438.0,514.0,522.0,0.890717401118888,0.4062530994415283
148.0,8.632304853107428,438.0,548.0,513.0,0.8906142229033163,0.40883684158325195
149.0,8.623672548254321,438.0,535.0,504.0,0.890510953376075,0.4113941192626953
150.0,8.615048875706067,438.0,498.0,506.0,0.890407592468346,0.41397881507873535
151.0,8.606433826830362,438.0,468.0,493.0,0.8903041401112836,0.4165079593658447
152.0,8.59782739300353,438.0,527.0,461.0,0.890200596236014,0.4189748764038086
153.0,8.589229565610527,438.0,537.0,502.0,0.8900969607736364,0.42147207260131836
154.0,8.580640336044917,438.0,483.0,511.0,0.8899932336552221,0.4240860939025879
155.0,8.572059695708871,438.0,508.0,517.0,0.8898894148118152,0.4265859127044678
156.0,8.563487636013162,438.0,532.0,456.0,0.8897855041744318,0.4290790557861328
157.0,8.554924148377149,438.0,524.0,521.0,0.8896815016740613,0.4315469264984131
158.0,8.546369224228771,438.0,566.0,512.0,0.8895774072416653,0.4341261386871338
159.0,8.537822855004542,438.0,578.0,526.0,0.8894732208081781,0.4367249011993408
160.0,8.529285032149538,438.0,579.0,504.0,0.889368942304507,0.4391758441925049
161.0,8.520755747117388,438.0,538.0,544.0,0.8892645716615317,0.4416670799255371
162.0,8.51223499137027,438.0,560.0,519.0,0.8891601088101049,0.4442119598388672
163.0,8.5037227563789,438.0,490.0,526.0,0.8890555536810523,0.44669485092163086
164.0,8.495219033622522,438.0,567.0,478.0,0.8889509062051723,0.4492158889770508
165.0,8.486723814588899,438.0,541.0,503.0,0.8888461663132362,0.4517970085144043
166.0,8.47823709077431,438.0,539.0,464.0,0.8887413339359888,0.4543581008911133
167.0,8.469758853683537,438.0,520.0,500.0,0.8886364090041471,0.45690488815307617
168.0,8.461289094829853,438.0,560.0,462.0,0.888531391448402,0.459453821182251
169.0,8.452827805735023,438.0,540.0,501.0,0.888426281199417,0.46201491355895996
170.0,8.444374977929288,438.0,555.0,487.0,0.8883210781878291,0.4645497798919678
171.0,8.435930602951359,438.0,526.0,533.0,0.8882157823442485,0.46697402000427246
172.0,8.427494672348407,438.0,523.0,479.0,0.8881103935992584,0.46950817108154297
173.0,8.419067177676059,438.0,527.0,506.0,0.8880049118834156,0.4720499515533447
174.0,8.410648110498382,438.0,506.0,447.0,0.8878993371272501,0.47453904151916504
175.0,8.402237462387884,438.0,554.0,498.0,0.8877936692612655,0.47702884674072266
176.0,8.393835224925496,438.0,538.0,467.0,0.8876879082159387,0.4795079231262207
177.0,8.38544138970057,438.0,529.0,479.0,0.8875820539217203,0.4820117950439453
178.0,8.37705594831087,438.0,546.0,500.0,0.8874761063090342,0.4844968318939209
179.0,8.36867889236256,438.0,458.0,483.0,0.8873700653082781,0.4869518280029297
180.0,8.360310213470198,438.0,520.0,491.0,0.8872639308498232,0.4895639419555664
181.0,8.351949903256727,438.0,557.0,473.0,0.8871577028640146,0.49204301834106445
182.0,8.34359795335347,438.0,556.0,499.0,0.8870513812811711,0.4944798946380615
183.0,8.335254355400117,438.0,536.0,482.0,0.8869449660315851,0.4969789981842041
184.0,8.326919101044718,438.0,565.0,446.0,0.8868384570455231,0.4994838237762451
185.0,8.318592181943673,438.0,562.0,481.0,0.8867318542532254,0.5019247531890869
186.0,8.31027358976173,438.0,527.0,465.0,0.8866251575849061,0.504457950592041
187.0,8.301963316171967,438.0,527.0,485.0,0.8865183669707536,0.5068788528442383
188.0,8.293661352855796,438.0,493.0,458.0,0.88641148234093,0.5092620849609375
189.0,8.285367691502941,438.0,568.0,457.0,0.8863045036255719,0.511620044708252
190.0,8.277082323811438,438.0,506.0,489.0,0.8861974307547895,0.5141010284423828
191.0,8.268805241487627,438.0,515.0,441.0,0.8860902636586678,0.5166337490081787
192.0,8.26053643624614,438.0,541.0,488.0,0.8859830022672656,0.519122838973999
193.0,8.252275899809893,438.0,525.0,493.0,0.885875646510616,0.521582841873169
194.0,8.244023623910083,438.0,556.0,487.0,0.8857681963187267,0.5240588188171387
195.0,8.235779600286174,438.0,514.0,456.0,0.8856606516215798,0.5265181064605713
196.0,8.227543820685888,438.0,547.0,498.0,0.8855530123491315,0.5289719104766846
197.0,8.219316276865202,438.0,588.0,451.0,0.8854452784313127,0.5314979553222656
198.0,8.211096960588337,438.0,496.0,451.0,0.8853374497980291,0.5338308811187744
199.0,8.202885863627749,438.0,564.0,466.0,0.8852295263791604,0.5362019538879395
200.0,8.19468297776412,438.0,529.0,481.0,0.8851215081045615,0.5386099815368652
201.0,8.186488294786356,438.0,478.0,456.0,0.8850133949040616,0.5410161018371582
202.0,8.17830180649157,438.0,512.0,440.0,0.884905186707465,0.5434238910675049
203.0,8.170123504685078,438.0,514.0,412.0,0.8847968834445505,0.5459568500518799
204.0,8.161953381180393,438.0,540.0,447.0,0.884688485045072,0.5483608245849609
205.0,8.153791427799213,438.0,493.0,503.0,0.8845799914387582,0.5507330894470215
206.0,8.145637636371413,438.0,511.0,450.0,0.8844714025553125,0.5532417297363281
207.0,8.137491998735042,438.0,543.0,469.0,0.8843627183244138,0.5557000637054443
208.0,8.129354506736307,438.0,525.0,474.0,0.8842539386757158,0.5581569671630859
209.0,8.12122515222957,438.0,544.0,468.0,0.8841450635388471,0.5605709552764893
210.0,8.11310392707734,438.0,504.0,438.0,0.8840360928434119,0.5629870891571045
211.0,8.104990823150263,438.0,496.0,446.0,0.8839270265189894,0.5654520988464355
212.0,8.096885832327112,438.0,513.0,476.0,0.8838178644951338,0.5679318904876709
213.0,8.088788946494786,438.0,528.0,469.0,0.8837086067013753,0.5704379081726074
214.0,8.080700157548291,438.0,579.0,443.0,0.8835992530672188,0.572786808013916
215.0,8.072619457390743,438.0,532.0,464.0,0.8834898035221451,0.5752377510070801
216.0,8.064546837933353,438.0,549.0,415.0,0.8833802579956102,0.5776820182800293
217.0,8.056482291095419,438.0,539.0,485.0,0.8832706164170457,0.5801920890808105
218.0,8.048425808804323,438.0,507.0,435.0,0.8831608787158589,0.5825810432434082
219.0,8.04037738299552,438.0,515.0,418.0,0.8830510448214328,0.5850110054016113
220.0,8.032337005612524,438.0,473.0,434.0,0.8829411146631259,0.5874600410461426
221.0,8.024304668606911,438.0,561.0,451.0,0.8828310881702724,0.5898318290710449
222.0,8.016280363938304,438.0,513.0,481.0,0.8827209652721828,0.5922229290008545
223.0,8.008264083574366,438.0,553.0,455.0,0.8826107458981428,0.5963687896728516
224.0,8.000255819490791,438.0,530.0,474.0,0.8825004299774145,0.5998709201812744
225.0,7.9922555636713,438.0,571.0,438.0,0.882390017439236,0.6027777194976807
226.0,7.984263308107629,438.0,527.0,442.0,0.882279508212821,0.6063511371612549
227.0,7.976279044799521,438.0,540.0,463.0,0.8821689022273597,0.6102850437164307
228.0,7.968302765754721,438.0,479.0,478.0,0.8820581994120181,0.6126830577850342
229.0,7.960334462988967,438.0,548.0,411.0,0.881947399695939,0.615523099899292
230.0,7.952374128525978,438.0,531.0,460.0,0.8818365030082409,0.6179358959197998
231.0,7.944421754397452,438.0,530.0,487.0,0.8817255092780187,0.6203157901763916
232.0,7.936477332643054,438.0,503.0,408.0,0.8816144184343438,0.6226680278778076
233.0,7.928540855310412,438.0,507.0,439.0,0.8815032304062641,0.6249537467956543
234.0,7.920612314455101,438.0,515.0,429.0,0.8813919451228037,0.6272587776184082
235.0,7.912691702140646,438.0,497.0,438.0,0.8812805625129636,0.6296980381011963
236.0,7.904779010438505,438.0,503.0,424.0,0.8811690825057211,0.6321029663085938
237.0,7.896874231428066,438.0,559.0,439.0,0.8810575050300303,0.6344571113586426
238.0,7.888977357196638,438.0,474.0,439.0,0.880945830014822,0.6368250846862793
239.0,7.881088379839442,438.0,537.0,415.0,0.8808340573890038,0.6391820907592773
240.0,7.873207291459602,438.0,497.0,436.0,0.8807221870814601,0.6415438652038574
241.0,7.8653340841681425,438.0,513.0,423.0,0.8806102190210521,0.6438760757446289
242.0,7.857468750083974,438.0,564.0,440.0,0.8804981531366182,0.6463160514831543
243.0,7.849611281333891,438.0,498.0,437.0,0.8803859893569734,0.6486411094665527
244.0,7.8417616700525565,438.0,513.0,415.0,0.8802737276109104,0.6509919166564941
245.0,7.833919908382504,438.0,508.0,401.0,0.8801613678271982,0.6533160209655762
246.0,7.826085988474122,438.0,551.0,452.0,0.8800489099345837,0.6556310653686523
247.0,7.818259902485648,438.0,525.0,386.0,0.8799363538617908,0.6579990386962891
248.0,7.810441642583163,438.0,502.0,418.0,0.8798236995375206,0.6603899002075195
249.0,7.80263120094058,438.0,530.0,451.0,0.8797109468904515,0.6626911163330078
250.0,7.794828569739639,438.0,554.0,414.0,0.8795980958492395,0.6650707721710205
251.0,7.7870337411699,438.0,525.0,435.0,0.8794851463425183,0.6673798561096191
252.0,7.7792467074287295,438.0,516.0,434.0,0.8793720982988986,0.6697731018066406
253.0,7.771467460721301,438.0,514.0,443.0,0.8792589516469691,0.6720869541168213
254.0,7.763695993260579,438.0,541.0,424.0,0.879145706315296,0.6744959354400635
255.0,7.755932297267318,438.0,456.0,432.0,0.8790323622324234,0.6767637729644775
256.0,7.748176364970051,438.0,563.0,433.0,0.8789189193268729,0.6792020797729492
257.0,7.7404281886050805,438.0,532.0,419.0,0.8788053775271443,0.6814441680908203
258.0,7.732687760416476,438.0,526.0,418.0,0.878691736761715,0.6836998462677002
259.0,7.724955072656059,438.0,479.0,391.0,0.8785779969590405,0.6859569549560547
260.0,7.717230117583403,438.0,549.0,423.0,0.8784641580475543,0.6882109642028809
261.0,7.70951288746582,438.0,483.0,433.0,0.8783502199556681,0.6905741691589355
262.0,7.701803374578354,438.0,511.0,455.0,0.8782361826117716,0.692878007888794
263.0,7.694101571203776,438.0,512.0,422.0,0.8781220459442328,0.6951999664306641
264.0,7.686407469632572,438.0,554.0,415.0,0.8780078098813981,0.6975188255310059
265.0,7.678721062162939,438.0,566.0,461.0,0.877893474351592,0.6998589038848877
266.0,7.671042341100776,438.0,543.0,422.0,0.8777790392831175,0.7021489143371582
267.0,7.663371298759675,438.0,517.0,415.0,0.8776645046042563,0.7044439315795898
268.0,7.655707927460916,438.0,565.0,405.0,0.8775498702432681,0.7067830562591553
269.0,7.648052219533454,438.0,513.0,452.0,0.8774351361283919,0.7091100215911865
270.0,7.640404167313921,438.0,569.0,430.0,0.8773203021878447,0.7114298343658447
271.0,7.632763763146607,438.0,489.0,434.0,0.8772053683498227,0.7137091159820557
272.0,7.62513099938346,438.0,493.0,392.0,0.8770903345425005,0.7159550189971924
273.0,7.617505868384076,438.0,519.0,390.0,0.876975200694032,0.7181918621063232
274.0,7.609888362515692,438.0,549.0,394.0,0.8768599667325496,0.7204279899597168
275.0,7.602278474153176,438.0,508.0,418.0,0.876744632586165,0.7227349281311035
276.0,7.594676195679023,438.0,558.0,418.0,0.8766291981829686,0.7249829769134521
277.0,7.587081519483344,438.0,492.0,414.0,0.8765136634510302,0.727301836013794
278.0,7.57949443796386,438.0,539.0,404.0,0.8763980283183987,0.7296319007873535
279.0,7.571914943525896,438.0,489.0,413.0,0.8762822927131023,0.7319469451904297
280.0,7.56434302858237,438.0,549.0,395.0,0.8761664565631484,0.7342019081115723
281.0,7.5567786855537875,438.0,545.0,399.0,0.8760505197965237,0.7364699840545654
282.0,7.549221906868234,438.0,518.0,412.0,0.8759344823411945,0.7387120723724365
283.0,7.541672684961366,438.0,561.0,402.0,0.8758183441251067,0.7409319877624512
284.0,7.534131012276404,438.0,487.0,394.0,0.8757021050761855,0.7430930137634277
285.0,7.526596881264128,438.0,491.0,386.0,0.8755857651223358,0.7452659606933594
286.0,7.519070284382864,438.0,472.0,403.0,0.8754693241914424,0.7474429607391357
287.0,7.511551214098481,438.0,502.0,405.0,0.8753527822113697,0.7496728897094727
288.0,7.504039662884383,438.0,512.0,408.0,0.875236139109962,0.7518689632415771
289.0,7.496535623221498,438.0,502.0,404.0,0.8751193948150435,0.7540521621704102
290.0,7.489039087598276,438.0,521.0,401.0,0.8750025492544182,0.7562739849090576
291.0,7.481550048510678,438.0,510.0,402.0,0.8748856023558705,0.7584969997406006
292.0,7.474068498462167,434.0,467.0,370.0,0.8747685540471647,0.7608258724212646
293.0,7.466594429963704,434.0,511.0,390.0,0.8746514042560453,0.763110876083374
294.0,7.4591278355337405,434.0,527.0,444.0,0.8745341529102368,0.7653241157531738
295.0,7.451668707698206,434.0,459.0,395.0,0.8744167999374446,0.7675168514251709
296.0,7.444217038990508,434.0,524.0,369.0,0.8742993452653539,0.769881010055542
297.0,7.436772821951517,434.0,555.0,403.0,0.8741817888216307,0.772047758102417
298.0,7.4293360491295655,434.0,513.0,414.0,0.8740641305339213,0.7743008136749268
299.0,7.4219067130804355,434.0,498.0,438.0,0.8739463703298528,0.776486873626709
300.0,7.414484806367355,434.0,483.0,384.0,0.8738285081370328,0.778681755065918
301.0,7.407070321560988,434.0,523.0,386.0,0.8737105438830498,0.7808818817138672
302.0,7.399663251239427,434.0,503.0,400.0,0.8735924774954729,0.7830541133880615
303.0,7.392263587988188,434.0,532.0,422.0,0.8734743089018521,0.7852201461791992
304.0,7.3848713244001996,434.0,529.0,403.0,0.8733560380297185,0.7873659133911133
305.0,7.377486453075799,434.0,527.0,411.0,0.8732376648065842,0.7895948886871338
306.0,7.370108966622723,434.0,468.0,366.0,0.873119189159942,0.7917649745941162
307.0,7.3627388576561,434.0,506.0,417.0,0.8730006110172663,0.7939398288726807
308.0,7.355376118798444,434.0,522.0,393.0,0.8728819303060127,0.7961831092834473
309.0,7.348020742679645,434.0,456.0,343.0,0.8727631469536178,0.7983379364013672
310.0,7.340672721936965,434.0,475.0,383.0,0.8726442608874998,0.8005077838897705
311.0,7.333332049215028,434.0,497.0,343.0,0.8725252720350581,0.802757978439331
312.0,7.325998717165813,434.0,481.0,389.0,0.8724061803236741,0.8049218654632568
313.0,7.3186727184486475,434.0,561.0,404.0,0.8722869856807103,0.8070127964019775
314.0,7.311354045730199,434.0,476.0,391.0,0.8721676880335109,0.8091409206390381
315.0,7.304042691684469,434.0,504.0,438.0,0.872048287309402,0.8112819194793701
316.0,7.296738648992784,434.0,582.0,405.0,0.8719287834356915,0.8134877681732178
317.0,7.2894419103437915,434.0,502.0,397.0,0.871809176339669,0.815701961517334
318.0,7.2821524684334475,434.0,534.0,372.0,0.8716894659486064,0.8179340362548828
319.0,7.274870315965014,434.0,535.0,387.0,0.8715696521897571,0.8201920986175537
320.0,7.267595445649049,434.0,516.0,381.0,0.871449734990357,0.8223438262939453
321.0,7.2603278502034,434.0,486.0,397.0,0.8713297142776241,0.8245351314544678
322.0,7.253067522353197,434.0,528.0,360.0,0.8712095899787584,0.8267619609832764
323.0,7.245814454830843,434.0,553.0,407.0,0.8710893620209426,0.8289139270782471
324.0,7.2385686403760126,434.0,504.0,376.0,0.8709690303313413,0.8311049938201904
325.0,7.231330071735637,434.0,501.0,374.0,0.8708485948371021,0.8332657814025879
326.0,7.2240987416639015,434.0,548.0,400.0,0.8707280554653548,0.8354051113128662
327.0,7.216874642922238,434.0,513.0,430.0,0.8706074121432119,0.8375790119171143
328.0,7.209657768279316,434.0,484.0,335.0,0.8704866647977685,0.8397598266601562
329.0,7.202448110511036,434.0,506.0,364.0,0.8703658133561026,0.8418669700622559
330.0,7.195245662400525,434.0,498.0,398.0,0.8702448577452752,0.8439831733703613
331.0,7.1880504167381245,434.0,515.0,377.0,0.8701237978923296,0.8461208343505859
332.0,7.180862366321386,434.0,559.0,364.0,0.8700026337242928,0.8482937812805176
333.0,7.1736815039550645,434.0,470.0,359.0,0.8698813651681745,0.8504340648651123
334.0,7.166507822451109,434.0,512.0,393.0,0.8697599921509674,0.8526010513305664
335.0,7.159341314628658,434.0,507.0,377.0,0.869638514599648,0.8548018932342529
336.0,7.152181973314029,434.0,487.0,403.0,0.8695169324411754,0.8569421768188477
337.0,7.145029791340715,426.0,508.0,355.0,0.8693952456024927,0.8590898513793945
338.0,7.137884761549374,426.0,528.0,385.0,0.8692734540105259,0.8611741065979004
339.0,7.130746876787825,426.0,508.0,389.0,0.8691515575921849,0.8633358478546143
340.0,7.123616129911037,426.0,522.0,372.0,0.8690295562743631,0.8654499053955078
341.0,7.116492513781126,426.0,523.0,397.0,0.8689074499839374,0.8674988746643066
342.0,7.109376021267345,426.0,500.0,368.0,0.868785238647769,0.8695318698883057
343.0,7.102266645246078,426.0,541.0,376.0,0.8686629221927022,0.8715808391571045
344.0,7.095164378600832,426.0,548.0,394.0,0.8685405005455659,0.8737070560455322
345.0,7.088069214222231,426.0,547.0,383.0,0.8684179736331726,0.875777006149292
346.0,7.080981145008009,426.0,530.0,379.0,0.868295341382319,0.8778648376464844
347.0,7.073900163863001,426.0,571.0,362.0,0.8681726037197859,0.8800468444824219
348.0,7.066826263699138,426.0,501.0,337.0,0.8680497605723383,0.8822290897369385
349.0,7.059759437435439,422.0,497.0,367.0,0.8679268118667258,0.8842968940734863
350.0,7.052699677998003,422.0,519.0,402.0,0.8678037575296822,0.8864991664886475
351.0,7.045646978320005,422.0,526.0,383.0,0.8676805974879256,0.8886170387268066
352.0,7.038601331341685,422.0,537.0,355.0,0.8675573316681588,0.8907241821289062
353.0,7.031562730010343,422.0,520.0,337.0,0.8674339599970696,0.8928477764129639
354.0,7.024531167280332,422.0,454.0,340.0,0.8673104824013299,0.8950541019439697
355.0,7.017506636113052,422.0,518.0,369.0,0.8671868988075968,0.8971190452575684
356.0,7.010489129476939,422.0,491.0,342.0,0.8670632091425121,0.8991460800170898
357.0,7.0034786403474625,422.0,532.0,361.0,0.8669394133327027,0.9012160301208496
358.0,6.996475161707115,422.0,519.0,404.0,0.8668155113047805,0.9032838344573975
359.0,6.989478686545407,422.0,500.0,358.0,0.8666915029853425,0.9053378105163574
360.0,6.982489207858862,422.0,516.0,333.0,0.8665673883009708,0.9074878692626953
361.0,6.975506718651003,422.0,538.0,352.0,0.866443167178233,0.9096279144287109
362.0,6.968531211932352,422.0,497.0,357.0,0.866318839543682,0.9116988182067871
363.0,6.961562680720419,422.0,525.0,356.0,0.8661944053238562,0.9137499332427979
364.0,6.954601118039699,422.0,545.0,358.0,0.8660698644452793,0.9158589839935303
365.0,6.947646516921659,422.0,525.0,329.0,0.865945216834461,0.9179120063781738
366.0,6.940698870404737,422.0,476.0,364.0,0.8658204624178963,0.9200539588928223
367.0,6.933758171534333,422.0,502.0,348.0,0.8656956011220663,0.9221019744873047
368.0,6.926824413362798,422.0,545.0,341.0,0.8655706328734379,0.9241547584533691
369.0,6.919897588949436,422.0,529.0,362.0,0.865445557598464,0.9261550903320312
370.0,6.912977691360486,422.0,510.0,329.0,0.8653203752235832,0.9281589984893799
371.0,6.906064713669125,422.0,508.0,344.0,0.8651950856752207,0.9302358627319336
372.0,6.899158648955456,422.0,496.0,365.0,0.8650696888797877,0.9323339462280273
373.0,6.892259490306501,422.0,528.0,364.0,0.8649441847636817,0.9343709945678711
374.0,6.885367230816195,422.0,518.0,329.0,0.8648185732532866,0.9364171028137207
375.0,6.878481863585379,422.0,513.0,377.0,0.8646928542749727,0.938413143157959
376.0,6.871603381721794,422.0,523.0,366.0,0.8645670277550969,0.9404339790344238
377.0,6.864731778340072,422.0,547.0,354.0,0.8644410936200027,0.9425299167633057
378.0,6.857867046561732,422.0,523.0,360.0,0.8643150517960204,0.9445638656616211
379.0,6.85100917951517,422.0,517.0,342.0,0.8641889022094671,0.9466118812561035
380.0,6.844158170335655,422.0,526.0,339.0,0.8640626447866468,0.9486329555511475
381.0,6.8373140121653195,422.0,509.0,369.0,0.8639362794538505,0.9505999088287354
382.0,6.830476698153154,422.0,535.0,316.0,0.8638098061373563,0.9528169631958008
383.0,6.823646221455001,422.0,515.0,321.0,0.8636832247634291,0.954827070236206
384.0,6.816822575233546,422.0,481.0,339.0,0.8635565352583215,0.9568140506744385
385.0,6.810005752658313,422.0,560.0,329.0,0.8634297375482735,0.9588289260864258
386.0,6.803195746905654,422.0,496.0,362.0,0.8633028315595119,0.9607739448547363
387.0,6.796392551158749,422.0,501.0,330.0,0.8631758172182517,0.9628980159759521
388.0,6.78959615860759,422.0,532.0,353.0,0.863048694450695,0.9648780822753906
389.0,6.782806562448982,422.0,522.0,340.0,0.862921463183032,0.9668600559234619
390.0,6.776023755886533,422.0,570.0,328.0,0.8627941233414402,0.9688088893890381
391.0,6.769247732130647,422.0,527.0,353.0,0.8626666748520856,0.9707708358764648
392.0,6.762478484398516,422.0,528.0,354.0,0.8625391176411215,0.9728047847747803
393.0,6.755716005914117,422.0,489.0,332.0,0.8624114516346896,0.9748449325561523
394.0,6.748960289908203,422.0,496.0,309.0,0.8622836767589196,0.9769139289855957
395.0,6.742211329618295,422.0,499.0,327.0,0.8621557929399297,0.9789860248565674
396.0,6.735469118288676,422.0,510.0,345.0,0.862027800103826,0.9810490608215332
397.0,6.728733649170387,422.0,502.0,364.0,0.8618996981767034,0.9830567836761475
398.0,6.722004915521216,422.0,496.0,352.0,0.8617714870846449,0.9851248264312744
399.0,6.715282910605695,422.0,539.0,319.0,0.8616431667537224,0.9871618747711182
400.0,6.708567627695089,422.0,473.0,310.0,0.8615147371099965,0.9891760349273682
401.0,6.701859060067394,422.0,552.0,343.0,0.8613861980795162,0.991178035736084
402.0,6.695157201007327,422.0,506.0,342.0,0.8612575495883198,0.9931859970092773
403.0,6.68846204380632,422.0,560.0,336.0,0.8611287915624342,0.9951229095458984
404.0,6.6817735817625135,422.0,477.0,330.0,0.8609999239278756,0.9970369338989258
405.0,6.675091808180751,422.0,502.0,329.0,0.8608709466106492,0.9989371299743652
406.0,6.66841671637257,422.0,528.0,307.0,0.8607418595367494,1.0008330345153809
407.0,6.661748299656197,422.0,532.0,335.0,0.8606126626321602,1.002795934677124
408.0,6.655086551356541,422.0,505.0,331.0,0.8604833558228546,1.0047879219055176
409.0,6.648431464805184,422.0,474.0,332.0,0.8603539390347954,1.0068590641021729
410.0,6.641783033340379,422.0,531.0,335.0,0.860224412193935,1.0089218616485596
411.0,6.635141250307038,422.0,474.0,322.0,0.8600947752262152,1.0109879970550537
412.0,6.628506109056731,422.0,525.0,344.0,0.859965028057568,1.0130729675292969
413.0,6.6218776029476745,422.0,519.0,346.0,0.8598351706139151,1.0151770114898682
414.0,6.615255725344727,422.0,510.0,323.0,0.859705202821168,1.0171520709991455
415.0,6.608640469619382,422.0,542.0,331.0,0.8595751246052287,1.0191240310668945
416.0,6.602031829149762,422.0,528.0,325.0,0.8594449358919888,1.0211148262023926
417.0,6.595429797320612,422.0,495.0,347.0,0.8593146366073308,1.023103952407837
418.0,6.588834367523292,422.0,518.0,352.0,0.859184226677127,1.0251579284667969
419.0,6.582245533155769,422.0,524.0,351.0,0.8590537060272405,1.0272479057312012
420.0,6.575663287622613,422.0,494.0,352.0,0.8589230745835249,1.0293560028076172
421.0,6.5690876243349905,422.0,511.0,344.0,0.8587923322718244,1.0313899517059326
422.0,6.562518536710655,422.0,547.0,339.0,0.8586614790179738,1.0333268642425537
423.0,6.555956018173944,422.0,541.0,342.0,0.858530514747799,1.035247802734375
424.0,6.549400062155771,422.0,473.0,336.0,0.8583994393871167,1.0371830463409424
425.0,6.542850662093615,422.0,518.0,332.0,0.8582682528617347,1.0391528606414795
426.0,6.536307811431522,422.0,519.0,349.0,0.8581369550974518,1.0411498546600342
427.0,6.529771503620091,422.0,483.0,292.0,0.8580055460200582,1.043133020401001
428.0,6.523241732116471,422.0,533.0,315.0,0.8578740255553353,1.045210838317871
429.0,6.5167184903843545,422.0,492.0,336.0,0.8577423936290561,1.04709792137146
430.0,6.51020177189397,422.0,516.0,316.0,0.8576106501669849,1.049103021621704
431.0,6.5036915701220765,422.0,504.0,311.0,0.8574787950948777,1.0511159896850586
432.0,6.497187878551954,422.0,456.0,302.0,0.8573468283384823,1.0530669689178467
433.0,6.490690690673402,422.0,508.0,305.0,0.8572147498235382,1.0549860000610352
434.0,6.484199999982729,422.0,550.0,291.0,0.857082559475777,1.057034969329834
435.0,6.477715799982746,422.0,511.0,326.0,0.8569502572209222,1.0590310096740723
436.0,6.471238084182763,422.0,489.0,279.0,0.8568178429846894,1.0610229969024658
437.0,6.46476684609858,422.0,505.0,308.0,0.8566853166927865,1.0629968643188477
438.0,6.458302079252481,422.0,499.0,275.0,0.8565526782709136,1.064978837966919
439.0,6.451843777173228,422.0,510.0,309.0,0.8564199276447634,1.0668668746948242
440.0,6.4453919333960545,422.0,500.0,299.0,0.8562870647400209,1.068727970123291
441.0,6.438946541462658,422.0,503.0,300.0,0.8561540894823639,1.0706958770751953
442.0,6.432507594921196,422.0,478.0,318.0,0.8560210017974631,1.0726399421691895
443.0,6.426075087326275,422.0,497.0,313.0,0.8558878016109814,1.0745768547058105
444.0,6.419649012238949,422.0,487.0,320.0,0.8557544888485753,1.0765130519866943
445.0,6.41322936322671,422.0,489.0,288.0,0.855621063435894,1.0784540176391602
446.0,6.406816133863484,422.0,514.0,292.0,0.8554875252985799,1.0803687572479248
447.0,6.40040931772962,422.0,493.0,343.0,0.8553538743622685,1.0823638439178467
448.0,6.394008908411891,422.0,481.0,299.0,0.855220110552589,1.0842599868774414
449.0,6.387614899503479,422.0,542.0,290.0,0.8550862337951637,1.0861139297485352
450.0,6.381227284603975,422.0,490.0,315.0,0.8549522440156084,1.0879969596862793
451.0,6.374846057319371,422.0,480.0,281.0,0.854818141139533,1.0898759365081787
452.0,6.368471211262052,422.0,515.0,310.0,0.8546839250925408,1.091784954071045
453.0,6.36210274005079,422.0,538.0,303.0,0.8545495958002288,1.093695878982544
454.0,6.355740637310739,422.0,523.0,309.0,0.8544151531881884,1.095587968826294
455.0,6.3493848966734285,422.0,503.0,296.0,0.8542805971820048,1.0975069999694824
456.0,6.343035511776755,422.0,488.0,273.0,0.8541459277072573,1.0994389057159424
457.0,6.336692476264978,422.0,510.0,292.0,0.8540111446895198,1.1013288497924805
458.0,6.330355783788713,422.0,481.0,258.0,0.8538762480543601,1.1032588481903076
459.0,6.324025428004925,422.0,515.0,321.0,0.8537412377273411,1.1050901412963867
460.0,6.31770140257692,422.0,507.0,288.0,0.8536061136340197,1.1069200038909912
461.0,6.311383701174343,422.0,540.0,325.0,0.853470875699948,1.1088240146636963
462.0,6.305072317473169,422.0,471.0,285.0,0.8533355238506724,1.1106748580932617
463.0,6.2987672451556955,422.0,495.0,272.0,0.8532000580117345,1.112558126449585
464.0,6.29246847791054,422.0,506.0,311.0,0.8530644781086711,1.1144208908081055
465.0,6.286176009432629,422.0,553.0,338.0,0.8529287840670139,1.1163039207458496
466.0,6.279889833423196,422.0,495.0,310.0,0.8527929758122896,1.118180751800537
467.0,6.273609943589773,422.0,531.0,289.0,0.8526570532700208,1.12005615234375
468.0,6.267336333646183,422.0,504.0,278.0,0.8525210163657251,1.1219918727874756
469.0,6.261068997312536,422.0,515.0,276.0,0.8523848650249158,1.1238551139831543
470.0,6.254807928315224,422.0,488.0,275.0,0.8522485991731021,1.1256849765777588
471.0,6.248553120386909,422.0,521.0,292.0,0.8521122187357885,1.1275079250335693
472.0,6.242304567266522,422.0,505.0,281.0,0.8519757236384757,1.1293377876281738
473.0,6.236062262699255,422.0,498.0,325.0,0.8518391138066604,1.1311938762664795
474.0,6.229826200436555,422.0,555.0,290.0,0.8517023891658354,1.1330387592315674
475.0,6.223596374236119,422.0,526.0,292.0,0.8515655496414894,1.1348669528961182
476.0,6.217372777861883,422.0,486.0,313.0,0.851428595159108,1.13673996925354
477.0,6.21115540508402,422.0,523.0,325.0,0.8512915256441727,1.1385648250579834
478.0,6.204944249678936,422.0,535.0,273.0,0.8511543410221618,1.1403729915618896
479.0,6.198739305429258,422.0,496.0,306.0,0.8510170412185503,1.1422200202941895
480.0,6.192540566123828,422.0,529.0,304.0,0.8508796261588097,1.1440489292144775
481.0,6.186348025557704,422.0,467.0,282.0,0.8507420957684088,1.1458899974822998
482.0,6.180161677532147,422.0,539.0,286.0,0.850604449972813,1.14780592918396
483.0,6.1739815158546145,422.0,445.0,266.0,0.850466688697485,1.1496031284332275
484.0,6.16780753433876,422.0,472.0,271.0,0.8503288118678847,1.1513819694519043
485.0,6.161639726804421,422.0,499.0,292.0,0.8501908194094692,1.1531457901000977
486.0,6.155478087077617,422.0,500.0,310.0,0.8500527112476931,1.1548998355865479
487.0,6.149322608990539,422.0,472.0,267.0,0.8499144873080088,1.1567070484161377
488.0,6.143173286381548,422.0,546.0,258.0,0.8497761475158659,1.1585211753845215
489.0,6.137030113095166,422.0,543.0,313.0,0.8496376917967122,1.1603519916534424
490.0,6.130893082982071,422.0,513.0,284.0,0.8494991200759933,1.1622939109802246
491.0,6.124762189899089,422.0,507.0,284.0,0.8493604322791526,1.1641559600830078
492.0,6.1186374277091895,422.0,505.0,270.0,0.8492216283316317,1.1660170555114746
493.0,6.11251879028148,422.0,500.0,272.0,0.8490827081588705,1.1678259372711182
494.0,6.106406271491198,422.0,496.0,259.0,0.8489436716863075,1.1696629524230957
495.0,6.100299865219707,422.0,516.0,272.0,0.8488045188393791,1.1715309619903564
496.0,6.094199565354487,422.0,487.0,281.0,0.8486652495435208,1.173464059829712
497.0,6.088105365789133,422.0,496.0,282.0,0.8485258637241665,1.175278902053833
498.0,6.082017260423344,422.0,466.0,281.0,0.8483863613067489,1.1771221160888672
499.0,6.07593524316292,422.0,478.0,280.0,0.8482467422167,1.1789369583129883
500.0,6.069859307919757,422.0,548.0,288.0,0.8481070063794504,1.180755853652954
501.0,6.063789448611837,422.0,449.0,283.0,0.8479671537204301,1.1826000213623047
502.0,6.057725659163226,422.0,538.0,262.0,0.8478271841650682,1.1843960285186768
503.0,6.051667933504063,422.0,513.0,289.0,0.8476870976387935,1.186222791671753
504.0,6.045616265570558,422.0,488.0,275.0,0.847546894067034,1.1880099773406982
505.0,6.039570649304988,422.0,527.0,269.0,0.8474065733752174,1.1898119449615479
506.0,6.033531078655683,422.0,489.0,302.0,0.8472661354887715,1.1915860176086426
507.0,6.027497547577027,422.0,532.0,280.0,0.8471255803331235,1.1933748722076416
508.0,6.02147005002945,422.0,515.0,284.0,0.8469849078337007,1.1951391696929932
509.0,6.01544857997942,422.0,492.0,274.0,0.8468441179159308,1.1969358921051025
510.0,6.009433131399441,422.0,494.0,274.0,0.8467032105052414,1.1988208293914795
511.0,6.003423698268041,422.0,497.0,290.0,0.8465621855270606,1.200624942779541
512.0,5.997420274569773,422.0,519.0,295.0,0.8464210429068169,1.2025039196014404
513.0,5.9914228542952035,422.0,504.0,251.0,0.8462797825699393,1.2043509483337402
514.0,5.985431431440908,422.0,475.0,273.0,0.8461384044418577,1.2061779499053955
515.0,5.979446000009467,422.0,506.0,265.0,0.8459969084480029,1.208000898361206
516.0,5.973466554009458,422.0,482.0,289.0,0.8458552945138063,1.2098779678344727
517.0,5.967493087455448,422.0,528.0,250.0,0.8457135625647005,1.2116940021514893
518.0,5.961525594367993,422.0,480.0,229.0,0.8455717125261195,1.2135350704193115
519.0,5.955564068773625,422.0,506.0,256.0,0.8454297443234985,1.2156429290771484
520.0,5.949608504704851,422.0,508.0,287.0,0.8452876578822739,1.217432975769043
521.0,5.943658896200146,422.0,481.0,267.0,0.845145453127884,1.219264030456543
522.0,5.937715237303946,422.0,500.0,274.0,0.8450031299857688,1.221101999282837
523.0,5.931777522066642,422.0,508.0,265.0,0.8448606883813695,1.222841739654541
524.0,5.925845744544575,422.0,480.0,246.0,0.8447181282401299,1.2245609760284424
525.0,5.91991989880003,422.0,498.0,241.0,0.8445754494874957,1.2263009548187256
526.0,5.91399997890123,422.0,491.0,265.0,0.8444326520489146,1.2280330657958984
527.0,5.908085978922329,422.0,469.0,245.0,0.8442897358498366,1.229783058166504
528.0,5.902177892943406,422.0,513.0,259.0,0.8441467008157142,1.2316768169403076
529.0,5.8962757150504626,422.0,509.0,266.0,0.8440035468720025,1.2333900928497314
530.0,5.890379439335412,422.0,526.0,271.0,0.8438602739441593,1.2350859642028809
531.0,5.884489059896077,422.0,502.0,269.0,0.843716881957645,1.2368049621582031
532.0,5.878604570836181,422.0,496.0,287.0,0.843573370837923,1.23848295211792
533.0,5.872725966265345,422.0,461.0,253.0,0.8434297405104599,1.2401940822601318
534.0,5.86685324029908,422.0,492.0,256.0,0.8432859909007252,1.2420201301574707
535.0,5.860986387058781,422.0,514.0,259.0,0.8431421219341919,1.2438228130340576
536.0,5.855125400671723,422.0,515.0,285.0,0.8429981335363365,1.2455768585205078
537.0,5.849270275271051,422.0,474.0,259.0,0.8428540256326386,1.2473080158233643
538.0,5.84342100499578,422.0,534.0,271.0,0.842709798148582,1.2490770816802979
539.0,5.837577583990784,422.0,488.0,241.0,0.8425654510096542,1.250823974609375
540.0,5.831740006406793,422.0,459.0,237.0,0.8424209841413463,1.2525618076324463
541.0,5.825908266400386,422.0,474.0,235.0,0.8422763974691538,1.254338026046753
542.0,5.820082358133986,421.0,445.0,228.0,0.8421316909185765,1.2560439109802246
543.0,5.814262275775852,421.0,487.0,244.0,0.841986864415118,1.2577359676361084
544.0,5.808448013500076,421.0,502.0,243.0,0.8418419178842869,1.259423017501831
545.0,5.802639565486576,421.0,488.0,269.0,0.8416968512515959,1.2610909938812256
546.0,5.796836925921089,421.0,465.0,274.0,0.8415516644425627,1.2628090381622314
547.0,5.791040088995168,421.0,492.0,264.0,0.8414063573827099,1.2646310329437256
548.0,5.785249048906173,421.0,510.0,257.0,0.8412609299975649,1.2663171291351318
549.0,5.779463799857266,421.0,468.0,253.0,0.84111538221266,1.268009901046753
550.0,5.773684336057409,421.0,485.0,252.0,0.8409697139535334,1.269629955291748
551.0,5.767910651721351,421.0,520.0,245.0,0.8408239251457278,1.2712781429290771
552.0,5.7621427410696295,421.0,502.0,273.0,0.8406780157147921,1.2729301452636719
553.0,5.75638059832856,421.0,535.0,259.0,0.8405319855862803,1.2746407985687256
554.0,5.750624217730231,421.0,453.0,230.0,0.8403858346857526,1.276365041732788
555.0,5.7448735935125015,421.0,497.0,251.0,0.8402395629387746,1.2781918048858643
556.0,5.739128719918989,421.0,504.0,222.0,0.8400931702709183,1.279891014099121
557.0,5.73338959119907,421.0,470.0,218.0,0.8399466566077619,1.2815558910369873
558.0,5.7276562016078705,421.0,479.0,270.0,0.8398000218748894,1.2832200527191162
559.0,5.7219285454062625,421.0,524.0,255.0,0.8396532659978918,1.2849547863006592
560.0,5.716206616860856,421.0,545.0,245.0,0.8395063889023662,1.2866499423980713
561.0,5.710490410243995,421.0,498.0,263.0,0.8393593905139165,1.2883410453796387
562.0,5.704779919833752,421.0,486.0,216.0,0.8392122707581536,1.290043830871582
563.0,5.699075139913918,421.0,457.0,251.0,0.8390650295606952,1.291822910308838
564.0,5.693376064774005,421.0,491.0,265.0,0.8389176668471661,1.2935259342193604
565.0,5.687682688709231,421.0,499.0,235.0,0.8387701825431982,1.2952897548675537
566.0,5.6819950060205215,421.0,459.0,250.0,0.8386225765744311,1.2969629764556885
567.0,5.676313011014501,421.0,505.0,245.0,0.8384748488665114,1.2987267971038818
568.0,5.670636698003486,421.0,485.0,229.0,0.8383269993450937,1.3004069328308105
569.0,5.664966061305483,421.0,491.0,247.0,0.8381790279358404,1.3021059036254883
570.0,5.659301095244178,421.0,491.0,243.0,0.8380309345644215,1.3037550449371338
571.0,5.653641794148934,421.0,497.0,231.0,0.8378827191565152,1.3053948879241943
572.0,5.647988152354785,421.0,482.0,216.0,0.8377343816378079,1.3070447444915771
573.0,5.642340164202429,421.0,485.0,234.0,0.8375859219339943,1.3086879253387451
574.0,5.636697824038227,421.0,495.0,233.0,0.8374373399707774,1.3104100227355957
575.0,5.631061126214188,421.0,464.0,244.0,0.837288635673869,1.3121659755706787
576.0,5.625430065087974,421.0,456.0,223.0,0.8371398089689897,1.3137929439544678
577.0,5.619804635022886,418.0,502.0,239.0,0.8369908597818684,1.3154408931732178
578.0,5.614184830387863,416.0,475.0,201.0,0.8368417880382437,1.3170371055603027
579.0,5.608570645557475,416.0,519.0,220.0,0.836692593663863,1.3186569213867188
580.0,5.602962074911918,416.0,502.0,255.0,0.8365432765844828,1.320295810699463
581.0,5.597359112837006,416.0,509.0,239.0,0.8363938367258695,1.3219249248504639
582.0,5.591761753724169,416.0,485.0,265.0,0.8362442740137986,1.3235440254211426
583.0,5.586169991970445,416.0,518.0,244.0,0.8360945883740557,1.325199842453003
584.0,5.5805838219784745,416.0,518.0,227.0,0.8359447797324359,1.3268940448760986
585.0,5.575003238156496,416.0,550.0,255.0,0.8357948480147444,1.3286168575286865
586.0,5.569428234918339,416.0,485.0,250.0,0.8356447931467965,1.3302929401397705
587.0,5.563858806683421,416.0,503.0,279.0,0.835494615054418,1.3319969177246094
588.0,5.558294947876738,416.0,477.0,279.0,0.8353443136634447,1.3336598873138428
589.0,5.5527366529288615,416.0,489.0,244.0,0.8351938888997233,1.3353290557861328
590.0,5.547183916275933,416.0,508.0,249.0,0.835043340689111,1.3370628356933594
591.0,5.541636732359657,416.0,495.0,245.0,0.8348926689574759,1.3386659622192383
592.0,5.536095095627298,416.0,521.0,263.0,0.834741873630697,1.3402810096740723
593.0,5.53055900053167,416.0,498.0,213.0,0.8345909546346645,1.3418769836425781
594.0,5.525028441531139,416.0,483.0,243.0,0.8344399118952799,1.3434839248657227
595.0,5.519503413089607,416.0,500.0,245.0,0.834288745338456,1.345067024230957
596.0,5.513983909676518,416.0,488.0,223.0,0.8341374548901171,1.3467090129852295
597.0,5.508469925766841,416.0,488.0,210.0,0.8339860404761996,1.3483808040618896
598.0,5.502961455841074,416.0,436.0,232.0,0.8338345020226512,1.3499729633331299
599.0,5.497458494385233,416.0,491.0,226.0,0.8336828394554319,1.3515467643737793
600.0,5.4919610358908475,416.0,528.0,246.0,0.8335310527005138,1.3531348705291748
601.0,5.4864690748549565,416.0,471.0,232.0,0.833379141683881,1.3546969890594482
602.0,5.480982605780102,416.0,473.0,231.0,0.8332271063315307,1.3562729358673096
603.0,5.475501623174321,416.0,520.0,257.0,0.8330749465694719,1.3579578399658203
604.0,5.470026121551147,416.0,540.0,228.0,0.8329226623237267,1.3595600128173828
605.0,5.464556095429596,416.0,467.0,219.0,0.8327702535203302,1.3612070083618164
606.0,5.459091539334167,416.0,486.0,215.0,0.8326177200853302,1.3628249168395996
607.0,5.453632447794832,416.0,475.0,224.0,0.8324650619447876,1.3644490242004395
608.0,5.448178815347037,416.0,478.0,236.0,0.8323122790247772,1.3661599159240723
609.0,5.4427306365316905,416.0,506.0,218.0,0.8321593712513866,1.3677680492401123
610.0,5.437287905895158,416.0,535.0,217.0,0.8320063385507173,1.3694100379943848
611.0,5.431850617989263,416.0,454.0,235.0,0.8318531808488845,1.3710248470306396
612.0,5.426418767371274,416.0,499.0,200.0,0.8316998980720174,1.3726887702941895
613.0,5.420992348603903,416.0,510.0,262.0,0.8315464901462591,1.374281883239746
614.0,5.415571356255299,416.0,490.0,232.0,0.831392956997767,1.3759009838104248
615.0,5.410155784899044,416.0,489.0,204.0,0.8312392985527128,1.3775417804718018
616.0,5.404745629114145,416.0,467.0,189.0,0.8310855147372829,1.3791921138763428
617.0,5.3993408834850305,416.0,480.0,226.0,0.8309316054776779,1.3809678554534912
618.0,5.393941542601546,416.0,466.0,234.0,0.8307775707001136,1.3826160430908203
619.0,5.388547601058944,416.0,433.0,216.0,0.8306234103308208,1.384253978729248
620.0,5.383159053457885,416.0,478.0,213.0,0.830469124296045,1.3858811855316162
621.0,5.377775894404428,416.0,478.0,226.0,0.8303147125220475,1.3875608444213867
622.0,5.372398118510024,416.0,478.0,219.0,0.8301601749351045,1.3891539573669434
623.0,5.3670257203915135,416.0,510.0,225.0,0.8300055114615081,1.390777826309204
624.0,5.361658694671122,416.0,472.0,230.0,0.829850722027566,1.3923308849334717
625.0,5.356297035976451,416.0,500.0,208.0,0.829695806559602,1.3939259052276611
626.0,5.350940738940475,416.0,488.0,218.0,0.8295407649839552,1.3955199718475342
627.0,5.345589798201535,416.0,464.0,189.0,0.8293855972269819,1.3971199989318848
628.0,5.340244208403333,416.0,513.0,226.0,0.829230303215054,1.3987979888916016
629.0,5.33490396419493,416.0,465.0,216.0,0.8290748828745602,1.4003510475158691
630.0,5.329569060230735,416.0,517.0,194.0,0.8289193361319057,1.4018909931182861
631.0,5.324239491170505,416.0,483.0,212.0,0.8287636629135127,1.4034299850463867
632.0,5.318915251679334,416.0,489.0,197.0,0.8286078631458199,1.4049370288848877
633.0,5.313596336427654,416.0,487.0,252.0,0.8284519367552838,1.4064738750457764
634.0,5.308282740091227,416.0,477.0,227.0,0.8282958836683776,1.4081149101257324
635.0,5.3029744573511355,416.0,480.0,194.0,0.8281397038115922,1.4096958637237549
636.0,5.297671482893785,416.0,478.0,236.0,0.827983397111436,1.4113447666168213
637.0,5.292373811410891,416.0,507.0,226.0,0.8278269634944352,1.412923812866211
638.0,5.28708143759948,416.0,529.0,184.0,0.8276704028871337,1.4144630432128906
639.0,5.28179435616188,416.0,494.0,214.0,0.8275137152160936,1.415963888168335
640.0,5.276512561805718,416.0,486.0,243.0,0.8273569004078953,1.4174761772155762
641.0,5.271236049243912,416.0,498.0,189.0,0.8271999583891374,1.4191207885742188
642.0,5.265964813194668,416.0,448.0,225.0,0.8270428890864373,1.420752763748169
643.0,5.260698848381474,416.0,474.0,219.0,0.8268856924264306,1.4222979545593262
644.0,5.255438149533092,416.0,466.0,206.0,0.8267283683357723,1.4238379001617432
645.0,5.25018271138356,412.0,465.0,156.0,0.826570916741136,1.4253461360931396
646.0,5.244932528672176,412.0,499.0,211.0,0.8264133375692146,1.4269068241119385
647.0,5.239687596143503,412.0,495.0,160.0,0.8262556307467205,1.4284207820892334
648.0,5.23444790854736,412.0,488.0,210.0,0.8260977962003853,1.4299089908599854
649.0,5.229213460638813,412.0,427.0,209.0,0.8259398338569605,1.431494951248169
650.0,5.2239842471781746,412.0,506.0,185.0,0.8257817436432171,1.4330098628997803
651.0,5.218760262930997,412.0,472.0,210.0,0.8256235254859465,1.4345309734344482
652.0,5.213541502668066,412.0,508.0,232.0,0.8254651793119598,1.4360377788543701
653.0,5.208327961165398,412.0,452.0,212.0,0.8253067050480889,1.4375700950622559
654.0,5.203119633204232,412.0,488.0,222.0,0.8251481026211855,1.4390678405761719
655.0,5.197916513571028,412.0,503.0,198.0,0.8249893719581226,1.440629005432129
656.0,5.192718597057457,412.0,479.0,226.0,0.8248305129857936,1.4421749114990234
657.0,5.1875258784603995,412.0,496.0,199.0,0.8246715256311128,1.4437198638916016
658.0,5.182338352581939,412.0,484.0,198.0,0.8245124098210159,1.4452569484710693
659.0,5.177156014229357,412.0,456.0,184.0,0.8243531654824596,1.4468169212341309
660.0,5.171978858215128,412.0,470.0,176.0,0.8241937925424223,1.4483840465545654
661.0,5.166806879356913,412.0,489.0,216.0,0.8240342909279038,1.449927806854248
662.0,5.161640072477556,412.0,490.0,176.0,0.8238746605659258,1.4514570236206055
663.0,5.156478432405078,412.0,503.0,201.0,0.8237149013835319,1.4530110359191895
664.0,5.151321953972673,412.0,484.0,234.0,0.8235550133077878,1.4546051025390625
665.0,5.1461706320187,412.0,487.0,213.0,0.8233949962657814,1.4561431407928467
666.0,5.141024461386682,395.0,492.0,166.0,0.8232348501846233,1.4576969146728516
667.0,5.135883436925295,395.0,500.0,190.0,0.8230745749914463,1.4592478275299072
668.0,5.130747553488369,395.0,456.0,198.0,0.8229141706134064,1.4608030319213867
669.0,5.125616805934881,395.0,464.0,204.0,0.8227536369776822,1.4623138904571533
670.0,5.120491189128946,395.0,522.0,206.0,0.8225929740114757,1.4638309478759766
671.0,5.115370697939817,395.0,473.0,201.0,0.8224321816420119,1.4653029441833496
672.0,5.110255327241877,395.0,450.0,200.0,0.8222712597965395,1.46681809425354
673.0,5.1051450719146345,395.0,441.0,197.0,0.8221102084023306,1.4683349132537842
674.0,5.10003992684272,395.0,491.0,200.0,0.8219490273866812,1.469904899597168
675.0,5.094939886915877,395.0,457.0,207.0,0.8217877166769113,1.4714381694793701
676.0,5.089844947028961,395.0,508.0,188.0,0.821626276200365,1.4729478359222412
677.0,5.084755102081933,395.0,504.0,217.0,0.8214647058844106,1.4744420051574707
678.0,5.07967034697985,395.0,481.0,199.0,0.8213030056564408,1.4759209156036377
679.0,5.07459067663287,395.0,483.0,187.0,0.8211411754438732,1.477410078048706
680.0,5.069516085956238,395.0,472.0,193.0,0.8209792151741502,1.4788908958435059
681.0,5.064446569870282,395.0,484.0,211.0,0.820817124774739,1.4804511070251465
682.0,5.059382123300412,395.0,485.0,205.0,0.8206549041731319,1.4819769859313965
683.0,5.054322741177112,395.0,462.0,222.0,0.8204925532968467,1.4834728240966797
684.0,5.049268418435934,395.0,443.0,188.0,0.8203300720734267,1.4849767684936523
685.0,5.044219150017499,395.0,492.0,181.0,0.8201674604304408,1.4864680767059326
686.0,5.039174930867482,395.0,496.0,195.0,0.8200047182954837,1.4879250526428223
687.0,5.034135755936615,395.0,470.0,191.0,0.8198418455961762,1.4894590377807617
688.0,5.029101620180678,395.0,494.0,226.0,0.8196788422601653,1.4910390377044678
689.0,5.024072518560497,395.0,468.0,202.0,0.8195157082151243,1.4925267696380615
690.0,5.0190484460419365,395.0,508.0,199.0,0.8193524433887532,1.4940338134765625
691.0,5.014029397595895,395.0,485.0,207.0,0.8191890477087787,1.4955358505249023
692.0,5.009015368198299,395.0,488.0,205.0,0.8190255211029539,1.4970250129699707
693.0,5.004006352830101,395.0,512.0,189.0,0.8188618634990597,1.4984960556030273
694.0,4.999002346477271,395.0,506.0,204.0,0.8186980748249039,1.4999990463256836
695.0,4.994003344130793,395.0,461.0,210.0,0.8185341550083215,1.5015249252319336
696.0,4.989009340786662,395.0,480.0,195.0,0.8183701039771756,1.5030338764190674
697.0,4.984020331445875,395.0,460.0,210.0,0.8182059216593567,1.504626989364624
698.0,4.979036311114429,395.0,488.0,163.0,0.8180416079827835,1.5061581134796143
699.0,4.9740572748033145,395.0,472.0,205.0,0.8178771628754025,1.507631778717041
700.0,4.969083217528511,395.0,461.0,168.0,0.8177125862651888,1.5091440677642822
701.0,4.964114134310982,395.0,497.0,154.0,0.8175478780801461,1.5106470584869385
702.0,4.959150020176671,395.0,498.0,180.0,0.8173830382483063,1.5122077465057373
703.0,4.954190870156494,395.0,509.0,193.0,0.8172180666977304,1.5137479305267334
704.0,4.949236679286337,395.0,476.0,172.0,0.8170529633565088,1.5152080059051514
705.0,4.944287442607051,395.0,467.0,157.0,0.8168877281527603,1.5166289806365967
706.0,4.939343155164444,395.0,480.0,161.0,0.816722361014634,1.5180799961090088
707.0,4.93440381200928,395.0,481.0,177.0,0.8165568618703078,1.5195090770721436
708.0,4.929469408197271,395.0,496.0,184.0,0.8163912306479898,1.5211269855499268
709.0,4.924539938789073,395.0,475.0,179.0,0.8162254672759178,1.522665023803711
710.0,4.919615398850285,395.0,486.0,177.0,0.8160595716823599,1.5241470336914062
711.0,4.914695783451434,395.0,505.0,187.0,0.8158935437956143,1.525604009628296
712.0,4.909781087667983,395.0,521.0,212.0,0.8157273835440099,1.5271470546722412
713.0,4.904871306580315,395.0,452.0,192.0,0.815561090855906,1.5286338329315186
714.0,4.899966435273734,395.0,441.0,156.0,0.815394665659693,1.5300660133361816
715.0,4.89506646883846,395.0,506.0,235.0,0.8152281078837922,1.5315568447113037
716.0,4.890171402369622,395.0,515.0,168.0,0.8150614174566562,1.5330219268798828
717.0,4.885281230967252,395.0,492.0,212.0,0.8148945943067687,1.5344908237457275
718.0,4.880395949736285,395.0,467.0,186.0,0.8147276383626454,1.5359187126159668
719.0,4.875515553786549,395.0,492.0,185.0,0.8145605495528334,1.5373649597167969
720.0,4.870640038232763,395.0,463.0,188.0,0.814393327805912,1.5388319492340088
721.0,4.86576939819453,395.0,500.0,176.0,0.8142259730504927,1.5402910709381104
722.0,4.860903628796335,395.0,460.0,187.0,0.8140584852152188,1.5417437553405762
723.0,4.856042725167539,395.0,494.0,210.0,0.8138908642287669,1.5431978702545166
724.0,4.851186682442371,395.0,512.0,208.0,0.8137231100198457,1.5446557998657227
725.0,4.846335495759929,395.0,481.0,188.0,0.8135552225171967,1.5460989475250244
726.0,4.841489160264169,395.0,487.0,191.0,0.8133872016495952,1.5476160049438477
727.0,4.836647671103905,395.0,510.0,165.0,0.8132190473458489,1.5490999221801758
728.0,4.8318110234328016,395.0,449.0,168.0,0.8130507595347994,1.5505399703979492
729.0,4.826979212409369,395.0,442.0,161.0,0.8128823381453221,1.551969051361084
730.0,4.8221522331969595,395.0,431.0,157.0,0.8127137831063258,1.5535290241241455
731.0,4.817330080963763,395.0,488.0,198.0,0.8125450943467534,1.5549628734588623
732.0,4.812512750882799,395.0,495.0,172.0,0.8123762717955822,1.556858777999878
733.0,4.8077002381319165,395.0,500.0,179.0,0.8122073153818238,1.5583088397979736
734.0,4.802892537893785,395.0,427.0,187.0,0.8120382250345244,1.5597529411315918
735.0,4.7980896453558906,395.0,475.0,145.0,0.8118690006827648,1.561255931854248
736.0,4.7932915557105344,395.0,462.0,172.0,0.811699642255661,1.562669038772583
737.0,4.788498264154824,395.0,467.0,172.0,0.8115301496823641,1.5641217231750488
738.0,4.783709765890669,395.0,477.0,167.0,0.8113605228920605,1.5655291080474854
739.0,4.778926056124779,395.0,470.0,178.0,0.8111907618139721,1.5669538974761963
740.0,4.774147130068654,395.0,462.0,170.0,0.8110208663773565,1.5683069229125977
741.0,4.769372982938585,395.0,456.0,201.0,0.8108508365115074,1.5697107315063477
742.0,4.764603609955647,395.0,465.0,152.0,0.8106806721457543,1.5711660385131836
743.0,4.7598390063456915,395.0,473.0,175.0,0.8105103732094635,1.572556972503662
744.0,4.755079167339345,395.0,530.0,185.0,0.8103399396320374,1.5740139484405518
745.0,4.750324088172006,395.0,464.0,170.0,0.8101693713429153,1.575434923171997
746.0,4.745573764083834,395.0,430.0,163.0,0.8099986682715732,1.5768539905548096
747.0,4.74082819031975,395.0,490.0,195.0,0.8098278303475244,1.5782179832458496
748.0,4.73608736212943,395.0,453.0,143.0,0.8096568575003191,1.5796258449554443
749.0,4.7313512747673006,395.0,455.0,160.0,0.8094857496595457,1.5810470581054688
750.0,4.7266199234925335,395.0,461.0,163.0,0.8093145067548295,1.582442045211792
751.0,4.721893303569041,395.0,441.0,145.0,0.8091431287158343,1.5838589668273926
752.0,4.717171410265472,395.0,458.0,164.0,0.8089716154722614,1.585252046585083
753.0,4.712454238855206,395.0,493.0,161.0,0.8087999669538506,1.5867090225219727
754.0,4.707741784616351,395.0,468.0,188.0,0.8086281830903804,1.5881168842315674
755.0,4.703034042831734,395.0,474.0,158.0,0.8084562638116678,1.589555025100708
756.0,4.6983310087889025,395.0,510.0,192.0,0.8082842090475684,1.5910279750823975
757.0,4.693632677780114,395.0,492.0,185.0,0.8081120187279772,1.592482089996338
758.0,4.688939045102334,395.0,464.0,165.0,0.8079396927828284,1.593902826309204
759.0,4.684250106057232,395.0,417.0,157.0,0.8077672311420954,1.595430850982666
760.0,4.679565855951175,395.0,461.0,158.0,0.8075946337357915,1.596877098083496
761.0,4.674886290095224,395.0,468.0,146.0,0.8074219004939699,1.598297119140625
762.0,4.670211403805129,395.0,491.0,195.0,0.8072490313467235,1.5997259616851807
763.0,4.6655411924013235,395.0,466.0,155.0,0.807076026224186,1.6011037826538086
764.0,4.660875651208922,395.0,468.0,173.0,0.8069028850565311,1.6025159358978271
765.0,4.6562147755577135,395.0,456.0,150.0,0.8067296077739733,1.6039729118347168
766.0,4.6515585607821555,395.0,478.0,135.0,0.806556194306768,1.605316162109375
767.0,4.646907002221373,395.0,496.0,168.0,0.8063826445852117,1.606719970703125
768.0,4.642260095219152,395.0,480.0,159.0,0.806208958539642,1.6081268787384033
769.0,4.637617835123933,395.0,485.0,161.0,0.8060351361004381,1.609480857849121
770.0,4.632980217288809,395.0,500.0,170.0,0.8058611771980209,1.6108627319335938
771.0,4.62834723707152,395.0,458.0,178.0,0.8056870817628531,1.6122450828552246
772.0,4.623718889834449,395.0,478.0,143.0,0.8055128497254394,1.6136460304260254
773.0,4.619095170944615,395.0,469.0,173.0,0.805338481016327,1.6150500774383545
774.0,4.61447607577367,395.0,453.0,142.0,0.8051639755661053,1.6164391040802002
775.0,4.609861599697896,395.0,456.0,140.0,0.8049893333054068,1.6178309917449951
776.0,4.6052517380981985,395.0,470.0,156.0,0.8048145541649064,1.6192798614501953
777.0,4.6006464863601,395.0,459.0,154.0,0.8046396380753226,1.6206121444702148
778.0,4.59604583987374,395.0,490.0,182.0,0.8044645849674168,1.6219210624694824
779.0,4.591449794033866,395.0,492.0,143.0,0.8042893947719941,1.6232409477233887
780.0,4.5868583442398325,395.0,459.0,160.0,0.8041140674199034,1.6245849132537842
781.0,4.582271485895593,395.0,520.0,144.0,0.8039386028420374,1.6259138584136963
782.0,4.5776892144096974,395.0,444.0,176.0,0.8037630009693331,1.6272289752960205
783.0,4.573111525195288,395.0,464.0,144.0,0.8035872617327716,1.6285459995269775
784.0,4.568538413670093,395.0,466.0,149.0,0.8034113850633786,1.629931926727295
785.0,4.563969875256423,395.0,445.0,179.0,0.8032353708922249,1.6313080787658691
786.0,4.559405905381166,395.0,520.0,173.0,0.8030592191504259,1.6326448917388916
787.0,4.554846499475786,395.0,498.0,187.0,0.8028829297691422,1.6340091228485107
788.0,4.55029165297631,395.0,486.0,154.0,0.8027065026795801,1.6353600025177002
789.0,4.5457413613233335,395.0,517.0,142.0,0.8025299378129913,1.636686086654663
790.0,4.54119561996201,395.0,487.0,162.0,0.8023532351006732,1.6380410194396973
791.0,4.536654424342048,395.0,514.0,157.0,0.8021763944739695,1.63942289352417
792.0,4.532117769917706,395.0,457.0,191.0,0.8019994158642698,1.6407859325408936
793.0,4.527585652147788,395.0,501.0,141.0,0.8018222992030106,1.6422309875488281
794.0,4.523058066495641,395.0,433.0,138.0,0.8016450444216746,1.6435778141021729
795.0,4.518535008429145,395.0,439.0,140.0,0.8014676514517918,1.6449458599090576
796.0,4.514016473420716,395.0,460.0,152.0,0.8012901202249387,1.6462600231170654
797.0,4.5095024569472955,395.0,455.0,163.0,0.8011124506727398,1.6476070880889893
798.0,4.504992954490348,395.0,442.0,136.0,0.8009346427268668,1.6489019393920898
799.0,4.500487961535858,395.0,445.0,140.0,0.8007566963190389,1.650264024734497
800.0,4.4959874735743215,395.0,458.0,123.0,0.8005786113810235,1.6516859531402588
801.0,4.491491486100747,395.0,475.0,151.0,0.8004003878446363,1.6529929637908936
802.0,4.486999994614647,395.0,415.0,129.0,0.8002220256417409,1.6542818546295166
803.0,4.482512994620032,383.0,447.0,105.0,0.8000435247042502,1.6555919647216797
804.0,4.478030481625412,383.0,436.0,128.0,0.7998648849641251,1.656916856765747
805.0,4.473552451143787,383.0,460.0,121.0,0.799686106353376,1.658193826675415
806.0,4.4690788986926435,383.0,501.0,170.0,0.7995071888040626,1.6595640182495117
807.0,4.464609819793951,383.0,460.0,145.0,0.7993281322482938,1.6609299182891846
808.0,4.460145209974157,383.0,487.0,138.0,0.7991489366182282,1.6623659133911133
809.0,4.455685064764183,383.0,460.0,163.0,0.7989696018460746,1.6637110710144043
810.0,4.451229379699419,383.0,470.0,121.0,0.7987901278640914,1.665022850036621
811.0,4.4467781503197195,383.0,498.0,137.0,0.7986105146045878,1.6662988662719727
812.0,4.4423313721693996,383.0,453.0,162.0,0.7984307619999232,1.6675970554351807
813.0,4.43788904079723,383.0,455.0,134.0,0.7982508699825082,1.6688969135284424
814.0,4.433451151756432,383.0,416.0,141.0,0.7980708384848038,1.6702420711517334
815.0,4.429017700604676,383.0,464.0,137.0,0.7978906674393227,1.6715588569641113
816.0,4.424588682904071,383.0,494.0,179.0,0.7977103567786289,1.672908067703247
817.0,4.420164094221167,383.0,496.0,162.0,0.7975299064353378,1.6742420196533203
818.0,4.415743930126945,383.0,466.0,129.0,0.797349316342117,1.6755640506744385
819.0,4.411328186196818,383.0,449.0,136.0,0.7971685864316861,1.6769039630889893
820.0,4.4069168580106215,383.0,462.0,147.0,0.7969877166368169,1.6782159805297852
821.0,4.402509941152611,383.0,517.0,162.0,0.7968067068903338,1.6795358657836914
822.0,4.398107431211459,383.0,495.0,153.0,0.7966255571251141,1.6808559894561768
823.0,4.393709323780247,383.0,454.0,151.0,0.7964442672740877,1.6821460723876953
824.0,4.389315614456467,383.0,475.0,134.0,0.7962628372702382,1.6834359169006348
825.0,4.384926298842011,383.0,472.0,160.0,0.7960812670466023,1.6847259998321533
826.0,4.380541372543169,383.0,461.0,126.0,0.7958995565362704,1.686095952987671
827.0,4.376160831170625,383.0,463.0,124.0,0.7957177056723869,1.6874690055847168
828.0,4.371784670339455,383.0,434.0,114.0,0.7955357143881503,1.6887609958648682
829.0,4.367412885669116,383.0,472.0,141.0,0.7953535826168132,1.6900858879089355
830.0,4.363045472783447,383.0,452.0,124.0,0.7951713102916831,1.6913857460021973
831.0,4.358682427310663,383.0,444.0,148.0,0.7949888973461219,1.6926860809326172
832.0,4.354323744883352,383.0,495.0,155.0,0.7948063437135469,1.6940040588378906
833.0,4.349969421138469,383.0,458.0,116.0,0.7946236493274303,1.6953558921813965
834.0,4.34561945171733,383.0,485.0,146.0,0.7944408141213001,1.6966519355773926
835.0,4.341273832265613,383.0,482.0,165.0,0.7942578380287397,1.697990894317627
836.0,4.336932558433348,383.0,426.0,159.0,0.7940747209833886,1.6993138790130615
837.0,4.332595625874914,383.0,441.0,120.0,0.7938914629189423,1.7006399631500244
838.0,4.3282630302490395,383.0,474.0,136.0,0.7937080637691528,1.7019309997558594
839.0,4.32393476721879,383.0,538.0,163.0,0.7935245234678286,1.7032220363616943
840.0,4.319610832451572,383.0,464.0,151.0,0.7933408419488354,1.7045040130615234
841.0,4.31529122161912,383.0,491.0,120.0,0.7931570191460953,1.7057769298553467
842.0,4.3109759303975,383.0,455.0,129.0,0.7929730549935882,1.7071099281311035
843.0,4.306664954467103,383.0,474.0,129.0,0.7927889494253516,1.7084009647369385
844.0,4.302358289512636,383.0,449.0,118.0,0.7926047023754803,1.7096798419952393
845.0,4.298055931223123,383.0,451.0,132.0,0.7924203137781276,1.710981845855713
846.0,4.2937578752919,383.0,477.0,139.0,0.7922357835675047,1.712265968322754
847.0,4.289464117416608,383.0,467.0,153.0,0.7920511116778813,1.7135329246520996
848.0,4.285174653299191,383.0,431.0,152.0,0.7918662980435859,1.7148280143737793
849.0,4.280889478645892,383.0,452.0,119.0,0.7916813425990059,1.7161219120025635
850.0,4.276608589167246,383.0,458.0,102.0,0.7914962452785878,1.7174227237701416
851.0,4.272331980578079,383.0,428.0,122.0,0.7913110060168375,1.7187111377716064
852.0,4.2680596485975,383.0,488.0,128.0,0.7911256247483205,1.719986915588379
853.0,4.263791588948902,383.0,441.0,148.0,0.7909401014076622,1.721247911453247
854.0,4.2595277973599535,383.0,502.0,124.0,0.7907544359295484,1.7225639820098877
855.0,4.255268269562594,383.0,461.0,153.0,0.7905686282487246,1.7238519191741943
856.0,4.251013001293031,383.0,468.0,116.0,0.7903826782999974,1.725113868713379
857.0,4.246761988291738,383.0,524.0,165.0,0.790196586018234,1.7263448238372803
858.0,4.242515226303446,383.0,504.0,156.0,0.7900103513383625,1.7275729179382324
859.0,4.238272711077143,383.0,462.0,127.0,0.7898239741953728,1.7287957668304443
860.0,4.234034438366066,383.0,447.0,147.0,0.7896374545243156,1.7300631999969482
861.0,4.2298004039277,383.0,455.0,115.0,0.7894507922603039,1.731321096420288
862.0,4.225570603523773,383.0,455.0,150.0,0.7892639873385124,1.7326149940490723
863.0,4.221345032920249,383.0,428.0,124.0,0.7890770396941784,1.7339119911193848
864.0,4.217123687887329,383.0,464.0,126.0,0.7888899492626011,1.735163927078247
865.0,4.212906564199442,383.0,464.0,151.0,0.7887027159791431,1.7364609241485596
866.0,4.2086936576352425,383.0,461.0,143.0,0.7885153397792293,1.737760066986084
867.0,4.204484963977607,383.0,467.0,102.0,0.788327820598348,1.739060878753662
868.0,4.200280479013629,383.0,465.0,149.0,0.7881401583720514,1.7404148578643799
869.0,4.196080198534616,383.0,473.0,141.0,0.7879523530359548,1.7416141033172607
870.0,4.191884118336081,383.0,449.0,138.0,0.7877644045257376,1.7428719997406006
871.0,4.187692234217745,383.0,483.0,153.0,0.7875763127771434,1.744170904159546
872.0,4.1835045419835275,383.0,447.0,135.0,0.7873880777259801,1.7454657554626465
873.0,4.179321037441544,383.0,442.0,113.0,0.7871996993081204,1.7467048168182373
874.0,4.175141716404102,383.0,487.0,129.0,0.7870111774595019,1.7479748725891113
875.0,4.170966574687698,383.0,496.0,154.0,0.7868225121161271,1.749220848083496
876.0,4.16679560811301,383.0,479.0,127.0,0.7866337032140639,1.750412940979004
877.0,4.162628812504897,383.0,460.0,150.0,0.7864447506894463,1.7516119480133057
878.0,4.158466183692392,383.0,493.0,139.0,0.7862556544784735,1.752851963043213
879.0,4.1543077175087,383.0,447.0,131.0,0.7860664145174113,1.7541499137878418
880.0,4.150153409791191,383.0,498.0,125.0,0.7858770307425915,1.7553658485412598
881.0,4.146003256381399,383.0,471.0,125.0,0.7856875030904129,1.7565639019012451
882.0,4.141857253125018,383.0,443.0,133.0,0.7854978314973406,1.757755994796753
883.0,4.137715395871893,383.0,431.0,124.0,0.7853080158999075,1.7589497566223145
884.0,4.133577680476021,383.0,436.0,103.0,0.7851180562347133,1.7601640224456787
885.0,4.129444102795545,383.0,425.0,98.0,0.7849279524384254,1.7613499164581299
886.0,4.12531465869275,383.0,441.0,89.0,0.7847377044477791,1.7625248432159424
887.0,4.121189344034057,383.0,454.0,97.0,0.7845473121995777,1.7638249397277832
888.0,4.117068154690022,383.0,442.0,128.0,0.7843567756306933,1.765120029449463
889.0,4.1129510865353325,383.0,458.0,105.0,0.7841660946780658,1.7663419246673584
890.0,4.1088381354487975,383.0,417.0,105.0,0.7839752692787044,1.7675819396972656
891.0,4.104729297313349,383.0,456.0,108.0,0.7837842993696874,1.7688367366790771
892.0,4.100624568016036,383.0,448.0,91.0,0.7835931848881624,1.7700228691101074
893.0,4.09652394344802,383.0,436.0,121.0,0.7834019257713465,1.7712528705596924
894.0,4.092427419504571,383.0,440.0,104.0,0.7832105219565266,1.7724759578704834
895.0,4.088334992085067,383.0,455.0,122.0,0.7830189733810601,1.773723840713501
896.0,4.084246657092982,383.0,499.0,151.0,0.7828272799823739,1.7749707698822021
897.0,4.080162410435889,383.0,480.0,112.0,0.7826354416979664,1.7762207984924316
898.0,4.076082248025453,383.0,440.0,137.0,0.7824434584654063,1.7774567604064941
899.0,4.072006165777427,382.0,451.0,93.0,0.7822513302223336,1.7787740230560303
900.0,4.06793415961165,382.0,475.0,131.0,0.7820590569064597,1.7800068855285645
901.0,4.063866225452038,382.0,428.0,107.0,0.7818666384555673,1.781217098236084
902.0,4.059802359226587,382.0,449.0,108.0,0.7816740748075114,1.7824208736419678
903.0,4.05574255686736,382.0,466.0,140.0,0.7814813659002187,1.7836129665374756
904.0,4.051686814310492,382.0,446.0,121.0,0.7812885116716886,1.7847919464111328
905.0,4.047635127496181,382.0,479.0,114.0,0.781095512059993,1.7859759330749512
906.0,4.043587492368685,382.0,440.0,129.0,0.7809023670032765,1.7871899604797363
907.0,4.039543904876316,382.0,418.0,103.0,0.7807090764397573,1.788398027420044
908.0,4.03550436097144,382.0,437.0,96.0,0.7805156403077267,1.7896080017089844
909.0,4.031468856610468,382.0,446.0,104.0,0.7803220585455495,1.7908318042755127
910.0,4.027437387753857,382.0,468.0,132.0,0.7801283310916646,1.7920489311218262
911.0,4.023409950366103,382.0,462.0,113.0,0.7799344578845852,1.7932627201080322
912.0,4.019386540415737,382.0,430.0,108.0,0.7797404388628987,1.7944798469543457
913.0,4.015367153875321,382.0,508.0,112.0,0.7795462739652673,1.795638084411621
914.0,4.011351786721446,382.0,460.0,144.0,0.7793519631304282,1.7968010902404785
915.0,4.007340434934724,382.0,450.0,109.0,0.7791575062971937,1.7979588508605957
916.0,4.003333094499789,382.0,472.0,112.0,0.7789629034044516,1.7991218566894531
917.0,3.999329761405289,382.0,460.0,128.0,0.7787681543911654,1.800304889678955
918.0,3.995330431643884,382.0,469.0,129.0,0.7785732591963747,1.801476001739502
919.0,3.9913351012122398,382.0,439.0,102.0,0.778378217759195,1.8026628494262695
920.0,3.9873437661110276,382.0,482.0,101.0,0.778183030018819,1.8039140701293945
921.0,3.9833564223449165,382.0,453.0,118.0,0.7779876959145156,1.8050601482391357
922.0,3.9793730659225717,382.0,464.0,93.0,0.7777922153856307,1.8062279224395752
923.0,3.975393692856649,382.0,460.0,128.0,0.7775965883715881,1.8074100017547607
924.0,3.9714182991637923,382.0,443.0,138.0,0.7774008148118884,1.8085780143737793
925.0,3.9674468808646286,382.0,443.0,116.0,0.7772048946461105,1.8097238540649414
926.0,3.963479433983764,382.0,463.0,124.0,0.7770088278139113,1.8108680248260498
927.0,3.9595159545497802,382.0,444.0,102.0,0.7768126142550261,1.812025785446167
928.0,3.9555564385952304,382.0,428.0,124.0,0.7766162539092688,1.8132338523864746
929.0,3.9516008821566353,382.0,444.0,120.0,0.776419746716532,1.8144729137420654
930.0,3.9476492812744786,382.0,481.0,113.0,0.7762230926167877,1.8156428337097168
931.0,3.943701631993204,382.0,487.0,120.0,0.7760262915500872,1.8168079853057861
932.0,3.9397579303612105,382.0,447.0,132.0,0.7758293434565614,1.81797194480896
933.0,3.9358181724308494,382.0,426.0,136.0,0.7756322482764214,1.8191161155700684
934.0,3.9318823542584185,382.0,445.0,92.0,0.7754350059499584,1.8202729225158691
935.0,3.9279504719041602,382.0,461.0,132.0,0.7752376164175441,1.8214128017425537
936.0,3.924022521432256,382.0,447.0,118.0,0.7750400796196307,1.8225431442260742
937.0,3.9200984989108236,382.0,433.0,110.0,0.7748423954967518,1.8237969875335693
938.0,3.916178400411913,382.0,447.0,124.0,0.7746445639895223,1.8249478340148926
939.0,3.912262222011501,382.0,443.0,108.0,0.7744465850386383,1.826092004776001
940.0,3.9083499597894895,382.0,486.0,122.0,0.7742484585848779,1.8273489475250244
941.0,3.9044416098297,382.0,434.0,105.0,0.7740501845691016,1.8285408020019531
942.0,3.9005371682198704,382.0,503.0,123.0,0.7738517629322519,1.8296687602996826
943.0,3.8966366310516505,382.0,431.0,115.0,0.773653193615354,1.8308260440826416
944.0,3.892739994420599,382.0,442.0,129.0,0.7734544765595162,1.8319690227508545
945.0,3.8888472544261785,382.0,424.0,97.0,0.7732556117059297,1.833096981048584
946.0,3.8849584071717524,382.0,462.0,103.0,0.7730565989958696,1.834298849105835
947.0,3.881073448764581,382.0,441.0,110.0,0.7728574383706944,1.8355257511138916
948.0,3.877192375315816,382.0,409.0,114.0,0.7726581297718467,1.836763858795166
949.0,3.8733151829405004,382.0,450.0,75.0,0.7724586731408533,1.8379137516021729
950.0,3.8694418677575597,382.0,445.0,114.0,0.7722590684193255,1.839050054550171
951.0,3.8655724258898023,382.0,438.0,112.0,0.7720593155489598,1.8401658535003662
952.0,3.8617068534639127,382.0,458.0,102.0,0.7718594144715375,1.8413069248199463
953.0,3.857845146610449,382.0,496.0,121.0,0.7716593651289254,1.8424460887908936
954.0,3.8539873014638384,382.0,505.0,145.0,0.7714591674630757,1.8436129093170166
955.0,3.8501333141623744,382.0,473.0,132.0,0.771258821416027,1.8447628021240234
956.0,3.846283180848212,382.0,446.0,113.0,0.7710583269299036,1.8459599018096924
957.0,3.8424368976673637,382.0,466.0,111.0,0.7708576839469167,1.84712815284729
958.0,3.8385944607696962,382.0,437.0,96.0,0.7706568924093641,1.8482959270477295
959.0,3.8347558663089267,382.0,429.0,87.0,0.7704559522596305,1.849458932876587
960.0,3.8309211104426177,382.0,442.0,86.0,0.7702548634401881,1.8506100177764893
961.0,3.827090189332175,382.0,439.0,82.0,0.7700536258935967,1.8517680168151855
962.0,3.8232630991428427,382.0,470.0,91.0,0.769852239562504,1.852931022644043
963.0,3.8194398360436996,382.0,463.0,115.0,0.7696507043896458,1.8540847301483154
964.0,3.815620396207656,382.0,470.0,87.0,0.7694490203178461,1.8552360534667969
965.0,3.8118047758114484,382.0,407.0,106.0,0.7692471872900181,1.8563971519470215
966.0,3.807992971035637,382.0,433.0,75.0,0.7690452052491635,1.8575119972229004
967.0,3.804184978064601,382.0,462.0,86.0,0.7688430741383737,1.8586528301239014
968.0,3.8003807930865365,382.0,419.0,121.0,0.7686407939008295,1.8597979545593262
969.0,3.79658041229345,382.0,445.0,96.0,0.7684383644798014,1.8609437942504883
970.0,3.792783831881157,382.0,433.0,95.0,0.7682357858186503,1.8621430397033691
971.0,3.788991048049276,380.0,384.0,72.0,0.7680330578608272,1.8632750511169434
972.0,3.785202057001227,380.0,456.0,76.0,0.7678301805498741,1.8644731044769287
973.0,3.7814168549442257,380.0,451.0,106.0,0.7676271538294236,1.865616798400879
974.0,3.7776354380892814,380.0,443.0,119.0,0.7674239776431999,1.866786003112793
975.0,3.773857802651192,380.0,436.0,89.0,0.7672206519350186,1.8679349422454834
976.0,3.770083944848541,380.0,428.0,68.0,0.7670171766487873,1.8691020011901855
977.0,3.766313860903692,380.0,432.0,89.0,0.7668135517285053,1.8702960014343262
978.0,3.7625475470427885,380.0,451.0,98.0,0.7666097771182648,1.8714361190795898
979.0,3.7587849994957456,380.0,455.0,102.0,0.7664058527622503,1.8726239204406738
980.0,3.75502621449625,380.0,476.0,105.0,0.7662017786047395,1.8737480640411377
981.0,3.7512711882817538,380.0,463.0,110.0,0.765997554590103,1.8749010562896729
982.0,3.747519917093472,380.0,454.0,107.0,0.7657931806628057,1.8760278224945068
983.0,3.7437723971763783,380.0,459.0,95.0,0.7655886567674053,1.8771519660949707
984.0,3.740028624779202,380.0,462.0,119.0,0.7653839828485546,1.8782567977905273
985.0,3.7362885961544228,380.0,452.0,102.0,0.7651791588510001,1.8793959617614746
986.0,3.7325523075582683,380.0,462.0,107.0,0.7649741847195834,1.880523920059204
987.0,3.72881975525071,380.0,450.0,83.0,0.764769060399241,1.8816819190979004
988.0,3.7250909354954596,380.0,431.0,106.0,0.7645637858350046,1.8828229904174805
989.0,3.721365844559964,380.0,419.0,85.0,0.7643583609720014,1.8839409351348877
990.0,3.717644478715404,380.0,459.0,106.0,0.7641527857554548,1.8850858211517334
991.0,3.713926834236689,380.0,432.0,109.0,0.7639470601306838,1.8861889839172363
992.0,3.710212907402452,380.0,429.0,95.0,0.7637411840431043,1.8872990608215332
993.0,3.70650269449505,380.0,433.0,102.0,0.7635351574382289,1.8884170055389404
994.0,3.7027961918005547,380.0,480.0,99.0,0.7633289802616668,1.8895628452301025
995.0,3.699093395608754,380.0,466.0,115.0,0.7631226524591253,1.8906581401824951
996.0,3.6953943022131455,380.0,427.0,83.0,0.7629161739764084,1.8917889595031738
997.0,3.6916989079109324,380.0,448.0,109.0,0.7627095447594187,1.8928818702697754
998.0,3.6880072090030214,380.0,439.0,88.0,0.7625027647541565,1.893956184387207
999.0,3.6843192017940183,380.0,444.0,103.0,0.762295833906721,1.8950600624084473
1000.0,3.680634882592224,380.0,428.0,98.0,0.7620887521633101,1.8962018489837646
1001.0,3.6769542477096318,380.0,473.0,98.0,0.7618815194702204,1.8973040580749512
1002.0,3.673277293461922,380.0,410.0,87.0,0.7616741357738485,1.8984129428863525
1003.0,3.66960401616846,380.0,427.0,78.0,0.7614666010206901,1.899507999420166
1004.0,3.6659344121522914,380.0,449.0,97.0,0.7612589151573413,1.9005749225616455
1005.0,3.662268477740139,380.0,455.0,116.0,0.7610510781304982,1.9017300605773926
1006.0,3.6586062092623988,380.0,462.0,121.0,0.7608430898869576,1.9028527736663818
1007.0,3.6549476030531363,380.0,456.0,95.0,0.7606349503736171,1.9039359092712402
1008.0,3.6512926554500833,380.0,464.0,95.0,0.7604266595374753,1.9050350189208984
1009.0,3.647641362794633,380.0,468.0,103.0,0.7602182173256327,1.906153917312622
1010.0,3.6439937214318383,380.0,439.0,92.0,0.7600096236852911,1.9073100090026855
1011.0,3.6403497277104067,380.0,494.0,125.0,0.7598008785637548,1.9083988666534424
1012.0,3.6367093779826964,380.0,454.0,122.0,0.7595919819084298,1.9094767570495605
1013.0,3.6330726686047137,380.0,435.0,90.0,0.7593829336668255,1.91056489944458
1014.0,3.629439595936109,380.0,456.0,95.0,0.7591737337865537,1.9116427898406982
1015.0,3.625810156340173,380.0,439.0,92.0,0.7589643822153299,1.912735939025879
1016.0,3.6221843461838326,371.0,393.0,81.0,0.7587548789009727,1.9138171672821045
1017.0,3.618562161837649,371.0,463.0,64.0,0.7585452237914049,1.9148647785186768
1018.0,3.614943599675811,371.0,459.0,92.0,0.7583354168346533,1.915921926498413
1019.0,3.611328656076135,371.0,426.0,90.0,0.7581254579788493,1.9170160293579102
1020.0,3.607717327420059,371.0,457.0,89.0,0.7579153471722291,1.9181010723114014
1021.0,3.604109610092639,371.0,425.0,91.0,0.7577050843631336,1.9191749095916748
1022.0,3.600505500482546,371.0,434.0,89.0,0.7574946695000094,1.9202229976654053
1023.0,3.5969049949820637,371.0,474.0,103.0,0.757284102531409,1.9212510585784912
1024.0,3.5933080899870817,371.0,463.0,98.0,0.7570733834059904,1.922316074371338
1025.0,3.5897147818970945,371.0,457.0,88.0,0.756862512072518,1.9234178066253662
1026.0,3.5861250671151974,371.0,442.0,101.0,0.7566514884798631,1.9244768619537354
1027.0,3.582538942048082,371.0,459.0,114.0,0.7564403125770036,1.9255409240722656
1028.0,3.578956403106034,371.0,411.0,92.0,0.7562289843130248,1.9266149997711182
1029.0,3.575377446702928,371.0,429.0,90.0,0.7560175036371193,1.9276721477508545
1030.0,3.571802069256225,371.0,431.0,93.0,0.7558058704985877,1.928736925125122
1031.0,3.568230267186969,371.0,410.0,81.0,0.7555940848468388,1.9298040866851807
1032.0,3.5646620369197817,371.0,395.0,66.0,0.7553821466313895,1.9309139251708984
1033.0,3.561097374882862,371.0,404.0,60.0,0.7551700558018658,1.9319899082183838
1034.0,3.557536277507979,371.0,437.0,73.0,0.7549578123080026,1.9330658912658691
1035.0,3.553978741230471,371.0,431.0,102.0,0.7547454160996443,1.9341471195220947
1036.0,3.5504247624892407,371.0,476.0,94.0,0.7545328671267446,1.9352009296417236
1037.0,3.5468743377267513,371.0,466.0,86.0,0.7543201653393677,1.9363019466400146
1038.0,3.5433274633890246,371.0,470.0,97.0,0.7541073106876879,1.937391757965088
1039.0,3.5397841359256357,371.0,420.0,114.0,0.7538943031219898,1.9384419918060303
1040.0,3.53624435178971,371.0,437.0,82.0,0.7536811425926693,1.9394619464874268
1041.0,3.5327081074379203,371.0,416.0,79.0,0.7534678290502335,1.9405429363250732
1042.0,3.5291753993304824,371.0,440.0,74.0,0.7532543624453006,1.9415910243988037
1043.0,3.525646223931152,371.0,441.0,90.0,0.7530407427286014,1.9426319599151611
1044.0,3.522120577707221,371.0,441.0,92.0,0.7528269698509784,1.9436521530151367
1045.0,3.5185984571295137,371.0,454.0,96.0,0.7526130437633864,1.9447050094604492
1046.0,3.5150798586723844,371.0,460.0,100.0,0.7523989644168936,1.945734977722168
1047.0,3.511564778813712,371.0,396.0,97.0,0.7521847317626807,1.9467830657958984
1048.0,3.5080532140348986,371.0,438.0,65.0,0.7519703457520422,1.9478869438171387
1049.0,3.5045451608208635,371.0,411.0,71.0,0.7517558063363861,1.9489588737487793
1050.0,3.5010406156600427,371.0,442.0,81.0,0.7515411134672347,1.9499969482421875
1051.0,3.4975395750443825,371.0,414.0,69.0,0.7513262670962245,1.951023817062378
1052.0,3.494042035469338,371.0,428.0,78.0,0.7511112671751068,1.9521069526672363
1053.0,3.490547993433869,371.0,438.0,86.0,0.7508961136557478,1.9531829357147217
1054.0,3.487057445440435,371.0,468.0,107.0,0.7506808064901291,1.9542789459228516
1055.0,3.483570387994994,371.0,477.0,95.0,0.7504653456303477,1.955307960510254
1056.0,3.480086817606999,371.0,415.0,90.0,0.7502497310286171,1.956373929977417
1057.0,3.476606730789392,371.0,412.0,82.0,0.7500339626372665,1.9573979377746582
1058.0,3.4731301240586028,371.0,429.0,69.0,0.749818040408742,1.958448886871338
1059.0,3.469656993934544,371.0,435.0,80.0,0.7496019642956067,1.959501028060913
1060.0,3.4661873369406093,371.0,413.0,78.0,0.7493857342505404,1.9605250358581543
1061.0,3.4627211496036687,371.0,407.0,81.0,0.7491693502263412,1.9615628719329834
1062.0,3.459258428454065,371.0,439.0,70.0,0.7489528121759246,1.9625930786132812
1063.0,3.4557991700256108,371.0,455.0,92.0,0.7487361200523244,1.9636118412017822
1064.0,3.4523433708555853,371.0,385.0,83.0,0.7485192738086928,1.9646799564361572
1065.0,3.4488910274847298,371.0,440.0,65.0,0.7483022733983012,1.9657070636749268
1066.0,3.445442136457245,371.0,446.0,86.0,0.7480851187745398,1.9667599201202393
1067.0,3.4419966943207876,371.0,420.0,94.0,0.7478678098909183,1.9677908420562744
1068.0,3.4385546976264667,371.0,420.0,76.0,0.7476503467010664,1.9688608646392822
1069.0,3.43511614292884,371.0,447.0,86.0,0.747432729158734,1.969897985458374
1070.0,3.4316810267859115,371.0,453.0,68.0,0.7472149572177912,1.9709289073944092
1071.0,3.4282493457591254,371.0,430.0,66.0,0.7469970308322288,1.9719600677490234
1072.0,3.4248210964133663,371.0,429.0,100.0,0.7467789499561591,1.9730188846588135
1073.0,3.421396275316953,371.0,473.0,95.0,0.7465607145438156,1.9740660190582275
1074.0,3.417974879041636,371.0,410.0,101.0,0.7463423245495534,1.975085973739624
1075.0,3.4145569041625943,371.0,417.0,79.0,0.74612377992785,1.9761321544647217
1076.0,3.4111423472584317,371.0,424.0,86.0,0.745905080633305,1.9771449565887451
1077.0,3.4077312049111734,371.0,431.0,76.0,0.7456862266206411,1.978166103363037
1078.0,3.4043234737062624,371.0,416.0,82.0,0.7454672178447036,1.9792368412017822
1079.0,3.400919150232556,371.0,436.0,70.0,0.7452480542604615,1.9802329540252686
1080.0,3.3975182310823238,371.0,417.0,79.0,0.7450287358230075,1.9812350273132324
1081.0,3.3941207128512416,371.0,465.0,72.0,0.7448092624875584,1.9822330474853516
1082.0,3.3907265921383902,371.0,430.0,99.0,0.744589634209455,1.9832539558410645
1083.0,3.3873358655462518,371.0,408.0,69.0,0.7443698509441632,1.984246015548706
1084.0,3.3839485296807057,371.0,455.0,89.0,0.7441499126472737,1.985245943069458
1085.0,3.380564581151025,371.0,444.0,81.0,0.7439298192745029,1.986238956451416
1086.0,3.377184016569874,371.0,429.0,69.0,0.7437095707816923,1.987213134765625
1087.0,3.373806832553304,371.0,414.0,69.0,0.74348916712481,1.9881949424743652
1088.0,3.3704330257207507,371.0,435.0,96.0,0.7432686082599501,1.9892480373382568
1089.0,3.3670625926950297,371.0,430.0,78.0,0.7430478941433336,1.9902708530426025
1090.0,3.363695530102335,371.0,436.0,73.0,0.7428270247313085,1.991236925125122
1091.0,3.3603318345722326,371.0,430.0,81.0,0.7426059999803498,1.9922208786010742
1092.0,3.3569715027376605,371.0,414.0,78.0,0.7423848198470608,1.9932148456573486
1093.0,3.353614531234923,371.0,411.0,83.0,0.7421634842881722,1.9941949844360352
1094.0,3.350260916703688,371.0,421.0,60.0,0.7419419932605436,1.9952030181884766
1095.0,3.3469106557869845,371.0,441.0,79.0,0.7417203467211626,1.9962129592895508
1096.0,3.3435637451311977,371.0,452.0,110.0,0.7414985446271466,1.9972009658813477
1097.0,3.3402201813860666,371.0,430.0,76.0,0.7412765869357419,1.9981918334960938
1098.0,3.3368799612046804,371.0,449.0,78.0,0.7410544736043245,1.9992330074310303
1099.0,3.3335430812434756,371.0,438.0,99.0,0.7408322045904006,2.0002269744873047
1100.0,3.330209538162232,371.0,400.0,65.0,0.7406097798516065,2.001246929168701
1101.0,3.3268793286240697,371.0,406.0,58.0,0.7403871993457095,2.0022740364074707
1102.0,3.3235524492954456,371.0,420.0,79.0,0.7401644630306078,2.003288984298706
1103.0,3.32022889684615,371.0,392.0,62.0,0.7399415708643309,2.004345178604126
1104.0,3.3169086679493036,371.0,446.0,67.0,0.7397185228050401,2.005331039428711
1105.0,3.3135917592813544,371.0,441.0,66.0,0.7394953188110288,2.0062708854675293
1106.0,3.310278167522073,371.0,442.0,87.0,0.7392719588407226,2.0072319507598877
1107.0,3.3069678893545507,371.0,420.0,87.0,0.7390484428526799,2.0081868171691895
1108.0,3.303660921465196,371.0,443.0,61.0,0.7388247708055924,2.0091660022735596
1109.0,3.3003572605437306,371.0,413.0,57.0,0.7386009426582849,2.0101418495178223
1110.0,3.297056903283187,371.0,466.0,77.0,0.7383769583697161,2.011119842529297
1111.0,3.2937598463799036,371.0,434.0,86.0,0.7381528178989787,2.012082815170288
1112.0,3.290466086533524,371.0,404.0,64.0,0.7379285212053,2.013066053390503
1113.0,3.28717562044699,371.0,415.0,49.0,0.7377040682480417,2.0140368938446045
1114.0,3.2838884448265433,371.0,428.0,81.0,0.737479458986701,2.015052080154419
1115.0,3.2806045563817166,371.0,444.0,71.0,0.7372546933809104,2.016016960144043
1116.0,3.277323951825335,371.0,407.0,66.0,0.7370297713904383,2.0169708728790283
1117.0,3.27404662787351,371.0,403.0,45.0,0.7368046929751891,2.017940044403076
1118.0,3.2707725812456365,371.0,423.0,56.0,0.7365794580952036,2.0188920497894287
1119.0,3.2675018086643908,371.0,460.0,81.0,0.7363540667106597,2.019866943359375
1120.0,3.2642343068557262,371.0,451.0,97.0,0.7361285187818722,2.020840883255005
1121.0,3.2609700725488704,371.0,414.0,83.0,0.7359028142692937,2.0218350887298584
1122.0,3.2577091024763214,371.0,452.0,70.0,0.7356769531335144,2.0228500366210938
1123.0,3.254451393373845,371.0,441.0,88.0,0.735450935335263,2.0237948894500732
1124.0,3.251196941980471,371.0,443.0,71.0,0.7352247608354062,2.0247790813446045
1125.0,3.2479457450384905,371.0,390.0,72.0,0.7349984295949503,2.0257649421691895
1126.0,3.2446977992934523,371.0,421.0,75.0,0.7347719415750403,2.0267300605773926
1127.0,3.2414531014941588,371.0,449.0,68.0,0.7345452967369612,2.027693033218384
1128.0,3.2382116483926646,371.0,434.0,59.0,0.7343184950421376,2.02866792678833
1129.0,3.234973436744272,371.0,478.0,71.0,0.7340915364521345,2.029654026031494
1130.0,3.231738463307528,371.0,441.0,92.0,0.7338644209286579,2.0306739807128906
1131.0,3.2285067248442205,371.0,414.0,55.0,0.733637148433554,2.03159499168396
1132.0,3.225278218119376,371.0,425.0,64.0,0.7334097189288111,2.032529830932617
1133.0,3.222052939901257,371.0,399.0,70.0,0.7331821323765588,2.0334529876708984
1134.0,3.2188308869613556,371.0,382.0,63.0,0.7329543887390689,2.034406900405884
1135.0,3.215612056074394,371.0,397.0,71.0,0.7327264879787553,2.0353500843048096
1136.0,3.21239644401832,371.0,390.0,59.0,0.732498430058175,2.036263942718506
1137.0,3.2091840475743014,371.0,412.0,70.0,0.7322702149400279,2.0372040271759033
1138.0,3.2059748635267273,371.0,416.0,72.0,0.7320418425871573,2.0381228923797607
1139.0,3.2027688886632006,371.0,428.0,66.0,0.7318133129625505,2.039045810699463
1140.0,3.1995661197745373,371.0,425.0,71.0,0.7315846260293386,2.0399978160858154
1141.0,3.1963665536547627,371.0,393.0,51.0,0.7313557817507976,2.0409910678863525
1142.0,3.193170187101108,371.0,397.0,59.0,0.731126780090348,2.041944980621338
1143.0,3.1899770169140065,371.0,414.0,64.0,0.7308976210115558,2.0428988933563232
1144.0,3.1867870398970926,371.0,431.0,51.0,0.7306683044781321,2.043933868408203
1145.0,3.1836002528571954,371.0,435.0,84.0,0.7304388304539347,2.044887065887451
1146.0,3.1804166526043383,371.0,427.0,71.0,0.7302091989029668,2.0458288192749023
1147.0,3.177236235951734,371.0,426.0,66.0,0.7299794097893787,2.046731948852539
1148.0,3.174058999715782,371.0,442.0,59.0,0.7297494630774677,2.0476479530334473
1149.0,3.1708849407160664,371.0,423.0,67.0,0.7295193587316782,2.0485451221466064
1150.0,3.1677140557753503,371.0,409.0,77.0,0.7292890967166024,2.0494871139526367
1151.0,3.164546341719575,371.0,398.0,68.0,0.7290586769969807,2.0504560470581055
1152.0,3.1613817953778556,371.0,450.0,80.0,0.7288280995377016,2.051403045654297
1153.0,3.1582204135824776,371.0,420.0,73.0,0.7285973643038026,2.052354097366333
1154.0,3.155062193168895,371.0,416.0,65.0,0.7283664712604703,2.053295850753784
1155.0,3.1519071309757263,371.0,379.0,52.0,0.7281354203730406,2.0542409420013428
1156.0,3.1487552238447507,371.0,390.0,65.0,0.7279042116069994,2.055202007293701
1157.0,3.145606468620906,371.0,432.0,68.0,0.7276728449279827,2.0561747550964355
1158.0,3.142460862152285,371.0,426.0,86.0,0.7274413203017772,2.057126998901367
1159.0,3.1393184012901325,371.0,385.0,79.0,0.7272096376943203,2.058065891265869
1160.0,3.1361790828888423,371.0,410.0,66.0,0.7269777970717011,2.058988094329834
1161.0,3.1330429038059533,371.0,408.0,52.0,0.7267457984001596,2.0599098205566406
1162.0,3.1299098609021474,371.0,378.0,52.0,0.7265136416460886,2.060868740081787
1163.0,3.1267799510412453,371.0,428.0,63.0,0.7262813267760327,2.061821937561035
1164.0,3.1236531710902042,371.0,390.0,51.0,0.7260488537566895,2.06274676322937
1165.0,3.120529517919114,371.0,403.0,41.0,0.7258162225549095,2.0636849403381348
1166.0,3.117408988401195,371.0,431.0,54.0,0.7255834331376968,2.0646369457244873
1167.0,3.1142915794127934,371.0,430.0,58.0,0.7253504854722093,2.065561056137085
1168.0,3.1111772878333808,371.0,444.0,64.0,0.7251173795257589,2.066495895385742
1169.0,3.1080661105455474,371.0,422.0,71.0,0.7248841152658123,2.067417860031128
1170.0,3.104958044435002,371.0,433.0,65.0,0.7246506926599909,2.0683441162109375
1171.0,3.101853086390567,371.0,440.0,62.0,0.7244171116760715,2.069282054901123
1172.0,3.0987512333041765,371.0,416.0,67.0,0.7241833722819864,2.0701889991760254
1173.0,3.0956524820708724,371.0,435.0,66.0,0.7239494744458238,2.071122884750366
1174.0,3.0925568295888017,371.0,416.0,60.0,0.7237154181358287,2.0720438957214355
1175.0,3.089464272759213,371.0,408.0,69.0,0.7234812033204023,2.072985887527466
1176.0,3.086374808486454,371.0,437.0,54.0,0.7232468299681034,2.073892116546631
1177.0,3.0832884336779673,371.0,417.0,68.0,0.7230122980476478,2.0748069286346436
1178.0,3.0802051452442893,371.0,405.0,55.0,0.7227776075279093,2.075721025466919
1179.0,3.0771249400990452,371.0,408.0,51.0,0.7225427583779201,2.076653003692627
1180.0,3.0740478151589463,371.0,424.0,65.0,0.7223077505668708,2.077652931213379
1181.0,3.0709737673437876,371.0,396.0,54.0,0.7220725840641108,2.07859206199646
1182.0,3.067902793576444,371.0,398.0,61.0,0.721837258839149,2.079464912414551
1183.0,3.0648348907828673,371.0,380.0,54.0,0.7216017748616537,2.0803771018981934
1184.0,3.0617700558920844,371.0,395.0,48.0,0.7213661321014537,2.0813088417053223
1185.0,3.0587082858361923,371.0,417.0,64.0,0.721130330528538,2.0822038650512695
1186.0,3.0556495775503563,371.0,411.0,54.0,0.7208943701130562,2.0831069946289062
1187.0,3.052593927972806,371.0,393.0,54.0,0.7206582508253191,2.0840320587158203
1188.0,3.049541334044833,371.0,413.0,65.0,0.7204219726357993,2.0849268436431885
1189.0,3.046491792710788,371.0,398.0,50.0,0.7201855355151311,2.0857977867126465
1190.0,3.0434453009180773,371.0,393.0,46.0,0.719948939434111,2.086686849594116
1191.0,3.040401855617159,371.0,385.0,53.0,0.7197121843636981,2.087636947631836
1192.0,3.037361453761542,371.0,376.0,58.0,0.719475270275015,2.088564872741699
1193.0,3.0343240923077803,371.0,428.0,66.0,0.719238197139347,2.0894789695739746
1194.0,3.0312897682154727,371.0,418.0,66.0,0.7190009649281436,2.090345859527588
1195.0,3.028258478447257,371.0,391.0,54.0,0.7187635736130183,2.091230869293213
1196.0,3.02523021996881,371.0,407.0,52.0,0.7185260231657491,2.0921218395233154
1197.0,3.022204989748841,371.0,380.0,63.0,0.718288313558279,2.0930230617523193
1198.0,3.019182784759092,371.0,425.0,68.0,0.7180504447627161,2.0938990116119385
1199.0,3.016163601974333,371.0,419.0,63.0,0.7178124167513341,2.094752073287964
1200.0,3.013147438372359,371.0,411.0,60.0,0.717574229496573,2.095632791519165
1201.0,3.0101342909339865,371.0,410.0,57.0,0.7173358829710388,2.0965161323547363
1202.0,3.0071241566430524,371.0,405.0,60.0,0.7170973771475045,2.097456932067871
1203.0,3.0041170324864095,371.0,436.0,69.0,0.7168587119989104,2.0983450412750244
1204.0,3.001112915453923,371.0,406.0,80.0,0.7166198874983638,2.0992000102996826
1205.0,2.9981118025384688,371.0,434.0,52.0,0.7163809036191404,2.100064992904663
1206.0,2.99511369073593,371.0,413.0,72.0,0.7161417603346839,2.1009268760681152
1207.0,2.9921185770451943,371.0,426.0,47.0,0.7159024576186067,2.101806879043579
1208.0,2.989126458468149,371.0,424.0,61.0,0.7156629954446904,2.102705955505371
1209.0,2.986137332009681,371.0,425.0,80.0,0.7154233737868856,2.1035499572753906
1210.0,2.983151194677671,371.0,399.0,54.0,0.7151835926193132,2.1044228076934814
1211.0,2.9801680434829936,371.0,406.0,69.0,0.714943651916264,2.1053340435028076
1212.0,2.9771878754395105,371.0,431.0,72.0,0.714703551652199,2.1062679290771484
1213.0,2.974210687564071,371.0,405.0,60.0,0.7144632918017509,2.1071879863739014
1214.0,2.971236476876507,371.0,400.0,40.0,0.7142228723397233,2.108071804046631
1215.0,2.9682652403996306,371.0,402.0,42.0,0.7139822932410912,2.1089580059051514
1216.0,2.965296975159231,371.0,418.0,49.0,0.7137415544810022,2.10988187789917
1217.0,2.962331678184072,371.0,402.0,48.0,0.713500656034776,2.1107819080352783
1218.0,2.9593693465058877,371.0,403.0,55.0,0.7132595978779053,2.1117489337921143
1219.0,2.9564099771593817,371.0,426.0,58.0,0.713018379986056,2.1126039028167725
1220.0,2.953453567182222,371.0,455.0,68.0,0.7127770023350675,2.1134629249572754
1221.0,2.95050011361504,371.0,406.0,69.0,0.7125354649009533,2.1143298149108887
1222.0,2.9475496135014247,371.0,417.0,52.0,0.7122937676599013,2.1151978969573975
1223.0,2.944602063887923,371.0,431.0,53.0,0.7120519105882741,2.1160671710968018
1224.0,2.941657461824035,371.0,411.0,47.0,0.7118098936626094,2.1168880462646484
1225.0,2.9387158043622112,371.0,430.0,55.0,0.7115677168596204,2.117708921432495
1226.0,2.935777088557849,371.0,412.0,72.0,0.7113253801561963,2.1185548305511475
1227.0,2.932841311469291,371.0,404.0,40.0,0.7110828835294025,2.1194708347320557
1228.0,2.9299084701578217,371.0,398.0,50.0,0.7108402269564813,2.120374917984009
1229.0,2.926978561687664,371.0,397.0,48.0,0.7105974104148519,2.1212711334228516
1230.0,2.9240515831259764,368.0,374.0,33.0,0.710354433882111,2.1221628189086914
1231.0,2.9211275315428504,368.0,386.0,45.0,0.7101112973360328,2.123065948486328
1232.0,2.9182064040113076,368.0,415.0,53.0,0.7098680007545705,2.1239490509033203
1233.0,2.915288197607296,368.0,403.0,41.0,0.7096245441158551,2.124851942062378
1234.0,2.912372909409689,368.0,422.0,56.0,0.7093809273981971,2.1257219314575195
1235.0,2.909460536500279,368.0,408.0,48.0,0.7091371505800864,2.1265809535980225
1236.0,2.9065510759637787,368.0,424.0,59.0,0.7088932136401923,2.127450942993164
1237.0,2.903644524887815,368.0,419.0,55.0,0.7086491165573648,2.1283819675445557
1238.0,2.900740880362927,368.0,435.0,85.0,0.708404859310634,2.129246950149536
1239.0,2.897840139482564,368.0,436.0,62.0,0.7081604418792112,2.130136013031006
1240.0,2.894942299343082,368.0,444.0,69.0,0.7079158642424891,2.130995988845825
1241.0,2.892047357043739,368.0,419.0,59.0,0.7076711263800418,2.131855010986328
1242.0,2.889155309686695,368.0,417.0,54.0,0.7074262282716258,2.132697820663452
1243.0,2.8862661543770085,368.0,409.0,57.0,0.7071811698971803,2.1335458755493164
1244.0,2.8833798882226316,368.0,400.0,39.0,0.7069359512368268,2.13440203666687
1245.0,2.8804965083344087,368.0,431.0,51.0,0.7066905722708708,2.135277032852173
1246.0,2.8776160118260745,368.0,433.0,55.0,0.7064450329798011,2.1361567974090576
1247.0,2.8747383958142483,368.0,394.0,41.0,0.7061993333442905,2.1369988918304443
1248.0,2.871863657418434,368.0,415.0,53.0,0.7059534733451966,2.1378607749938965
1249.0,2.868991793761016,368.0,447.0,59.0,0.7057074529635619,2.138741970062256
1250.0,2.8661228019672547,368.0,440.0,73.0,0.7054612721806135,2.139610767364502
1251.0,2.8632566791652874,368.0,384.0,43.0,0.705214930977765,2.1404950618743896
1252.0,2.8603934224861223,368.0,385.0,34.0,0.7049684293366156,2.141369104385376
1253.0,2.857533029063636,368.0,374.0,36.0,0.7047217672389511,2.1422410011291504
1254.0,2.8546754960345724,368.0,419.0,43.0,0.7044749446667441,2.143110990524292
1255.0,2.851820820538538,368.0,413.0,59.0,0.7042279616021544,2.1439590454101562
1256.0,2.8489689997179997,368.0,404.0,40.0,0.7039808180275295,2.144810914993286
1257.0,2.8461200307182817,368.0,387.0,36.0,0.703733513925405,2.1457438468933105
1258.0,2.8432739106875635,368.0,414.0,42.0,0.7034860492785047,2.146580934524536
1259.0,2.840430636776876,368.0,404.0,39.0,0.7032384240697416,2.147395133972168
1260.0,2.8375902061400993,368.0,439.0,47.0,0.7029906382822174,2.1482059955596924
1261.0,2.8347526159339593,368.0,436.0,43.0,0.7027426918992241,2.1491079330444336
1262.0,2.8319178633180253,368.0,410.0,51.0,0.7024945849042431,2.1499640941619873
1263.0,2.8290859454547075,368.0,419.0,40.0,0.7022463172809466,2.1508259773254395
1264.0,2.826256859509253,368.0,413.0,66.0,0.7019978890131974,2.151660919189453
1265.0,2.8234306026497435,368.0,406.0,41.0,0.7017493000850498,2.1525299549102783
1266.0,2.8206071720470938,368.0,407.0,55.0,0.7015005504807493,2.153409957885742
1267.0,2.8177865648750466,368.0,403.0,55.0,0.7012516401847338,2.154268980026245
1268.0,2.814968778310172,368.0,429.0,49.0,0.7010025691816335,2.1551148891448975
1269.0,2.8121538095318614,368.0,423.0,59.0,0.7007533374562713,2.155993938446045
1270.0,2.8093416557223296,368.0,403.0,58.0,0.7005039449936635,2.156825065612793
1271.0,2.806532314066607,368.0,404.0,45.0,0.7002543917790199,2.1576528549194336
1272.0,2.8037257817525405,368.0,406.0,43.0,0.7000046777977444,2.1585049629211426
1273.0,2.800922055970788,368.0,413.0,45.0,0.6997548030354352,2.1593239307403564
1274.0,2.798121133914817,368.0,442.0,61.0,0.6995047674778855,2.160144805908203
1275.0,2.7953230127809023,368.0,451.0,57.0,0.6992545711110835,2.1609749794006348
1276.0,2.7925276897681215,368.0,434.0,69.0,0.6990042139212133,2.161799907684326
1277.0,2.7897351620783533,368.0,429.0,63.0,0.6987536958946549,2.1626479625701904
1278.0,2.786945426916275,368.0,426.0,55.0,0.6985030170179846,2.1634819507598877
1279.0,2.7841584814893587,368.0,416.0,52.0,0.6982521772779757,2.1643221378326416
1280.0,2.7813743230078694,368.0,407.0,55.0,0.698001176661599,2.165142059326172
1281.0,2.7785929486848615,368.0,427.0,59.0,0.6977500151560224,2.1659698486328125
1282.0,2.7758143557361765,368.0,429.0,54.0,0.6974986927486122,2.16682505607605
1283.0,2.77303854138044,368.0,445.0,66.0,0.6972472094269332,2.167649984359741
1284.0,2.77026550283906,368.0,412.0,56.0,0.6969955651787488,2.168468952178955
1285.0,2.7674952373362207,368.0,419.0,45.0,0.696743759992022,2.1692919731140137
1286.0,2.7647277420988843,368.0,425.0,55.0,0.6964917938549151,2.1700990200042725
1287.0,2.7619630143567853,368.0,430.0,54.0,0.6962396667557909,2.1709868907928467
1288.0,2.7592010513424285,368.0,398.0,61.0,0.6959873786832123,2.1718127727508545
1289.0,2.756441850291086,368.0,404.0,54.0,0.6957349296259434,2.1726808547973633
1290.0,2.753685408440795,368.0,417.0,38.0,0.6954823195729495,2.1738970279693604
1291.0,2.750931723032354,368.0,406.0,58.0,0.6952295485133975,2.17474102973938
1292.0,2.7481807913093217,368.0,383.0,43.0,0.6949766164366565,2.1755599975585938
1293.0,2.7454326105180122,368.0,428.0,48.0,0.6947235233322984,2.176377773284912
1294.0,2.742687177907494,368.0,464.0,59.0,0.6944702691900975,2.1772139072418213
1295.0,2.7399444907295867,368.0,447.0,51.0,0.6942168540000317,2.1780319213867188
1296.0,2.737204546238857,368.0,430.0,62.0,0.693963277752283,2.1788580417633057
1297.0,2.734467341692618,368.0,404.0,41.0,0.693709540437237,2.1796610355377197
1298.0,2.7317328743509255,368.0,426.0,51.0,0.6934556420454842,2.1804747581481934
1299.0,2.7290011414765747,368.0,424.0,60.0,0.6932015825678199,2.1814558506011963
1300.0,2.726272140335098,368.0,415.0,57.0,0.6929473619952451,2.1823458671569824
1301.0,2.723545868194763,368.0,398.0,46.0,0.6926929803189662,2.1831700801849365
1302.0,2.720822322326568,368.0,387.0,38.0,0.6924384375303962,2.1840031147003174
1303.0,2.7181015000042414,368.0,427.0,55.0,0.6921837336211545,2.184814929962158
1304.0,2.7153833985042373,368.0,392.0,52.0,0.6919288685830676,2.1856298446655273
1305.0,2.712668015105733,368.0,434.0,51.0,0.6916738424081693,2.18645977973938
1306.0,2.7099553470906272,368.0,425.0,54.0,0.6914186550887016,2.1873128414154053
1307.0,2.7072453917435366,368.0,403.0,44.0,0.6911633066171146,2.188124895095825
1308.0,2.7045381463517932,368.0,405.0,54.0,0.6909077969860669,2.1889448165893555
1309.0,2.7018336082054413,368.0,411.0,51.0,0.6906521261884264,2.1897411346435547
1310.0,2.6991317745972356,368.0,389.0,53.0,0.6903962942172707,2.1905570030212402
1311.0,2.6964326428226384,368.0,411.0,36.0,0.690140301065887,2.191370964050293
1312.0,2.6937362101798157,368.0,408.0,50.0,0.6898841467277729,2.1921920776367188
1313.0,2.691042473969636,368.0,389.0,42.0,0.689627831196637,2.193005084991455
1314.0,2.6883514314956662,368.0,419.0,49.0,0.6893713544663987,2.1938209533691406
1315.0,2.6856630800641708,368.0,386.0,46.0,0.6891147165311895,2.1946280002593994
1316.0,2.6829774169841065,368.0,388.0,40.0,0.6888579173853522,2.195438861846924
1317.0,2.680294439567122,368.0,383.0,34.0,0.6886009570234427,2.1962358951568604
1318.0,2.677614145127555,368.0,392.0,29.0,0.6883438354402294,2.197007179260254
1319.0,2.6749365309824276,368.0,387.0,49.0,0.6880865526306938,2.197917938232422
1320.0,2.672261594451445,368.0,382.0,36.0,0.6878291085900317,2.1987199783325195
1321.0,2.6695893328569937,368.0,382.0,33.0,0.6875715033136521,2.19954776763916
1322.0,2.6669197435241365,368.0,400.0,31.0,0.6873137367971792,2.200356960296631
1323.0,2.6642528237806125,368.0,396.0,41.0,0.6870558090364518,2.2011499404907227
1324.0,2.6615885709568317,366.0,373.0,30.0,0.6867977200275243,2.2019550800323486
1325.0,2.658926982385875,348.0,365.0,27.0,0.6865394697666664,2.202785015106201
1326.0,2.656268055403489,348.0,367.0,37.0,0.6862810582503642,2.203577756881714
1327.0,2.6536117873480856,348.0,372.0,33.0,0.6860224854753207,2.2043797969818115
1328.0,2.6509581755607377,348.0,396.0,48.0,0.6857637514384557,2.205188751220703
1329.0,2.648307217385177,348.0,392.0,32.0,0.6855048561369059,2.2060470581054688
1330.0,2.645658910167792,348.0,382.0,37.0,0.6852457995680268,2.206831932067871
1331.0,2.643013251257624,348.0,391.0,38.0,0.6849865817293914,2.2076189517974854
1332.0,2.640370238006366,348.0,408.0,43.0,0.6847272026187917,2.2084028720855713
1333.0,2.6377298677683596,348.0,421.0,43.0,0.684467662234239,2.209196090698242
1334.0,2.635092137900591,348.0,428.0,47.0,0.6842079605739637,2.2099809646606445
1335.0,2.6324570457626906,348.0,411.0,45.0,0.6839480976364164,2.2107808589935303
1336.0,2.629824588716928,348.0,397.0,51.0,0.683688073420268,2.211582899093628
1337.0,2.6271947641282107,348.0,414.0,39.0,0.6834278879244103,2.2124128341674805
1338.0,2.6245675693640824,348.0,400.0,38.0,0.6831675411479563,2.2131881713867188
1339.0,2.6219430017947185,348.0,422.0,50.0,0.6829070330902404,2.2139499187469482
1340.0,2.6193210587929237,348.0,419.0,32.0,0.6826463637508193,2.21471905708313
1341.0,2.6167017377341306,348.0,411.0,37.0,0.682385533129472,2.2154901027679443
1342.0,2.6140850359963963,348.0,402.0,34.0,0.6821245412262007,2.2162439823150635
1343.0,2.6114709509604,348.0,407.0,37.0,0.6818633880412306,2.216998815536499
1344.0,2.6088594800094396,348.0,405.0,41.0,0.6816020735750108,2.217764139175415
1345.0,2.6062506205294302,348.0,408.0,43.0,0.6813405978282145,2.2185139656066895
1346.0,2.603644369908901,348.0,412.0,41.0,0.6810789608017398,2.2192697525024414
1347.0,2.601040725538992,348.0,407.0,35.0,0.6808171624967092,2.2200958728790283
1348.0,2.598439684813453,348.0,398.0,52.0,0.6805552029144711,2.220869779586792
1349.0,2.5958412451286397,348.0,400.0,47.0,0.6802930820565999,2.2216379642486572
1350.0,2.593245403883511,348.0,416.0,47.0,0.6800307999248958,2.222424030303955
1351.0,2.5906521584796276,348.0,402.0,54.0,0.6797683565213861,2.2232069969177246
1352.0,2.588061506321148,348.0,388.0,37.0,0.6795057518483252,2.223972797393799
1353.0,2.5854734448148267,348.0,392.0,40.0,0.6792429859081948,2.224730968475342
1354.0,2.582887971370012,348.0,397.0,31.0,0.6789800587037048,2.2255358695983887
1355.0,2.580305083398642,348.0,418.0,44.0,0.6787169702377936,2.226322889328003
1356.0,2.5777247783152433,348.0,370.0,36.0,0.6784537205136285,2.2271060943603516
1357.0,2.575147053536928,348.0,380.0,28.0,0.6781903095346056,2.2278761863708496
1358.0,2.572571906483391,348.0,363.0,44.0,0.6779267373043513,2.2286429405212402
1359.0,2.5699993345769077,348.0,382.0,18.0,0.6776630038267216,2.229414939880371
1360.0,2.567429335242331,348.0,407.0,33.0,0.6773991091058035,2.230186939239502
1361.0,2.5648619059070885,348.0,399.0,56.0,0.6771350531459146,2.2309999465942383
1362.0,2.5622970440011814,348.0,407.0,36.0,0.6768708359516042,2.231752872467041
1363.0,2.5597347469571803,348.0,390.0,44.0,0.6766064575276535,2.2325198650360107
1364.0,2.557175012210223,348.0,387.0,29.0,0.6763419178790755,2.233280897140503
1365.0,2.5546178371980126,348.0,387.0,37.0,0.6760772170111162,2.234035015106201
1366.0,2.5520632193608144,348.0,387.0,29.0,0.675812354929255,2.234788179397583
1367.0,2.5495111561414534,348.0,406.0,48.0,0.6755473316392042,2.235557794570923
1368.0,2.546961644985312,348.0,386.0,47.0,0.6752821471469106,2.236334800720215
1369.0,2.5444146833403267,348.0,394.0,32.0,0.6750168014585554,2.2370901107788086
1370.0,2.5418702686569863,348.0,412.0,39.0,0.6747512945805542,2.2378458976745605
1371.0,2.5393283983883292,348.0,417.0,33.0,0.6744856265195582,2.238602876663208
1372.0,2.5367890699899407,348.0,405.0,44.0,0.6742197972824545,2.2393908500671387
1373.0,2.534252280919951,348.0,390.0,36.0,0.6739538068763659,2.2401609420776367
1374.0,2.531718028639031,348.0,404.0,33.0,0.6736876553086519,2.2409539222717285
1375.0,2.529186310610392,348.0,412.0,50.0,0.6734213425869092,2.2416889667510986
1376.0,2.5266571242997813,348.0,382.0,28.0,0.6731548687189717,2.2424368858337402
1377.0,2.5241304671754814,348.0,379.0,39.0,0.6728882337129111,2.2431769371032715
1378.0,2.521606336708306,348.0,389.0,29.0,0.6726214375770375,2.243929147720337
1379.0,2.5190847303715977,348.0,403.0,35.0,0.6723544803198999,2.2446658611297607
1380.0,2.516565645641226,348.0,425.0,32.0,0.6720873619502861,2.245476007461548
1381.0,2.514049079995585,348.0,407.0,51.0,0.6718200824772237,2.2462010383605957
1382.0,2.511535030915589,348.0,383.0,43.0,0.6715526419099802,2.246933937072754
1383.0,2.5090234958846733,348.0,423.0,48.0,0.6712850402580637,2.247696876525879
1384.0,2.5065144723887887,348.0,429.0,43.0,0.6710172775312231,2.248460054397583
1385.0,2.5040079579164,348.0,414.0,37.0,0.6707493537394484,2.24920392036438
1386.0,2.5015039499584835,348.0,383.0,36.0,0.6704812688929717,2.24995493888855
1387.0,2.499002446008525,348.0,390.0,42.0,0.6702130230022671,2.2507240772247314
1388.0,2.4965034435625166,348.0,417.0,45.0,0.6699446160780513,2.251461982727051
1389.0,2.494006940118954,348.0,410.0,45.0,0.6696760481312841,2.252195119857788
1390.0,2.491512933178835,348.0,407.0,46.0,0.6694073191731688,2.252953052520752
1391.0,2.489021420245656,348.0,374.0,38.0,0.6691384292151524,2.2537059783935547
1392.0,2.4865323988254104,348.0,359.0,32.0,0.6688693782689266,2.25445294380188
1393.0,2.484045866426585,348.0,363.0,27.0,0.6686001663464277,2.255173921585083
1394.0,2.4815618205601586,348.0,375.0,34.0,0.668330793459837,2.2559618949890137
1395.0,2.4790802587395984,348.0,415.0,45.0,0.668061259621582,2.256695032119751
1396.0,2.4766011784808586,348.0,393.0,40.0,0.6677915648443358,2.257417917251587
1397.0,2.4741245773023777,348.0,379.0,21.0,0.667521709141018,2.258150815963745
1398.0,2.471650452725075,348.0,389.0,26.0,0.6672516925247958,2.2588939666748047
1399.0,2.46917880227235,348.0,392.0,38.0,0.666981515009083,2.2596280574798584
1400.0,2.466709623470078,348.0,406.0,42.0,0.6667111766075418,2.2603700160980225
1401.0,2.4642429138466078,348.0,402.0,26.0,0.6664406773340822,2.2612268924713135
1402.0,2.461778670932761,348.0,403.0,45.0,0.6661700172028633,2.261976957321167
1403.0,2.4593168922618283,348.0,431.0,44.0,0.6658991962282933,2.262706995010376
1404.0,2.4568575753695665,348.0,399.0,41.0,0.6656282144250297,2.2634530067443848
1405.0,2.454400717794197,348.0,381.0,36.0,0.6653570718079804,2.264207124710083
1406.0,2.451946317076403,348.0,404.0,39.0,0.6650857683923034,2.2651870250701904
1407.0,2.4494943707593264,348.0,388.0,38.0,0.6648143041934078,2.2659409046173096
1408.0,2.447044876388567,348.0,385.0,29.0,0.664542679226954,2.2666819095611572
1409.0,2.4445978315121786,348.0,384.0,43.0,0.664270893508854,2.2674779891967773
1410.0,2.4421532336806666,348.0,384.0,32.0,0.6639989470552724,2.2682149410247803
1411.0,2.439711080446986,348.0,411.0,28.0,0.6637268398826259,2.2689530849456787
1412.0,2.437271369366539,348.0,393.0,43.0,0.663454572007585,2.2696850299835205
1413.0,2.4348340979971725,348.0,388.0,35.0,0.6631821434470727,2.2704288959503174
1414.0,2.432399263899175,348.0,373.0,31.0,0.662909554218267,2.2711617946624756
1415.0,2.429966864635276,348.0,361.0,17.0,0.6626368043385997,2.2718939781188965
1416.0,2.427536897770641,348.0,359.0,29.0,0.6623638938257577,2.272634744644165
1417.0,2.42510936087287,348.0,378.0,25.0,0.6620908226976829,2.2733938694000244
1418.0,2.4226842515119973,348.0,387.0,29.0,0.6618175909725732,2.2741360664367676
1419.0,2.4202615672604852,348.0,397.0,31.0,0.6615441986688825,2.274868965148926
1420.0,2.4178413056932246,348.0,387.0,32.0,0.6612706458053214,2.2755939960479736
1421.0,2.415423464387531,348.0,379.0,37.0,0.6609969324008572,2.27632474899292
1422.0,2.4130080409231436,348.0,385.0,23.0,0.6607230584747154,2.2770397663116455
1423.0,2.4105950328822203,348.0,378.0,30.0,0.6604490240463786,2.2778050899505615
1424.0,2.408184437849338,348.0,382.0,39.0,0.6601748291355882,2.278510093688965
1425.0,2.4057762534114886,348.0,386.0,18.0,0.6599004737623446,2.2792530059814453
1426.0,2.4033704771580773,348.0,385.0,40.0,0.6596259579469067,2.279979944229126
1427.0,2.4009671066809193,348.0,397.0,35.0,0.659351281709794,2.280708074569702
1428.0,2.398566139574238,348.0,371.0,28.0,0.6590764450717852,2.2814767360687256
1429.0,2.396167573434664,348.0,361.0,18.0,0.6588014480539203,2.282165050506592
1430.0,2.393771405861229,348.0,371.0,28.0,0.6585262906775,2.2828800678253174
1431.0,2.391377634455368,348.0,393.0,31.0,0.6582509729640864,2.2835869789123535
1432.0,2.3889862568209126,348.0,398.0,31.0,0.6579754949355036,2.2843010425567627
1433.0,2.3865972705640917,348.0,390.0,38.0,0.6576998566138379,2.285019874572754
1434.0,2.3842106732935275,348.0,395.0,38.0,0.6574240580214386,2.2857558727264404
1435.0,2.381826462620234,348.0,387.0,30.0,0.6571480991809178,2.286468744277954
1436.0,2.3794446361576136,348.0,403.0,46.0,0.6568719801151518,2.2872769832611084
1437.0,2.377065191521456,348.0,384.0,29.0,0.6565957008472806,2.28800106048584
1438.0,2.3746881263299344,348.0,386.0,32.0,0.6563192614007088,2.288721799850464
1439.0,2.3723134382036046,348.0,378.0,27.0,0.6560426617991063,2.2894399166107178
1440.0,2.369941124765401,348.0,361.0,33.0,0.6557659020664078,2.290144920349121
1441.0,2.3675711836406355,348.0,384.0,25.0,0.6554889822268144,2.2908549308776855
1442.0,2.3652036124569946,348.0,392.0,29.0,0.6552119023047934,2.291553020477295
1443.0,2.3628384088445378,348.0,376.0,28.0,0.6549346623250787,2.2922708988189697
1444.0,2.3604755704356934,348.0,400.0,33.0,0.6546572623126716,2.2929611206054688
1445.0,2.3581150948652576,348.0,399.0,41.0,0.6543797022928408,2.293684959411621
1446.0,2.3557569797703923,348.0,366.0,42.0,0.6541019822911233,2.2943789958953857
1447.0,2.353401222790622,348.0,384.0,21.0,0.6538241023333246,2.2950689792633057
1448.0,2.351047821567831,348.0,405.0,34.0,0.6535460624455189,2.29577898979187
1449.0,2.348696773746263,348.0,379.0,29.0,0.6532678626540503,2.296502113342285
1450.0,2.3463480769725167,348.0,401.0,30.0,0.6529895029855326,2.297191858291626
1451.0,2.3440017288955444,348.0,416.0,37.0,0.6527109834668494,2.2979319095611572
1452.0,2.3416577271666488,348.0,412.0,32.0,0.6524323041251558,2.2986350059509277
1453.0,2.3393160694394823,348.0,385.0,37.0,0.6521534649878777,2.299355983734131
1454.0,2.3369767533700427,348.0,357.0,35.0,0.6518744660827126,2.3000497817993164
1455.0,2.334639776616673,348.0,370.0,17.0,0.6515953074376302,2.3007500171661377
1456.0,2.332305136840056,348.0,381.0,25.0,0.6513159890808727,2.3014750480651855
1457.0,2.329972831703216,348.0,386.0,27.0,0.6510365110409553,2.3021790981292725
1458.0,2.3276428588715126,348.0,408.0,29.0,0.6507568733466667,2.3029141426086426
1459.0,2.325315216012641,348.0,403.0,38.0,0.6504770760270691,2.3036558628082275
1460.0,2.322989900796628,348.0,411.0,38.0,0.6501971191114995,2.3043458461761475
1461.0,2.3206669108958313,348.0,376.0,46.0,0.6499170026295694,2.3050529956817627
1462.0,2.3183462439849354,348.0,378.0,23.0,0.6496367266111654,2.3057470321655273
1463.0,2.3160278977409505,348.0,361.0,21.0,0.6493562910864501,2.3064687252044678
1464.0,2.3137118698432095,348.0,365.0,28.0,0.6490756960858617,2.3071649074554443
1465.0,2.3113981579733665,348.0,392.0,37.0,0.6487949416401154,2.307854175567627
1466.0,2.309086759815393,348.0,381.0,29.0,0.6485140277802031,2.3085339069366455
1467.0,2.306777673055578,348.0,382.0,16.0,0.6482329545373942,2.3092269897460938
1468.0,2.304470895382522,348.0,395.0,31.0,0.647951721943236,2.309915781021118
1469.0,2.30216642448714,348.0,385.0,32.0,0.6476703300295541,2.3106648921966553
1470.0,2.2998642580626525,348.0,374.0,19.0,0.6473887788284529,2.311365842819214
1471.0,2.2975643938045898,348.0,393.0,26.0,0.6471070683723159,2.3120460510253906
1472.0,2.295266829410785,348.0,390.0,29.0,0.6468251986938065,2.31272292137146
1473.0,2.2929715625813745,348.0,377.0,28.0,0.646543169825868,2.3134231567382812
1474.0,2.2906785910187932,348.0,356.0,27.0,0.6462609818017243,2.3140709400177
1475.0,2.2883879124277744,348.0,360.0,14.0,0.6459786346548801,2.3147709369659424
1476.0,2.286099524515347,348.0,356.0,24.0,0.6456961284191222,2.315464973449707
1477.0,2.2838134249908313,348.0,356.0,21.0,0.6454134631285184,2.3161427974700928
1478.0,2.2815296115658406,348.0,383.0,19.0,0.6451306388174196,2.3168351650238037
1479.0,2.279248081954275,348.0,366.0,24.0,0.644847655520459,2.317502975463867
1480.0,2.2769688338723206,348.0,383.0,24.0,0.6445645132725533,2.3182997703552246
1481.0,2.2746918650384482,348.0,385.0,23.0,0.6442812121089027,2.318995952606201
1482.0,2.2724171731734097,348.0,359.0,25.0,0.6439977520649915,2.3196709156036377
1483.0,2.2701447560002364,348.0,357.0,20.0,0.643714133176589,2.3204009532928467
1484.0,2.267874611244236,348.0,358.0,18.0,0.643430355479749,2.3210690021514893
1485.0,2.265606736632992,348.0,355.0,20.0,0.6431464190108112,2.32173490524292
1486.0,2.263341129896359,348.0,350.0,25.0,0.6428623238064006,2.3224129676818848
1487.0,2.2610777887664626,348.0,355.0,19.0,0.6425780699034294,2.3230879306793213
1488.0,2.258816710977696,348.0,353.0,20.0,0.6422936573390958,2.3237597942352295
1489.0,2.2565578942667184,348.0,383.0,30.0,0.6420090861508859,2.324460029602051
1490.0,2.2543013363724516,348.0,369.0,25.0,0.6417243563765731,2.325134038925171
1491.0,2.252047035036079,348.0,367.0,33.0,0.6414394680542193,2.3257930278778076
1492.0,2.249794988001043,348.0,364.0,24.0,0.6411544212221744,2.326462984085083
1493.0,2.2475451930130417,348.0,369.0,20.0,0.6408692159190781,2.3271589279174805
1494.0,2.2452976478200286,348.0,361.0,11.0,0.640583852183859,2.3278441429138184
1495.0,2.2430523501722086,348.0,372.0,21.0,0.6402983300557362,2.328549861907959
1496.0,2.2408092978220364,348.0,397.0,24.0,0.6400126495742187,2.3292059898376465
1497.0,2.2385684885242143,348.0,418.0,46.0,0.6397268107791064,2.329880952835083
1498.0,2.2363299200356903,348.0,403.0,42.0,0.6394408137104909,2.330564022064209
1499.0,2.2340935901156547,348.0,381.0,23.0,0.639154658408755,2.3312289714813232
1500.0,2.231859496525539,348.0,375.0,39.0,0.6388683449145739,2.3318898677825928
1501.0,2.2296276370290133,348.0,397.0,27.0,0.6385818732689157,2.3325607776641846
1502.0,2.2273980093919845,348.0,379.0,23.0,0.6382952435130412,2.3332149982452393
1503.0,2.2251706113825924,348.0,390.0,25.0,0.638008455688505,2.333875894546509
1504.0,2.22294544077121,348.0,404.0,23.0,0.6377215098371554,2.334523916244507
1505.0,2.2207224953304388,348.0,377.0,34.0,0.6374344060011352,2.3352251052856445
1506.0,2.218501772835108,348.0,389.0,29.0,0.6371471442228824,2.3358919620513916
1507.0,2.2162832710622733,348.0,381.0,34.0,0.6368597245451301,2.3365249633789062
1508.0,2.214066987791211,348.0,384.0,23.0,0.6365721470109067,2.3371849060058594
1509.0,2.2118529208034197,348.0,375.0,18.0,0.6362844116635377,2.3378570079803467
1510.0,2.2096410678826164,348.0,381.0,21.0,0.6359965185466446,2.3385229110717773
1511.0,2.207431426814734,348.0,374.0,19.0,0.6357084677041464,2.339168071746826
1512.0,2.2052239953879194,348.0,395.0,27.0,0.6354202591802594,2.3398120403289795
1513.0,2.2030187713925313,348.0,387.0,27.0,0.6351318930194979,2.340456962585449
1514.0,2.2008157526211387,348.0,374.0,35.0,0.634843369266675,2.3411269187927246
1515.0,2.1986149368685175,348.0,352.0,25.0,0.6345546879669022,2.341777801513672
1516.0,2.196416321931649,348.0,364.0,17.0,0.6342658491655907,2.342418909072876
1517.0,2.1942199056097174,348.0,352.0,29.0,0.6339768529084516,2.3431107997894287
1518.0,2.192025685704108,348.0,360.0,19.0,0.633687699241496,2.3437860012054443
1519.0,2.1898336600184036,348.0,371.0,21.0,0.6333983882110357,2.344428062438965
1520.0,2.1876438263583853,348.0,366.0,15.0,0.6331089198636837,2.3450958728790283
1521.0,2.185456182532027,348.0,381.0,30.0,0.6328192942463547,2.3457419872283936
1522.0,2.183270726349495,348.0,400.0,25.0,0.6325295114062653,2.3463921546936035
1523.0,2.1810874556231457,348.0,381.0,26.0,0.6322395713909347,2.3470449447631836
1524.0,2.1789063681675227,348.0,369.0,27.0,0.6319494742481849,2.3477439880371094
1525.0,2.1767274617993553,348.0,373.0,21.0,0.6316592200261415,2.3484108448028564
1526.0,2.174550734337556,348.0,369.0,34.0,0.6313688087732338,2.3490607738494873
1527.0,2.1723761836032187,348.0,384.0,25.0,0.6310782405381953,2.3497180938720703
1528.0,2.1702038074196155,348.0,378.0,24.0,0.6307875153700643,2.3503618240356445
1529.0,2.1680336036121957,348.0,373.0,24.0,0.6304966333181843,2.351020097732544
1530.0,2.1658655700085836,348.0,382.0,19.0,0.6302055944322045,2.3518149852752686
1531.0,2.163699704438575,348.0,375.0,20.0,0.6299143987620801,2.35249400138855
1532.0,2.161536004734136,348.0,384.0,20.0,0.6296230463580728,2.3531689643859863
1533.0,2.159374468729402,348.0,370.0,26.0,0.6293315372707513,2.354114055633545
1534.0,2.1572150942606725,348.0,361.0,18.0,0.6290398715509916,2.3549230098724365
1535.0,2.155057879166412,348.0,367.0,14.0,0.628748049249978,2.35566782951355
1536.0,2.1529028212872454,348.0,362.0,21.0,0.6284560704192024,2.356405019760132
1537.0,2.150749918465958,348.0,357.0,17.0,0.6281639351104661,2.357048988342285
1538.0,2.1485991685474923,348.0,380.0,22.0,0.6278716433758792,2.357686996459961
1539.0,2.1464505693789446,348.0,381.0,17.0,0.6275791952678617,2.35831880569458
1540.0,2.1443041188095657,348.0,398.0,25.0,0.6272865908391436,2.3589420318603516
1541.0,2.142159814690756,348.0,372.0,31.0,0.6269938301427654,2.3595869541168213
1542.0,2.140017654876065,348.0,373.0,21.0,0.6267009132320788,2.3602359294891357
1543.0,2.137877637221189,348.0,416.0,36.0,0.6264078401607468,2.36088490486145
1544.0,2.135739759583968,348.0,389.0,40.0,0.6261146109827441,2.3615198135375977
1545.0,2.133604019824384,348.0,377.0,21.0,0.6258212257523581,2.362169027328491
1546.0,2.1314704158045594,348.0,391.0,26.0,0.6255276845241888,2.362807035446167
1547.0,2.129338945388755,348.0,371.0,32.0,0.6252339873531494,2.3634350299835205
1548.0,2.1272096064433663,348.0,369.0,19.0,0.6249401342944669,2.3640530109405518
1549.0,2.125082396836923,348.0,378.0,23.0,0.6246461254036825,2.364767074584961
1550.0,2.122957314440086,348.0,379.0,27.0,0.6243519607366514,2.3654000759124756
1551.0,2.120834357125646,348.0,385.0,28.0,0.6240576403495448,2.36601185798645
1552.0,2.11871352276852,348.0,375.0,27.0,0.6237631642988484,2.3666160106658936
1553.0,2.1165948092457514,348.0,376.0,22.0,0.6234685326413644,2.3672289848327637
1554.0,2.1144782144365055,348.0,406.0,23.0,0.6231737454342112,2.3678641319274902
1555.0,2.112363736222069,348.0,401.0,29.0,0.622878802734824,2.368472099304199
1556.0,2.110251372485847,348.0,369.0,21.0,0.6225837046009552,2.3690948486328125
1557.0,2.108141121113361,348.0,365.0,10.0,0.6222884510906751,2.369678020477295
1558.0,2.1060329799922477,348.0,359.0,16.0,0.6219930422623718,2.3702869415283203
1559.0,2.1039269470122552,348.0,376.0,19.0,0.6216974781747523,2.370893955230713
1560.0,2.101823020065243,348.0,388.0,18.0,0.6214017588868425,2.371490955352783
1561.0,2.0997211970451777,348.0,382.0,18.0,0.6211058844579879,2.3720991611480713
1562.0,2.0976214758481326,348.0,377.0,31.0,0.6208098549478536,2.372718095779419
1563.0,2.0955238543722845,348.0,378.0,16.0,0.6205136704164255,2.373322010040283
1564.0,2.093428330517912,348.0,382.0,19.0,0.62021733092401,2.373934030532837
1565.0,2.091334902187394,348.0,365.0,26.0,0.619920836531235,2.374598979949951
1566.0,2.0892435672852065,348.0,356.0,19.0,0.61962418729905,2.3752148151397705
1567.0,2.0871543237179213,348.0,364.0,19.0,0.6193273832887265,2.375838041305542
1568.0,2.0850671693942036,348.0,364.0,16.0,0.6190304245618589,2.3764657974243164
1569.0,2.0829821022248094,348.0,380.0,22.0,0.6187333111803643,2.377089023590088
1570.0,2.0808991201225844,348.0,370.0,37.0,0.6184360432064837,2.3777079582214355
1571.0,2.0788182210024617,348.0,392.0,26.0,0.6181386207027817,2.3783328533172607
1572.0,2.076739402781459,348.0,396.0,32.0,0.6178410437321474,2.37896990776062
1573.0,2.0746626633786778,348.0,394.0,26.0,0.6175433123577947,2.379652738571167
1574.0,2.072588000715299,348.0,387.0,24.0,0.6172454266432628,2.380270004272461
1575.0,2.0705154127145837,348.0,391.0,24.0,0.6169473866524166,2.3808908462524414
1576.0,2.068444897301869,348.0,401.0,24.0,0.616649192449447,2.3815159797668457
1577.0,2.066376452404567,348.0,376.0,23.0,0.6163508440988718,2.382117986679077
1578.0,2.0643100759521626,348.0,376.0,15.0,0.6160523416655357,2.3827247619628906
1579.0,2.0622457658762103,348.0,388.0,16.0,0.6157536852146106,2.383331060409546
1580.0,2.0601835201103342,348.0,379.0,23.0,0.615454874811597,2.383941888809204
1581.0,2.058123336590224,348.0,361.0,24.0,0.615155910522323,2.3845858573913574
1582.0,2.0560652132536337,348.0,369.0,26.0,0.614856792412946,2.385279893875122
1583.0,2.05400914804038,348.0,384.0,29.0,0.6145575205499525,2.3859169483184814
1584.0,2.05195513889234,348.0,366.0,24.0,0.6142580950001588,2.386538028717041
1585.0,2.0499031837534476,348.0,374.0,9.0,0.6139585158307113,2.3871989250183105
1586.0,2.047853280569694,348.0,365.0,30.0,0.6136587831090867,2.387824773788452
1587.0,2.045805427289124,348.0,353.0,16.0,0.6133588969030932,2.3884079456329346
1588.0,2.043759621861835,348.0,352.0,17.0,0.6130588572808702,2.3890187740325928
1589.0,2.041715862239973,348.0,378.0,16.0,0.6127586643108891,2.3896000385284424
1590.0,2.0396741463777333,348.0,382.0,17.0,0.6124583180619535,2.3901970386505127
1591.0,2.0376344722313555,348.0,402.0,33.0,0.6121578186032001,2.390800952911377
1592.0,2.0355968377591243,348.0,390.0,26.0,0.6118571660040983,2.3913779258728027
1593.0,2.0335612409213653,348.0,381.0,21.0,0.6115563603344518,2.391974925994873
1594.0,2.031527679680444,348.0,385.0,22.0,0.6112554016643981,2.392565965652466
1595.0,2.0294961520007635,348.0,371.0,17.0,0.610954290064409,2.3931820392608643
1596.0,2.027466655848763,348.0,392.0,23.0,0.610653025605292,2.393821954727173
1597.0,2.025439189192914,348.0,380.0,26.0,0.6103516083581892,2.3945059776306152
1598.0,2.0234137500037215,348.0,372.0,25.0,0.6100500383945795,2.3954198360443115
1599.0,2.0213903362537176,348.0,351.0,24.0,0.609748315786277,2.396059989929199
1600.0,2.019368945917464,348.0,366.0,16.0,0.6094464406054336,2.3966760635375977
1601.0,2.0173495769715464,348.0,356.0,15.0,0.6091444129245379,2.3972930908203125
1602.0,2.0153322273945746,348.0,361.0,18.0,0.608842232816416,2.397913932800293
1603.0,2.01331689516718,348.0,355.0,7.0,0.6085399003542326,2.39854097366333
1604.0,2.011303578272013,346.0,346.0,15.0,0.6082374156114904,2.399158000946045
1605.0,2.009292274693741,345.0,349.0,10.0,0.6079347786620312,2.399768114089966
1606.0,2.007282982419047,345.0,364.0,17.0,0.6076319895800363,2.4003751277923584
1607.0,2.005275699436628,345.0,383.0,18.0,0.6073290484400268,2.4009740352630615
1608.0,2.003270423737191,345.0,373.0,22.0,0.607025955316864,2.4015610218048096
1609.0,2.001267153313454,345.0,372.0,24.0,0.6067227102857499,2.4021708965301514
1610.0,1.9992658861601404,345.0,370.0,20.0,0.6064193134222278,2.4027600288391113
1611.0,1.9972666202739804,345.0,373.0,18.0,0.6061157648021822,2.403330087661743
1612.0,1.9952693536537065,345.0,374.0,22.0,0.6058120645018403,2.4039249420166016
1613.0,1.9932740843000527,345.0,362.0,20.0,0.605508212597771,2.404517889022827
1614.0,1.9912808102157527,345.0,387.0,19.0,0.6052042091668864,2.4051661491394043
1615.0,1.9892895294055368,345.0,398.0,27.0,0.6049000542864422,2.405768871307373
1616.0,1.9873002398761312,345.0,374.0,27.0,0.6045957480340375,2.406376838684082
1617.0,1.9853129396362552,345.0,351.0,15.0,0.6042912904876157,2.4069628715515137
1618.0,1.9833276266966189,345.0,367.0,19.0,0.6039866817254647,2.4075567722320557
1619.0,1.9813442990699222,345.0,361.0,16.0,0.6036819218262177,2.408153772354126
1620.0,1.9793629547708522,345.0,377.0,18.0,0.6033770108688535,2.4087629318237305
1621.0,1.9773835918160814,345.0,374.0,24.0,0.6030719489326966,2.4093589782714844
1622.0,1.9754062082242654,345.0,374.0,20.0,0.6027667360974177,2.4099950790405273
1623.0,1.9734308020160412,345.0,395.0,15.0,0.6024613724430348,2.410593032836914
1624.0,1.971457371214025,345.0,374.0,26.0,0.6021558580499127,2.4111838340759277
1625.0,1.9694859138428111,345.0,364.0,16.0,0.6018501929987643,2.411790132522583
1626.0,1.9675164279289683,345.0,370.0,16.0,0.6015443773706501,2.412367105484009
1627.0,1.9655489115010394,345.0,371.0,23.0,0.6012384112469796,2.4129741191864014
1628.0,1.9635833625895383,345.0,363.0,20.0,0.600932294709511,2.413567066192627
1629.0,1.9616197792269487,345.0,370.0,24.0,0.600626027840352,2.4141619205474854
1630.0,1.9596581594477218,345.0,375.0,14.0,0.6003196107219603,2.41487193107605
1631.0,1.9576985012882742,345.0,388.0,25.0,0.6000130434371435,2.41544508934021
1632.0,1.9557408027869858,345.0,392.0,25.0,0.5997063260690602,2.416043996810913
1633.0,1.9537850619841988,345.0,375.0,19.0,0.5993994587012199,2.416630983352661
1634.0,1.9518312769222146,345.0,359.0,19.0,0.5990924414174841,2.417224884033203
1635.0,1.9498794456452924,345.0,378.0,24.0,0.5987852743020659,2.417807102203369
1636.0,1.947929566199647,345.0,370.0,29.0,0.5984779574395309,2.4183847904205322
1637.0,1.9459816366334473,345.0,345.0,17.0,0.5981704909147976,2.4189791679382324
1638.0,1.9440356549968139,345.0,355.0,17.0,0.5978628748131378,2.4196338653564453
1639.0,1.942091619341817,345.0,360.0,20.0,0.5975551092201772,2.4202799797058105
1640.0,1.9401495277224752,345.0,381.0,21.0,0.5972471942218952,2.420875072479248
1641.0,1.9382093781947527,345.0,384.0,25.0,0.5969391299046262,2.4214227199554443
1642.0,1.936271168816558,345.0,372.0,22.0,0.5966309163550593,2.4219887256622314
1643.0,1.9343348976477415,345.0,362.0,16.0,0.5963225536602392,2.422557830810547
1644.0,1.9324005627500938,345.0,360.0,17.0,0.5960140419075667,2.4231128692626953
1645.0,1.9304681621873436,345.0,377.0,16.0,0.5957053811847983,2.4236629009246826
1646.0,1.9285376940251562,345.0,375.0,18.0,0.5953965715800477,2.424221992492676
1647.0,1.926609156331131,345.0,379.0,16.0,0.5950876131817855,2.4248368740081787
1648.0,1.9246825471748,345.0,374.0,13.0,0.5947785060788401,2.4254469871520996
1649.0,1.922757864627625,345.0,368.0,12.0,0.5944692503603977,2.426032781600952
1650.0,1.9208351067629974,345.0,354.0,23.0,0.5941598461160027,2.426630973815918
1651.0,1.9189142716562344,345.0,353.0,15.0,0.5938502934355592,2.4272210597991943
1652.0,1.9169953573845782,345.0,359.0,13.0,0.5935405924093295,2.4278039932250977
1653.0,1.9150783620271936,345.0,364.0,19.0,0.5932307431279363,2.428388833999634
1654.0,1.9131632836651664,345.0,355.0,28.0,0.5929207456823622,2.4289798736572266
1655.0,1.9112501203815013,345.0,367.0,19.0,0.5926106001639505,2.4295308589935303
1656.0,1.9093388702611198,345.0,354.0,15.0,0.592300306664405,2.4301040172576904
1657.0,1.9074295313908587,345.0,352.0,17.0,0.5919898652757916,2.4306681156158447
1658.0,1.905522101859468,345.0,346.0,10.0,0.5916792760905374,2.4312350749969482
1659.0,1.9036165797576083,341.0,343.0,13.0,0.5913685392014322,2.431804895401001
1660.0,1.9017129631778507,337.0,352.0,17.0,0.5910576547016281,2.4323678016662598
1661.0,1.899811250214673,337.0,341.0,13.0,0.5907466226846405,2.4329111576080322
1662.0,1.8979114389644582,337.0,349.0,7.0,0.5904354432443482,2.4334888458251953
1663.0,1.8960135275254937,337.0,353.0,17.0,0.5901241164749941,2.434065818786621
1664.0,1.8941175139979682,337.0,344.0,24.0,0.5898126424711851,2.434682846069336
1665.0,1.8922233964839703,332.0,336.0,18.0,0.5895010213278934,2.4353129863739014
1666.0,1.8903311730874863,332.0,360.0,8.0,0.5891892531404558,2.4359328746795654
1667.0,1.8884408419143988,332.0,367.0,22.0,0.5888773380045752,2.4365057945251465
1668.0,1.8865524010724843,332.0,350.0,20.0,0.5885652760163201,2.437113046646118
1669.0,1.8846658486714118,332.0,344.0,10.0,0.5882530672721259,2.437680959701538
1670.0,1.8827811828227405,332.0,343.0,10.0,0.5879407118687945,2.438231945037842
1671.0,1.8808984016399177,332.0,363.0,19.0,0.5876282099034952,2.4387881755828857
1672.0,1.8790175032382779,332.0,361.0,21.0,0.5873155614737652,2.4393420219421387
1673.0,1.8771384857350395,332.0,362.0,16.0,0.5870027666775093,2.4399149417877197
1674.0,1.8752613472493045,332.0,359.0,26.0,0.5866898256130014,2.4404830932617188
1675.0,1.8733860859020552,332.0,353.0,13.0,0.586376738378884,2.441051959991455
1676.0,1.871512699816153,332.0,358.0,13.0,0.5860635050741693,2.4416089057922363
1677.0,1.869641187116337,332.0,369.0,16.0,0.5857501257982388,2.442168951034546
1678.0,1.8677715459292206,332.0,375.0,18.0,0.5854366006508446,2.4427309036254883
1679.0,1.8659037743832914,332.0,360.0,15.0,0.5851229297321092,2.4432859420776367
1680.0,1.864037870608908,332.0,356.0,16.0,0.5848091131425263,2.443844795227051
1681.0,1.862173832738299,332.0,373.0,14.0,0.5844951509829609,2.444401979446411
1682.0,1.8603116589055608,332.0,365.0,26.0,0.5841810433546498,2.445004940032959
1683.0,1.8584513472466553,332.0,353.0,26.0,0.5838667903592023,2.44555401802063
1684.0,1.8565928958994087,332.0,358.0,10.0,0.5835523920986001,2.446113109588623
1685.0,1.8547363030035093,332.0,356.0,12.0,0.5832378486751982,2.4466969966888428
1686.0,1.8528815667005059,332.0,376.0,17.0,0.5829231601917251,2.4472477436065674
1687.0,1.8510286851338054,332.0,367.0,26.0,0.582608326751283,2.4478468894958496
1688.0,1.8491776564486715,332.0,361.0,17.0,0.5822933484573486,2.448409080505371
1689.0,1.8473284787922228,332.0,372.0,22.0,0.5819782254137733,2.4490370750427246
1690.0,1.8454811503134305,332.0,365.0,16.0,0.5816629577247836,2.449700117111206
1691.0,1.843635669163117,332.0,361.0,14.0,0.5813475454949817,2.4502761363983154
1692.0,1.841792033493954,332.0,359.0,16.0,0.5810319888293456,2.4508328437805176
1693.0,1.83995024146046,332.0,370.0,15.0,0.5807162878332297,2.4513919353485107
1694.0,1.8381102912189995,332.0,354.0,29.0,0.5804004426123651,2.451931953430176
1695.0,1.8362721809277804,332.0,355.0,21.0,0.5800844532728602,2.4524848461151123
1696.0,1.8344359087468527,332.0,374.0,15.0,0.5797683199212011,2.4530229568481445
1697.0,1.832601472838106,332.0,367.0,14.0,0.5794520426642518,2.453571081161499
1698.0,1.830768871365268,332.0,365.0,22.0,0.5791356216092542,2.4541168212890625
1699.0,1.8289381024939027,332.0,365.0,22.0,0.5788190568638301,2.454667091369629
1700.0,1.8271091643914088,332.0,353.0,17.0,0.5785023485359795,2.4553520679473877
1701.0,1.8252820552270175,332.0,359.0,16.0,0.5781854967340824,2.4558849334716797
1702.0,1.8234567731717906,332.0,360.0,12.0,0.5778685015668988,2.4564878940582275
1703.0,1.8216333163986187,332.0,370.0,13.0,0.5775513631435693,2.457075834274292
1704.0,1.81981168308222,332.0,368.0,18.0,0.5772340815736149,2.457629919052124
1705.0,1.8179918713991376,332.0,344.0,11.0,0.5769166569669383,2.4581801891326904
1706.0,1.8161738795277385,332.0,351.0,15.0,0.5765990894338234,2.458725929260254
1707.0,1.8143577056482108,332.0,368.0,20.0,0.5762813790849366,2.459278106689453
1708.0,1.8125433479425626,332.0,373.0,22.0,0.5759635260313264,2.4598138332366943
1709.0,1.81073080459462,332.0,362.0,17.0,0.575645530384424,2.460373878479004
1710.0,1.8089200737900253,332.0,350.0,13.0,0.5753273922560442,2.460983991622925
1711.0,1.8071111537162352,332.0,341.0,13.0,0.5750091117583851,2.4615328311920166
1712.0,1.8053040425625189,332.0,344.0,9.0,0.5746906890040292,2.462117910385132
1713.0,1.8034987385199563,332.0,373.0,15.0,0.574372124105943,2.4626989364624023
1714.0,1.8016952397814363,332.0,379.0,24.0,0.5740534171774779,2.463249921798706
1715.0,1.7998935445416548,332.0,368.0,23.0,0.573734568332371,2.463791847229004
1716.0,1.7980936509971133,332.0,368.0,12.0,0.5734155776847445,2.464329957962036
1717.0,1.7962955573461161,332.0,359.0,17.0,0.5730964453491066,2.4648728370666504
1718.0,1.79449926178877,332.0,370.0,16.0,0.5727771714403521,2.465404987335205
1719.0,1.7927047625269812,332.0,376.0,23.0,0.5724577560737628,2.4659159183502197
1720.0,1.7909120577644542,332.0,365.0,19.0,0.5721381993650071,2.4664199352264404
1721.0,1.7891211457066898,332.0,386.0,15.0,0.5718185014301416,2.466947078704834
1722.0,1.7873320245609832,332.0,386.0,22.0,0.5714986623856104,2.4674570560455322
1723.0,1.7855446925364222,332.0,382.0,13.0,0.5711786823482463,2.4680190086364746
1724.0,1.783759147843886,332.0,384.0,28.0,0.5708585614352707,2.4686279296875
1725.0,1.781975388696042,332.0,367.0,21.0,0.5705382997642942,2.4692258834838867
1726.0,1.780193413307346,332.0,381.0,22.0,0.5702178974533167,2.4697439670562744
1727.0,1.7784132198940388,332.0,378.0,19.0,0.5698973546207287,2.4702768325805664
1728.0,1.7766348066741446,332.0,387.0,21.0,0.5695766713853102,2.470801830291748
1729.0,1.7748581718674705,332.0,386.0,17.0,0.5692558478662325,2.4713149070739746
1730.0,1.773083313695603,332.0,365.0,23.0,0.5689348841830576,2.4718220233917236
1731.0,1.7713102303819075,332.0,365.0,19.0,0.5686137804557393,2.4723567962646484
1732.0,1.7695389201515255,332.0,373.0,16.0,0.568292536804623,2.472883939743042
1733.0,1.767769381231374,332.0,377.0,15.0,0.5679711533504467,2.4733901023864746
1734.0,1.7660016118501425,332.0,368.0,17.0,0.5676496302143405,2.4739129543304443
1735.0,1.7642356102382923,332.0,361.0,13.0,0.5673279675178281,2.4744319915771484
1736.0,1.762471374628054,332.0,362.0,10.0,0.5670061653828263,2.475008010864258
1737.0,1.760708903253426,332.0,361.0,18.0,0.5666842239316457,2.475538969039917
1738.0,1.7589481943501726,332.0,353.0,15.0,0.5663621432869913,2.476094961166382
1739.0,1.7571892461558225,332.0,362.0,17.0,0.5660399235719622,2.476630926132202
1740.0,1.7554320569096666,332.0,365.0,17.0,0.565717564910053,2.4771618843078613
1741.0,1.7536766248527569,332.0,358.0,11.0,0.565395067425153,2.477689743041992
1742.0,1.7519229482279042,332.0,364.0,13.0,0.5650724312415478,2.478239059448242
1743.0,1.7501710252796763,332.0,377.0,18.0,0.5647496564839188,2.4787728786468506
1744.0,1.7484208542543966,332.0,366.0,16.0,0.5644267432773438,2.4793150424957275
1745.0,1.7466724334001422,332.0,366.0,21.0,0.5641036917472976,2.4798479080200195
1746.0,1.7449257609667421,332.0,370.0,11.0,0.5637805020196519,2.4803829193115234
1747.0,1.7431808352057754,332.0,365.0,16.0,0.5634571742206763,2.4809229373931885
1748.0,1.7414376543705696,332.0,356.0,20.0,0.5631337084770385,2.481472969055176
1749.0,1.7396962167161991,332.0,356.0,17.0,0.562810104915804,2.4819960594177246
1750.0,1.737956520499483,332.0,368.0,18.0,0.5624863636644375,2.482524871826172
1751.0,1.7362185639789833,332.0,360.0,11.0,0.5621624848508027,2.4830589294433594
1752.0,1.7344823454150045,332.0,365.0,11.0,0.5618384686031624,2.4835808277130127
1753.0,1.7327478630695894,332.0,360.0,17.0,0.5615143150501798,2.4840760231018066
1754.0,1.7310151152065198,332.0,353.0,12.0,0.5611900243209178,2.484576940536499
1755.0,1.7292841000913133,332.0,372.0,12.0,0.5608655965448403,2.4850921630859375
1756.0,1.727554815991222,332.0,362.0,7.0,0.5605410318518118,2.485610008239746
1757.0,1.7258272611752308,332.0,365.0,18.0,0.5602163303720984,2.4861388206481934
1758.0,1.7241014339140555,332.0,359.0,11.0,0.5598914922363676,2.4866690635681152
1759.0,1.7223773324801415,332.0,361.0,9.0,0.5595665175756892,2.4871859550476074
1760.0,1.7206549551476613,332.0,366.0,14.0,0.5592414065215353,2.4876978397369385
1761.0,1.7189343001925137,332.0,369.0,22.0,0.558916159205781,2.4881978034973145
1762.0,1.7172153658923213,332.0,377.0,14.0,0.5585907757607042,2.4887099266052246
1763.0,1.7154981505264288,332.0,358.0,13.0,0.5582652563189863,2.48921799659729
1764.0,1.7137826523759023,332.0,365.0,13.0,0.5579396010137132,2.489766836166382
1765.0,1.7120688697235265,332.0,370.0,16.0,0.5576138099783745,2.4902830123901367
1766.0,1.7103568008538028,332.0,369.0,14.0,0.5572878833468644,2.4907939434051514
1767.0,1.708646444052949,332.0,370.0,14.0,0.5569618212534824,2.4913079738616943
1768.0,1.706937797608896,332.0,366.0,14.0,0.5566356238329331,2.4918248653411865
1769.0,1.705230859811287,332.0,371.0,13.0,0.5563092912203268,2.492316961288452
1770.0,1.7035256289514757,332.0,366.0,16.0,0.55598282355118,2.4928319454193115
1771.0,1.7018221033225243,332.0,352.0,13.0,0.5556562209614156,2.4933359622955322
1772.0,1.7001202812192018,332.0,346.0,17.0,0.5553294835873631,2.49389386177063
1773.0,1.6984201609379825,332.0,352.0,11.0,0.5550026115657593,2.4944379329681396
1774.0,1.6967217407770445,332.0,347.0,10.0,0.5546756050337484,2.494951009750366
1775.0,1.6950250190362675,332.0,346.0,10.0,0.5543484641288824,2.4955520629882812
1776.0,1.6933299940172313,332.0,349.0,11.0,0.5540211889891218,2.4960570335388184
1777.0,1.691636664023214,332.0,346.0,12.0,0.5536937797528352,2.496581792831421
1778.0,1.689945027359191,332.0,360.0,21.0,0.5533662365588006,2.4970779418945312
1779.0,1.6882550823318319,332.0,362.0,10.0,0.5530385595462047,2.4975779056549072
1780.0,1.6865668272495,332.0,348.0,13.0,0.5527107488546446,2.498074769973755
1781.0,1.6848802604222506,332.0,345.0,10.0,0.5523828046241264,2.4985809326171875
1782.0,1.6831953801618282,332.0,335.0,7.0,0.5520547269950672,2.4990689754486084
1783.0,1.6815121847816663,332.0,340.0,7.0,0.5517265161082946,2.4996118545532227
1784.0,1.6798306725968846,332.0,334.0,10.0,0.5513981721050473,2.5001049041748047
1785.0,1.6781508419242877,332.0,353.0,8.0,0.5510696951269751,2.500648021697998
1786.0,1.6764726910823633,332.0,366.0,15.0,0.5507410853161397,2.5011489391326904
1787.0,1.674796218391281,332.0,362.0,14.0,0.550412342815015,2.501659870147705
1788.0,1.6731214221728898,332.0,346.0,18.0,0.550083467766487,2.5021650791168213
1789.0,1.671448300750717,332.0,350.0,11.0,0.5497544603138546,2.502660036087036
1790.0,1.6697768524499663,332.0,360.0,15.0,0.5494253206008296,2.5031728744506836
1791.0,1.6681070755975163,332.0,359.0,15.0,0.5490960487715376,2.5036988258361816
1792.0,1.6664389685219188,332.0,361.0,8.0,0.5487666449705179,2.5042099952697754
1793.0,1.6647725295533968,332.0,365.0,9.0,0.5484371093427236,2.5047099590301514
1794.0,1.6631077570238435,332.0,364.0,15.0,0.5481074420335226,2.505207061767578
1795.0,1.6614446492668196,332.0,355.0,18.0,0.5477776431886973,2.50570011138916
1796.0,1.6597832046175527,332.0,351.0,9.0,0.5474477129544454,2.506200075149536
1797.0,1.6581234214129352,332.0,358.0,6.0,0.5471176514773803,2.506680965423584
1798.0,1.6564652979915222,332.0,365.0,14.0,0.5467874589045308,2.5071828365325928
1799.0,1.6548088326935306,332.0,353.0,14.0,0.5464571353833422,2.5076990127563477
1800.0,1.653154023860837,332.0,344.0,15.0,0.546126681061676,2.5082030296325684
1801.0,1.6515008698369762,332.0,338.0,8.0,0.5457960960878105,2.508683919906616
1802.0,1.6498493689671392,332.0,345.0,12.0,0.5454653806104416,2.509181022644043
1803.0,1.648199519598172,332.0,345.0,7.0,0.5451345347786822,2.5096919536590576
1804.0,1.6465513200785737,332.0,347.0,10.0,0.5448035587420632,2.510190010070801
1805.0,1.6449047687584952,332.0,348.0,2.0,0.5444724526505337,2.5106911659240723
1806.0,1.6432598639897367,332.0,350.0,13.0,0.544141216654461,2.5111820697784424
1807.0,1.641616604125747,332.0,350.0,14.0,0.5438098509046316,2.5116689205169678
1808.0,1.6399749875216212,332.0,351.0,15.0,0.543478355552251,2.5121519565582275
1809.0,1.6383350125340996,332.0,344.0,15.0,0.543146730748944,2.512645959854126
1810.0,1.6366966775215654,332.0,343.0,8.0,0.5428149766467554,2.513134002685547
1811.0,1.6350599808440438,332.0,342.0,9.0,0.5424830933981497,2.5136141777038574
1812.0,1.6334249208631997,332.0,347.0,7.0,0.5421510811560124,2.514119863510132
1813.0,1.6317914959423365,332.0,346.0,8.0,0.5418189400736495,2.514625072479248
1814.0,1.6301597044463942,332.0,349.0,12.0,0.5414866703047881,2.5151028633117676
1815.0,1.6285295447419479,332.0,354.0,14.0,0.5411542720035766,2.5155770778656006
1816.0,1.6269010151972059,332.0,349.0,8.0,0.5408217453245852,2.5160608291625977
1817.0,1.6252741141820086,332.0,360.0,14.0,0.5404890904228059,2.5165419578552246
1818.0,1.6236488400678266,332.0,361.0,12.0,0.5401563074536538,2.5170187950134277
1819.0,1.6220251912277588,332.0,360.0,15.0,0.5398233965729659,2.517496109008789
1820.0,1.620403166036531,332.0,350.0,12.0,0.5394903579370024,2.517972946166992
1821.0,1.6187827628704945,332.0,347.0,17.0,0.5391571917024471,2.518454074859619
1822.0,1.617163980107624,332.0,334.0,10.0,0.5388238980264071,2.5189459323883057
1823.0,1.6155468161275164,332.0,333.0,3.0,0.5384904770664135,2.519423007965088
1824.0,1.613931269311389,332.0,332.0,12.0,0.5381569289804217,2.5198988914489746
1825.0,1.6123173380420777,332.0,334.0,18.0,0.5378232539268117,2.520347833633423
1826.0,1.6107050207040357,332.0,338.0,8.0,0.5374894520643885,2.5208139419555664
1827.0,1.6090943156833317,327.0,333.0,14.0,0.5371555235523817,2.521296977996826
1828.0,1.6074852213676485,326.0,327.0,10.0,0.5368214685504472,2.521775960922241
1829.0,1.6058777361462808,325.0,326.0,7.0,0.5364872872186661,2.5222558975219727
1830.0,1.6042718584101345,325.0,332.0,8.0,0.5361529797175459,2.5227320194244385
1831.0,1.6026675865517244,325.0,331.0,13.0,0.5358185462080203,2.523193836212158
1832.0,1.6010649189651727,325.0,336.0,14.0,0.5354839868514499,2.5236599445343018
1833.0,1.5994638540462074,325.0,329.0,7.0,0.5351493018096223,2.5241191387176514
1834.0,1.5978643901921612,325.0,337.0,8.0,0.5348144912447523,2.5245978832244873
1835.0,1.596266525801969,325.0,349.0,11.0,0.5344795553194825,2.5250818729400635
1836.0,1.594670259276167,325.0,355.0,13.0,0.5341444941968833,2.525552988052368
1837.0,1.5930755890168908,325.0,353.0,14.0,0.5338093080404532,2.5260238647460938
1838.0,1.5914825134278738,325.0,361.0,8.0,0.5334739970141193,2.526484966278076
1839.0,1.589891030914446,325.0,364.0,11.0,0.533138561282238,2.5269670486450195
1840.0,1.5883011398835316,325.0,356.0,13.0,0.532803001009594,2.5274689197540283
1841.0,1.586712838743648,325.0,364.0,10.0,0.5324673163614019,2.527963876724243
1842.0,1.5851261259049043,325.0,359.0,18.0,0.532131507503306,2.5285167694091797
1843.0,1.5835409997789993,325.0,353.0,12.0,0.5317955746013803,2.5289857387542725
1844.0,1.5819574587792202,325.0,356.0,12.0,0.5314595178221294,2.5294480323791504
1845.0,1.580375501320441,325.0,348.0,12.0,0.5311233373324885,2.529913902282715
1846.0,1.5787951258191206,325.0,360.0,9.0,0.5307870332998234,2.530380964279175
1847.0,1.5772163306933016,325.0,360.0,9.0,0.530450605891931,2.5308310985565186
1848.0,1.5756391143626083,325.0,367.0,11.0,0.5301140552770403,2.5312819480895996
1849.0,1.5740634752482456,325.0,354.0,13.0,0.529777381623811,2.5317487716674805
1850.0,1.5724894117729973,325.0,361.0,12.0,0.5294405851013358,2.5322208404541016
1851.0,1.5709169223612243,325.0,341.0,13.0,0.5291036658791392,2.532680034637451
1852.0,1.569346005438863,325.0,351.0,9.0,0.5287666241271782,2.5331509113311768
1853.0,1.5677766594334241,325.0,351.0,8.0,0.5284294600158431,2.533621072769165
1854.0,1.5662088827739906,325.0,346.0,12.0,0.5280921737159567,2.534080982208252
1855.0,1.5646426738912167,325.0,344.0,9.0,0.527754765398776,2.534538984298706
1856.0,1.5630780312173256,325.0,348.0,16.0,0.527417235235991,2.534999132156372
1857.0,1.5615149531861083,325.0,343.0,9.0,0.5270795833997262,2.5354599952697754
1858.0,1.5599534382329223,325.0,346.0,15.0,0.5267418100625398,2.535917043685913
1859.0,1.5583934847946894,325.0,337.0,10.0,0.5264039153974253,2.536369800567627
1860.0,1.5568350913098947,325.0,342.0,9.0,0.5260658995778102,2.5368220806121826
1861.0,1.5552782562185847,325.0,353.0,8.0,0.5257277627775578,2.5373289585113525
1862.0,1.5537229779623662,325.0,358.0,16.0,0.5253895051709662,2.537787914276123
1863.0,1.552169254984404,325.0,347.0,10.0,0.5250511269327693,2.5382468700408936
1864.0,1.5506170857294195,325.0,350.0,9.0,0.5247126282381371,2.538726806640625
1865.0,1.5490664686436901,325.0,358.0,14.0,0.5243740092626755,2.5392649173736572
1866.0,1.5475174021750464,325.0,364.0,7.0,0.5240352701824268,2.539715051651001
1867.0,1.5459698847728713,325.0,340.0,10.0,0.5236964111738702,2.540175199508667
1868.0,1.5444239148880985,325.0,340.0,6.0,0.5233574324139219,2.5406248569488525
1869.0,1.5428794909732104,325.0,346.0,10.0,0.5230183340799349,2.541085958480835
1870.0,1.541336611482237,325.0,354.0,11.0,0.5226791163497001,2.5415329933166504
1871.0,1.5397952748707548,325.0,364.0,9.0,0.5223397794014459,2.5419869422912598
1872.0,1.538255479595884,325.0,349.0,14.0,0.5220003234138391,2.5424351692199707
1873.0,1.536717224116288,325.0,357.0,16.0,0.521660748565984,2.5429129600524902
1874.0,1.5351805068921718,325.0,347.0,9.0,0.5213210550374243,2.543363094329834
1875.0,1.5336453263852796,325.0,356.0,6.0,0.5209812430081419,2.543833017349243
1876.0,1.5321116810588944,325.0,354.0,3.0,0.5206413126585578,2.5442960262298584
1877.0,1.5305795693778355,325.0,356.0,9.0,0.5203012641695326,2.5447909832000732
1878.0,1.5290489898084576,325.0,343.0,11.0,0.5199610977223659,2.545305013656616
1879.0,1.527519940818649,325.0,346.0,7.0,0.5196208134987977,2.5457510948181152
1880.0,1.5259924208778304,325.0,341.0,6.0,0.5192804116810076,2.5462090969085693
1881.0,1.5244664284569525,325.0,353.0,8.0,0.5189398924516154,2.5466601848602295
1882.0,1.5229419620284954,325.0,336.0,12.0,0.5185992559936821,2.547147035598755
1883.0,1.521419020066467,325.0,339.0,12.0,0.5182585024907087,2.547595977783203
1884.0,1.5198976010464005,325.0,341.0,9.0,0.5179176321266377,2.5481019020080566
1885.0,1.518377703445354,325.0,341.0,17.0,0.5175766450858527,2.548557996749878
1886.0,1.5168593257419087,325.0,334.0,11.0,0.5172355415531787,2.549010992050171
1887.0,1.5153424664161668,325.0,330.0,4.0,0.5168943217138828,2.5494420528411865
1888.0,1.5138271239497505,325.0,332.0,7.0,0.5165529857536738,2.5498790740966797
1889.0,1.5123132968258008,325.0,338.0,9.0,0.5162115338587028,2.550326108932495
1890.0,1.510800983528975,325.0,336.0,10.0,0.5158699662155632,2.5507760047912598
1891.0,1.5092901825454461,325.0,334.0,14.0,0.5155282830112916,2.5512278079986572
1892.0,1.5077808923629006,325.0,335.0,4.0,0.515186484433367,2.551650047302246
1893.0,1.5062731114705377,325.0,325.0,6.0,0.5148445706697118,2.5520880222320557
1894.0,1.504766838359067,325.0,332.0,7.0,0.5145025419086919,2.5525271892547607
1895.0,1.5032620715207081,325.0,334.0,8.0,0.5141603983391166,2.552963972091675
1896.0,1.5017588094491874,325.0,343.0,8.0,0.5138181401502394,2.5534470081329346
1897.0,1.5002570506397381,325.0,345.0,8.0,0.5134757675317574,2.553892135620117
1898.0,1.4987567935890984,325.0,335.0,5.0,0.5131332806738125,2.5543317794799805
1899.0,1.4972580367955093,325.0,332.0,13.0,0.5127906797669908,2.554738998413086
1900.0,1.4957607787587137,325.0,336.0,7.0,0.5124479650023234,2.555172920227051
1901.0,1.494265017979955,325.0,340.0,9.0,0.5121051365712863,2.555600881576538
1902.0,1.4927707529619751,322.0,322.0,8.0,0.5117621946658008,2.5560309886932373
1903.0,1.4912779822090132,322.0,322.0,9.0,0.5114191394782333,2.556473731994629
1904.0,1.4897867042268043,322.0,322.0,5.0,0.5110759712013963,2.5569069385528564
1905.0,1.4882969175225775,322.0,332.0,10.0,0.5107326900285479,2.5573928356170654
1906.0,1.486808620605055,322.0,337.0,8.0,0.5103892961533923,2.557828903198242
1907.0,1.48532181198445,322.0,336.0,11.0,0.5100457897700802,2.558257818222046
1908.0,1.4838364901724657,322.0,336.0,5.0,0.5097021710732085,2.558698892593384
1909.0,1.4823526536822933,322.0,336.0,4.0,0.5093584402578211,2.559148073196411
1910.0,1.480870301028611,322.0,340.0,9.0,0.5090145975194085,2.5595998764038086
1911.0,1.4793894307275826,322.0,330.0,12.0,0.5086706430539087,2.5600368976593018
1912.0,1.4779100412968549,322.0,334.0,9.0,0.5083265770577071,2.5604779720306396
1913.0,1.476432131255558,322.0,337.0,8.0,0.5079823997276361,2.560925006866455
1914.0,1.4749556991243025,322.0,334.0,7.0,0.5076381112609765,2.561354875564575
1915.0,1.4734807434251782,322.0,329.0,5.0,0.5072937118554567,2.5618040561676025
1916.0,1.472007262681753,322.0,332.0,10.0,0.5069492017092533,2.562252998352051
1917.0,1.4705352554190714,322.0,344.0,10.0,0.5066045810209914,2.5626769065856934
1918.0,1.4690647201636522,322.0,348.0,8.0,0.5062598499897445,2.563109874725342
1919.0,1.4675956554434886,322.0,341.0,8.0,0.5059150088150351,2.56355619430542
1920.0,1.466128059788045,322.0,342.0,9.0,0.5055700576968345,2.563966989517212
1921.0,1.464661931728257,322.0,334.0,7.0,0.5052249968355631,2.5644071102142334
1922.0,1.4631972697965288,322.0,345.0,12.0,0.5048798264320906,2.5648298263549805
1923.0,1.4617340725267323,322.0,333.0,6.0,0.5045345466877367,2.5652458667755127
1924.0,1.4602723384542056,322.0,335.0,6.0,0.5041891578042702,2.565671920776367
1925.0,1.4588120661157513,322.0,345.0,8.0,0.5038436599839102,2.5661160945892334
1926.0,1.4573532540496357,322.0,342.0,9.0,0.5034980534293259,2.5665438175201416
1927.0,1.455895900795586,322.0,337.0,3.0,0.5031523383436366,2.56699275970459
1928.0,1.4544400048947905,322.0,344.0,6.0,0.5028065149304122,2.5674350261688232
1929.0,1.4529855648898957,322.0,334.0,9.0,0.5024605833936733,2.5678629875183105
1930.0,1.4515325793250058,322.0,338.0,4.0,0.5021145439378913,2.568290948867798
1931.0,1.4500810467456808,322.0,351.0,9.0,0.5017683967679887,2.568729877471924
1932.0,1.4486309656989351,322.0,349.0,9.0,0.5014221420893389,2.5691678524017334
1933.0,1.4471823347332362,322.0,347.0,11.0,0.5010757801077671,2.5696089267730713
1934.0,1.445735152398503,322.0,343.0,8.0,0.5007293110295498,2.5700438022613525
1935.0,1.4442894172461045,322.0,334.0,5.0,0.5003827350614152,2.5704870223999023
1936.0,1.4428451278288583,322.0,336.0,4.0,0.5000360524105436,2.5709388256073
1937.0,1.4414022827010295,322.0,336.0,7.0,0.4996892632845672,2.5714070796966553
1938.0,1.4399608804183286,322.0,329.0,6.0,0.49934236789157055,2.5718178749084473
1939.0,1.4385209195379103,322.0,335.0,7.0,0.4989953664400905,2.5722460746765137
1940.0,1.4370823986183723,322.0,331.0,8.0,0.49864825913911653,2.5726840496063232
1941.0,1.435645316219754,322.0,336.0,5.0,0.4983010461980909,2.5731027126312256
1942.0,1.4342096709035344,322.0,333.0,7.0,0.4979537278269088,2.573518991470337
1943.0,1.4327754612326309,322.0,331.0,6.0,0.49760630423591834,2.5739550590515137
1944.0,1.4313426857713982,322.0,329.0,10.0,0.49725877563592086,2.5743727684020996
1945.0,1.4299113430856267,322.0,337.0,7.0,0.49691114223817134,2.574795961380005
1946.0,1.4284814317425412,322.0,338.0,10.0,0.4965634042543781,2.5752158164978027
1947.0,1.4270529503107987,322.0,352.0,10.0,0.49621556189670313,2.5756380558013916
1948.0,1.4256258973604878,322.0,357.0,9.0,0.4958676153777623,2.5760488510131836
1949.0,1.4242002714631274,322.0,339.0,10.0,0.49551956491062565,2.5764880180358887
1950.0,1.4227760711916644,322.0,331.0,6.0,0.49517141070881715,2.5769600868225098
1951.0,1.4213532951204728,322.0,324.0,7.0,0.4948231529863152,2.57741379737854
1952.0,1.4199319418253524,321.0,332.0,16.0,0.49447479195755256,2.5778281688690186
1953.0,1.418512009883527,321.0,334.0,7.0,0.49412632783741667,2.5782630443573
1954.0,1.4170934978736436,321.0,333.0,13.0,0.4937777608412497,2.578671932220459
1955.0,1.41567640437577,321.0,322.0,6.0,0.4934290911848487,2.5790798664093018
1956.0,1.4142607279713941,321.0,324.0,6.0,0.4930803190844657,2.579477071762085
1957.0,1.4128464672434227,321.0,325.0,4.0,0.49273144475680797,2.5798909664154053
1958.0,1.4114336207761793,321.0,333.0,6.0,0.49238246841903804,2.580303192138672
1959.0,1.410022187155403,321.0,337.0,6.0,0.4920333902887739,2.5807061195373535
1960.0,1.4086121649682477,321.0,341.0,15.0,0.4916842105840891,2.581131935119629
1961.0,1.4072035528032794,321.0,343.0,5.0,0.491334929523513,2.5815937519073486
1962.0,1.4057963492504761,321.0,347.0,7.0,0.4909855473260305,2.5820119380950928
1963.0,1.4043905529012257,321.0,345.0,8.0,0.4906360642110828,2.5824339389801025
1964.0,1.4029861623483244,321.0,342.0,7.0,0.4902864803985671,2.582843780517578
1965.0,1.401583176185976,321.0,354.0,5.0,0.48993679610883667,2.5832598209381104
1966.0,1.40018159300979,321.0,354.0,12.0,0.48958701156270135,2.5836830139160156
1967.0,1.3987814114167803,321.0,351.0,7.0,0.4892371269814273,2.584096908569336
1968.0,1.3973826300053636,321.0,349.0,11.0,0.4888871425867374,2.584498882293701
1969.0,1.3959852473753582,321.0,334.0,13.0,0.48853705860081104,2.5849080085754395
1970.0,1.394589262127983,321.0,330.0,4.0,0.48818687524628473,2.5853168964385986
1971.0,1.393194672865855,321.0,327.0,6.0,0.48783659274625163,2.5857300758361816
1972.0,1.3918014781929893,321.0,340.0,14.0,0.4874862113242621,2.586138963699341
1973.0,1.3904096767147962,321.0,330.0,8.0,0.48713573120432374,2.5865578651428223
1974.0,1.3890192670380814,321.0,340.0,12.0,0.48678515261090133,2.5869698524475098
1975.0,1.3876302477710434,321.0,331.0,8.0,0.486434475768917,2.587373971939087
1976.0,1.3862426175232723,321.0,333.0,6.0,0.4860837009037506,2.587820053100586
1977.0,1.384856374905749,321.0,327.0,10.0,0.48573282824123937,2.588228940963745
1978.0,1.3834715185308433,321.0,327.0,14.0,0.48538185800767836,2.588625907897949
1979.0,1.3820880470123125,321.0,330.0,10.0,0.4850307904298204,2.589024066925049
1980.0,1.3807059589653001,321.0,322.0,6.0,0.4846796257348763,2.589439868927002
1981.0,1.379325253006335,321.0,325.0,4.0,0.4843283641505147,2.5898489952087402
1982.0,1.3779459277533286,321.0,327.0,6.0,0.4839770059048627,2.5902531147003174
1983.0,1.3765679818255752,321.0,328.0,4.0,0.4836255512265053,2.5906717777252197
1984.0,1.3751914138437495,321.0,328.0,3.0,0.4832740003444858,2.5910708904266357
1985.0,1.3738162224299058,321.0,327.0,4.0,0.48292235348830614,2.5914769172668457
1986.0,1.3724424062074758,321.0,332.0,6.0,0.48257061088792647,2.591883897781372
1987.0,1.3710699638012684,321.0,332.0,3.0,0.48221877277376585,2.5922739505767822
1988.0,1.3696988938374672,321.0,340.0,4.0,0.48186683937670155,2.5926709175109863
1989.0,1.3683291949436298,321.0,341.0,8.0,0.48151481092807,2.5930769443511963
1990.0,1.3669608657486862,321.0,333.0,8.0,0.4811626876596662,2.5934951305389404
1991.0,1.3655939048829375,321.0,338.0,7.0,0.48081046980374414,2.5939130783081055
1992.0,1.3642283109780546,321.0,344.0,3.0,0.4804581575930168,2.5943150520324707
1993.0,1.3628640826670766,321.0,335.0,9.0,0.48010575126065613,2.594738006591797
1994.0,1.3615012185844095,321.0,331.0,5.0,0.47975325104029354,2.595195770263672
1995.0,1.3601397173658252,321.0,333.0,3.0,0.47940065716601926,2.59560489654541
1996.0,1.3587795776484592,321.0,332.0,4.0,0.479047969872383,2.5960030555725098
1997.0,1.3574207980708108,321.0,330.0,3.0,0.4786951893943938,2.596423864364624
1998.0,1.35606337727274,321.0,330.0,1.0,0.4783423159675202,2.596842050552368
1999.0,1.3547073138954673,321.0,328.0,3.0,0.4779893498276901,2.5972847938537598
2000.0,1.3533526065815717,321.0,329.0,1.0,0.47763629121129103,2.5977060794830322
2001.0,1.35199925397499,321.0,325.0,6.0,0.4772831403551701,2.5981040000915527
2002.0,1.350647254721015,321.0,328.0,4.0,0.4769298974966343,2.5985050201416016
2003.0,1.349296607466294,321.0,327.0,10.0,0.47657656287345,2.5989277362823486
2004.0,1.3479473108588278,321.0,325.0,6.0,0.47622313672384375,2.5993380546569824
2005.0,1.346599363547969,321.0,337.0,10.0,0.4758696192865017,2.5997328758239746
2006.0,1.345252764184421,321.0,337.0,9.0,0.4755160108005699,2.6001389026641846
2007.0,1.3439075114202366,321.0,338.0,3.0,0.47516231150565447,2.6005449295043945
2008.0,1.3425636039088162,321.0,336.0,4.0,0.4748085216418215,2.6009490489959717
2009.0,1.3412210403049074,321.0,333.0,8.0,0.4744546414495973,2.601362943649292
2010.0,1.3398798192646024,321.0,331.0,4.0,0.474100671169968,2.60176682472229
2011.0,1.338539939445338,321.0,336.0,6.0,0.4737466110443801,2.6021649837493896
2012.0,1.3372013995058925,321.0,348.0,11.0,0.47339246131474005,2.6025679111480713
2013.0,1.3358641981063866,321.0,339.0,9.0,0.47303822222341485,2.602959156036377
2014.0,1.33452833390828,321.0,336.0,4.0,0.4726838940132315,2.603358030319214
2015.0,1.3331938055743717,321.0,333.0,4.0,0.4723294769274775,2.6037659645080566
2016.0,1.3318606117687974,321.0,330.0,8.0,0.47197497120990056,2.604175090789795
2017.0,1.3305287511570287,321.0,334.0,4.0,0.4716203771047088,2.604583978652954
2018.0,1.3291982224058716,321.0,329.0,6.0,0.47126569485657066,2.6050260066986084
2019.0,1.3278690241834656,321.0,326.0,9.0,0.47091092471061524,2.6054039001464844
2020.0,1.3265411551592823,317.0,325.0,5.0,0.470556066912432,2.60578989982605
2021.0,1.325214614004123,317.0,321.0,6.0,0.4702011217080707,2.6062090396881104
2022.0,1.3238893993901188,317.0,323.0,8.0,0.4698460893440419,2.606602907180786
2023.0,1.3225655099907287,317.0,324.0,2.0,0.4694909700673163,2.6069960594177246
2024.0,1.321242944480738,317.0,325.0,2.0,0.4691357641253257,2.6073851585388184
2025.0,1.3199217015362574,317.0,329.0,6.0,0.46878047176596194,2.6077680587768555
2026.0,1.3186017798347212,317.0,329.0,6.0,0.46842509323757775,2.608165979385376
2027.0,1.3172831780548864,317.0,321.0,4.0,0.4680696287889863,2.6085619926452637
2028.0,1.3159658948768316,317.0,325.0,7.0,0.46771407866946146,2.608949899673462
2029.0,1.3146499289819547,317.0,338.0,5.0,0.46735844312873764,2.609355926513672
2030.0,1.3133352790529726,317.0,339.0,5.0,0.46700272241700996,2.6097841262817383
2031.0,1.3120219437739198,317.0,335.0,7.0,0.4666469167849341,2.610183000564575
2032.0,1.310709921830146,317.0,337.0,5.0,0.4662910264836263,2.610596179962158
2033.0,1.3093992119083158,317.0,337.0,6.0,0.46593505176466365,2.6109938621520996
2034.0,1.3080898126964073,317.0,334.0,8.0,0.46557899288008353,2.611386775970459
2035.0,1.3067817228837109,317.0,339.0,5.0,0.46522285008238423,2.611801862716675
2036.0,1.305474941160827,317.0,335.0,8.0,0.46486662362452463,2.6121950149536133
2037.0,1.3041694662196663,317.0,331.0,6.0,0.46451031375992413,2.6125969886779785
2038.0,1.3028652967534466,317.0,322.0,9.0,0.4641539207424627,2.612985849380493
2039.0,1.3015624314566931,317.0,330.0,6.0,0.463797444826481,2.6133759021759033
2040.0,1.3002608690252364,317.0,327.0,2.0,0.4634408862667802,2.613762140274048
2041.0,1.2989606081562113,317.0,328.0,2.0,0.4630842453186222,2.6141419410705566
2042.0,1.2976616475480551,317.0,328.0,3.0,0.46272752223772917,2.6145668029785156
2043.0,1.2963639859005072,317.0,333.0,6.0,0.46237071728028395,2.614954948425293
2044.0,1.2950676219146067,317.0,334.0,7.0,0.4620138307029299,2.61533784866333
2045.0,1.2937725542926921,317.0,340.0,9.0,0.4616568627627709,2.6157209873199463
2046.0,1.2924787817383994,317.0,342.0,7.0,0.46129981371737117,2.6161060333251953
2047.0,1.291186302956661,317.0,337.0,7.0,0.4609426838247554,2.616481065750122
2048.0,1.2898951166537043,317.0,334.0,7.0,0.4605854733434087,2.6168618202209473
2049.0,1.2886052215370505,317.0,334.0,5.0,0.46022818253227654,2.617237091064453
2050.0,1.2873166163155134,317.0,339.0,10.0,0.45987081165076477,2.6176419258117676
2051.0,1.286029299699198,317.0,345.0,7.0,0.4595133609587395,2.6180307865142822
2052.0,1.2847432703994988,317.0,341.0,4.0,0.45915583071652694,2.6184167861938477
2053.0,1.2834585271290992,317.0,340.0,6.0,0.45879822118491376,2.618807077407837
2054.0,1.2821750686019702,317.0,333.0,7.0,0.45844053262514667,2.6191890239715576
2055.0,1.280892893533368,317.0,331.0,5.0,0.4580827652989325,2.619577169418335
2056.0,1.2796120006398348,317.0,334.0,6.0,0.45772491946843824,2.619964838027954
2057.0,1.278332388639195,317.0,329.0,7.0,0.45736699539629094,2.6203441619873047
2058.0,1.277054056250556,317.0,327.0,7.0,0.4570089933455774,2.620738983154297
2059.0,1.2757770021943053,317.0,336.0,7.0,0.45665091357984455,2.6211938858032227
2060.0,1.274501225192111,317.0,335.0,5.0,0.45629275636309924,2.621553897857666
2061.0,1.273226723966919,317.0,338.0,6.0,0.45593452195980794,2.6219348907470703
2062.0,1.271953497242952,317.0,339.0,7.0,0.455576210634897,2.6223249435424805
2063.0,1.270681543745709,317.0,337.0,8.0,0.45521782265375244,2.622703790664673
2064.0,1.2694108622019633,317.0,328.0,6.0,0.45485935828221985,2.623076915740967
2065.0,1.2681414513397613,317.0,330.0,3.0,0.45450081778660456,2.623443841934204
2066.0,1.2668733098884215,317.0,327.0,2.0,0.4541422014336712,2.6238179206848145
2067.0,1.2656064365785331,317.0,327.0,4.0,0.4537835094906439,2.624178886413574
2068.0,1.2643408301419545,317.0,321.0,3.0,0.45342474222520607,2.624556064605713
2069.0,1.2630764893118125,317.0,324.0,5.0,0.4530658999055005,2.624920129776001
2070.0,1.2618134128225007,317.0,329.0,5.0,0.4527069828001291,2.6252830028533936
2071.0,1.260551599409678,317.0,332.0,8.0,0.45234799117815294,2.625653028488159
2072.0,1.2592910478102683,317.0,331.0,9.0,0.4519889253090921,2.626020908355713
2073.0,1.2580317567624582,317.0,329.0,7.0,0.45162978546292565,2.6263809204101562
2074.0,1.2567737250056956,317.0,322.0,5.0,0.45127057191009134,2.626757860183716
2075.0,1.2555169512806899,317.0,322.0,6.0,0.450911284921486,2.627126932144165
2076.0,1.2542614343294092,317.0,322.0,0.0,0.450551924768465,2.6274948120117188
2077.0,1.2530071728950798,317.0,322.0,4.0,0.45019249172284215,2.6278579235076904
2078.0,1.2517541657221847,317.0,320.0,4.0,0.4498329860568899,2.628232955932617
2079.0,1.2505024115564625,317.0,327.0,8.0,0.4494734080433392,2.6285970211029053
2080.0,1.249251909144906,317.0,328.0,3.0,0.44911375795537906,2.6289710998535156
2081.0,1.248002657235761,317.0,332.0,5.0,0.4487540360666568,2.6293349266052246
2082.0,1.2467546545785253,317.0,333.0,6.0,0.448394242651278,2.6296939849853516
2083.0,1.2455078999239468,317.0,335.0,3.0,0.4480343779838059,2.6300549507141113
2084.0,1.2442623920240228,317.0,336.0,7.0,0.44767444233926174,2.6304218769073486
2085.0,1.2430181296319986,317.0,333.0,9.0,0.4473144359931246,2.630788803100586
2086.0,1.2417751115023667,317.0,335.0,3.0,0.4469543592213313,2.6311919689178467
2087.0,1.2405333363908644,317.0,331.0,4.0,0.44659421230027585,2.6315510272979736
2088.0,1.2392928030544734,317.0,332.0,5.0,0.4462339955068099,2.631927967071533
2089.0,1.238053510251419,317.0,325.0,5.0,0.4458737091182426,2.63228178024292
2090.0,1.2368154567411676,317.0,318.0,9.0,0.4455133534123397,2.6326467990875244
2091.0,1.2355786412844263,317.0,321.0,3.0,0.4451529286673246,2.6330060958862305
2092.0,1.234343062643142,317.0,318.0,5.0,0.4447924351618773,2.6333670616149902
2093.0,1.2331087195804988,317.0,325.0,4.0,0.4444318731751345,2.6337311267852783
2094.0,1.2318756108609183,317.0,331.0,3.0,0.4440712429866898,2.6341021060943604
2095.0,1.2306437352500574,317.0,334.0,5.0,0.4437105448765933,2.63446307182312
2096.0,1.2294130915148074,317.0,331.0,5.0,0.4433497791253512,2.6348190307617188
2097.0,1.2281836784232925,317.0,320.0,5.0,0.4429889460139262,2.63516902923584
2098.0,1.226955494744869,317.0,321.0,4.0,0.4426280458237371,2.635535955429077
2099.0,1.2257285392501243,317.0,330.0,7.0,0.44226707883665867,2.6358988285064697
2100.0,1.2245028107108742,317.0,328.0,7.0,0.4419060453350213,2.636258125305176
2101.0,1.2232783079001632,317.0,327.0,4.0,0.44154494560161117,2.636620044708252
2102.0,1.222055029592263,317.0,327.0,1.0,0.44118377991966995,2.636992931365967
2103.0,1.2208329745626707,317.0,333.0,6.0,0.44082254857289477,2.637356996536255
2104.0,1.219612141588108,317.0,332.0,7.0,0.4404612518454378,2.6377201080322266
2105.0,1.2183925294465199,317.0,329.0,4.0,0.4400998900219063,2.638082981109619
2106.0,1.2171741369170734,317.0,335.0,6.0,0.4397384633873625,2.638443946838379
2107.0,1.2159569627801563,317.0,330.0,3.0,0.43937697222732325,2.638806104660034
2108.0,1.2147410058173762,317.0,334.0,5.0,0.4390154168277599,2.6391680240631104
2109.0,1.2135262648115588,317.0,329.0,6.0,0.4386537974750984,2.6395840644836426
2110.0,1.2123127385467471,317.0,324.0,8.0,0.4382921144562187,2.6399548053741455
2111.0,1.2111004258082003,317.0,323.0,2.0,0.4379303680584549,2.640314817428589
2112.0,1.2098893253823921,317.0,323.0,4.0,0.437568558569595,2.6406919956207275
2113.0,1.2086794360570097,317.0,322.0,5.0,0.4372066862778804,2.6410679817199707
2114.0,1.2074707566209526,317.0,322.0,1.0,0.4368447514720064,2.641439914703369
2115.0,1.2062632858643316,317.0,321.0,4.0,0.43648275444112145,2.6418020725250244
2116.0,1.2050570225784674,317.0,318.0,5.0,0.4361206954748271,2.6421618461608887
2117.0,1.2038519655558888,314.0,322.0,5.0,0.43575857486317787,2.642521858215332
2118.0,1.2026481135903329,314.0,321.0,3.0,0.4353963928966811,2.6428940296173096
2119.0,1.2014454654767426,314.0,322.0,4.0,0.4350341498662966,2.6432478427886963
2120.0,1.2002440200112658,314.0,322.0,1.0,0.4346718460634367,2.6435959339141846
2121.0,1.1990437759912547,314.0,323.0,5.0,0.4343094817799657,2.643953800201416
2122.0,1.1978447322152634,314.0,322.0,4.0,0.43394705730820005,2.6442949771881104
2123.0,1.1966468874830483,314.0,319.0,2.0,0.4335845729409078,2.6446590423583984
2124.0,1.1954502405955652,314.0,319.0,4.0,0.4332220289713088,2.6450350284576416
2125.0,1.1942547903549696,314.0,326.0,10.0,0.432859425693074,2.6453959941864014
2126.0,1.1930605355646147,314.0,328.0,5.0,0.4324967634003258,2.6457600593566895
2127.0,1.19186747502905,314.0,334.0,4.0,0.4321340423876372,2.646121025085449
2128.0,1.190675607554021,314.0,330.0,7.0,0.4317712629500321,2.6464760303497314
2129.0,1.189484931946467,314.0,326.0,9.0,0.431408425382985,2.6468300819396973
2130.0,1.1882954470145206,314.0,329.0,6.0,0.4310455299824204,2.6471869945526123
2131.0,1.187107151567506,314.0,329.0,3.0,0.4306825770447131,2.647549867630005
2132.0,1.1859200444159386,314.0,325.0,3.0,0.43031956686668765,2.647941827774048
2133.0,1.1847341243715226,314.0,325.0,3.0,0.4299564997456182,2.6483068466186523
2134.0,1.183549390247151,314.0,325.0,1.0,0.4295933759792283,2.648660898208618
2135.0,1.1823658408569038,314.0,327.0,5.0,0.4292301958656906,2.6490118503570557
2136.0,1.1811834750160468,314.0,325.0,11.0,0.42886695970362676,2.649358034133911
2137.0,1.1800022915410309,314.0,325.0,5.0,0.42850366779210697,2.649700164794922
2138.0,1.1788222892494897,314.0,318.0,5.0,0.42814032043064987,2.6500630378723145
2139.0,1.1776434669602402,314.0,322.0,6.0,0.42777691791922234,2.6504368782043457
2140.0,1.17646582349328,314.0,320.0,1.0,0.4274134605582392,2.65079402923584
2141.0,1.175289357669787,314.0,320.0,1.0,0.42704994864856294,2.6511600017547607
2142.0,1.1741140683121172,314.0,320.0,6.0,0.4266863824915035,2.651510000228882
2143.0,1.172939954243805,314.0,318.0,7.0,0.4263227623888178,2.651871919631958
2144.0,1.1717670142895613,314.0,314.0,3.0,0.4259590886427101,2.6522328853607178
2145.0,1.1705952472752716,314.0,314.0,1.0,0.42559536155583094,2.6525919437408447
2146.0,1.1694246520279963,314.0,315.0,4.0,0.42523158143127754,2.6529409885406494
2147.0,1.1682552273759683,313.0,318.0,6.0,0.4248677485725932,2.6533679962158203
2148.0,1.1670869721485924,313.0,313.0,7.0,0.4245038632837668,2.6537158489227295
2149.0,1.1659198851764438,312.0,313.0,4.0,0.4241399258692334,2.654062032699585
2150.0,1.1647539652912675,312.0,315.0,3.0,0.42377593663387275,2.6543948650360107
2151.0,1.1635892113259763,312.0,320.0,2.0,0.42341189588301015,2.654741048812866
2152.0,1.1624256221146503,312.0,321.0,3.0,0.4230478039224154,2.6550729274749756
2153.0,1.1612631964925357,312.0,321.0,1.0,0.422683661058303,2.6554179191589355
2154.0,1.1601019332960432,312.0,322.0,4.0,0.4223194675973316,2.655749797821045
2155.0,1.158941831362747,312.0,322.0,5.0,0.42195522384660356,2.6560840606689453
2156.0,1.1577828895313844,312.0,321.0,5.0,0.4215909301136652,2.6564149856567383
2157.0,1.1566251066418531,312.0,316.0,3.0,0.4212265867065062,2.656752824783325
2158.0,1.1554684815352112,312.0,316.0,1.0,0.42086219393355895,2.6570799350738525
2159.0,1.154313013053676,312.0,316.0,2.0,0.420497752103699,2.657397985458374
2160.0,1.1531587000406225,312.0,312.0,3.0,0.42013326152624414,2.6577768325805664
2161.0,1.1520055413405819,312.0,312.0,4.0,0.4197687225109543,2.658139944076538
2162.0,1.1508535357992413,312.0,315.0,5.0,0.41940413536803145,2.6584830284118652
2163.0,1.1497026822634422,312.0,315.0,2.0,0.419039500408119,2.6588327884674072
2164.0,1.1485529795811786,312.0,321.0,5.0,0.4186748179423015,2.659172773361206
2165.0,1.1474044266015975,312.0,326.0,5.0,0.41831008828210464,2.6595168113708496
2166.0,1.146257022174996,312.0,322.0,3.0,0.4179453117394947,2.659882068634033
2167.0,1.145110765152821,312.0,324.0,4.0,0.4175804886268781,2.660233974456787
2168.0,1.1439656543876682,312.0,322.0,4.0,0.4172156192571013,2.660627841949463
2169.0,1.1428216887332805,312.0,322.0,2.0,0.41685070394345053,2.660977840423584
2170.0,1.1416788670445472,312.0,317.0,6.0,0.4164857429996512,2.6613271236419678
2171.0,1.1405371881775026,312.0,319.0,1.0,0.4161207367398677,2.6616740226745605
2172.0,1.1393966509893252,312.0,321.0,2.0,0.4157556854787034,2.662024974822998
2173.0,1.1382572543383358,312.0,321.0,3.0,0.4153905895311995,2.6623611450195312
2174.0,1.1371189970839974,312.0,319.0,5.0,0.41502544921283563,2.662702798843384
2175.0,1.1359818780869135,312.0,322.0,6.0,0.4146602648395289,2.6630330085754395
2176.0,1.1348458962088266,312.0,326.0,7.0,0.4142950367276337,2.663378953933716
2177.0,1.1337110503126178,312.0,329.0,3.0,0.4139297651939414,2.6637120246887207
2178.0,1.132577339262305,312.0,319.0,5.0,0.41356445055568014,2.6640288829803467
2179.0,1.1314447619230428,312.0,315.0,4.0,0.4131990931305142,2.66436505317688
2180.0,1.1303133171611197,312.0,318.0,5.0,0.4128336932365437,2.6647050380706787
2181.0,1.1291830038439585,312.0,320.0,2.0,0.41246825119230446,2.665058135986328
2182.0,1.1280538208401145,312.0,318.0,2.0,0.4121027673167674,2.6653881072998047
2183.0,1.1269257670192745,312.0,317.0,3.0,0.4117372419293385,2.66572904586792
2184.0,1.1257988412522553,312.0,317.0,1.0,0.41137167534985797,2.666059970855713
2185.0,1.124673042411003,312.0,317.0,2.0,0.41100606789860006,2.6663830280303955
2186.0,1.123548369368592,312.0,317.0,5.0,0.41064041989627303,2.6667211055755615
2187.0,1.1224248209992234,312.0,315.0,2.0,0.4102747316640184,2.6670420169830322
2188.0,1.121302396178224,312.0,317.0,2.0,0.4099090035234105,2.667358875274658
2189.0,1.1201810937820458,312.0,314.0,2.0,0.40954323579645646,2.6677167415618896
2190.0,1.1190609126882638,312.0,316.0,1.0,0.4091774288055957,2.6680397987365723
2191.0,1.1179418517755755,312.0,320.0,3.0,0.4088115828736993,2.668375015258789
2192.0,1.1168239099238,312.0,320.0,7.0,0.40844569832406985,2.668726921081543
2193.0,1.1157070860138762,312.0,317.0,6.0,0.40807977548044094,2.6690609455108643
2194.0,1.1145913789278623,312.0,315.0,4.0,0.407713814666977,2.669398069381714
2195.0,1.1134767875489344,312.0,313.0,4.0,0.40734781620827254,2.6697568893432617
2196.0,1.1123633107613855,309.0,311.0,3.0,0.4069817804293521,2.67008900642395
2197.0,1.111250947450624,309.0,310.0,1.0,0.4066157076556697,2.670430898666382
2198.0,1.1101396965031733,309.0,312.0,1.0,0.40624959821310813,2.6707699298858643
2199.0,1.1090295568066701,309.0,315.0,4.0,0.4058834524279793,2.671103000640869
2200.0,1.1079205272498636,309.0,315.0,4.0,0.4055172706270231,2.6714417934417725
2201.0,1.1068126067226136,309.0,315.0,0.0,0.40515105313740707,2.671797037124634
2202.0,1.105705794115891,309.0,316.0,2.0,0.40478480028672664,2.672125816345215
2203.0,1.104600088321775,309.0,313.0,4.0,0.4044185124030039,2.6724610328674316
2204.0,1.1034954882334533,309.0,310.0,2.0,0.4040521898146876,2.6727957725524902
2205.0,1.10239199274522,309.0,312.0,4.0,0.4036858328506527,2.673135757446289
2206.0,1.1012896007524746,309.0,312.0,7.0,0.4033194418401997,2.673489809036255
2207.0,1.100188311151722,309.0,310.0,3.0,0.40295301711305465,2.6738228797912598
2208.0,1.0990881228405704,306.0,308.0,5.0,0.40258655899936835,2.674161911010742
2209.0,1.09798903471773,306.0,312.0,1.0,0.4022200678297159,2.6745119094848633
2210.0,1.096891045683012,306.0,313.0,3.0,0.40185354393509665,2.674839973449707
2211.0,1.095794154637329,306.0,318.0,3.0,0.40148698764693325,2.675165891647339
2212.0,1.0946983604826919,306.0,320.0,4.0,0.4011203992970716,2.6754848957061768
2213.0,1.0936036621222092,306.0,318.0,2.0,0.40075377921778005,2.6758179664611816
2214.0,1.0925100584600869,306.0,317.0,3.0,0.4003871277417494,2.6761720180511475
2215.0,1.0914175484016269,306.0,315.0,5.0,0.40002044520209207,2.6765098571777344
2216.0,1.0903261308532253,306.0,317.0,2.0,0.39965373193234177,2.676853895187378
2217.0,1.089235804722372,306.0,311.0,7.0,0.3992869882664529,2.677191972732544
2218.0,1.0881465689176497,306.0,310.0,1.0,0.39892021453880055,2.6775238513946533
2219.0,1.087058422348732,306.0,309.0,1.0,0.39855341108417947,2.677845001220703
2220.0,1.0859713639263833,306.0,311.0,2.0,0.39818657823780373,2.678169012069702
2221.0,1.0848853925624569,306.0,311.0,4.0,0.3978197163353066,2.678489923477173
2222.0,1.0838005071698944,306.0,312.0,2.0,0.39745282571273977,2.6788060665130615
2223.0,1.0827167066627246,306.0,313.0,1.0,0.3970859067065728,2.67914080619812
2224.0,1.0816339899560619,306.0,313.0,2.0,0.39671895965369297,2.6794700622558594
2225.0,1.0805523559661059,306.0,317.0,3.0,0.39635198489140433,2.6798009872436523
2226.0,1.0794718036101398,306.0,317.0,0.0,0.3959849827574278,2.6801228523254395
2227.0,1.0783923318065296,306.0,321.0,4.0,0.39561795358989993,2.680452823638916
2228.0,1.077313939474723,306.0,319.0,5.0,0.3952508977273734,2.6807920932769775
2229.0,1.0762366255352485,306.0,317.0,5.0,0.39488381550881546,2.681144952774048
2230.0,1.0751603889097132,306.0,314.0,3.0,0.39451670727360816,2.6814839839935303
2231.0,1.0740852285208036,306.0,312.0,5.0,0.39414957336154754,2.681818962097168
2232.0,1.0730111432922829,306.0,308.0,3.0,0.3937824141128433,2.682149887084961
2233.0,1.0719381321489905,306.0,313.0,2.0,0.39341522986811805,2.6824660301208496
2234.0,1.0708661940168416,306.0,311.0,2.0,0.3930480209684072,2.6827919483184814
2235.0,1.0697953278228247,306.0,309.0,3.0,0.39268078775515775,2.6831088066101074
2236.0,1.0687255324950018,306.0,307.0,4.0,0.3923135305702286,2.6834287643432617
2237.0,1.0676568069625068,306.0,309.0,1.0,0.3919462497558895,2.6837639808654785
2238.0,1.0665891501555442,306.0,315.0,6.0,0.3915789456548207,2.6840879917144775
2239.0,1.0655225610053887,306.0,317.0,3.0,0.3912116186101123,2.6844279766082764
2240.0,1.0644570384443832,306.0,311.0,4.0,0.39084426896526386,2.6847448348999023
2241.0,1.0633925814059388,306.0,309.0,5.0,0.39047689706418387,2.6850690841674805
2242.0,1.062329188824533,306.0,311.0,6.0,0.39010950325118915,2.685391902923584
2243.0,1.0612668596357084,306.0,308.0,3.0,0.38974208787100423,2.6857070922851562
2244.0,1.0602055927760727,306.0,308.0,4.0,0.389374651268761,2.6860270500183105
2245.0,1.0591453871832968,306.0,310.0,2.0,0.38900719378999793,2.686350107192993
2246.0,1.0580862417961134,306.0,313.0,4.0,0.3886397157806598,2.686671018600464
2247.0,1.0570281555543173,306.0,312.0,2.0,0.38827221758709696,2.686997890472412
2248.0,1.0559711273987629,306.0,313.0,4.0,0.3879046995560647,2.6873159408569336
2249.0,1.0549151562713641,306.0,310.0,8.0,0.3875371620347231,2.6876227855682373
2250.0,1.0538602411150928,306.0,312.0,2.0,0.387169605370636,2.687929153442383
2251.0,1.0528063808739776,306.0,313.0,5.0,0.3868020299117704,2.6882269382476807
2252.0,1.0517535744931037,306.0,313.0,8.0,0.3864344360064966,2.688547134399414
2253.0,1.0507018209186105,306.0,312.0,3.0,0.38606682400358666,2.6888670921325684
2254.0,1.0496511190976918,306.0,313.0,2.0,0.3856991942522146,2.689173936843872
2255.0,1.0486014679785942,306.0,311.0,3.0,0.38533154710195555,2.689532995223999
2256.0,1.0475528665106155,306.0,312.0,3.0,0.3849638829027849,2.6898560523986816
2257.0,1.046505313644105,306.0,309.0,4.0,0.3845962020050782,2.690173864364624
2258.0,1.0454588083304608,306.0,309.0,3.0,0.38422850475961035,2.690495014190674
2259.0,1.0444133495221304,306.0,309.0,2.0,0.38386079151755476,2.690809726715088
2260.0,1.0433689361726082,306.0,307.0,6.0,0.3834930626304833,2.691127061843872
2261.0,1.0423255672364355,303.0,305.0,5.0,0.3831253184503652,2.6914539337158203
2262.0,1.041283241669199,303.0,305.0,3.0,0.38275755932956673,2.691797971725464
2263.0,1.0402419584275298,303.0,305.0,0.0,0.3823897856208506,2.6921238899230957
2264.0,1.0392017164691023,303.0,307.0,2.0,0.3820219976773752,2.692439079284668
2265.0,1.0381625147526332,303.0,306.0,6.0,0.38165419585269406,2.692753791809082
2266.0,1.0371243522378806,303.0,307.0,2.0,0.38128638050075536,2.6930508613586426
2267.0,1.0360872278856428,303.0,309.0,5.0,0.380918551975901,2.693373918533325
2268.0,1.0350511406577572,303.0,311.0,6.0,0.3805507106328665,2.6936919689178467
2269.0,1.0340160895170993,303.0,312.0,4.0,0.38018285682677977,2.694005012512207
2270.0,1.0329820734275823,303.0,315.0,2.0,0.37981499091316095,2.694321870803833
2271.0,1.0319490913541547,303.0,313.0,2.0,0.37944711324792163,2.6946349143981934
2272.0,1.0309171422628005,303.0,312.0,1.0,0.37907922418736417,2.6949691772460938
2273.0,1.0298862251205376,303.0,308.0,3.0,0.3787113240881811,2.695279836654663
2274.0,1.028856338895417,303.0,306.0,1.0,0.3783434133074545,2.6955788135528564
2275.0,1.0278274825565217,303.0,304.0,2.0,0.3779754922026554,2.695894956588745
2276.0,1.026799655073965,302.0,302.0,1.0,0.37760756113164307,2.6961910724639893
2277.0,1.0257728554188912,302.0,302.0,2.0,0.37723962045266435,2.696495771408081
2278.0,1.0247470825634724,302.0,303.0,3.0,0.376871670524353,2.696800947189331
2279.0,1.0237223354809089,302.0,302.0,2.0,0.37650371170572916,2.6971030235290527
2280.0,1.0226986131454279,302.0,302.0,0.0,0.3761357443561987,2.697390079498291
2281.0,1.0216759145322825,302.0,306.0,2.0,0.37576776883555235,2.697705030441284
2282.0,1.0206542386177502,302.0,306.0,3.0,0.3753997855039653,2.6980180740356445
2283.0,1.0196335843791324,302.0,307.0,1.0,0.37503179472199627,2.698307991027832
2284.0,1.0186139507947534,302.0,311.0,2.0,0.37466379685058704,2.698607921600342
2285.0,1.0175953368439585,302.0,311.0,3.0,0.37429579225106174,2.6989009380340576
2286.0,1.0165777415071147,302.0,315.0,4.0,0.3739277812851262,2.699193000793457
2287.0,1.0155611637656075,302.0,311.0,4.0,0.3735597643148671,2.699493885040283
2288.0,1.0145456026018418,302.0,309.0,4.0,0.3731917417027515,2.6997880935668945
2289.0,1.01353105699924,302.0,308.0,8.0,0.37282371381162593,2.700083017349243
2290.0,1.0125175259422408,302.0,309.0,4.0,0.3724556810047161,2.7003729343414307
2291.0,1.0115050084162984,302.0,311.0,2.0,0.3720876436456257,2.7006618976593018
2292.0,1.0104935034078821,302.0,315.0,5.0,0.3717196020983361,2.7009530067443848
2293.0,1.0094830099044743,302.0,313.0,4.0,0.3713515567272054,2.701251983642578
2294.0,1.0084735268945697,302.0,317.0,8.0,0.3709835078969678,2.7015419006347656
2295.0,1.0074650533676752,302.0,317.0,5.0,0.3706154559727332,2.701836109161377
2296.0,1.0064575883143076,302.0,317.0,5.0,0.3702474013199859,2.7021329402923584
2297.0,1.0054511307259932,302.0,317.0,3.0,0.3698793443045843,2.702446937561035
2298.0,1.0044456795952672,302.0,314.0,4.0,0.36951128529276017,2.7027430534362793
2299.0,1.003441233915672,302.0,317.0,2.0,0.3691432246511178,2.7030608654022217
2300.0,1.0024377926817563,302.0,317.0,5.0,0.36877516274663336,2.703364849090576
2301.0,1.0014353548890744,302.0,313.0,5.0,0.36840709994665405,2.703664779663086
2302.0,1.0004339195341854,302.0,313.0,3.0,0.36803903661889764,2.7039668560028076
2303.0,0.9994334856146512,302.0,313.0,3.0,0.3676709731314514,2.704259157180786
2304.0,0.9984340521290366,302.0,315.0,1.0,0.3673029098527718,2.704572916030884
2305.0,0.9974356180769075,302.0,315.0,2.0,0.36693484715168306,2.704871892929077
2306.0,0.9964381824588306,302.0,321.0,5.0,0.36656678539737725,2.705183982849121
2307.0,0.9954417442763718,302.0,318.0,1.0,0.366198724959413,2.7054898738861084
2308.0,0.9944463025320954,302.0,319.0,4.0,0.365830666207715,2.7057840824127197
2309.0,0.9934518562295633,302.0,311.0,3.0,0.365462609512573,2.706089973449707
2310.0,0.9924584043733338,302.0,311.0,1.0,0.36509455524464113,2.706387996673584
2311.0,0.9914659459689604,302.0,311.0,2.0,0.36472650377493765,2.706692934036255
2312.0,0.9904744800229914,302.0,317.0,4.0,0.36435845547484336,2.7070019245147705
2313.0,0.9894840055429684,302.0,318.0,4.0,0.3639904107161014,2.7074098587036133
2314.0,0.9884945215374255,302.0,317.0,1.0,0.36362236987081614,2.707720994949341
2315.0,0.9875060270158881,302.0,314.0,5.0,0.36325433331145296,2.7080278396606445
2316.0,0.9865185209888722,302.0,312.0,1.0,0.36288630141083666,2.7083358764648438
2317.0,0.9855320024678833,302.0,311.0,4.0,0.36251827454215146,2.7086541652679443
2318.0,0.9845464704654154,302.0,313.0,1.0,0.3621502530789396,2.708951950073242
2319.0,0.98356192399495,302.0,312.0,1.0,0.3617822373951011,2.7092669010162354
2320.0,0.9825783620709551,302.0,310.0,2.0,0.36141422786489263,2.7095649242401123
2321.0,0.9815957837088841,302.0,308.0,4.0,0.3610462248629266,2.7098617553710938
2322.0,0.9806141879251752,302.0,308.0,0.0,0.36067822876417094,2.7101669311523438
2323.0,0.97963357373725,302.0,309.0,6.0,0.3603102399439475,2.7104599475860596
2324.0,0.9786539401635128,302.0,317.0,2.0,0.3599422587779321,2.710756778717041
2325.0,0.9776752862233493,302.0,315.0,3.0,0.359574285642153,2.7110698223114014
2326.0,0.9766976109371259,302.0,315.0,2.0,0.3592063209129903,2.711354970932007
2327.0,0.9757209133261888,302.0,317.0,5.0,0.35883836496717564,2.7116527557373047
2328.0,0.9747451924128626,302.0,319.0,4.0,0.3584704181817906,2.711949110031128
2329.0,0.9737704472204497,302.0,317.0,5.0,0.35810248093426644,2.712238073348999
2330.0,0.9727966767732292,302.0,319.0,5.0,0.3577345536023829,2.7125308513641357
2331.0,0.971823880096456,302.0,319.0,1.0,0.35736663656426776,2.712817907333374
2332.0,0.9708520562163596,302.0,319.0,4.0,0.3569987301983957,2.713109016418457
2333.0,0.9698812041601432,302.0,315.0,4.0,0.3566308348835875,2.7134079933166504
2334.0,0.968911322955983,302.0,312.0,4.0,0.3562629509990095,2.713710069656372
2335.0,0.9679424116330271,302.0,315.0,6.0,0.35589507892417244,2.713999032974243
2336.0,0.9669744692213941,302.0,316.0,4.0,0.35552721903893053,2.7142977714538574
2337.0,0.9660074947521726,302.0,319.0,5.0,0.3551593717234811,2.7145800590515137
2338.0,0.9650414872574204,302.0,313.0,6.0,0.3547915373583634,2.714858055114746
2339.0,0.964076445770163,302.0,313.0,0.0,0.35442371632445746,2.7151501178741455
2340.0,0.9631123693243929,302.0,311.0,6.0,0.354055909002984,2.715441942214966
2341.0,0.9621492569550685,302.0,311.0,2.0,0.35368811577550285,2.7157399654388428
2342.0,0.9611871076981134,302.0,311.0,0.0,0.3533203370239126,2.716031074523926
2343.0,0.9602259205904153,302.0,314.0,4.0,0.3529525731304492,2.7163188457489014
2344.0,0.9592656946698249,302.0,311.0,3.0,0.3525848244776858,2.7165939807891846
2345.0,0.9583064289751551,302.0,311.0,3.0,0.35221709144853114,2.7168781757354736
2346.0,0.9573481225461798,302.0,312.0,3.0,0.3518493744262291,2.7171719074249268
2347.0,0.9563907744236336,302.0,308.0,3.0,0.3514816737943579,2.717521905899048
2348.0,0.95543438364921,302.0,307.0,3.0,0.3511139899368288,2.71783185005188
2349.0,0.9544789492655608,302.0,310.0,4.0,0.35074632323788557,2.7181448936462402
2350.0,0.9535244703162952,302.0,310.0,3.0,0.35037867408210355,2.718456983566284
2351.0,0.9525709458459789,302.0,312.0,4.0,0.3500110428543886,2.7187740802764893
2352.0,0.9516183749001329,302.0,313.0,1.0,0.34964342993997644,2.7191050052642822
2353.0,0.9506667565252328,302.0,315.0,4.0,0.34927583572443127,2.719407796859741
2354.0,0.9497160897687076,302.0,311.0,3.0,0.34890826059364566,2.719697952270508
2355.0,0.9487663736789389,302.0,309.0,2.0,0.3485407049338388,2.7200589179992676
2356.0,0.94781760730526,302.0,310.0,4.0,0.34817316913155627,2.7203660011291504
2357.0,0.9468697896979548,302.0,312.0,3.0,0.3478056535736686,2.7206740379333496
2358.0,0.9459229199082568,302.0,312.0,3.0,0.3474381586473707,2.7209768295288086
2359.0,0.9449769969883486,302.0,312.0,1.0,0.3470706847401808,2.7212769985198975
2360.0,0.9440320199913602,302.0,318.0,3.0,0.34670323223993954,2.7215709686279297
2361.0,0.9430879879713688,302.0,318.0,0.0,0.3463358015348091,2.7218759059906006
2362.0,0.9421448999833975,302.0,314.0,4.0,0.34596839301327215,2.7221670150756836
2363.0,0.9412027550834141,302.0,314.0,2.0,0.34560100706413094,2.7224628925323486
2364.0,0.9402615523283306,302.0,312.0,2.0,0.3452336440765065,2.722784996032715
2365.0,0.9393212907760023,302.0,313.0,4.0,0.34486630443983746,2.7230820655822754
2366.0,0.9383819694852263,302.0,311.0,2.0,0.34449898854387956,2.7233669757843018
2367.0,0.9374435875157411,302.0,307.0,1.0,0.344131696778704,2.723659038543701
2368.0,0.9365061439282253,302.0,309.0,3.0,0.34376442953469705,2.72396183013916
2369.0,0.935569637784297,302.0,309.0,1.0,0.3433971872025589,2.7242648601531982
2370.0,0.9346340681465127,302.0,310.0,5.0,0.3430299701733028,2.7245519161224365
2371.0,0.9336994340783662,302.0,310.0,1.0,0.3426627788382538,2.7248449325561523
2372.0,0.9327657346442878,302.0,310.0,1.0,0.34229561358904825,2.7251367568969727
2373.0,0.9318329689096435,302.0,311.0,5.0,0.34192847481763233,2.725435972213745
2374.0,0.9309011359407339,302.0,308.0,3.0,0.3415613629162615,2.7257258892059326
2375.0,0.9299702348047931,302.0,306.0,4.0,0.34119427827749926,2.726017951965332
2376.0,0.9290402645699883,302.0,311.0,5.0,0.34082722129421633,2.726335048675537
2377.0,0.9281112243054184,302.0,305.0,7.0,0.3404601923595894,2.7266249656677246
2378.0,0.9271831130811129,302.0,308.0,1.0,0.3400931918671006,2.7270050048828125
2379.0,0.9262559299680317,302.0,308.0,1.0,0.339726220210536,2.7272958755493164
2380.0,0.9253296740380638,302.0,308.0,1.0,0.339359277783985,2.727634906768799
2381.0,0.9244043443640257,302.0,308.0,0.0,0.3389923649818392,2.7279460430145264
2382.0,0.9234799400196617,302.0,309.0,2.0,0.3386254821987912,2.728242874145508
2383.0,0.9225564600796421,302.0,309.0,4.0,0.33825862982983396,2.728548765182495
2384.0,0.9216339036195624,302.0,310.0,3.0,0.33789180827025955,2.728860855102539
2385.0,0.9207122697159429,302.0,308.0,3.0,0.33752501791565825,2.729167938232422
2386.0,0.919791557446227,302.0,307.0,3.0,0.3371582591619174,2.729480028152466
2387.0,0.9188717658887807,302.0,308.0,1.0,0.3367915324052205,2.729779005050659
2388.0,0.9179528941228919,302.0,317.0,5.0,0.33642483804204604,2.730088949203491
2389.0,0.917034941228769,302.0,315.0,2.0,0.33605817646916686,2.730386972427368
2390.0,0.9161179062875403,302.0,316.0,1.0,0.3356915480836486,2.7306928634643555
2391.0,0.9152017883812528,302.0,316.0,0.0,0.33532495328284895,2.7310028076171875
2392.0,0.9142865865928715,302.0,316.0,2.0,0.3349583924644166,2.7313320636749268
2393.0,0.9133723000062787,302.0,318.0,5.0,0.33459186602629026,2.7316389083862305
2394.0,0.9124589277062723,302.0,316.0,6.0,0.3342253743666973,2.731933832168579
2395.0,0.911546468778566,302.0,316.0,3.0,0.3338589178841533,2.7322309017181396
2396.0,0.9106349223097875,302.0,315.0,5.0,0.33349249697746014,2.7325351238250732
2397.0,0.9097242873874777,302.0,316.0,2.0,0.3331261120457058,2.732844114303589
2398.0,0.9088145631000902,302.0,316.0,4.0,0.33275976348826297,2.7331418991088867
2399.0,0.9079057485369901,302.0,314.0,3.0,0.3323934517047876,2.7334389686584473
2400.0,0.9069978427884532,302.0,311.0,2.0,0.33202717709521845,2.7337427139282227
2401.0,0.9060908449456647,302.0,312.0,5.0,0.33166094005977587,2.7340478897094727
2402.0,0.9051847541007191,302.0,312.0,1.0,0.3312947409989603,2.73435378074646
2403.0,0.9042795693466184,302.0,312.0,3.0,0.3309285803135517,2.7346858978271484
2404.0,0.9033752897772718,302.0,313.0,2.0,0.3305624584046083,2.7350010871887207
2405.0,0.9024719144874945,302.0,310.0,2.0,0.3301963756734654,2.735304832458496
2406.0,0.9015694425730071,302.0,310.0,3.0,0.32983033252173455,2.7356059551239014
2407.0,0.9006678731304341,302.0,310.0,2.0,0.329464329351302,2.7359139919281006
2408.0,0.8997672052573036,302.0,310.0,0.0,0.3290983665643281,2.7362120151519775
2409.0,0.8988674380520463,302.0,310.0,0.0,0.32873244456324613,2.736514091491699
2410.0,0.8979685706139943,302.0,308.0,2.0,0.32836656375076084,2.7368597984313965
2411.0,0.8970706020433803,302.0,309.0,2.0,0.32800072452984763,2.7371630668640137
2412.0,0.8961735314413369,302.0,310.0,1.0,0.32763492730375154,2.7374799251556396
2413.0,0.8952773579098956,302.0,314.0,3.0,0.3272691724759856,2.7377867698669434
2414.0,0.8943820805519856,302.0,314.0,0.0,0.32690346045033053,2.738067865371704
2415.0,0.8934876984714336,302.0,314.0,2.0,0.326537791630833,2.7383549213409424
2416.0,0.8925942107729622,302.0,314.0,1.0,0.32617216642180485,2.7386507987976074
2417.0,0.8917016165621893,302.0,316.0,3.0,0.32580658522782147,2.7389609813690186
2418.0,0.8908099149456271,302.0,314.0,2.0,0.32544104845372146,2.7392578125
2419.0,0.8899191050306815,302.0,312.0,1.0,0.3250755565046046,2.7395668029785156
2420.0,0.8890291859256508,302.0,313.0,2.0,0.32471010978583154,2.7398641109466553
2421.0,0.8881401567397251,302.0,313.0,1.0,0.3243447087030221,2.7401669025421143
2422.0,0.8872520165829854,302.0,314.0,2.0,0.32397935366205444,2.7404637336730957
2423.0,0.8863647645664023,302.0,315.0,4.0,0.3236140450690637,2.7407569885253906
2424.0,0.885478399801836,302.0,315.0,1.0,0.3232487833304409,2.741044044494629
2425.0,0.8845929214020342,302.0,315.0,4.0,0.32288356885283187,2.7413418292999268
2426.0,0.8837083284806321,302.0,314.0,2.0,0.32251840204313603,2.741636037826538
2427.0,0.8828246201521515,302.0,315.0,2.0,0.3221532833085053,2.7419400215148926
2428.0,0.8819417955319994,302.0,317.0,5.0,0.3217882130563428,2.74224591255188
2429.0,0.8810598537364673,302.0,317.0,0.0,0.3214231916943019,2.7425410747528076
2430.0,0.8801787938827309,302.0,315.0,1.0,0.32105821963028464,2.7428348064422607
2431.0,0.8792986150888482,302.0,313.0,1.0,0.32069329727244117,2.7431371212005615
2432.0,0.8784193164737594,302.0,315.0,2.0,0.3203284250291679,2.7434329986572266
2433.0,0.8775408971572856,302.0,315.0,0.0,0.31996360330910684,2.743773937225342
2434.0,0.8766633562601283,302.0,317.0,2.0,0.31959883252114424,2.7440781593322754
2435.0,0.8757866929038681,302.0,315.0,2.0,0.3192341130744092,2.744374990463257
2436.0,0.8749109062109642,302.0,315.0,2.0,0.31886944537827283,2.7446677684783936
2437.0,0.8740359953047533,302.0,313.0,5.0,0.31850482984234674,2.744960069656372
2438.0,0.8731619593094485,302.0,317.0,2.0,0.31814026687648206,2.7452480792999268
2439.0,0.8722887973501391,302.0,318.0,2.0,0.3177757568907682,2.74554181098938
2440.0,0.871416508552789,302.0,317.0,1.0,0.3174113002955315,2.745835065841675
2441.0,0.8705450920442361,302.0,317.0,2.0,0.31704689750133397,2.7461419105529785
2442.0,0.8696745469521919,302.0,317.0,0.0,0.31668254891897263,2.7464470863342285
2443.0,0.8688048724052397,302.0,314.0,4.0,0.31631825495947746,2.7467539310455322
2444.0,0.8679360675328345,302.0,314.0,0.0,0.3159540160341109,2.7470600605010986
2445.0,0.8670681314653016,302.0,314.0,0.0,0.3155898325543661,2.7473669052124023
2446.0,0.8662010633338363,302.0,312.0,2.0,0.3152257049319661,2.7476940155029297
2447.0,0.8653348622705025,302.0,313.0,2.0,0.3148616335788624,2.7480010986328125
2448.0,0.864469527408232,302.0,311.0,3.0,0.31449761890723354,2.7483088970184326
2449.0,0.8636050578808238,302.0,314.0,5.0,0.31413366132948417,2.74861216545105
2450.0,0.8627414528229429,302.0,314.0,2.0,0.3137697612582438,2.748929023742676
2451.0,0.86187871137012,302.0,315.0,3.0,0.3134059191063654,2.749241828918457
2452.0,0.8610168326587498,302.0,314.0,2.0,0.313042135286924,2.749537944793701
2453.0,0.8601558158260911,302.0,314.0,3.0,0.31267841021321596,2.7498600482940674
2454.0,0.859295660010265,302.0,314.0,2.0,0.3123147442987571,2.7501680850982666
2455.0,0.8584363643502547,302.0,317.0,6.0,0.31195113795728185,2.7504780292510986
2456.0,0.8575779279859045,302.0,312.0,3.0,0.311587591602742,2.750786066055298
2457.0,0.8567203500579186,302.0,312.0,0.0,0.31122410564930497,2.7510950565338135
2458.0,0.8558636297078607,302.0,309.0,2.0,0.3108606805113531,2.7514078617095947
2459.0,0.8550077660781528,302.0,310.0,3.0,0.3104973166034822,2.751737117767334
2460.0,0.8541527583120746,302.0,308.0,2.0,0.3101340143404999,2.7520508766174316
2461.0,0.8532986055537626,302.0,308.0,0.0,0.30977077413742515,2.752363920211792
2462.0,0.8524453069482089,302.0,308.0,1.0,0.3094075964094859,2.752699851989746
2463.0,0.8515928616412607,302.0,308.0,1.0,0.3090444815721187,2.7530059814453125
2464.0,0.8507412687796194,302.0,311.0,2.0,0.3086814300409672,2.7533161640167236
2465.0,0.8498905275108398,302.0,311.0,1.0,0.3083184422318804,2.753675937652588
2466.0,0.849040636983329,302.0,311.0,4.0,0.30795551856091186,2.753962993621826
2467.0,0.8481915963463457,302.0,309.0,4.0,0.3075926594443183,2.7542519569396973
2468.0,0.8473434047499994,302.0,309.0,2.0,0.30722986529855806,2.754532814025879
2469.0,0.8464960613452494,302.0,309.0,3.0,0.3068671365402899,2.7548270225524902
2470.0,0.8456495652839041,302.0,307.0,3.0,0.30650447358637206,2.7551209926605225
2471.0,0.8448039157186202,302.0,307.0,3.0,0.3061418768538603,2.755423069000244
2472.0,0.8439591118029016,302.0,306.0,1.0,0.3057793467600068,2.755720853805542
2473.0,0.8431151526910987,302.0,307.0,1.0,0.3054168837222593,2.7560219764709473
2474.0,0.8422720375384076,302.0,305.0,1.0,0.3050544881582592,2.756309986114502
2475.0,0.8414297655008692,301.0,301.0,2.0,0.30469216048584025,2.7566049098968506
2476.0,0.8405883357353684,301.0,301.0,0.0,0.3043299011230277,2.756901979446411
2477.0,0.839747747399633,301.0,301.0,0.0,0.30396771048803645,2.7571959495544434
2478.0,0.8389079996522334,301.0,303.0,3.0,0.30360558899927004,2.7574820518493652
2479.0,0.8380690916525811,301.0,303.0,0.0,0.303243537075319,2.7577779293060303
2480.0,0.8372310225609285,301.0,301.0,4.0,0.30288155513495985,2.7580721378326416
2481.0,0.8363937915383676,301.0,303.0,2.0,0.3025196435971535,2.7583768367767334
2482.0,0.8355573977468292,301.0,304.0,3.0,0.302157802881044,2.758655071258545
2483.0,0.8347218403490824,301.0,306.0,1.0,0.30179603340595695,2.7589497566223145
2484.0,0.8338871185087333,301.0,308.0,3.0,0.3014343355913987,2.7592389583587646
2485.0,0.8330532313902246,301.0,306.0,4.0,0.30107270985705425,2.7595388889312744
2486.0,0.8322201781588343,301.0,304.0,3.0,0.3007111566227865,2.759833812713623
2487.0,0.8313879579806754,301.0,302.0,2.0,0.3003496763086344,2.7601218223571777
2488.0,0.8305565700226948,301.0,301.0,1.0,0.29998826933481204,2.760417938232422
2489.0,0.829726013452672,301.0,306.0,3.0,0.29962693612170677,2.7607059478759766
2490.0,0.8288962874392194,301.0,306.0,1.0,0.2992656770898783,2.760990858078003
2491.0,0.8280673911517802,301.0,303.0,5.0,0.2989044926600569,2.7612831592559814
2492.0,0.8272393237606284,301.0,303.0,0.0,0.2985433832531423,2.7616209983825684
2493.0,0.8264120844368678,301.0,305.0,1.0,0.29818234929020215,2.7619457244873047
2494.0,0.8255856723524309,301.0,305.0,1.0,0.29782139119247053,2.762269973754883
2495.0,0.8247600866800784,301.0,308.0,3.0,0.2974605093813469,2.7625858783721924
2496.0,0.8239353265933983,301.0,308.0,5.0,0.2970997042783942,2.762895107269287
2497.0,0.8231113912668049,301.0,308.0,3.0,0.2967389763053381,2.7632031440734863
2498.0,0.8222882798755381,301.0,308.0,1.0,0.29637832588406476,2.76350998878479
2499.0,0.8214659915956626,301.0,310.0,5.0,0.2960177534366201,2.763828992843628
2500.0,0.8206445256040669,301.0,306.0,2.0,0.29565725938520804,2.7641379833221436
2501.0,0.8198238810784628,301.0,306.0,0.0,0.29529684415218926,2.764479875564575
2502.0,0.8190040571973843,301.0,306.0,1.0,0.29493650816007955,2.7647931575775146
2503.0,0.818185053140187,301.0,306.0,3.0,0.2945762518315487,2.7651047706604004
2504.0,0.8173668680870467,301.0,306.0,3.0,0.2942160755894184,2.765415906906128
2505.0,0.8165495012189596,301.0,306.0,0.0,0.29385597985666206,2.765713930130005
2506.0,0.8157329517177406,301.0,308.0,2.0,0.2934959650564019,2.766008138656616
2507.0,0.8149172187660229,301.0,308.0,5.0,0.2931360316119085,2.766310930252075
2508.0,0.8141023015472568,301.0,310.0,2.0,0.29277617994659905,2.7666139602661133
2509.0,0.8132881992457096,301.0,309.0,4.0,0.2924164104840358,2.766918897628784
2510.0,0.8124749110464639,301.0,309.0,0.0,0.2920567236479248,2.7672300338745117
2511.0,0.8116624361354174,301.0,309.0,5.0,0.2916971198621143,2.7675278186798096
2512.0,0.810850773699282,301.0,309.0,2.0,0.2913375995505932,2.767843008041382
2513.0,0.8100399229255828,301.0,307.0,4.0,0.29097816313749,2.768151044845581
2514.0,0.8092298830026572,301.0,307.0,2.0,0.29061881104707066,2.7684619426727295
2515.0,0.8084206531196545,301.0,310.0,2.0,0.290259543703738,2.768772840499878
2516.0,0.8076122324665348,301.0,310.0,2.0,0.28990036153202947,2.769092082977295
2517.0,0.8068046202340683,301.0,310.0,1.0,0.28954126495661586,2.769415855407715
2518.0,0.8059978156138342,301.0,310.0,0.0,0.2891822544023001,2.769714832305908
2519.0,0.8051918177982204,301.0,306.0,5.0,0.28882333029401547,2.770052194595337
2520.0,0.8043866259804221,301.0,306.0,0.0,0.28846449305682426,2.7703611850738525
2521.0,0.8035822393544417,301.0,303.0,2.0,0.2881057431159162,2.7706518173217773
2522.0,0.8027786571150873,300.0,301.0,4.0,0.28774708089660705,2.770948886871338
2523.0,0.8019758784579722,300.0,304.0,2.0,0.28738850682433703,2.7712459564208984
2524.0,0.8011739025795143,300.0,304.0,2.0,0.2870300213246692,2.7715489864349365
2525.0,0.8003727286769348,300.0,304.0,0.0,0.2866716248232885,2.771851062774658
2526.0,0.7995723559482578,300.0,304.0,3.0,0.2863133177459993,2.7721469402313232
2527.0,0.7987727835923095,300.0,304.0,0.0,0.28595510051872486,2.772439956665039
2528.0,0.7979740108087172,300.0,304.0,1.0,0.2855969735675051,2.7727489471435547
2529.0,0.7971760367979085,300.0,304.0,1.0,0.28523893731849553,2.773049831390381
2530.0,0.7963788607611105,300.0,307.0,5.0,0.2848809921979654,2.773358106613159
2531.0,0.7955824819003494,300.0,307.0,0.0,0.2845231386322965,2.773648977279663
2532.0,0.794786899418449,300.0,304.0,2.0,0.2841653770479814,2.7739429473876953
2533.0,0.7939921125190306,300.0,302.0,3.0,0.2838077078716218,2.774216890335083
2534.0,0.7931981204065115,300.0,302.0,0.0,0.2834501315299274,2.7744948863983154
2535.0,0.792404922286105,300.0,302.0,0.0,0.283092648449714,2.774793863296509
2536.0,0.7916125173638189,300.0,301.0,4.0,0.28273525905790214,2.775084972381592
2537.0,0.7908209048464551,300.0,301.0,0.0,0.2823779637815155,2.7753779888153076
2538.0,0.7900300839416086,300.0,301.0,1.0,0.28202076304767926,2.775674819946289
2539.0,0.7892400538576669,300.0,301.0,2.0,0.28166365728361875,2.7759599685668945
2540.0,0.7884508138038092,300.0,301.0,0.0,0.2813066469166577,2.776261806488037
2541.0,0.7876623629900054,300.0,302.0,2.0,0.2809497323742168,2.776546001434326
2542.0,0.7868747006270154,300.0,302.0,1.0,0.28059291408381204,2.776838779449463
2543.0,0.7860878259263884,300.0,302.0,2.0,0.2802361924730533,2.777139902114868
2544.0,0.785301738100462,300.0,300.0,1.0,0.2798795679696426,2.7774338722229004
2545.0,0.7845164363623616,300.0,301.0,3.0,0.27952304100137254,2.777729034423828
2546.0,0.7837319199259992,300.0,301.0,5.0,0.27916661199612486,2.7780280113220215
2547.0,0.7829481880060732,300.0,301.0,1.0,0.27881028138186886,2.7783238887786865
2548.0,0.7821652398180672,300.0,301.0,1.0,0.2784540495866596,2.77862811088562
2549.0,0.7813830745782491,300.0,300.0,1.0,0.27809791703863657,2.7789249420166016
2550.0,0.7806016915036709,299.0,299.0,1.0,0.27774188416602186,2.77921986579895
2551.0,0.7798210898121672,299.0,300.0,1.0,0.2773859513971188,2.779513120651245
2552.0,0.7790412687223551,299.0,303.0,2.0,0.2770301191603103,2.7798190116882324
2553.0,0.7782622274536328,299.0,303.0,2.0,0.27667438788405696,2.7801358699798584
2554.0,0.7774839652261792,299.0,304.0,2.0,0.276318757996896,2.7804338932037354
2555.0,0.7767064812609531,299.0,304.0,1.0,0.27596322992743916,2.780771017074585
2556.0,0.7759297747796922,299.0,306.0,4.0,0.2756078041043714,2.7810921669006348
2557.0,0.7751538450049125,299.0,306.0,0.0,0.2752524809564491,2.7813990116119385
2558.0,0.7743786911599075,299.0,303.0,6.0,0.2748972609124986,2.781702995300293
2559.0,0.7736043124687476,299.0,300.0,3.0,0.27454214440141456,2.782010793685913
2560.0,0.7728307081562789,299.0,300.0,4.0,0.27418713185215804,2.782305955886841
2561.0,0.7720578774481226,298.0,298.0,1.0,0.2738322236937554,2.782608985900879
2562.0,0.7712858195706744,298.0,300.0,2.0,0.2734774203552962,2.782932996749878
2563.0,0.7705145337511038,298.0,300.0,3.0,0.27312272226593187,2.783237934112549
2564.0,0.7697440192173527,298.0,298.0,2.0,0.27276812985487375,2.783536911010742
2565.0,0.7689742751981353,296.0,296.0,1.0,0.27241364355139186,2.7838408946990967
2566.0,0.7682053009229372,296.0,296.0,0.0,0.272059263784813,2.7841429710388184
2567.0,0.7674370956220142,296.0,296.0,0.0,0.27170499098451906,2.7844510078430176
2568.0,0.7666696585263922,295.0,295.0,1.0,0.2713508255799457,2.784759044647217
2569.0,0.7659029888678659,295.0,297.0,5.0,0.2709967680005802,2.7850558757781982
2570.0,0.765137085878998,295.0,298.0,3.0,0.2706428186759602,2.7853550910949707
2571.0,0.764371948793119,295.0,299.0,2.0,0.2702889780356718,2.785665988922119
2572.0,0.7636075768443259,295.0,300.0,1.0,0.26993524650934825,2.7859668731689453
2573.0,0.7628439692674815,295.0,300.0,1.0,0.26958162452666773,2.7862730026245117
2574.0,0.762081125298214,295.0,302.0,1.0,0.26922811251735224,2.7865757942199707
2575.0,0.7613190441729158,295.0,302.0,2.0,0.26887471091116555,2.786879062652588
2576.0,0.760557725128743,295.0,302.0,1.0,0.26852142013791175,2.7871789932250977
2577.0,0.7597971674036142,295.0,299.0,3.0,0.26816824062743333,2.787484884262085
2578.0,0.7590373702362107,295.0,299.0,3.0,0.26781517280960976,2.7878000736236572
2579.0,0.7582783328659745,295.0,299.0,1.0,0.26746221711435564,2.7880990505218506
2580.0,0.7575200545331084,295.0,299.0,1.0,0.2671093739716191,2.788388729095459
2581.0,0.7567625344785753,295.0,300.0,2.0,0.26675664381138015,2.7886908054351807
2582.0,0.7560057719440968,295.0,301.0,1.0,0.26640402706364874,2.789000988006592
2583.0,0.7552497661721527,295.0,301.0,0.0,0.2660515241584632,2.7893378734588623
2584.0,0.7544945164059805,295.0,301.0,2.0,0.2656991355258889,2.7896430492401123
2585.0,0.7537400218895746,295.0,300.0,1.0,0.2653468615960159,2.7899508476257324
2586.0,0.752986281867685,295.0,300.0,2.0,0.2649947027989576,2.7902579307556152
2587.0,0.7522332955858173,295.0,300.0,1.0,0.2646426595648491,2.7905569076538086
2588.0,0.7514810622902315,295.0,300.0,2.0,0.2642907323238453,2.790855884552002
2589.0,0.7507295812279412,295.0,302.0,2.0,0.26393892150611936,2.7911570072174072
2590.0,0.7499788516467133,295.0,300.0,1.0,0.2635872275418607,2.7914538383483887
2591.0,0.7492288727950666,295.0,300.0,0.0,0.26323565086127365,2.7917449474334717
2592.0,0.7484796439222715,295.0,300.0,3.0,0.26288419189457535,2.7920477390289307
2593.0,0.7477311642783493,295.0,301.0,3.0,0.2625328510719944,2.792348861694336
2594.0,0.7469834331140709,295.0,301.0,0.0,0.26218162882376883,2.792664051055908
2595.0,0.7462364496809568,295.0,301.0,0.0,0.2618305255801444,2.792977809906006
2596.0,0.7454902132312758,295.0,301.0,2.0,0.2614795417713731,2.7932868003845215
2597.0,0.7447447230180446,295.0,302.0,2.0,0.26112867782771115,2.793595790863037
2598.0,0.7439999782950266,295.0,301.0,5.0,0.2607779341794173,2.7939560413360596
2599.0,0.7432559783167316,295.0,302.0,1.0,0.26042731125675117,2.7942347526550293
2600.0,0.7425127223384149,295.0,302.0,0.0,0.2600768094899715,2.794536828994751
2601.0,0.7417702096160765,295.0,302.0,2.0,0.2597264293093343,2.7948107719421387
2602.0,0.7410284394064605,295.0,303.0,1.0,0.25937617114509115,2.795103073120117
2603.0,0.740287410967054,295.0,303.0,0.0,0.2590260354274875,2.795382022857666
2604.0,0.7395471235560869,295.0,302.0,1.0,0.25867602258676076,2.7956738471984863
2605.0,0.7388075764325308,295.0,300.0,4.0,0.2583261330531388,2.795966863632202
2606.0,0.7380687688560983,295.0,299.0,2.0,0.2579763672568377,2.7962560653686523
2607.0,0.7373307000872422,295.0,299.0,1.0,0.2576267256280606,2.7965328693389893
2608.0,0.736593369387155,295.0,299.0,1.0,0.25727720859699554,2.7968130111694336
2609.0,0.7358567760177679,295.0,299.0,0.0,0.25692781659381353,2.797102928161621
2610.0,0.7351209192417502,295.0,300.0,1.0,0.2565785500486672,2.7973718643188477
2611.0,0.7343857983225084,295.0,300.0,1.0,0.25622940939168876,2.7976620197296143
2612.0,0.7336514125241859,295.0,300.0,0.0,0.2558803950529882,2.7979519367218018
2613.0,0.7329177611116616,295.0,300.0,2.0,0.25553150746265174,2.7982330322265625
2614.0,0.73218484335055,295.0,300.0,1.0,0.2551827470507398,2.7985239028930664
2615.0,0.7314526585071994,295.0,300.0,1.0,0.254834114247285,2.7988128662109375
2616.0,0.7307212058486923,295.0,300.0,1.0,0.2544856094822911,2.7991080284118652
2617.0,0.7299904846428436,295.0,300.0,1.0,0.2541372331857302,2.7994019985198975
2618.0,0.7292604941582007,295.0,303.0,1.0,0.253788985787542,2.7996931076049805
2619.0,0.7285312336640425,295.0,302.0,1.0,0.253440867717631,2.7999820709228516
2620.0,0.7278027024303785,295.0,304.0,1.0,0.25309287940586556,2.800276041030884
2621.0,0.7270748997279481,295.0,302.0,2.0,0.25274502128207527,2.8005709648132324
2622.0,0.7263478248282202,295.0,302.0,1.0,0.25239729377604986,2.8008499145507812
2623.0,0.7256214770033921,295.0,302.0,1.0,0.2520496973175368,2.8011419773101807
2624.0,0.7248958555263887,295.0,302.0,0.0,0.25170223233623995,2.8014230728149414
2625.0,0.7241709596708623,295.0,303.0,2.0,0.2513548992618174,2.801703929901123
2626.0,0.7234467887111915,295.0,300.0,2.0,0.25100769852387994,2.8020081520080566
2627.0,0.7227233419224803,295.0,301.0,5.0,0.25066063055198884,2.80230712890625
2628.0,0.7220006185805579,295.0,300.0,1.0,0.2503136957756544,2.802607774734497
2629.0,0.7212786179619773,295.0,300.0,0.0,0.24996689462433383,2.8029088973999023
2630.0,0.7205573393440153,295.0,300.0,0.0,0.2496202275274296,2.8032047748565674
2631.0,0.7198367820046713,295.0,300.0,0.0,0.24927369491428755,2.803499937057495
2632.0,0.7191169452226666,295.0,300.0,2.0,0.24892729721419501,2.8038330078125
2633.0,0.7183978282774439,295.0,298.0,2.0,0.24858103485637903,2.804141044616699
2634.0,0.7176794304491665,295.0,298.0,4.0,0.24823490827000436,2.804435968399048
2635.0,0.7169617510187173,295.0,298.0,1.0,0.24788891788417164,2.8047289848327637
2636.0,0.7162447892676985,295.0,297.0,3.0,0.24754306412791593,2.805026054382324
2637.0,0.7155285444784308,295.0,297.0,1.0,0.2471973474302043,2.805330991744995
2638.0,0.7148130159339524,295.0,299.0,1.0,0.2468517682199342,2.805636167526245
2639.0,0.7140982029180185,295.0,299.0,2.0,0.24650632692593172,2.8059568405151367
2640.0,0.7133841047151005,295.0,299.0,1.0,0.24616102397694947,2.8062949180603027
2641.0,0.7126707206103854,295.0,298.0,1.0,0.24581585980166498,2.8066461086273193
2642.0,0.711958049889775,295.0,298.0,2.0,0.2454708348286786,2.806957960128784
2643.0,0.7112460918398852,295.0,299.0,4.0,0.24512594948651176,2.8072509765625
2644.0,0.7105348457480453,295.0,298.0,3.0,0.24478120420360505,2.8075509071350098
2645.0,0.7098243109022973,295.0,300.0,3.0,0.24443659940831644,2.807849884033203
2646.0,0.709114486591395,295.0,300.0,2.0,0.24409213552891917,2.8081347942352295
2647.0,0.7084053721048036,295.0,300.0,0.0,0.24374781299360002,2.808439016342163
2648.0,0.7076969667326988,295.0,300.0,1.0,0.24340363223045736,2.808734893798828
2649.0,0.7069892697659661,295.0,300.0,1.0,0.24305959366749955,2.809032917022705
2650.0,0.7062822804962001,295.0,297.0,3.0,0.24271569773264243,2.809321880340576
2651.0,0.7055759982157039,295.0,296.0,2.0,0.2423719448537081,2.809619903564453
2652.0,0.7048704222174882,294.0,296.0,2.0,0.24202833545842253,2.80991792678833
2653.0,0.7041655517952707,294.0,296.0,2.0,0.2416848699744139,2.810227870941162
2654.0,0.7034613862434754,294.0,296.0,0.0,0.24134154882921066,2.810515880584717
2655.0,0.702757924857232,294.0,296.0,0.0,0.24099837245023964,2.8108108043670654
2656.0,0.7020551669323748,294.0,296.0,1.0,0.24065534126482396,2.8111071586608887
2657.0,0.7013531117654425,294.0,296.0,0.0,0.24031245570018137,2.8113961219787598
2658.0,0.700651758653677,294.0,294.0,1.0,0.23996971618342217,2.8117051124572754
2659.0,0.6999511068950234,294.0,295.0,1.0,0.2396271231415475,2.812008857727051
2660.0,0.6992511557881284,294.0,295.0,0.0,0.239284677001447,2.8123130798339844
2661.0,0.6985519046323402,294.0,295.0,0.0,0.23894237818989741,2.812608003616333
2662.0,0.6978533527277079,294.0,296.0,2.0,0.23860022713356033,2.8129029273986816
2663.0,0.6971554993749801,294.0,296.0,0.0,0.23825822425898024,2.813199758529663
2664.0,0.6964583438756051,294.0,299.0,2.0,0.2379163699925829,2.813493013381958
2665.0,0.6957618855317295,294.0,299.0,0.0,0.2375746647606731,2.813826084136963
2666.0,0.6950661236461977,294.0,298.0,1.0,0.2372331089894327,2.814119815826416
2667.0,0.6943710575225515,294.0,298.0,2.0,0.23689170310491905,2.814434051513672
2668.0,0.6936766864650289,294.0,300.0,2.0,0.23655044753306276,2.814749002456665
2669.0,0.6929830097785639,294.0,297.0,3.0,0.23620934269966576,2.8150510787963867
2670.0,0.6922900267687853,294.0,297.0,2.0,0.23586838903039947,2.8153538703918457
2671.0,0.6915977367420165,294.0,297.0,3.0,0.23552758695080284,2.8156449794769287
2672.0,0.6909061390052745,294.0,299.0,1.0,0.23518693688628028,2.8159408569335938
2673.0,0.6902152328662693,294.0,301.0,1.0,0.23484643926209986,2.8162450790405273
2674.0,0.689525017633403,294.0,299.0,1.0,0.23450609450339124,2.816556930541992
2675.0,0.6888354926157696,294.0,299.0,0.0,0.2341659030351438,2.816844940185547
2676.0,0.6881466571231538,294.0,299.0,0.0,0.23382586528220473,2.817155122756958
2677.0,0.6874585104660307,294.0,298.0,1.0,0.23348598166927678,2.8174500465393066
2678.0,0.6867710519555646,294.0,298.0,0.0,0.23314625262091673,2.8177647590637207
2679.0,0.6860842809036091,294.0,295.0,2.0,0.23280667856153298,2.818068027496338
2680.0,0.6853981966227054,294.0,295.0,0.0,0.23246725991538397,2.818361759185791
2681.0,0.6847127984260827,294.0,295.0,0.0,0.23212799710657597,2.818660020828247
2682.0,0.6840280856276566,294.0,295.0,0.0,0.23178889055906113,2.81896710395813
2683.0,0.683344057542029,294.0,295.0,1.0,0.23144994069663566,2.8192760944366455
2684.0,0.682660713484487,294.0,294.0,1.0,0.23111114794293763,2.8195807933807373
2685.0,0.6819780527710025,294.0,295.0,2.0,0.2307725127214451,2.8198959827423096
2686.0,0.6812960747182315,294.0,295.0,1.0,0.23043403545547422,2.8201940059661865
2687.0,0.6806147786435133,294.0,295.0,1.0,0.23009571656817718,2.820481061935425
2688.0,0.6799341638648697,294.0,295.0,2.0,0.22975755648253995,2.8207778930664062
2689.0,0.6792542297010048,294.0,295.0,1.0,0.22941955562138103,2.821079969406128
2690.0,0.6785749754713037,294.0,295.0,0.0,0.22908171440734845,2.821376085281372
2691.0,0.6778964004958324,294.0,295.0,0.0,0.2287440332629187,2.821686029434204
2692.0,0.6772185040953366,294.0,295.0,0.0,0.22840651261039416,2.8219988346099854
2693.0,0.6765412855912413,294.0,295.0,0.0,0.2280691528719013,2.8223018646240234
2694.0,0.67586474430565,294.0,295.0,3.0,0.22773195446938868,2.8226029872894287
2695.0,0.6751888795613443,294.0,295.0,1.0,0.22739491782462484,2.822950839996338
2696.0,0.674513690681783,294.0,297.0,2.0,0.2270580433591966,2.823269844055176
2697.0,0.6738391769911012,294.0,295.0,3.0,0.22672133149450654,2.8235809803009033
2698.0,0.67316533781411,294.0,295.0,0.0,0.2263847826517715,2.823899984359741
2699.0,0.6724921724762959,294.0,297.0,1.0,0.22604839725202033,2.8242008686065674
2700.0,0.6718196803038196,294.0,300.0,2.0,0.22571217571609184,2.824522018432617
2701.0,0.6711478606235157,294.0,300.0,0.0,0.2253761184646329,2.824826955795288
2702.0,0.6704767127628922,294.0,297.0,1.0,0.22504022591809633,2.8251430988311768
2703.0,0.6698062360501293,294.0,297.0,0.0,0.22470449849673893,2.8254477977752686
2704.0,0.6691364298140792,294.0,297.0,0.0,0.22436893662061952,2.825752019882202
2705.0,0.6684672933842651,294.0,295.0,1.0,0.22403354070959675,2.8260719776153564
2706.0,0.6677988260908809,294.0,298.0,1.0,0.22369831118332723,2.8264148235321045
2707.0,0.66713102726479,294.0,298.0,0.0,0.22336324846126335,2.8267340660095215
2708.0,0.6664638962375252,294.0,301.0,1.0,0.22302835296265144,2.8270490169525146
2709.0,0.6657974323412877,294.0,300.0,1.0,0.2226936251065297,2.827378988265991
2710.0,0.6651316349089464,294.0,300.0,3.0,0.22235906531172592,2.8276619911193848
2711.0,0.6644665032740374,294.0,300.0,1.0,0.22202467399685571,2.827953815460205
2712.0,0.6638020367707634,294.0,300.0,0.0,0.22169045158032055,2.828253984451294
2713.0,0.6631382347339927,294.0,300.0,1.0,0.2213563984803054,2.8285670280456543
2714.0,0.6624750964992587,294.0,300.0,0.0,0.22102251511477677,2.8288660049438477
2715.0,0.6618126214027594,294.0,301.0,3.0,0.22068880190148096,2.8291730880737305
2716.0,0.6611508087813567,294.0,301.0,0.0,0.22035525925794175,2.829479932785034
2717.0,0.6604896579725753,294.0,301.0,1.0,0.22002188760145822,2.829785108566284
2718.0,0.6598291683146027,294.0,302.0,1.0,0.21968868734910318,2.8300857543945312
2719.0,0.6591693391462881,294.0,302.0,2.0,0.21935565891772058,2.830399990081787
2720.0,0.6585101698071417,294.0,306.0,1.0,0.21902280272392383,2.8307111263275146
2721.0,0.6578516596373346,294.0,306.0,2.0,0.21869011918409362,2.831007957458496
2722.0,0.6571938079776972,294.0,306.0,3.0,0.21835760871437576,2.8313090801239014
2723.0,0.6565366141697195,294.0,306.0,1.0,0.21802527173067932,2.8316071033477783
2724.0,0.6558800775555498,294.0,306.0,2.0,0.2176931086486744,2.83191180229187
2725.0,0.6552241974779942,294.0,306.0,2.0,0.21736111988379025,2.8322179317474365
2726.0,0.6545689732805162,294.0,304.0,2.0,0.217029305851213,2.8325350284576416
2727.0,0.6539144043072357,294.0,304.0,1.0,0.21669766696588358,2.832838773727417
2728.0,0.6532604899029284,294.0,302.0,2.0,0.21636620364249606,2.8331539630889893
2729.0,0.6526072294130255,294.0,302.0,1.0,0.21603491629549504,2.8334619998931885
2730.0,0.6519546221836124,294.0,302.0,0.0,0.21570380533907382,2.8337647914886475
2731.0,0.6513026675614288,294.0,304.0,2.0,0.21537287118717247,2.834077835083008
2732.0,0.6506513648938674,294.0,305.0,1.0,0.2150421142534755,2.834385871887207
2733.0,0.6500007135289736,294.0,305.0,1.0,0.21471153495140996,2.834686040878296
2734.0,0.6493507128154447,294.0,305.0,0.0,0.2143811336941432,2.835038900375366
2735.0,0.6487013621026292,294.0,303.0,1.0,0.214050910894581,2.8353559970855713
2736.0,0.6480526607405266,294.0,302.0,2.0,0.2137208669653653,2.835655927658081
2737.0,0.6474046080797861,294.0,302.0,0.0,0.2133910023188722,2.835951805114746
2738.0,0.6467572034717063,294.0,301.0,2.0,0.21306131736720987,2.836290121078491
2739.0,0.6461104462682346,294.0,301.0,0.0,0.2127318125222165,2.8365907669067383
2740.0,0.6454643358219663,294.0,301.0,1.0,0.21240248819545815,2.8369038105010986
2741.0,0.6448188714861443,294.0,301.0,0.0,0.21207334479822665,2.8372058868408203
2742.0,0.6441740526146581,294.0,298.0,2.0,0.21174438274153765,2.8374998569488525
2743.0,0.6435298785620435,294.0,298.0,0.0,0.2114156024361282,2.837801933288574
2744.0,0.6428863486834814,294.0,298.0,0.0,0.2110870042924551,2.8380889892578125
2745.0,0.6422434623347979,294.0,299.0,1.0,0.21075858872069242,2.8383779525756836
2746.0,0.6416012188724631,294.0,300.0,1.0,0.21043035613072972,2.8386800289154053
2747.0,0.6409596176535907,294.0,299.0,3.0,0.21010230693216958,2.8389790058135986
2748.0,0.6403186580359371,294.0,299.0,0.0,0.20977444153432592,2.839294910430908
2749.0,0.6396783393779012,294.0,297.0,2.0,0.20944676034622153,2.8395919799804688
2750.0,0.6390386610385232,294.0,297.0,0.0,0.2091192637765862,2.83988881111145
2751.0,0.6383996223774847,294.0,297.0,0.0,0.20879195223385452,2.840188980102539
2752.0,0.6377612227551073,294.0,297.0,0.0,0.20846482612616385,2.8404829502105713
2753.0,0.6371234615323521,294.0,297.0,1.0,0.20813788586135198,2.84078311920166
2754.0,0.6364863380708198,294.0,297.0,0.0,0.20781113184695546,2.8410868644714355
2755.0,0.635849851732749,294.0,299.0,1.0,0.20748456449020702,2.8413801193237305
2756.0,0.6352140018810163,294.0,298.0,1.0,0.20715818419803375,2.841675043106079
2757.0,0.6345787878791352,294.0,299.0,2.0,0.2068319913770548,2.8419668674468994
2758.0,0.6339442090912562,294.0,299.0,1.0,0.20650598643357956,2.8422698974609375
2759.0,0.6333102648821649,294.0,299.0,0.0,0.20618016977360515,2.842557907104492
2760.0,0.6326769546172828,294.0,298.0,1.0,0.20585454180281462,2.842855930328369
2761.0,0.6320442776626655,294.0,296.0,1.0,0.20552910292657461,2.8431639671325684
2762.0,0.6314122333850029,294.0,296.0,1.0,0.20520385354993348,2.843459129333496
2763.0,0.6307808211516178,294.0,296.0,0.0,0.20487879407761883,2.843749761581421
2764.0,0.6301500403304662,294.0,298.0,1.0,0.20455392491403587,2.844047784805298
2765.0,0.6295198902901357,294.0,298.0,2.0,0.2042292464632647,2.844351053237915
2766.0,0.6288903703998455,294.0,300.0,1.0,0.20390475912905878,2.844650983810425
2767.0,0.6282614800294457,294.0,300.0,2.0,0.20358046331484236,2.844980001449585
2768.0,0.6276332185494162,294.0,301.0,1.0,0.20325635942370848,2.845294713973999
2769.0,0.6270055853308668,294.0,301.0,2.0,0.20293244785841705,2.8455920219421387
2770.0,0.6263785797455359,294.0,301.0,1.0,0.20260872902139232,2.8458948135375977
2771.0,0.6257522011657903,294.0,303.0,3.0,0.20228520331472122,2.8462090492248535
2772.0,0.6251264489646245,294.0,303.0,0.0,0.20196187114015085,2.8465018272399902
2773.0,0.6245013225156599,294.0,302.0,5.0,0.2016387328990864,2.8468170166015625
2774.0,0.6238768211931442,294.0,302.0,1.0,0.20131578899258926,2.8471219539642334
2775.0,0.6232529443719511,294.0,302.0,1.0,0.20099303982137462,2.8474249839782715
2776.0,0.6226296914275792,294.0,304.0,3.0,0.20067048578580945,2.8477628231048584
2777.0,0.6220070617361516,294.0,302.0,1.0,0.20034812728591037,2.8480539321899414
2778.0,0.6213850546744154,294.0,302.0,1.0,0.20002596472134138,2.8483569622039795
2779.0,0.6207636696197409,294.0,302.0,1.0,0.19970399849141202,2.848655939102173
2780.0,0.6201429059501212,294.0,301.0,2.0,0.19938222899507485,2.848958969116211
2781.0,0.6195227630441711,294.0,301.0,2.0,0.19906065663092365,2.8492488861083984
2782.0,0.6189032402811269,294.0,301.0,1.0,0.19873928179719091,2.8495450019836426
2783.0,0.6182843370408457,294.0,299.0,1.0,0.19841810489174616,2.849853992462158
2784.0,0.6176660527038049,294.0,299.0,0.0,0.19809712631209336,2.8501598834991455
2785.0,0.6170483866511011,294.0,297.0,2.0,0.197776346455369,2.8504550457000732
2786.0,0.61643133826445,294.0,299.0,2.0,0.19745576571833998,2.850761890411377
2787.0,0.6158149069261855,294.0,298.0,1.0,0.19713538449740134,2.851066827774048
2788.0,0.6151990920192593,294.0,298.0,0.0,0.19681520318857412,2.8513729572296143
2789.0,0.61458389292724,294.0,299.0,1.0,0.19649522218750337,2.8516809940338135
2790.0,0.6139693090343128,294.0,299.0,1.0,0.19617544188945576,2.8519837856292725
2791.0,0.6133553397252784,294.0,299.0,0.0,0.1958558626893176,2.8522980213165283
2792.0,0.6127419843855532,294.0,299.0,0.0,0.1955364849815927,2.8525989055633545
2793.0,0.6121292424011676,294.0,300.0,2.0,0.1952173091604001,2.8528969287872314
2794.0,0.6115171131587664,294.0,300.0,0.0,0.1948983356194719,2.853200912475586
2795.0,0.6109055960456077,294.0,299.0,2.0,0.19457956475215135,2.853498935699463
2796.0,0.6102946904495621,294.0,298.0,1.0,0.1942609969513904,2.8538060188293457
2797.0,0.6096843957591125,294.0,298.0,1.0,0.19394263260974773,2.8541228771209717
2798.0,0.6090747113633533,294.0,299.0,3.0,0.1936244721193865,2.854426860809326
2799.0,0.6084656366519899,294.0,299.0,0.0,0.19330651587207218,2.854732036590576
2800.0,0.607857171015338,294.0,295.0,2.0,0.19298876425917064,2.8550479412078857
2801.0,0.6072493138443227,294.0,295.0,2.0,0.19267121767164552,2.855342149734497
2802.0,0.6066420645304783,294.0,295.0,3.0,0.19235387650005656,2.855649948120117
2803.0,0.6060354224659479,294.0,295.0,0.0,0.19203674113455707,2.8559930324554443
2804.0,0.6054293870434819,294.0,295.0,0.0,0.19171981196489196,2.8563179969787598
2805.0,0.6048239576564385,294.0,295.0,0.0,0.19140308938039566,2.8566060066223145
2806.0,0.604219133698782,294.0,294.0,1.0,0.1910865737699896,2.856912851333618
2807.0,0.6036149145650832,294.0,294.0,0.0,0.19077026552218057,2.8572170734405518
2808.0,0.6030112996505181,294.0,295.0,2.0,0.19045416502505808,2.857517957687378
2809.0,0.6024082883508676,294.0,295.0,1.0,0.19013827266629243,2.857818841934204
2810.0,0.6018058800625167,294.0,294.0,1.0,0.1898225888331325,2.8581340312957764
2811.0,0.6012040741824541,294.0,294.0,0.0,0.18950711391240366,2.8584399223327637
2812.0,0.6006028701082717,294.0,294.0,1.0,0.18919184829050548,2.8587467670440674
2813.0,0.6000022672381634,294.0,295.0,1.0,0.18887679235340962,2.859044075012207
2814.0,0.5994022649709253,294.0,295.0,1.0,0.18856194648665772,2.8593521118164062
2815.0,0.5988028627059544,294.0,295.0,0.0,0.1882473110753591,2.8596630096435547
2816.0,0.5982040598432484,294.0,297.0,2.0,0.1879328865041887,2.8599610328674316
2817.0,0.5976058557834052,294.0,298.0,2.0,0.18761867315738498,2.8602569103240967
2818.0,0.5970082499276218,294.0,300.0,1.0,0.18730467141874757,2.8605449199676514
2819.0,0.5964112416776942,294.0,300.0,0.0,0.18699088167163516,2.860848903656006
2820.0,0.5958148304360166,294.0,300.0,0.0,0.1866773042989635,2.861143112182617
2821.0,0.5952190156055805,294.0,298.0,3.0,0.1863639396832029,2.861417055130005
2822.0,0.594623796589975,294.0,298.0,0.0,0.1860507882063765,2.8617191314697266
2823.0,0.5940291727933851,294.0,297.0,1.0,0.18573785025005765,2.862001895904541
2824.0,0.5934351436205917,294.0,296.0,1.0,0.18542512619536805,2.8623108863830566
2825.0,0.592841708476971,294.0,294.0,1.0,0.18511261642297547,2.862632989883423
2826.0,0.5922488667684941,294.0,296.0,1.0,0.18480032131309165,2.8629250526428223
2827.0,0.5916566179017256,294.0,297.0,1.0,0.18448824124546997,2.8632287979125977
2828.0,0.5910649612838239,294.0,297.0,1.0,0.1841763765994034,2.8635339736938477
2829.0,0.5904738963225401,294.0,297.0,0.0,0.18386472775372237,2.8638179302215576
2830.0,0.5898834224262176,294.0,295.0,2.0,0.18355329508679258,2.8641090393066406
2831.0,0.5892935390037914,294.0,295.0,0.0,0.18324207897651265,2.8644208908081055
2832.0,0.5887042454647876,294.0,295.0,1.0,0.18293107980031212,2.86472487449646
2833.0,0.5881155412193229,294.0,295.0,2.0,0.18262029793514933,2.865022897720337
2834.0,0.5875274256781036,294.0,295.0,0.0,0.18230973375750928,2.865305185317993
2835.0,0.5869398982524254,294.0,295.0,1.0,0.181999387643401,2.8655879497528076
2836.0,0.586352958354173,294.0,295.0,0.0,0.18168925996835614,2.8658699989318848
2837.0,0.5857666053958188,294.0,295.0,0.0,0.181379351107426,2.8661770820617676
2838.0,0.585180838790423,294.0,294.0,1.0,0.1810696614351801,2.8664708137512207
2839.0,0.5845956579516326,294.0,294.0,0.0,0.1807601913257034,2.866767168045044
2840.0,0.5840110622936809,294.0,294.0,1.0,0.18045094115259452,2.8670599460601807
2841.0,0.5834270512313873,294.0,294.0,1.0,0.18014191128896337,2.867347002029419
2842.0,0.5828436241801559,294.0,294.0,0.0,0.17983310210742912,2.867645025253296
2843.0,0.5822607805559757,294.0,295.0,1.0,0.17952451398011787,2.8679428100585938
2844.0,0.5816785197754197,294.0,295.0,0.0,0.17921614727866064,2.8682188987731934
2845.0,0.5810968412556443,294.0,295.0,2.0,0.17890800237419102,2.8685269355773926
2846.0,0.5805157444143887,294.0,295.0,1.0,0.17860007963734326,2.8688299655914307
2847.0,0.5799352286699743,294.0,295.0,0.0,0.17829237943824977,2.8691368103027344
2848.0,0.5793552934413043,294.0,295.0,2.0,0.1779849021465393,2.8694469928741455
2849.0,0.578775938147863,294.0,296.0,1.0,0.17767764813133444,2.869764804840088
2850.0,0.5781971622097152,294.0,296.0,2.0,0.17737061776124977,2.8701088428497314
2851.0,0.5776189650475054,294.0,295.0,1.0,0.17706381140438926,2.8703930377960205
2852.0,0.5770413460824579,294.0,294.0,1.0,0.1767572294283447,2.8706748485565186
2853.0,0.5764643047363754,294.0,294.0,1.0,0.17645087220019295,2.8709728717803955
2854.0,0.5758878404316391,294.0,296.0,2.0,0.17614474008649417,2.871269941329956
2855.0,0.5753119525912075,294.0,294.0,4.0,0.1758388334532894,2.871569871902466
2856.0,0.5747366406386163,294.0,295.0,1.0,0.17553315266609856,2.8718619346618652
2857.0,0.5741619039979777,294.0,295.0,2.0,0.17522769808991823,2.8721609115600586
2858.0,0.5735877420939798,294.0,295.0,0.0,0.17492247008921938,2.872483968734741
2859.0,0.5730141543518859,294.0,297.0,1.0,0.17461746902794545,2.872792959213257
2860.0,0.572441140197534,294.0,297.0,1.0,0.17431269526950982,2.873093843460083
2861.0,0.5718686990573365,294.0,297.0,1.0,0.17400814917679408,2.873401165008545
2862.0,0.5712968303582792,294.0,297.0,0.0,0.17370383111214546,2.87369704246521
2863.0,0.5707255335279209,294.0,298.0,1.0,0.17339974143737497,2.8739898204803467
2864.0,0.570154807994393,294.0,298.0,0.0,0.17309588051375505,2.87428879737854
2865.0,0.5695846531863986,294.0,298.0,0.0,0.17279224870201748,2.874579906463623
2866.0,0.5690150685332123,294.0,297.0,1.0,0.17248884636235123,2.8748779296875
2867.0,0.568446053464679,294.0,297.0,0.0,0.17218567385440023,2.8751680850982666
2868.0,0.5678776074112143,294.0,297.0,0.0,0.1718827315372612,2.8754630088806152
2869.0,0.5673097298038031,294.0,297.0,0.0,0.17158001976948178,2.8757498264312744
2870.0,0.5667424200739993,294.0,297.0,1.0,0.1712775389090578,2.8760430812835693
2871.0,0.5661756776539253,294.0,297.0,0.0,0.1709752893134317,2.876340866088867
2872.0,0.5656095019762714,294.0,297.0,0.0,0.17067327133949,2.8766331672668457
2873.0,0.5650438924742951,294.0,297.0,0.0,0.17037148534356134,2.8769237995147705
2874.0,0.5644788485818208,294.0,297.0,0.0,0.17006993168141415,2.877218008041382
2875.0,0.563914369733239,294.0,297.0,2.0,0.16976861070825464,2.8775219917297363
2876.0,0.5633504553635058,294.0,297.0,1.0,0.16946752277872457,2.877811908721924
2877.0,0.5627871049081423,294.0,297.0,1.0,0.1691666682468992,2.8780951499938965
2878.0,0.5622243178032342,294.0,297.0,1.0,0.16886604746628495,2.8783810138702393
2879.0,0.561662093485431,294.0,295.0,1.0,0.1685656607898173,2.878682851791382
2880.0,0.5611004313919455,294.0,295.0,0.0,0.16826550856985886,2.878973960876465
2881.0,0.5605393309605536,294.0,295.0,1.0,0.16796559115819693,2.879258871078491
2882.0,0.5599787916295931,294.0,294.0,1.0,0.16766590890604147,2.879549026489258
2883.0,0.5594188128379635,294.0,294.0,0.0,0.1673664621640229,2.8798539638519287
2884.0,0.5588593940251255,294.0,294.0,1.0,0.1670672512821901,2.8801658153533936
2885.0,0.5583005346311004,294.0,294.0,0.0,0.16676827661000806,2.88047194480896
2886.0,0.5577422340964693,294.0,294.0,1.0,0.16646953849635585,2.8807899951934814
2887.0,0.5571844918623728,294.0,294.0,0.0,0.16617103728952445,2.8811240196228027
2888.0,0.5566273073705105,294.0,294.0,0.0,0.1658727733372146,2.8814198970794678
2889.0,0.55607068006314,294.0,294.0,0.0,0.16557474698653465,2.8817269802093506
2890.0,0.5555146093830768,294.0,294.0,0.0,0.16527695858399843,2.882030725479126
2891.0,0.5549590947736938,294.0,294.0,0.0,0.16497940847552311,2.8823189735412598
2892.0,0.5544041356789201,294.0,294.0,0.0,0.16468209700642705,2.88263201713562
2893.0,0.5538497315432412,294.0,294.0,0.0,0.16438502452142767,2.8829550743103027
2894.0,0.553295881811698,294.0,294.0,0.0,0.1640881913646392,2.8832528591156006
2895.0,0.5527425859298862,294.0,294.0,0.0,0.16379159787957076,2.883570909500122
2896.0,0.5521898433439564,294.0,294.0,0.0,0.1634952444091241,2.883866786956787
2897.0,0.5516376535006124,294.0,294.0,0.0,0.16319913129559144,2.8841679096221924
2898.0,0.5510860158471118,294.0,294.0,0.0,0.1629032588806533,2.884484052658081
2899.0,0.5505349298312647,294.0,294.0,0.0,0.16260762750537658,2.884795904159546
2900.0,0.5499843949014335,294.0,294.0,0.0,0.1623122375102121,2.8850839138031006
2901.0,0.5494344105065321,294.0,295.0,1.0,0.16201708923499283,2.8853800296783447
2902.0,0.5488849760960256,294.0,295.0,0.0,0.16172218301893146,2.885678768157959
2903.0,0.5483360911199295,294.0,295.0,0.0,0.16142751920061837,2.885972023010254
2904.0,0.5477877550288096,294.0,295.0,1.0,0.1611330981180196,2.8863208293914795
2905.0,0.5472399672737808,294.0,295.0,0.0,0.1608389201084747,2.8866188526153564
2906.0,0.546692727306507,294.0,295.0,0.0,0.16054498550869442,2.8869130611419678
2907.0,0.5461460345792005,294.0,295.0,0.0,0.16025129465475887,2.887213945388794
2908.0,0.5455998885446213,294.0,295.0,0.0,0.15995784788211503,2.887521982192993
2909.0,0.5450542886560766,294.0,295.0,0.0,0.1596646455255751,2.887830972671509
2910.0,0.5445092343674206,294.0,295.0,0.0,0.15937168791931405,2.8881280422210693
2911.0,0.5439647251330532,294.0,295.0,0.0,0.1590789753968675,2.888430118560791
2912.0,0.5434207604079201,294.0,297.0,2.0,0.15878650829112972,2.8887250423431396
2913.0,0.5428773396475122,294.0,298.0,3.0,0.15849428693435166,2.8890380859375
2914.0,0.5423344623078646,294.0,298.0,1.0,0.15820231165813842,2.8893239498138428
2915.0,0.5417921278455567,294.0,298.0,0.0,0.15791058279344758,2.8896100521087646
2916.0,0.5412503357177112,294.0,299.0,1.0,0.15761910067058676,2.88991379737854
2917.0,0.5407090853819935,294.0,299.0,0.0,0.15732786561921175,2.8902111053466797
2918.0,0.5401683762966115,294.0,299.0,0.0,0.1570368779683243,2.8905019760131836
2919.0,0.539628207920315,294.0,299.0,0.0,0.15674613804626988,2.8907909393310547
2920.0,0.5390885797123947,294.0,299.0,0.0,0.1564556461807359,2.8910751342773438
2921.0,0.5385494911326822,294.0,298.0,3.0,0.15616540269874932,2.8913779258728027
2922.0,0.5380109416415496,294.0,298.0,1.0,0.15587540792667476,2.8916759490966797
2923.0,0.5374729306999081,294.0,298.0,0.0,0.15558566219021214,2.8919711112976074
2924.0,0.5369354577692081,294.0,298.0,1.0,0.1552961658143949,2.8922600746154785
2925.0,0.5363985223114389,294.0,298.0,0.0,0.1550069191235877,2.892548084259033
2926.0,0.5358621237891275,294.0,298.0,0.0,0.15471792244148433,2.892879009246826
2927.0,0.5353262616653384,294.0,297.0,1.0,0.15442917609110585,2.8931689262390137
2928.0,0.5347909354036731,294.0,297.0,1.0,0.15414068039479809,2.8934688568115234
2929.0,0.5342561444682694,294.0,297.0,0.0,0.15385243567422996,2.893794059753418
2930.0,0.5337218883238012,294.0,297.0,1.0,0.15356444225039115,2.894106864929199
2931.0,0.5331881664354774,294.0,299.0,2.0,0.1532767004435901,2.89442777633667
2932.0,0.532654978269042,294.0,301.0,1.0,0.1529892105734519,2.8947298526763916
2933.0,0.5321223232907729,294.0,297.0,3.0,0.15270197295891635,2.895045757293701
2934.0,0.5315902009674821,294.0,297.0,1.0,0.1524149879182356,2.895420789718628
2935.0,0.5310586107665146,294.0,297.0,2.0,0.1521282557689724,2.89570689201355
2936.0,0.5305275521557481,294.0,297.0,1.0,0.15184177682799782,2.8960068225860596
2937.0,0.5299970246035923,294.0,295.0,3.0,0.1515555514114892,2.8962979316711426
2938.0,0.5294670275789888,294.0,295.0,0.0,0.15126957983492814,2.896588087081909
2939.0,0.5289375605514098,294.0,295.0,0.0,0.1509838624130984,2.8968918323516846
2940.0,0.5284086229908584,294.0,295.0,1.0,0.1506983994600839,2.897188901901245
2941.0,0.5278802143678676,294.0,295.0,0.0,0.15041319128926653,2.8974859714508057
2942.0,0.5273523341534997,294.0,295.0,0.0,0.15012823821332416,2.8977878093719482
2943.0,0.5268249818193462,294.0,295.0,0.0,0.14984354054422874,2.898071050643921
2944.0,0.5262981568375269,294.0,295.0,0.0,0.14955909859324396,2.898350715637207
2945.0,0.5257718586806893,294.0,295.0,0.0,0.14927491267092322,2.8986480236053467
2946.0,0.5252460868220087,294.0,297.0,2.0,0.148990983087108,2.8989388942718506
2947.0,0.5247208407351867,294.0,297.0,0.0,0.1487073101509253,2.899228811264038
2948.0,0.5241961198944515,294.0,297.0,3.0,0.14842389417078583,2.899528980255127
2949.0,0.5236719237745571,294.0,297.0,1.0,0.14814073545438192,2.8998100757598877
2950.0,0.5231482518507825,294.0,297.0,0.0,0.14785783430868554,2.900106906890869
2951.0,0.5226251035989318,294.0,297.0,0.0,0.14757519103994624,2.9004030227661133
2952.0,0.5221024784953329,294.0,297.0,0.0,0.14729280595368896,2.900691032409668
2953.0,0.5215803760168375,294.0,297.0,1.0,0.14701067935471226,2.9009878635406494
2954.0,0.5210587956408207,294.0,297.0,1.0,0.1467288115470862,2.901283025741577
2955.0,0.5205377368451799,294.0,297.0,0.0,0.14644720283415014,2.901578903198242
2956.0,0.5200171991083348,294.0,297.0,1.0,0.14616585351851089,2.9018869400024414
2957.0,0.5194971819092264,294.0,297.0,0.0,0.14588476390204055,2.9021780490875244
2958.0,0.5189776847273172,294.0,298.0,2.0,0.1456039342858748,2.902466058731079
2959.0,0.5184587070425899,294.0,298.0,0.0,0.1453233649704105,2.9027981758117676
2960.0,0.5179402483355473,294.0,298.0,0.0,0.1450430562553039,2.903132915496826
2961.0,0.5174223080872118,294.0,295.0,3.0,0.1447630084394685,2.9034271240234375
2962.0,0.5169048857791245,294.0,296.0,1.0,0.14448322182107307,2.9037139415740967
2963.0,0.5163879808933454,294.0,296.0,1.0,0.1442036966975398,2.9039900302886963
2964.0,0.515871592912452,294.0,296.0,3.0,0.14392443336554217,2.9042770862579346
2965.0,0.5153557213195396,294.0,295.0,3.0,0.1436454321210029,2.9045679569244385
2966.0,0.51484036559822,294.0,295.0,0.0,0.14336669325909188,2.9048540592193604
2967.0,0.5143255252326218,294.0,294.0,1.0,0.14308821707422448,2.9051549434661865
2968.0,0.5138111997073891,294.0,294.0,0.0,0.14281000386005926,2.9054348468780518
2969.0,0.5132973885076817,294.0,294.0,0.0,0.14253205390949616,2.9057321548461914
2970.0,0.512784091119174,294.0,294.0,2.0,0.14225436751467438,2.90602707862854
2971.0,0.5122713070280548,294.0,296.0,1.0,0.14197694496697044,2.906312942504883
2972.0,0.5117590357210268,294.0,296.0,0.0,0.14169978655699636,2.906604051589966
2973.0,0.5112472766853058,294.0,297.0,1.0,0.14142289257459734,2.906888008117676
2974.0,0.5107360294086205,294.0,297.0,0.0,0.14114626330885002,2.9071900844573975
2975.0,0.5102252933792119,294.0,297.0,0.0,0.14086989904806055,2.9074769020080566
2976.0,0.5097150680858327,294.0,299.0,3.0,0.14059380007976247,2.907773971557617
2977.0,0.5092053530177468,294.0,299.0,0.0,0.1403179666907148,2.908061981201172
2978.0,0.508696147664729,294.0,299.0,0.0,0.14004239916690014,2.908363103866577
2979.0,0.5081874515170643,294.0,299.0,0.0,0.1397670977935226,2.9086320400238037
2980.0,0.5076792640655473,294.0,299.0,1.0,0.1394920628550059,2.9089319705963135
2981.0,0.5071715848014817,294.0,299.0,0.0,0.13921729463499136,2.9092180728912354
2982.0,0.5066644132166802,294.0,299.0,0.0,0.13894279341633603,2.9095070362091064
2983.0,0.5061577488034635,294.0,299.0,0.0,0.13866855948111081,2.909804105758667
2984.0,0.5056515910546601,294.0,298.0,1.0,0.1383945931105983,2.9100968837738037
2985.0,0.5051459394636054,294.0,298.0,1.0,0.13812089458529087,2.910391092300415
2986.0,0.5046407935241418,294.0,298.0,0.0,0.1378474641848889,2.9106810092926025
2987.0,0.5041361527306176,294.0,298.0,2.0,0.13757430218829886,2.9109740257263184
2988.0,0.503632016577887,294.0,298.0,0.0,0.13730140887363113,2.911267042160034
2989.0,0.5031283845613091,294.0,298.0,1.0,0.13702878451819817,2.911555051803589
2990.0,0.5026252561767478,294.0,298.0,1.0,0.13675642939851274,2.911836862564087
2991.0,0.5021226309205711,294.0,298.0,0.0,0.1364843437902859,2.9121289253234863
2992.0,0.5016205082896505,294.0,298.0,0.0,0.13621252796842492,2.912430763244629
2993.0,0.5011188877813609,294.0,297.0,1.0,0.13594098220703163,2.912761926651001
2994.0,0.5006177688935796,294.0,297.0,0.0,0.13566970677940032,2.9130859375
2995.0,0.500117151124686,294.0,297.0,1.0,0.13539870195801593,2.913383960723877
2996.0,0.49961703397356133,294.0,297.0,0.0,0.1351279680145521,2.9136948585510254
2997.0,0.4991174169395878,294.0,297.0,1.0,0.13485750521986925,2.9139959812164307
2998.0,0.4986182995226482,294.0,297.0,0.0,0.13458731384401268,2.914336919784546
2999.0,0.49811968122312555,294.0,297.0,1.0,0.1343173941562109,2.9146370887756348
3000.0,0.4976215615419024,294.0,297.0,1.0,0.13404774642487324,2.914947032928467
3001.0,0.4971239399803605,294.0,297.0,0.0,0.1337783709175886,2.9152419567108154
3002.0,0.4966268160403801,294.0,297.0,1.0,0.13350926790112286,2.9155519008636475
3003.0,0.4961301892243397,294.0,295.0,2.0,0.1332404376414177,2.9158599376678467
3004.0,0.49563405903511537,294.0,295.0,3.0,0.13297188040358823,2.916172981262207
3005.0,0.49513842497608024,294.0,295.0,0.0,0.13270359645192123,2.916473150253296
3006.0,0.4946432865511042,294.0,295.0,0.0,0.13243558604987352,2.916780948638916
3007.0,0.4941486432645531,294.0,295.0,4.0,0.13216784946006974,2.917081832885742
3008.0,0.4936544946212885,294.0,295.0,2.0,0.1319003869443007,2.9173970222473145
3009.0,0.4931608401266672,294.0,295.0,0.0,0.13163319876352148,2.917703866958618
3010.0,0.49266767928654054,294.0,295.0,2.0,0.13136628517784957,2.91800594329834
3011.0,0.492175011607254,294.0,295.0,0.0,0.13109964644656308,2.918297052383423
3012.0,0.49168283659564677,294.0,295.0,0.0,0.1308332828280987,2.918597936630249
3013.0,0.4911911537590511,294.0,295.0,0.0,0.13056719458005012,2.918905019760132
3014.0,0.49069996260529203,294.0,295.0,0.0,0.13030138195916594,2.9192049503326416
3015.0,0.4902092626426867,294.0,295.0,1.0,0.1300358452213481,2.9195098876953125
3016.0,0.489719053380044,294.0,295.0,0.0,0.1297705846216498,2.919883966445923
3017.0,0.489229334326664,294.0,295.0,0.0,0.1295056004142738,2.9201819896698
3018.0,0.48874010499233733,294.0,294.0,2.0,0.12924089285257062,2.9204840660095215
3019.0,0.488251364887345,294.0,294.0,0.0,0.12897646218903663,2.920761823654175
3020.0,0.48776311352245766,294.0,295.0,1.0,0.1287123086753123,2.9210519790649414
3021.0,0.4872753504089352,294.0,296.0,1.0,0.1284484325621803,2.9213449954986572
3022.0,0.4867880750585263,294.0,296.0,0.0,0.12818483409956394,2.9216408729553223
3023.0,0.48630128698346775,294.0,296.0,1.0,0.12792151353652503,2.921934127807617
3024.0,0.4858149856964843,294.0,296.0,0.0,0.12765847112126233,2.922224760055542
3025.0,0.4853291707107878,294.0,295.0,1.0,0.12739570710110962,2.922515869140625
3026.0,0.484843841540077,294.0,295.0,0.0,0.1271332217225339,2.9228579998016357
3027.0,0.4843589976985369,294.0,297.0,1.0,0.12687101523113395,2.9231648445129395
3028.0,0.48387463870083836,294.0,297.0,1.0,0.12660908787163788,2.923463821411133
3029.0,0.4833907640621375,294.0,297.0,0.0,0.12634743988790198,2.9237749576568604
3030.0,0.48290737329807537,294.0,295.0,1.0,0.12608607152290863,2.9240880012512207
3031.0,0.4824244659247773,294.0,295.0,3.0,0.1258249830187646,2.924372911453247
3032.0,0.4819420414588525,294.0,295.0,0.0,0.12556417461669936,2.9246859550476074
3033.0,0.48146009941739365,294.0,295.0,0.0,0.1253036465570631,2.9249961376190186
3034.0,0.48097863931797624,294.0,295.0,1.0,0.1250433990793253,2.925291061401367
3035.0,0.4804976606786583,294.0,296.0,2.0,0.12478343242207264,2.925600051879883
3036.0,0.48001716301797964,294.0,296.0,1.0,0.12452374682300756,2.9259159564971924
3037.0,0.47953714585496166,294.0,296.0,1.0,0.12426434251894627,2.926219940185547
3038.0,0.4790576087091067,294.0,296.0,0.0,0.12400521974581719,2.926525831222534
3039.0,0.4785785511003976,294.0,296.0,0.0,0.12374637873865908,2.9268250465393066
3040.0,0.4780999725492972,294.0,296.0,0.0,0.12348781973161942,2.9271390438079834
3041.0,0.47762187257674793,294.0,296.0,0.0,0.12322954295795263,2.9274508953094482
3042.0,0.47714425070417116,294.0,296.0,0.0,0.12297154865001834,2.927750825881958
3043.0,0.476667106453467,294.0,296.0,0.0,0.12271383703927978,2.9280688762664795
3044.0,0.47619043934701355,294.0,294.0,1.0,0.12245640835630192,2.928400993347168
3045.0,0.47571424890766656,294.0,294.0,1.0,0.12219926283074975,2.9287030696868896
3046.0,0.47523853465875887,294.0,294.0,0.0,0.1219424006913868,2.929006814956665
3047.0,0.4747632961241001,294.0,294.0,0.0,0.12168582216607328,2.9293088912963867
3048.0,0.474288532827976,294.0,295.0,3.0,0.12142952748176436,2.9296047687530518
3049.0,0.473814244295148,294.0,294.0,1.0,0.12117351686450852,2.929908037185669
3050.0,0.47334043005085286,294.0,294.0,0.0,0.12091779053944597,2.9302189350128174
3051.0,0.472867089620802,294.0,294.0,0.0,0.12066234873080689,2.930495023727417
3052.0,0.4723942225311812,294.0,294.0,0.0,0.1204071916619097,2.930790901184082
3053.0,0.47192182830865,294.0,295.0,2.0,0.12015231955515938,2.9310970306396484
3054.0,0.47144990648034135,294.0,295.0,0.0,0.11989773263204602,2.9314029216766357
3055.0,0.470978456573861,294.0,295.0,0.0,0.119643431113143,2.9316940307617188
3056.0,0.47050747811728716,294.0,295.0,0.0,0.1193894152181052,2.931989908218384
3057.0,0.4700369706391699,294.0,295.0,0.0,0.11913568516566772,2.9322900772094727
3058.0,0.4695669336685307,294.0,295.0,3.0,0.11888224117364393,2.932644844055176
3059.0,0.4690973667348622,294.0,296.0,2.0,0.1186290834589239,2.9329490661621094
3060.0,0.46862826936812735,294.0,297.0,4.0,0.11837621223747277,2.933245897293091
3061.0,0.46815964109875924,294.0,297.0,0.0,0.1181236277243293,2.9335460662841797
3062.0,0.4676914814576605,294.0,297.0,1.0,0.11787133013360389,2.9338507652282715
3063.0,0.46722378997620284,294.0,297.0,1.0,0.1176193196784774,2.934154987335205
3064.0,0.46675656618622663,294.0,299.0,2.0,0.1173675965711991,2.9344639778137207
3065.0,0.4662898096200404,294.0,297.0,2.0,0.11711616102308536,2.934741973876953
3066.0,0.46582351981042036,294.0,296.0,3.0,0.116865013244518,2.9350228309631348
3067.0,0.46535769629060997,294.0,296.0,3.0,0.11661415344494262,2.9353129863739014
3068.0,0.46489233859431933,294.0,296.0,0.0,0.11636358183286695,2.935606002807617
3069.0,0.464427446255725,294.0,296.0,2.0,0.1161132986158595,2.935894012451172
3070.0,0.4639630188094693,294.0,296.0,0.0,0.11586330400054769,2.9361908435821533
3071.0,0.4634990557906598,294.0,296.0,0.0,0.11561359819261653,2.9364840984344482
3072.0,0.4630355567348691,294.0,296.0,0.0,0.11536418139680692,2.936785936355591
3073.0,0.46257252117813424,294.0,295.0,1.0,0.11511505381691405,2.9370758533477783
3074.0,0.4621099486569561,294.0,295.0,0.0,0.11486621565578593,2.937359094619751
3075.0,0.4616478387082991,294.0,295.0,0.0,0.1146176671153218,2.9376518726348877
3076.0,0.46118619086959084,294.0,295.0,1.0,0.11436940839647056,2.937941074371338
3077.0,0.46072500467872124,294.0,295.0,0.0,0.11412143969922924,2.9382269382476807
3078.0,0.46026427967404254,294.0,295.0,0.0,0.11387376122264155,2.938523769378662
3079.0,0.4598040153943685,294.0,295.0,0.0,0.11362637316479608,2.9388060569763184
3080.0,0.45934421137897413,294.0,295.0,2.0,0.11337927572282523,2.9390971660614014
3081.0,0.45888486716759513,294.0,295.0,0.0,0.11313246909290314,2.9393908977508545
3082.0,0.4584259823004275,294.0,295.0,1.0,0.11288595347024463,2.9396820068359375
3083.0,0.4579675563181271,294.0,296.0,1.0,0.11263972904910352,2.93998384475708
3084.0,0.45750958876180897,294.0,296.0,0.0,0.11239379602277103,2.940268039703369
3085.0,0.4570520791730472,294.0,296.0,0.0,0.11214815458357437,2.9405620098114014
3086.0,0.4565950270938741,294.0,296.0,0.0,0.11190280492287531,2.940840005874634
3087.0,0.45613843206678023,294.0,296.0,1.0,0.11165774723106855,2.9411258697509766
3088.0,0.45568229363471346,294.0,296.0,0.0,0.11141298169758042,2.9414079189300537
3089.0,0.4552266113410787,294.0,296.0,1.0,0.11116850851086718,2.941694974899292
3090.0,0.45477138472973766,294.0,296.0,0.0,0.11092432785841384,2.9419729709625244
3091.0,0.45431661334500795,294.0,295.0,2.0,0.11068043992673234,2.942254066467285
3092.0,0.45386229673166295,294.0,295.0,1.0,0.11043684490136035,2.9425389766693115
3093.0,0.4534084344349313,294.0,295.0,0.0,0.11019354296685975,2.942873954772949
3094.0,0.45295502600049636,294.0,296.0,4.0,0.10995053430681521,2.9431848526000977
3095.0,0.45250207097449585,294.0,296.0,1.0,0.10970781910383264,2.943483829498291
3096.0,0.4520495689035214,294.0,296.0,0.0,0.10946539753953792,2.9437880516052246
3097.0,0.45159751933461784,294.0,296.0,1.0,0.10922326979457529,2.944098949432373
3098.0,0.45114592181528324,294.0,296.0,0.0,0.10898143604860609,2.944403886795044
3099.0,0.45069477589346796,294.0,296.0,0.0,0.1087398964803072,2.9447181224823
3100.0,0.45024408111757447,294.0,296.0,0.0,0.1084986512673698,2.9450089931488037
3101.0,0.44979383703645687,294.0,296.0,1.0,0.10825770058649774,2.9453299045562744
3102.0,0.4493440431994204,294.0,296.0,0.0,0.1080170446134063,2.945625066757202
3103.0,0.448894699156221,294.0,296.0,1.0,0.10777668352282088,2.945931911468506
3104.0,0.4484458044570648,294.0,296.0,0.0,0.10753661748847536,2.946244955062866
3105.0,0.4479973586526077,294.0,296.0,0.0,0.10729684668311083,2.946542739868164
3106.0,0.4475493612939551,294.0,296.0,0.0,0.10705737127847438,2.946852922439575
3107.0,0.4471018119326612,294.0,295.0,3.0,0.10681819144531743,2.9471728801727295
3108.0,0.44665471012072855,294.0,295.0,0.0,0.10657930735339466,2.947481155395508
3109.0,0.4462080554106078,294.0,295.0,1.0,0.10634071917146236,2.9478049278259277
3110.0,0.4457618473551972,294.0,295.0,0.0,0.10610242706727739,2.948117971420288
3111.0,0.445316085507842,294.0,295.0,1.0,0.10586443120759559,2.9484119415283203
3112.0,0.44487076942233417,294.0,295.0,1.0,0.10562673175817062,2.9487099647521973
3113.0,0.4444258986529118,294.0,295.0,0.0,0.10538932888375248,2.949018955230713
3114.0,0.4439814727542589,294.0,295.0,0.0,0.10515222274808626,2.949319839477539
3115.0,0.44353749128150466,294.0,295.0,0.0,0.1049154135139108,2.949615955352783
3116.0,0.44309395379022315,294.0,295.0,0.0,0.1046789013429574,2.9499199390411377
3117.0,0.44265085983643293,294.0,295.0,0.0,0.10444268639594853,2.950222969055176
3118.0,0.4422082089765965,294.0,295.0,1.0,0.1042067688325965,2.9505419731140137
3119.0,0.4417660007676199,294.0,295.0,0.0,0.10397114881160206,2.9508469104766846
3120.0,0.4413242347668523,294.0,295.0,0.0,0.10373582649065335,2.951162815093994
3121.0,0.44088291053208545,294.0,295.0,1.0,0.10350080202642449,2.9514548778533936
3122.0,0.4404420276215534,294.0,295.0,1.0,0.10326607557457422,2.951766014099121
3123.0,0.4400015855939318,294.0,295.0,0.0,0.10303164728974472,2.9520750045776367
3124.0,0.4395615840083379,294.0,295.0,0.0,0.10279751732556051,2.9523870944976807
3125.0,0.43912202242432957,294.0,295.0,0.0,0.10256368583462688,2.952690839767456
3126.0,0.4386829004019052,294.0,294.0,1.0,0.10233015296852878,2.953001022338867
3127.0,0.43824421750150333,294.0,294.0,0.0,0.1020969188778297,2.9532878398895264
3128.0,0.43780597328400184,294.0,294.0,0.0,0.10186398371207031,2.9535911083221436
3129.0,0.4373681673107178,294.0,294.0,0.0,0.10163134761976725,2.9538910388946533
3130.0,0.4369307991434071,294.0,294.0,0.0,0.10139901074841183,2.9541890621185303
3131.0,0.4364938683442637,294.0,294.0,0.0,0.10116697324446901,2.9545040130615234
3132.0,0.4360573744759194,294.0,294.0,0.0,0.10093523525337604,2.9547970294952393
3133.0,0.4356213171014435,294.0,294.0,1.0,0.10070379691954129,2.955108165740967
3134.0,0.435185695784342,294.0,294.0,1.0,0.10047265838634309,2.9554030895233154
3135.0,0.4347505100885577,294.0,294.0,0.0,0.10024181979612849,2.9557528495788574
3136.0,0.43431575957846913,294.0,294.0,0.0,0.1000112812902122,2.9560718536376953
3137.0,0.43388144381889066,294.0,294.0,0.0,0.09978104300887515,2.956380844116211
3138.0,0.43344756237507176,294.0,295.0,1.0,0.09955110509136371,2.956691026687622
3139.0,0.4330141148126967,294.0,295.0,0.0,0.0993214676758881,2.956998825073242
3140.0,0.43258110069788397,294.0,295.0,0.0,0.09909213089962164,2.9572958946228027
3141.0,0.4321485195971861,294.0,295.0,0.0,0.09886309489869936,2.9576079845428467
3142.0,0.4317163710775889,294.0,295.0,0.0,0.09863435980821693,2.957911968231201
3143.0,0.43128465470651134,294.0,295.0,0.0,0.09840592576222944,2.958216905593872
3144.0,0.43085337005180485,294.0,295.0,0.0,0.09817779289375045,2.958526849746704
3145.0,0.430422516681753,294.0,297.0,1.0,0.09794996133475072,2.958824872970581
3146.0,0.4299920941650713,294.0,295.0,3.0,0.09772243121615715,2.9591269493103027
3147.0,0.4295621020709062,294.0,295.0,0.0,0.09749520266785179,2.9594271183013916
3148.0,0.4291325399688353,294.0,294.0,1.0,0.0972682758186705,2.9597277641296387
3149.0,0.4287034074288665,294.0,294.0,0.0,0.09704165079640206,2.960016965866089
3150.0,0.42827470402143764,294.0,294.0,1.0,0.096815327727787,2.9603137969970703
3151.0,0.4278464293174162,294.0,294.0,1.0,0.09658930673851651,2.960624933242798
3152.0,0.42741858288809875,294.0,296.0,1.0,0.0963635879532315,2.9609310626983643
3153.0,0.42699116430521067,294.0,296.0,1.0,0.09613817149552145,2.961246967315674
3154.0,0.42656417314090544,294.0,296.0,0.0,0.09591305748792317,2.9615559577941895
3155.0,0.42613760896776454,294.0,296.0,3.0,0.09568824605192018,2.9618539810180664
3156.0,0.4257114713587968,294.0,296.0,1.0,0.09546373730794123,2.9621520042419434
3157.0,0.425285759887438,294.0,296.0,3.0,0.09523953137535965,2.9624550342559814
3158.0,0.42486047412755057,294.0,297.0,2.0,0.09501562837249192,2.9627561569213867
3159.0,0.424435613653423,294.0,297.0,0.0,0.09479202841659705,2.9630651473999023
3160.0,0.4240111780397696,294.0,296.0,2.0,0.0945687316238753,2.963361978530884
3161.0,0.42358716686172987,294.0,296.0,2.0,0.09434573810946735,2.963660955429077
3162.0,0.4231635796948681,294.0,296.0,0.0,0.09412304798745308,2.9639711380004883
3163.0,0.42274041611517327,294.0,296.0,0.0,0.09390066137085089,2.9642927646636963
3164.0,0.4223176756990581,294.0,296.0,1.0,0.0936785783716164,2.964608907699585
3165.0,0.42189535802335904,294.0,297.0,1.0,0.0934567991006418,2.9649081230163574
3166.0,0.4214734626653357,294.0,296.0,1.0,0.09323532366775454,2.9652180671691895
3167.0,0.42105198920267034,294.0,296.0,1.0,0.09301415218171667,2.9655239582061768
3168.0,0.42063093721346767,294.0,296.0,0.0,0.09279328475022376,2.965825080871582
3169.0,0.4202103062762542,294.0,295.0,2.0,0.09257272147990386,2.9661319255828857
3170.0,0.41979009596997796,294.0,295.0,1.0,0.09235246247631676,2.9664299488067627
3171.0,0.419370305874008,294.0,296.0,1.0,0.09213250784395294,2.966731071472168
3172.0,0.41895093556813395,294.0,296.0,0.0,0.09191285768623268,2.967041015625
3173.0,0.4185319846325658,294.0,296.0,1.0,0.09169351210550515,2.967343807220459
3174.0,0.41811345264793326,294.0,295.0,1.0,0.0914744712030475,2.967637062072754
3175.0,0.41769533919528534,293.0,293.0,1.0,0.09125573507906398,2.9679250717163086
3176.0,0.41727764385609006,293.0,293.0,0.0,0.09103730383268493,2.9682319164276123
3177.0,0.416860366212234,293.0,293.0,0.0,0.09081917756196613,2.968549966812134
3178.0,0.41644350584602174,293.0,293.0,0.0,0.09060135636388776,2.9688639640808105
3179.0,0.4160270623401757,293.0,295.0,2.0,0.09038384033435347,2.969165086746216
3180.0,0.41561103527783555,293.0,296.0,2.0,0.0901666295681898,2.969470977783203
3181.0,0.41519542424255773,293.0,296.0,0.0,0.089949724159145,2.9697799682617188
3182.0,0.41478022881831517,293.0,296.0,0.0,0.08973312419988834,2.9700911045074463
3183.0,0.41436544858949687,293.0,296.0,0.0,0.08951682978200937,2.970402956008911
3184.0,0.4139510831409074,293.0,296.0,1.0,0.0893008409960169,2.9706990718841553
3185.0,0.4135371320577665,293.0,296.0,0.0,0.0890851579313383,2.971001148223877
3186.0,0.4131235949257087,293.0,296.0,0.0,0.08886978067631864,2.971315860748291
3187.0,0.412710471330783,293.0,296.0,0.0,0.08865470931821991,2.971627950668335
3188.0,0.4122977608594522,293.0,296.0,1.0,0.08843994394322026,2.9719197750091553
3189.0,0.41188546309859275,293.0,296.0,0.0,0.0882254846364131,2.972227096557617
3190.0,0.41147357763549414,293.0,296.0,2.0,0.08801133148180641,2.9725229740142822
3191.0,0.41106210405785865,293.0,296.0,0.0,0.08779748456232203,2.9728410243988037
3192.0,0.4106510419538008,293.0,296.0,0.0,0.08758394395979464,2.9731388092041016
3193.0,0.410240390911847,293.0,296.0,1.0,0.08737070975497131,2.9735500812530518
3194.0,0.40983015052093513,293.0,296.0,0.0,0.08715778202751058,2.973845958709717
3195.0,0.4094203203704142,293.0,296.0,1.0,0.08694516085598171,2.97414493560791
3196.0,0.4090109000500438,293.0,296.0,0.0,0.08673284631786407,2.9744367599487305
3197.0,0.4086018891499938,293.0,296.0,0.0,0.08652083848954628,2.9747300148010254
3198.0,0.4081932872608438,293.0,297.0,2.0,0.08630913744632555,2.975029945373535
3199.0,0.407785093973583,293.0,297.0,1.0,0.08609774326240702,2.975330114364624
3200.0,0.4073773088796094,293.0,295.0,2.0,0.08588665601090291,2.9756128787994385
3201.0,0.40696993157072975,293.0,295.0,2.0,0.08567587576383202,2.9759249687194824
3202.0,0.406562961639159,293.0,295.0,1.0,0.08546540259211903,2.976227045059204
3203.0,0.40615639867751985,293.0,295.0,2.0,0.08525523656559354,2.9765188694000244
3204.0,0.4057502422788423,293.0,295.0,0.0,0.08504537775298981,2.9768121242523193
3205.0,0.4053444920365635,293.0,296.0,1.0,0.0848358262219458,2.9771130084991455
3206.0,0.4049391475445269,293.0,297.0,1.0,0.08462658203900268,2.9774038791656494
3207.0,0.4045342083969824,293.0,297.0,1.0,0.08441764526960402,2.9777069091796875
3208.0,0.4041296741885854,293.0,297.0,1.0,0.08420901597809542,2.978005886077881
3209.0,0.40372554451439685,293.0,296.0,1.0,0.08400069422772363,2.9782979488372803
3210.0,0.40332181896988245,293.0,296.0,0.0,0.08379268008063606,2.978606939315796
3211.0,0.40291849715091255,293.0,297.0,1.0,0.08358497359788014,2.9789040088653564
3212.0,0.40251557865376164,293.0,297.0,0.0,0.08337757483940274,2.9791998863220215
3213.0,0.40211306307510786,293.0,296.0,3.0,0.08317048386404949,2.9794921875
3214.0,0.4017109500120328,293.0,296.0,0.0,0.08296370072956442,2.9797818660736084
3215.0,0.40130923906202076,293.0,295.0,2.0,0.08275722549258907,2.98008394241333
3216.0,0.40090792982295875,293.0,295.0,0.0,0.08255105820866207,2.9803779125213623
3217.0,0.4005070218931358,293.0,294.0,2.0,0.08234519893221877,2.980677843093872
3218.0,0.40010651487124266,293.0,294.0,1.0,0.08213964771659035,2.9809730052948
3219.0,0.3997064083563714,293.0,294.0,0.0,0.08193440461400346,2.98126482963562
3220.0,0.39930670194801504,293.0,294.0,0.0,0.08172946967557977,2.9815800189971924
3221.0,0.39890739524606705,293.0,294.0,0.0,0.08152484295133522,2.981862783432007
3222.0,0.398508487850821,293.0,294.0,0.0,0.08132052449017968,2.9821579456329346
3223.0,0.39810997936297016,293.0,294.0,2.0,0.08111651433991637,2.9824440479278564
3224.0,0.3977118693836072,293.0,294.0,0.0,0.08091281254724142,2.982774019241333
3225.0,0.3973141575142236,293.0,294.0,1.0,0.08070941915774325,2.9830739498138428
3226.0,0.3969168433567094,293.0,294.0,0.0,0.08050633421590225,2.9833669662475586
3227.0,0.3965199265133527,293.0,294.0,0.0,0.08030355776509018,2.9836738109588623
3228.0,0.39612340658683937,293.0,294.0,0.0,0.08010108984756978,2.9839680194854736
3229.0,0.3957272831802525,293.0,294.0,1.0,0.07989893050449431,2.9842770099639893
3230.0,0.39533155589707225,293.0,294.0,0.0,0.07969707977590697,2.9845807552337646
3231.0,0.3949362243411752,293.0,294.0,1.0,0.07949553770074075,2.984869956970215
3232.0,0.39454128811683403,293.0,294.0,0.0,0.07929430431681767,2.9851999282836914
3233.0,0.3941467468287172,293.0,294.0,0.0,0.07909337966084858,2.985508918762207
3234.0,0.3937526000818885,293.0,294.0,0.0,0.0788927637684326,2.985832929611206
3235.0,0.3933588474818066,293.0,294.0,0.0,0.0786924566740569,2.986154079437256
3236.0,0.3929654886343248,293.0,294.0,0.0,0.07849245841109609,2.986464023590088
3237.0,0.39257252314569047,293.0,294.0,0.0,0.07829276901181202,2.986865997314453
3238.0,0.3921799506225448,293.0,294.0,0.0,0.0780933885073533,2.9871737957000732
3239.0,0.3917877706719223,293.0,294.0,3.0,0.07789431692775492,2.987485885620117
3240.0,0.39139598290125033,293.0,294.0,1.0,0.07769555430193788,2.98779296875
3241.0,0.39100458691834905,293.0,294.0,0.0,0.07749710065770903,2.9881069660186768
3242.0,0.3906135823314307,293.0,294.0,0.0,0.07729895602176037,2.988388776779175
3243.0,0.39022296874909923,293.0,294.0,0.0,0.07710112041966914,2.988687753677368
3244.0,0.38983274578035015,293.0,294.0,0.0,0.07690359387589712,2.988985061645508
3245.0,0.3894429130345698,293.0,294.0,0.0,0.07670637641379051,2.989266872406006
3246.0,0.38905347012153524,293.0,294.0,0.0,0.0765094680555796,2.989570140838623
3247.0,0.3886644166514137,293.0,294.0,1.0,0.07631286882237844,2.989860773086548
3248.0,0.3882757522347623,293.0,294.0,1.0,0.07611657873418454,2.9901580810546875
3249.0,0.3878874764825275,293.0,294.0,2.0,0.07592059780987873,2.990447759628296
3250.0,0.387499589006045,293.0,295.0,1.0,0.07572492606722458,2.990790843963623
3251.0,0.38711208941703895,293.0,295.0,0.0,0.07552956352286855,2.991076946258545
3252.0,0.3867249773276219,293.0,295.0,0.0,0.07533451019233932,2.991379976272583
3253.0,0.3863382523502943,293.0,295.0,0.0,0.07513976609004785,2.99167799949646
3254.0,0.385951914097944,293.0,295.0,1.0,0.07494533122928704,2.9919729232788086
3255.0,0.38556596218384603,293.0,295.0,0.0,0.07475120562223145,2.9922659397125244
3256.0,0.38518039622166217,293.0,295.0,0.0,0.07455738927993714,2.9925618171691895
3257.0,0.3847952158254405,293.0,295.0,0.0,0.07436388221234153,2.9929089546203613
3258.0,0.38441042060961506,293.0,294.0,1.0,0.07417068442826301,2.993216037750244
3259.0,0.38402601018900545,293.0,294.0,1.0,0.07397779593540094,2.9935081005096436
3260.0,0.38364198417881645,293.0,294.0,0.0,0.07378521674033536,2.993813991546631
3261.0,0.3832583421946376,293.0,294.0,2.0,0.07359294684852691,2.9941229820251465
3262.0,0.38287508385244295,293.0,294.0,1.0,0.0734009862643165,2.99442195892334
3263.0,0.3824922087685905,293.0,294.0,0.0,0.07320933499092538,2.9947259426116943
3264.0,0.38210971655982195,293.0,294.0,0.0,0.07301799303045481,2.9950220584869385
3265.0,0.3817276068432621,293.0,294.0,1.0,0.07282696038388599,2.9953200817108154
3266.0,0.3813458792364189,293.0,294.0,0.0,0.07263623705107998,2.9956119060516357
3267.0,0.38096453335718244,293.0,294.0,0.0,0.0724458230307775,2.9959118366241455
3268.0,0.38058356882382527,293.0,294.0,0.0,0.0722557183205989,2.996220827102661
3269.0,0.38020298525500146,293.0,294.0,0.0,0.07206592291704401,2.9965240955352783
3270.0,0.3798227822697465,293.0,294.0,0.0,0.07187643681549206,2.9968340396881104
3271.0,0.37944295948747675,293.0,294.0,0.0,0.07168726001020159,2.9971280097961426
3272.0,0.37906351652798925,293.0,294.0,1.0,0.07149839249431038,2.997424840927124
3273.0,0.37868445301146125,293.0,294.0,1.0,0.07130983425983548,2.9978199005126953
3274.0,0.3783057685584498,293.0,294.0,0.0,0.07112158529767298,2.9981088638305664
3275.0,0.3779274627898913,293.0,294.0,0.0,0.07093364559759814,2.9984078407287598
3276.0,0.3775495353271014,293.0,294.0,1.0,0.07074601514826527,2.9987049102783203
3277.0,0.3771719857917743,293.0,294.0,0.0,0.07055869393720766,2.998986005783081
3278.0,0.3767948138059825,293.0,294.0,0.0,0.07037168195083766,2.9992897510528564
3279.0,0.37641801899217653,293.0,294.0,0.0,0.07018497917444667,2.9995930194854736
3280.0,0.37604160097318434,293.0,294.0,1.0,0.06999858559220505,2.9998910427093506
3281.0,0.37566555937221113,293.0,294.0,0.0,0.0698125011871622,3.0001769065856934
3282.0,0.37528989381283895,293.0,294.0,0.0,0.06962672594124664,3.0004689693450928
3283.0,0.3749146039190261,293.0,295.0,1.0,0.06944125983526586,3.0007569789886475
3284.0,0.37453968931510706,293.0,295.0,1.0,0.06925610284890657,3.0010600090026855
3285.0,0.37416514962579195,293.0,295.0,0.0,0.06907125496073464,3.0013487339019775
3286.0,0.37379098447616615,293.0,296.0,1.0,0.06888671614819514,3.001634120941162
3287.0,0.37341719349169,293.0,296.0,0.0,0.06870248638761246,3.001934051513672
3288.0,0.3730437762981983,293.0,296.0,1.0,0.06851856565419039,3.0022220611572266
3289.0,0.3726707325219001,293.0,296.0,0.0,0.06833495392201214,3.002519130706787
3290.0,0.3722980617893782,293.0,296.0,1.0,0.06815165116404058,3.0028438568115234
3291.0,0.3719257637275888,293.0,296.0,0.0,0.06796865735211816,3.0031380653381348
3292.0,0.3715538379638612,293.0,296.0,0.0,0.0677859724569672,3.003443956375122
3293.0,0.3711822841258974,293.0,296.0,0.0,0.06760359644818986,3.0037429332733154
3294.0,0.37081110184177146,293.0,296.0,1.0,0.0674215292942684,3.0040478706359863
3295.0,0.3704402907399297,293.0,296.0,3.0,0.06723977096256524,3.0043578147888184
3296.0,0.3700698504491898,293.0,296.0,2.0,0.06705832141932322,3.0046820640563965
3297.0,0.3696997805987406,293.0,296.0,0.0,0.06687718062966563,3.0049989223480225
3298.0,0.36933008081814184,293.0,296.0,1.0,0.06669634855759647,3.0053188800811768
3299.0,0.3689607507373237,293.0,296.0,0.0,0.06651582516600062,3.0056188106536865
3300.0,0.36859178998658637,293.0,296.0,0.0,0.06633561041664397,3.0059330463409424
3301.0,0.36822319819659977,293.0,296.0,0.0,0.06615570427017373,3.0062358379364014
3302.0,0.36785497499840314,293.0,296.0,0.0,0.06597610668611859,3.006532907485962
3303.0,0.3674871200234047,293.0,296.0,1.0,0.06579681762288889,3.0068249702453613
3304.0,0.36711963290338134,293.0,296.0,2.0,0.065617837037777,3.0071239471435547
3305.0,0.366752513270478,293.0,295.0,1.0,0.0654391648869573,3.007422924041748
3306.0,0.3663857607572075,293.0,295.0,0.0,0.0652608011254867,3.0077130794525146
3307.0,0.3660193749964503,293.0,294.0,2.0,0.06508274570730473,3.0080058574676514
3308.0,0.36565335562145385,293.0,294.0,0.0,0.0649049985852339,3.008310079574585
3309.0,0.3652877022658324,293.0,294.0,0.0,0.06472755971097995,3.0086050033569336
3310.0,0.36492241456356656,293.0,294.0,1.0,0.06455042903513211,3.0089008808135986
3311.0,0.364557492149003,293.0,294.0,0.0,0.06437360650716344,3.009211778640747
3312.0,0.36419293465685404,293.0,294.0,0.0,0.06419709207543108,3.0095019340515137
3313.0,0.3638287417221972,293.0,294.0,1.0,0.06402088568717663,3.0097999572753906
3314.0,0.363464912980475,293.0,294.0,0.0,0.06384498728852644,3.0100958347320557
3315.0,0.36310144806749456,293.0,294.0,0.0,0.063669396824492,3.010446071624756
3316.0,0.36273834661942705,293.0,294.0,1.0,0.06349411423897018,3.010761022567749
3317.0,0.3623756082728076,293.0,294.0,0.0,0.06331913947474367,3.011061906814575
3318.0,0.36201323266453483,293.0,294.0,0.0,0.06314447247348137,3.011354923248291
3319.0,0.3616512194318703,293.0,294.0,0.0,0.06297011317573861,3.0116539001464844
3320.0,0.3612895682124384,293.0,294.0,0.0,0.0627960615209578,3.011950731277466
3321.0,0.36092827864422594,293.0,294.0,0.0,0.06262231744746849,3.0122408866882324
3322.0,0.36056735036558174,293.0,294.0,0.0,0.062448880892488144,3.0125389099121094
3323.0,0.36020678301521614,293.0,294.0,0.0,0.0622757517921222,3.012876033782959
3324.0,0.3598465762322009,293.0,294.0,0.0,0.06210293008136469,3.013170003890991
3325.0,0.3594867296559687,293.0,295.0,1.0,0.06193041569409876,3.0134987831115723
3326.0,0.3591272429263127,293.0,295.0,1.0,0.06175820856309686,3.0138068199157715
3327.0,0.3587681156833864,293.0,295.0,0.0,0.06158630862002135,3.0141079425811768
3328.0,0.35840934756770304,293.0,295.0,1.0,0.06141471579542499,3.014431953430176
3329.0,0.35805093822013534,293.0,295.0,1.0,0.061243430018751314,3.014744997024536
3330.0,0.35769288728191523,293.0,295.0,0.0,0.0610724512183352,3.0150468349456787
3331.0,0.3573351943946333,293.0,295.0,2.0,0.06090177932140328,3.015345811843872
3332.0,0.35697785920023867,293.0,295.0,0.0,0.06073141425407453,3.0156490802764893
3333.0,0.3566208813410384,293.0,295.0,0.0,0.06056135594136072,3.0159449577331543
3334.0,0.3562642604596974,293.0,295.0,2.0,0.06039160430716692,3.0162370204925537
3335.0,0.3559079961992377,293.0,295.0,1.0,0.06022215927429213,3.016545057296753
3336.0,0.35555208820303846,293.0,295.0,1.0,0.060053020764429706,3.0168588161468506
3337.0,0.3551965361148354,293.0,295.0,0.0,0.05988418869816793,3.0171778202056885
3338.0,0.3548413395787206,293.0,295.0,0.0,0.059715662994990655,3.0174851417541504
3339.0,0.35448649823914186,293.0,297.0,1.0,0.05954744357327778,3.0177979469299316
3340.0,0.3541320117409027,293.0,297.0,1.0,0.05937953035030586,3.01810884475708
3341.0,0.3537778797291618,293.0,297.0,1.0,0.05921192324224877,3.0184009075164795
3342.0,0.3534241018494326,293.0,297.0,2.0,0.05904462216417814,3.018709897994995
3343.0,0.3530706777475832,293.0,297.0,0.0,0.05887762703006415,3.0190389156341553
3344.0,0.3527176070698356,293.0,297.0,0.0,0.058710937752775964,3.0193631649017334
3345.0,0.3523648894627658,293.0,297.0,0.0,0.05854455424408251,3.01965594291687
3346.0,0.352012524573303,293.0,297.0,0.0,0.05837847641465308,3.019989013671875
3347.0,0.3516605120487297,293.0,296.0,2.0,0.05821270417405797,3.0202901363372803
3348.0,0.351308851536681,293.0,296.0,0.0,0.05804723743076902,3.0205790996551514
3349.0,0.35095754268514434,293.0,296.0,0.0,0.05788207609216053,3.020864963531494
3350.0,0.3506065851424592,293.0,296.0,1.0,0.057717220064509654,3.021156072616577
3351.0,0.3502559785573167,293.0,296.0,0.0,0.05755266925299741,3.021454095840454
3352.0,0.3499057225787594,293.0,296.0,0.0,0.05738842356170904,3.0217411518096924
3353.0,0.34955581685618065,293.0,297.0,2.0,0.057224482893634944,3.0220329761505127
3354.0,0.34920626103932445,293.0,297.0,0.0,0.05706084715067135,3.0223259925842285
3355.0,0.3488570547782851,293.0,297.0,1.0,0.05689751623362096,3.022617816925049
3356.0,0.34850819772350683,293.0,297.0,0.0,0.05673449004219382,3.022916793823242
3357.0,0.3481596895257833,293.0,297.0,1.0,0.05657176847500792,3.023210048675537
3358.0,0.3478115298362575,293.0,297.0,1.0,0.056409351429590096,3.023500919342041
3359.0,0.34746371830642125,293.0,297.0,1.0,0.05624723880237666,3.0238139629364014
3360.0,0.34711625458811485,293.0,296.0,4.0,0.05608543048871431,3.024111747741699
3361.0,0.34676913833352674,293.0,296.0,1.0,0.05592392638286076,3.024416923522949
3362.0,0.3464223691951932,293.0,296.0,0.0,0.05576272637798567,3.024732828140259
3363.0,0.346075946825998,293.0,296.0,1.0,0.05560183036617145,3.0250439643859863
3364.0,0.345729870879172,293.0,296.0,0.0,0.055441238238413924,3.0253429412841797
3365.0,0.34538414100829284,293.0,296.0,0.0,0.055280949884623336,3.025641918182373
3366.0,0.3450387568672845,293.0,296.0,1.0,0.0551209651936251,3.025942087173462
3367.0,0.3446937181104172,293.0,296.0,0.0,0.054961284053160635,3.026265859603882
3368.0,0.3443490243923068,293.0,296.0,1.0,0.054801906349888296,3.0265729427337646
3369.0,0.3440046753679145,293.0,296.0,0.0,0.05464283196938408,3.0268800258636475
3370.0,0.3436606706925466,293.0,295.0,2.0,0.05448406079614266,3.0271811485290527
3371.0,0.34331701002185405,293.0,295.0,1.0,0.054325592713578265,3.02748703956604
3372.0,0.34297369301183217,293.0,295.0,1.0,0.05416742760402541,3.0277860164642334
3373.0,0.34263071931882033,293.0,295.0,1.0,0.05400956534873998,3.0280840396881104
3374.0,0.3422880885995015,293.0,295.0,0.0,0.05385200582790008,3.0284039974212646
3375.0,0.341945800510902,293.0,295.0,0.0,0.05369474892060693,3.0287089347839355
3376.0,0.3416038547103911,293.0,295.0,0.0,0.05353779450488583,3.0290029048919678
3377.0,0.34126225085568074,293.0,295.0,0.0,0.05338114245768707,3.0293209552764893
3378.0,0.34092098860482506,293.0,295.0,0.0,0.05322479265488697,3.029633045196533
3379.0,0.34058006761622023,293.0,295.0,0.0,0.05306874497128869,3.0299341678619385
3380.0,0.340239487548604,293.0,296.0,2.0,0.052912999280623374,3.030241012573242
3381.0,0.3398992480610554,293.0,296.0,0.0,0.05275755545555105,3.0305421352386475
3382.0,0.3395593488129944,293.0,296.0,1.0,0.05260241336766156,3.0308499336242676
3383.0,0.3392197894641814,293.0,296.0,0.0,0.05244757288747569,3.031162977218628
3384.0,0.33888056967471725,293.0,296.0,0.0,0.05229303388444608,3.031480073928833
3385.0,0.3385416891050425,293.0,296.0,1.0,0.052138796226958294,3.0317728519439697
3386.0,0.3382031474159375,293.0,296.0,1.0,0.05198485978233188,3.0320818424224854
3387.0,0.33786494426852154,293.0,296.0,1.0,0.05183122441682132,3.032388925552368
3388.0,0.337527079324253,293.0,296.0,0.0,0.05167788999561717,3.0326898097991943
3389.0,0.33718955224492875,293.0,296.0,0.0,0.051524856382847074,3.032982110977173
3390.0,0.3368523626926838,293.0,296.0,1.0,0.051372123441576864,3.0332858562469482
3391.0,0.3365155103299911,293.0,296.0,0.0,0.051219691033811576,3.0335888862609863
3392.0,0.3361789948196611,293.0,296.0,0.0,0.05106755902049667,3.033892869949341
3393.0,0.3358428158248415,293.0,296.0,1.0,0.050915727261519,3.0341989994049072
3394.0,0.33550697300901666,293.0,296.0,0.0,0.05076419561570796,3.0345258712768555
3395.0,0.33517146603600767,293.0,296.0,0.0,0.050612963940836656,3.034857988357544
3396.0,0.33483629456997166,293.0,296.0,0.0,0.05046203209362293,3.0351669788360596
3397.0,0.3345014582754017,293.0,296.0,0.0,0.050311399929730646,3.035478115081787
3398.0,0.33416695681712627,293.0,297.0,1.0,0.05016106730377071,3.0358150005340576
3399.0,0.3338327898603091,293.0,297.0,0.0,0.05001103406930232,3.0361101627349854
3400.0,0.3334989570704488,293.0,297.0,0.0,0.04986130007883401,3.0363950729370117
3401.0,0.33316545811337833,293.0,297.0,3.0,0.04971186518382504,3.0366928577423096
3402.0,0.3328322926552649,293.0,297.0,0.0,0.04956272923468635,3.036986827850342
3403.0,0.3324994603626097,293.0,297.0,0.0,0.04941389208078191,3.037282943725586
3404.0,0.33216696090224707,293.0,297.0,2.0,0.049265353570429854,3.03757905960083
3405.0,0.3318347939413448,293.0,296.0,2.0,0.049117113550903736,3.037871837615967
3406.0,0.33150295914740346,293.0,296.0,1.0,0.04896917186843377,3.0381691455841064
3407.0,0.33117145618825605,293.0,296.0,0.0,0.048821528368208016,3.038461923599243
3408.0,0.3308402847320678,293.0,296.0,0.0,0.04867418289437362,3.038763999938965
3409.0,0.3305094444473357,293.0,298.0,1.0,0.048527135290038194,3.0390498638153076
3410.0,0.33017893500288836,293.0,298.0,1.0,0.04838038539727089,3.0393459796905518
3411.0,0.3298487560678855,293.0,298.0,0.0,0.0482339330571039,3.039634943008423
3412.0,0.3295189073118176,293.0,298.0,1.0,0.048087778109533456,3.039929151535034
3413.0,0.3291893884045058,293.0,298.0,1.0,0.04794192039352143,3.040217876434326
3414.0,0.3288601990161013,293.0,298.0,0.0,0.04779635974699644,3.040508985519409
3415.0,0.3285313388170852,293.0,298.0,1.0,0.047651096006855166,3.0408010482788086
3416.0,0.3282028074782681,293.0,298.0,0.0,0.04750612900896383,3.0411038398742676
3417.0,0.3278746046707898,293.0,298.0,0.0,0.04736145858815939,3.0413818359375
3418.0,0.32754673006611906,293.0,298.0,1.0,0.04721708457825092,3.04168701171875
3419.0,0.32721918333605293,293.0,298.0,2.0,0.04707300681202089,3.0419888496398926
3420.0,0.3268919641527169,293.0,298.0,0.0,0.0469292251212267,3.0422840118408203
3421.0,0.3265650721885642,293.0,298.0,0.0,0.04678573933660196,3.042578935623169
3422.0,0.3262385071163756,293.0,298.0,1.0,0.04664254928785777,3.0428779125213623
3423.0,0.3259122686092592,293.0,298.0,1.0,0.0464996548036843,3.043163776397705
3424.0,0.3255863563406499,293.0,298.0,0.0,0.04635705571175205,3.043440818786621
3425.0,0.32526076998430925,293.0,298.0,0.0,0.04621475183871333,3.043734073638916
3426.0,0.32493550921432496,293.0,298.0,0.0,0.04607274301020369,3.0440309047698975
3427.0,0.32461057370511065,293.0,298.0,0.0,0.045931029050843224,3.044325828552246
3428.0,0.32428596313140556,293.0,298.0,2.0,0.04578960978423819,3.044635772705078
3429.0,0.3239616771682742,293.0,298.0,1.0,0.04564848503298234,3.04496693611145
3430.0,0.3236377154911059,293.0,298.0,1.0,0.04550765461865842,3.045258045196533
3431.0,0.3233140777756148,293.0,298.0,1.0,0.04536711836183959,3.0455470085144043
3432.0,0.3229907636978392,293.0,298.0,0.0,0.04522687608209101,3.0458507537841797
3433.0,0.32266777293414134,293.0,298.0,0.0,0.04508692759797123,3.046154022216797
3434.0,0.3223451051612072,293.0,298.0,0.0,0.044947272727033666,3.046461820602417
3435.0,0.32202276005604596,293.0,298.0,0.0,0.04480791128582825,3.0467679500579834
3436.0,0.3217007372959899,293.0,298.0,0.0,0.04466884308990273,3.047076940536499
3437.0,0.32137903655869393,293.0,298.0,0.0,0.04453006795380443,3.047379970550537
3438.0,0.3210576575221352,293.0,298.0,0.0,0.04439158569108157,3.047700881958008
3439.0,0.32073659986461306,293.0,298.0,0.0,0.044253396114284985,3.0479931831359863
3440.0,0.32041586326474847,293.0,298.0,0.0,0.044115499034969564,3.0483169555664062
3441.0,0.3200954474014837,293.0,298.0,0.0,0.04397789426369582,3.0486199855804443
3442.0,0.31977535195408224,293.0,298.0,3.0,0.04384058161003153,3.0489249229431152
3443.0,0.31945557660212814,293.0,299.0,2.0,0.04370356088255328,3.0492300987243652
3444.0,0.319136121025526,293.0,299.0,0.0,0.04356683188884805,3.049525022506714
3445.0,0.3188169849045005,293.0,299.0,3.0,0.04343039443551478,3.0498340129852295
3446.0,0.318498167919596,293.0,299.0,1.0,0.043294248328166064,3.050123929977417
3447.0,0.3181796697516764,293.0,299.0,0.0,0.043158393371429696,3.050426959991455
3448.0,0.3178614900819247,293.0,299.0,0.0,0.04302282936895034,3.050734043121338
3449.0,0.31754362859184276,293.0,299.0,0.0,0.042887556123391124,3.0510458946228027
3450.0,0.31722608496325094,293.0,299.0,1.0,0.04275257343643536,3.0513498783111572
3451.0,0.3169088588782877,293.0,298.0,2.0,0.042617881108788086,3.0516538619995117
3452.0,0.3165919500194094,293.0,298.0,0.0,0.04248347894017785,3.0519509315490723
3453.0,0.31627535806938994,293.0,298.0,0.0,0.04234936672935833,3.052253007888794
3454.0,0.31595908271132056,293.0,298.0,0.0,0.04221554427411,3.052562952041626
3455.0,0.31564312362860925,293.0,298.0,0.0,0.04208201137124186,3.0528738498687744
3456.0,0.31532748050498066,293.0,298.0,0.0,0.041948767816593145,3.053187131881714
3457.0,0.31501215302447566,293.0,298.0,0.0,0.041815813405034916,3.053487777709961
3458.0,0.3146971408714512,293.0,298.0,0.0,0.04168314793047202,3.053791046142578
3459.0,0.3143824437305797,293.0,297.0,1.0,0.04155077118584459,3.0541019439697266
3460.0,0.31406806128684917,293.0,297.0,1.0,0.041418682963129914,3.0544040203094482
3461.0,0.3137539932255623,293.0,297.0,0.0,0.04128688305334408,3.054711103439331
3462.0,0.3134402392323367,293.0,297.0,3.0,0.041155371246543865,3.055011034011841
3463.0,0.31312679899310436,293.0,297.0,0.0,0.0410241473318284,3.0553090572357178
3464.0,0.31281367219411127,293.0,297.0,0.0,0.040893211097341,3.05560302734375
3465.0,0.31250085852191717,293.0,297.0,0.0,0.04076256233027091,3.05591082572937
3466.0,0.31218835766339526,293.0,297.0,0.0,0.0406322008168551,3.0562071800231934
3467.0,0.31187616930573187,293.0,297.0,0.0,0.0405021263423801,3.056509017944336
3468.0,0.31156429313642614,293.0,297.0,0.0,0.04037233869118384,3.056804895401001
3469.0,0.3112527288432897,293.0,297.0,1.0,0.04024283764665732,3.0571110248565674
3470.0,0.3109414761144464,293.0,297.0,0.0,0.04011362299124668,3.057401180267334
3471.0,0.31063053463833196,293.0,296.0,1.0,0.0399846945064548,3.0577027797698975
3472.0,0.31031990410369364,293.0,296.0,1.0,0.039856051972843295,3.0580098628997803
3473.0,0.31000958419958996,293.0,296.0,1.0,0.03972769517003434,3.0583181381225586
3474.0,0.3096995746153904,293.0,296.0,1.0,0.03959962387671251,3.058628797531128
3475.0,0.309389875040775,293.0,296.0,0.0,0.03947183787062667,3.058933973312378
3476.0,0.3090804851657342,293.0,296.0,1.0,0.039344336928591885,3.0592410564422607
3477.0,0.30877140468056846,293.0,296.0,0.0,0.03921712082649123,3.0595510005950928
3478.0,0.3084626332758879,293.0,296.0,0.0,0.03909018933927786,3.05985689163208
3479.0,0.308154170642612,293.0,296.0,1.0,0.038963542240976715,3.06015682220459
3480.0,0.3078460164719694,293.0,296.0,0.0,0.03883717930468653,3.0604729652404785
3481.0,0.3075381704554974,293.0,296.0,0.0,0.03871110030258185,3.0607779026031494
3482.0,0.30723063228504194,293.0,296.0,0.0,0.038585305005914804,3.0610849857330322
3483.0,0.3069234016527569,293.0,296.0,0.0,0.0384597931850172,3.061378002166748
3484.0,0.3066164782511041,293.0,296.0,1.0,0.038334564609302325,3.061678171157837
3485.0,0.306309861772853,293.0,296.0,0.0,0.0382096190472671,3.061988115310669
3486.0,0.30600355191108014,293.0,296.0,2.0,0.03808495626649386,3.0622878074645996
3487.0,0.30569754835916907,293.0,296.0,0.0,0.03796057603365248,3.062582015991211
3488.0,0.3053918508108099,293.0,296.0,1.0,0.03783647811450225,3.0629680156707764
3489.0,0.3050864589599991,293.0,296.0,2.0,0.03771266227389401,3.063253879547119
3490.0,0.3047813725010391,293.0,296.0,1.0,0.037589128275771995,3.063554048538208
3491.0,0.30447659112853803,293.0,296.0,0.0,0.03746587588317597,3.0639050006866455
3492.0,0.3041721145374095,293.0,296.0,2.0,0.03734290485824321,3.064202070236206
3493.0,0.3038679424228721,293.0,296.0,0.0,0.037220214962210556,3.0645968914031982
3494.0,0.3035640744804492,293.0,297.0,1.0,0.037097805955416424,3.0649027824401855
3495.0,0.30326051040596874,293.0,297.0,1.0,0.03697567759730286,3.065203905105591
3496.0,0.3029572498955628,293.0,297.0,0.0,0.036853829646417625,3.0655009746551514
3497.0,0.30265429264566723,293.0,297.0,1.0,0.03673226186041626,3.065804958343506
3498.0,0.3023516383530216,293.0,294.0,2.0,0.03661097399606409,3.0661067962646484
3499.0,0.3020492867146686,293.0,294.0,0.0,0.03648996580923844,3.0663869380950928
3500.0,0.3017472374279539,293.0,294.0,0.0,0.036369237054930594,3.066682815551758
3501.0,0.30144549019052597,293.0,294.0,0.0,0.03624878748724799,3.0669729709625244
3502.0,0.30114404470033546,293.0,294.0,1.0,0.03612861685941627,3.067265033721924
3503.0,0.3008429006556351,293.0,294.0,0.0,0.03600872492378145,3.067548990249634
3504.0,0.3005420577549795,293.0,294.0,1.0,0.035889111431812,3.067852020263672
3505.0,0.3002415156972245,293.0,294.0,0.0,0.035769776134101,3.068154811859131
3506.0,0.2999412741815273,293.0,294.0,1.0,0.03565071878036824,3.0684568881988525
3507.0,0.29964133290734574,293.0,294.0,0.0,0.0355319391194625,3.068765878677368
3508.0,0.2993416915744384,293.0,294.0,1.0,0.03541343689936356,3.0690958499908447
3509.0,0.299042349882864,293.0,294.0,0.0,0.03529521186718444,3.0694258213043213
3510.0,0.2987433075329811,293.0,294.0,0.0,0.03517726376917353,3.0697238445281982
3511.0,0.29844456422544813,293.0,294.0,0.0,0.035059592350716866,3.070073127746582
3512.0,0.2981461196612227,293.0,294.0,0.0,0.03494219735634022,3.0703790187835693
3513.0,0.29784797354156145,293.0,294.0,0.0,0.03482507852971138,3.0706827640533447
3514.0,0.2975501255680199,293.0,294.0,0.0,0.0347082356136423,3.0709800720214844
3515.0,0.29725257544245187,293.0,294.0,1.0,0.03459166835009135,3.0713000297546387
3516.0,0.29695532286700943,293.0,294.0,1.0,0.03447537648016553,3.0715999603271484
3517.0,0.29665836754414243,293.0,294.0,0.0,0.03435935974412268,3.0719029903411865
3518.0,0.29636170917659826,293.0,294.0,2.0,0.034243617881373804,3.072185754776001
3519.0,0.2960653474674217,293.0,294.0,1.0,0.034128150630485216,3.0724809169769287
3520.0,0.2957692821199543,293.0,294.0,1.0,0.034012957729180865,3.072756052017212
3521.0,0.29547351283783435,293.0,294.0,0.0,0.03389803891434454,3.0730817317962646
3522.0,0.29517803932499653,293.0,294.0,1.0,0.03378339392202223,3.0733768939971924
3523.0,0.29488286128567154,293.0,294.0,0.0,0.03366902248742431,3.0736639499664307
3524.0,0.2945879784243859,293.0,294.0,0.0,0.03355492434492793,3.0739519596099854
3525.0,0.2942933904459615,293.0,294.0,0.0,0.033441099228079196,3.0742268562316895
3526.0,0.2939990970555155,293.0,294.0,1.0,0.03332754686959559,3.0745301246643066
3527.0,0.29370509795846,293.0,294.0,1.0,0.033214267001368224,3.0748097896575928
3528.0,0.29341139286050155,293.0,294.0,0.0,0.03310125935446413,3.075075149536133
3529.0,0.29311798146764106,293.0,294.0,0.0,0.03298852365912865,3.075366973876953
3530.0,0.2928248634861734,293.0,295.0,2.0,0.032876059644787764,3.075658082962036
3531.0,0.29253203862268723,293.0,295.0,0.0,0.03276386704005035,3.0759527683258057
3532.0,0.29223950658406456,293.0,295.0,1.0,0.032651945572710686,3.0762438774108887
3533.0,0.2919472670774805,293.0,295.0,0.0,0.032540294969750694,3.076539993286133
3534.0,0.291655319810403,293.0,294.0,1.0,0.0324289149573423,3.0768258571624756
3535.0,0.2913636644905926,293.0,294.0,0.0,0.0323178052608499,3.0771219730377197
3536.0,0.29107230082610197,293.0,294.0,0.0,0.032206965604832674,3.077422857284546
3537.0,0.2907812285252759,293.0,294.0,0.0,0.03209639571304698,3.077723979949951
3538.0,0.2904904472967506,293.0,294.0,0.0,0.031986095308448766,3.078050136566162
3539.0,0.2901999568494539,293.0,294.0,0.0,0.03187606411319598,3.078385829925537
3540.0,0.2899097568926044,293.0,294.0,1.0,0.03176630184865094,3.0786890983581543
3541.0,0.2896198471357118,293.0,294.0,1.0,0.03165680823538286,3.0789918899536133
3542.0,0.2893302272885761,293.0,294.0,2.0,0.03154758299317011,3.0793001651763916
3543.0,0.28904089706128755,293.0,294.0,1.0,0.03143862584100285,3.079596996307373
3544.0,0.2887518561642263,293.0,294.0,1.0,0.03132993649708526,3.079897880554199
3545.0,0.28846310430806205,293.0,294.0,0.0,0.031221514678838172,3.0802130699157715
3546.0,0.28817464120375397,293.0,294.0,1.0,0.031113360102901416,3.08050799369812
3547.0,0.28788646656255024,293.0,294.0,0.0,0.03100547248513637,3.080796957015991
3548.0,0.2875985800959877,293.0,294.0,2.0,0.030897851540628338,3.081109046936035
3549.0,0.28731098151589174,293.0,294.0,1.0,0.030790496983689054,3.081407070159912
3550.0,0.28702367053437583,293.0,295.0,1.0,0.030683408527859224,3.0817017555236816
3551.0,0.2867366468638414,293.0,295.0,0.0,0.030576585885910966,3.08198881149292
3552.0,0.2864499102169776,293.0,295.0,2.0,0.030470028769850353,3.0822768211364746
3553.0,0.2861634603067606,293.0,295.0,0.0,0.030363736890919864,3.082571029663086
3554.0,0.28587729684645385,293.0,295.0,0.0,0.030257709959600948,3.082866907119751
3555.0,0.2855914195496074,293.0,295.0,1.0,0.030151947685616486,3.083169937133789
3556.0,0.2853058281300578,293.0,295.0,0.0,0.030046449777933422,3.083467960357666
3557.0,0.2850205223019277,293.0,294.0,1.0,0.02994121594476518,3.0837619304656982
3558.0,0.28473550177962575,293.0,294.0,0.0,0.029836245893574295,3.08406400680542
3559.0,0.28445076627784616,293.0,294.0,0.0,0.029731539331074947,3.0843660831451416
3560.0,0.2841663155115683,293.0,294.0,0.0,0.029627095963235435,3.084669828414917
3561.0,0.2838821491960567,293.0,294.0,0.0,0.02952291549528089,3.0849740505218506
3562.0,0.28359826704686064,293.0,294.0,0.0,0.029418997631695705,3.085263967514038
3563.0,0.28331466877981376,293.0,294.0,0.0,0.02931534207622619,3.085577964782715
3564.0,0.283031354111034,293.0,294.0,0.0,0.02921194853188316,3.085871934890747
3565.0,0.28274832275692297,293.0,294.0,0.0,0.02910881670094447,3.0861589908599854
3566.0,0.28246557443416603,293.0,295.0,2.0,0.029005946284957618,3.0864639282226562
3567.0,0.28218310885973186,293.0,295.0,0.0,0.028903336984742463,3.086751937866211
3568.0,0.2819009257508721,293.0,295.0,0.0,0.028800988500393677,3.0870509147644043
3569.0,0.28161902482512124,293.0,295.0,0.0,0.028698900531283458,3.087345838546753
3570.0,0.28133740580029615,293.0,295.0,0.0,0.028597072776064162,3.08764386177063
3571.0,0.2810560683944959,293.0,295.0,0.0,0.028495504932670862,3.087946891784668
3572.0,0.28077501232610136,293.0,295.0,0.0,0.028394196698324024,3.0882408618927
3573.0,0.28049423731377526,293.0,295.0,0.0,0.028293147769532182,3.088542938232422
3574.0,0.28021374307646146,293.0,295.0,0.0,0.02819235784209456,3.088848829269409
3575.0,0.279933529333385,293.0,295.0,0.0,0.028091826611103727,3.0891458988189697
3576.0,0.27965359580405164,293.0,295.0,0.0,0.02799155377094828,3.089437961578369
3577.0,0.27937394220824757,293.0,295.0,0.0,0.027891539015315454,3.089737892150879
3578.0,0.27909456826603934,293.0,295.0,2.0,0.027791782037193884,3.0900399684906006
3579.0,0.2788154736977733,293.0,295.0,0.0,0.027692282528876223,3.0903501510620117
3580.0,0.27853665822407553,293.0,296.0,2.0,0.027593040181961865,3.0906498432159424
3581.0,0.27825812156585145,293.0,296.0,0.0,0.027494054687359642,3.090951919555664
3582.0,0.2779798634442856,293.0,295.0,2.0,0.027395325735290497,3.0912587642669678
3583.0,0.2777018835808413,293.0,295.0,0.0,0.02729685301529021,3.0915579795837402
3584.0,0.27742418169726046,293.0,295.0,1.0,0.02719863621621213,3.091850996017456
3585.0,0.2771467575155632,293.0,295.0,0.0,0.027100675026229846,3.0921719074249268
3586.0,0.27686961075804767,293.0,295.0,1.0,0.027002969132839953,3.0924699306488037
3587.0,0.2765927411472896,293.0,296.0,2.0,0.026905518222864782,3.092802047729492
3588.0,0.2763161484061423,293.0,295.0,1.0,0.02680832198245513,3.0931131839752197
3589.0,0.2760398322577362,293.0,295.0,0.0,0.026711380097093007,3.0934109687805176
3590.0,0.2757637924254785,293.0,295.0,0.0,0.026614692251594373,3.0937421321868896
3591.0,0.275488028633053,293.0,295.0,0.0,0.026518258130111893,3.0940680503845215
3592.0,0.27521254060441996,293.0,295.0,0.0,0.02642207741613777,3.0943658351898193
3593.0,0.27493732806381554,293.0,295.0,0.0,0.026326149792506377,3.0946900844573975
3594.0,0.2746623907357517,293.0,295.0,0.0,0.026230474941397165,3.0950658321380615
3595.0,0.27438772834501596,293.0,295.0,0.0,0.02613505254433737,3.09537410736084
3596.0,0.2741133406166709,293.0,295.0,0.0,0.026039882282204812,3.0956790447235107
3597.0,0.27383922727605425,293.0,294.0,2.0,0.025944963835230695,3.0959768295288086
3598.0,0.2735653880487782,293.0,294.0,1.0,0.02585029688300241,3.096280097961426
3599.0,0.27329182266072943,293.0,294.0,0.0,0.02575588110446628,3.0965781211853027
3600.0,0.2730185308380687,293.0,294.0,0.0,0.025661716177930463,3.0968739986419678
3601.0,0.27274551230723065,293.0,294.0,0.0,0.0255678017810677,3.097169876098633
3602.0,0.27247276679492344,293.0,294.0,0.0,0.025474137590918162,3.0974600315093994
3603.0,0.2722002940281285,293.0,294.0,1.0,0.025380723283892227,3.097759962081909
3604.0,0.2719280937341004,293.0,294.0,0.0,0.0252875585357734,3.098052740097046
3605.0,0.27165616564036627,293.0,294.0,0.0,0.02519464302172106,3.098339080810547
3606.0,0.2713845094747259,293.0,294.0,0.0,0.025101976416273375,3.098644971847534
3607.0,0.2711131249652512,293.0,294.0,0.0,0.025009558393350066,3.0989480018615723
3608.0,0.27084201184028595,293.0,294.0,0.0,0.024917388626255327,3.099249839782715
3609.0,0.27057116982844565,293.0,294.0,1.0,0.024825466787680665,3.099539041519165
3610.0,0.2703005986586172,293.0,295.0,1.0,0.02473379254970776,3.099822759628296
3611.0,0.2700302980599586,293.0,295.0,1.0,0.024642365583811325,3.1001100540161133
3612.0,0.26976026776189865,293.0,295.0,1.0,0.02455118556086198,3.10040283203125
3613.0,0.2694905074941368,293.0,295.0,0.0,0.02446025215112915,3.1006908416748047
3614.0,0.26922101698664264,293.0,295.0,1.0,0.024369565024283918,3.1009769439697266
3615.0,0.268951795969656,293.0,295.0,1.0,0.024279123849401944,3.101273775100708
3616.0,0.2686828441736864,293.0,295.0,0.0,0.024188928294966314,3.1015727519989014
3617.0,0.2684141613295127,293.0,295.0,0.0,0.02409897802887051,3.1018638610839844
3618.0,0.2681457471681832,293.0,295.0,1.0,0.02400927271842125,3.1021528244018555
3619.0,0.267877601421015,293.0,295.0,0.0,0.02391981203034143,3.1024389266967773
3620.0,0.267609723819594,293.0,295.0,0.0,0.023830595630773,3.102766752243042
3621.0,0.2673421140957744,293.0,295.0,0.0,0.023741623185279913,3.103074073791504
3622.0,0.2670747719816786,293.0,295.0,0.0,0.023652894358851064,3.103375196456909
3623.0,0.26680769720969694,293.0,295.0,0.0,0.023564408815903215,3.103684186935425
3624.0,0.2665408895124872,293.0,295.0,0.0,0.023476166220283833,3.1039931774139404
3625.0,0.2662743486229747,293.0,295.0,0.0,0.023388166235274198,3.1042959690093994
3626.0,0.26600807427435175,293.0,295.0,1.0,0.02330040852359218,3.104604959487915
3627.0,0.2657420662000774,293.0,295.0,0.0,0.02321289274739529,3.1049227714538574
3628.0,0.26547632413387734,293.0,295.0,0.0,0.023125618568283587,3.1052539348602295
3629.0,0.26521084780974347,293.0,294.0,1.0,0.023038585647302646,3.1055591106414795
3630.0,0.26494563696193374,293.0,294.0,0.0,0.022951793644946518,3.105858087539673
3631.0,0.2646806913249718,293.0,294.0,0.0,0.022865242221160667,3.106147050857544
3632.0,0.26441601063364684,293.0,294.0,0.0,0.022778931035345035,3.106441020965576
3633.0,0.2641515946230132,293.0,294.0,0.0,0.02269285974635687,3.106713056564331
3634.0,0.2638874430283902,293.0,294.0,1.0,0.02260702801251382,3.107008934020996
3635.0,0.26362355558536177,293.0,294.0,0.0,0.022521435491596863,3.107313871383667
3636.0,0.2633599320297764,293.0,294.0,0.0,0.022436081840853335,3.107607126235962
3637.0,0.2630965720977467,293.0,294.0,1.0,0.02235096671699986,3.107900857925415
3638.0,0.26283347552564895,293.0,294.0,1.0,0.02226608977622537,3.108191967010498
3639.0,0.2625706420501233,293.0,294.0,0.0,0.02218145067419413,3.1084978580474854
3640.0,0.2623080714080732,293.0,294.0,1.0,0.02209704906604873,3.1087911128997803
3641.0,0.2620457633366651,293.0,294.0,1.0,0.022012884606413062,3.109095811843872
3642.0,0.26178371757332847,293.0,294.0,0.0,0.021928956949395374,3.1093900203704834
3643.0,0.2615219338557551,293.0,294.0,0.0,0.02184526574859126,3.109683036804199
3644.0,0.26126041192189936,293.0,294.0,1.0,0.0217618106570867,3.1099770069122314
3645.0,0.26099915150997743,293.0,294.0,0.0,0.021678591327461028,3.1102731227874756
3646.0,0.2607381523584675,293.0,294.0,0.0,0.02159560741179006,3.1105778217315674
3647.0,0.26047741420610904,293.0,294.0,0.0,0.021512858561649018,3.110874891281128
3648.0,0.26021693679190294,293.0,294.0,1.0,0.021430344428115623,3.1111700534820557
3649.0,0.25995671985511104,293.0,294.0,0.0,0.021348064661773126,3.111457109451294
3650.0,0.2596967631352559,293.0,294.0,1.0,0.02126601891271335,3.1117520332336426
3651.0,0.25943706637212066,293.0,294.0,0.0,0.02118420683053975,3.1120550632476807
3652.0,0.25917762930574856,293.0,294.0,1.0,0.02110262806437042,3.1123549938201904
3653.0,0.2589184516764428,293.0,294.0,0.0,0.021021282262841164,3.112658977508545
3654.0,0.25865953322476637,293.0,294.0,0.0,0.020940169074108624,3.112981081008911
3655.0,0.2584008736915416,293.0,294.0,0.0,0.020859288145853187,3.1132869720458984
3656.0,0.25814247281785,293.0,294.0,1.0,0.02077863912528222,3.1135799884796143
3657.0,0.25788433034503216,293.0,294.0,1.0,0.020698221659133022,3.1138689517974854
3658.0,0.25762644601468715,293.0,294.0,0.0,0.02061803539367594,3.114169120788574
3659.0,0.25736881956867247,293.0,294.0,1.0,0.02053807997471741,3.1145148277282715
3660.0,0.2571114507491038,293.0,294.0,1.0,0.020458355047603096,3.114809036254883
3661.0,0.2568543392983547,293.0,294.0,0.0,0.020378860257220906,3.115104913711548
3662.0,0.2565974849590564,293.0,294.0,2.0,0.02029959524800411,3.1154208183288574
3663.0,0.25634088747409733,293.0,294.0,0.0,0.020220559663934417,3.1157069206237793
3664.0,0.2560845465866232,293.0,294.0,0.0,0.02014175314854506,3.1159911155700684
3665.0,0.2558284620400366,293.0,294.0,0.0,0.020063175344923936,3.1162829399108887
3666.0,0.2555726335779966,293.0,294.0,1.0,0.019984825895716617,3.116569757461548
3667.0,0.2553170609444186,293.0,294.0,1.0,0.01990670444312952,3.1168770790100098
3668.0,0.2550617438834742,293.0,294.0,0.0,0.019828810628932984,3.1171751022338867
3669.0,0.25480668213959073,293.0,294.0,0.0,0.019751144094464372,3.11747407913208
3670.0,0.25455187545745117,293.0,294.0,0.0,0.019673704480631188,3.1177608966827393
3671.0,0.2542973235819937,293.0,294.0,0.0,0.019596491427914177,3.1180479526519775
3672.0,0.2540430262584117,293.0,294.0,0.0,0.019519504576370448,3.118351936340332
3673.0,0.25378898323215326,293.0,294.0,1.0,0.019442743565636612,3.118638038635254
3674.0,0.2535351942489211,293.0,294.0,0.0,0.019366208034931862,3.1189098358154297
3675.0,0.2532816590546722,293.0,294.0,0.0,0.0192898976230611,3.119184970855713
3676.0,0.2530283773956175,293.0,294.0,1.0,0.019213811968418076,3.1194770336151123
3677.0,0.2527753490182219,293.0,294.0,1.0,0.019137950708988546,3.119783878326416
3678.0,0.25252257366920366,293.0,294.0,1.0,0.019062313482353314,3.1200850009918213
3679.0,0.25227005109553446,293.0,294.0,1.0,0.01898689992569147,3.1203818321228027
3680.0,0.25201778104443895,293.0,294.0,1.0,0.018911709675783452,3.1206629276275635
3681.0,0.2517657632633945,293.0,294.0,0.0,0.018836742369014184,3.120959997177124
3682.0,0.2515139975001311,293.0,294.0,0.0,0.018761997641376274,3.1212427616119385
3683.0,0.251262483502631,293.0,294.0,0.0,0.0186874751284731,3.121540069580078
3684.0,0.2510112210191283,293.0,294.0,0.0,0.01861317446552197,3.1218481063842773
3685.0,0.2507602097981092,293.0,294.0,4.0,0.018539095287357293,3.122148036956787
3686.0,0.2505094495883111,293.0,294.0,0.0,0.018465237228433688,3.122446060180664
3687.0,0.2502589401387228,293.0,294.0,3.0,0.01839159992282913,3.1227598190307617
3688.0,0.25000868119858405,293.0,294.0,0.0,0.018318183004248166,3.1230719089508057
3689.0,0.24975867251738545,293.0,294.0,0.0,0.018244986106025016,3.12337589263916
3690.0,0.24950891384486806,293.0,294.0,0.0,0.018172008861126764,3.1236701011657715
3691.0,0.2492594049310232,293.0,294.0,0.0,0.018099250902156454,3.123986005783081
3692.0,0.24901014552609216,293.0,294.0,0.0,0.018026711861356303,3.1242849826812744
3693.0,0.24876113538056607,293.0,294.0,0.0,0.01795439137061091,3.124587059020996
3694.0,0.24851237424518552,293.0,294.0,0.0,0.017882289061450316,3.124891996383667
3695.0,0.24826386187094032,293.0,294.0,0.0,0.0178104045650532,3.12519907951355
3696.0,0.2480155980090694,293.0,294.0,0.0,0.017738737512250122,3.1255059242248535
3697.0,0.2477675824110603,293.0,294.0,0.0,0.017667287533526622,3.1258108615875244
3698.0,0.24751981482864924,293.0,294.0,0.0,0.017596054259026394,3.126140832901001
3699.0,0.2472722950138206,293.0,294.0,0.0,0.017525037318554468,3.1264467239379883
3700.0,0.24702502271880677,293.0,294.0,1.0,0.017454236341580436,3.126753091812134
3701.0,0.24677799769608796,293.0,294.0,0.0,0.017383650957241543,3.1270439624786377
3702.0,0.24653121969839187,293.0,294.0,1.0,0.017313280794345912,3.127346992492676
3703.0,0.24628468847869348,293.0,294.0,0.0,0.01724312548137571,3.127660036087036
3704.0,0.24603840379021477,293.0,294.0,0.0,0.01717318464649038,3.127959966659546
3705.0,0.24579236538642454,293.0,294.0,0.0,0.017103457917529714,3.128272771835327
3706.0,0.2455465730210381,293.0,294.0,1.0,0.01703394492201717,3.128589153289795
3707.0,0.24530102644801707,293.0,294.0,0.0,0.016964645287162922,3.1288938522338867
3708.0,0.24505572542156906,293.0,294.0,0.0,0.016895558639867168,3.129204034805298
3709.0,0.24481066969614748,293.0,294.0,0.0,0.016826684606723222,3.129504919052124
3710.0,0.24456585902645134,293.0,294.0,1.0,0.016758022814020786,3.129809856414795
3711.0,0.24432129316742487,293.0,294.0,2.0,0.016689572887749034,3.1301069259643555
3712.0,0.24407697187425745,293.0,294.0,1.0,0.016621334453599926,3.1304008960723877
3713.0,0.2438328949023832,293.0,294.0,0.0,0.01655330713697131,3.130702018737793
3714.0,0.24358906200748082,293.0,294.0,1.0,0.01648549056297015,3.1310110092163086
3715.0,0.24334547294547335,293.0,294.0,0.0,0.016417884356415693,3.1313180923461914
3716.0,0.24310212747252788,293.0,294.0,0.0,0.0163504881418427,3.13161301612854
3717.0,0.24285902534505535,293.0,294.0,2.0,0.01628330154350464,3.1319119930267334
3718.0,0.2426161663197103,293.0,294.0,1.0,0.016216324185376826,3.1322240829467773
3719.0,0.2423735501533906,293.0,294.0,1.0,0.016149555691159685,3.132516860961914
3720.0,0.2421311766032372,293.0,294.0,0.0,0.016082995684281915,3.1328320503234863
3721.0,0.24188904542663398,293.0,294.0,1.0,0.016016643787903722,3.1331398487091064
3722.0,0.24164715638120735,293.0,294.0,0.0,0.01595049962491995,3.133448839187622
3723.0,0.24140550922482615,293.0,294.0,0.0,0.015884562817963334,3.1337411403656006
3724.0,0.24116410371560132,293.0,294.0,0.0,0.015818832989407693,3.134044885635376
3725.0,0.2409229396118857,293.0,294.0,0.0,0.015753309761371116,3.1343491077423096
3726.0,0.24068201667227382,293.0,294.0,0.0,0.015687992755719173,3.1346559524536133
3727.0,0.24044133465560155,293.0,294.0,0.0,0.015622881594068128,3.1349480152130127
3728.0,0.24020089332094596,293.0,294.0,0.0,0.015557975897788092,3.135251998901367
3729.0,0.23996069242762502,293.0,294.0,0.0,0.015493275288006276,3.1355698108673096
3730.0,0.2397207317351974,293.0,294.0,0.0,0.01542877938561017,3.1358840465545654
3731.0,0.2394810110034622,293.0,294.0,3.0,0.015364487811250768,3.1361939907073975
3732.0,0.23924152999245873,293.0,294.0,0.0,0.015300400185345711,3.1364998817443848
3733.0,0.23900228846246627,293.0,294.0,1.0,0.01523651612808257,3.1368179321289062
3734.0,0.2387632861740038,293.0,294.0,0.0,0.015172835259421986,3.1371347904205322
3735.0,0.2385245228878298,293.0,294.0,1.0,0.0151093571991009,3.1374289989471436
3736.0,0.23828599836494196,293.0,294.0,0.0,0.015046081566635745,3.137718915939331
3737.0,0.238047712366577,293.0,294.0,0.0,0.014983007981325654,3.1380138397216797
3738.0,0.23780966465421044,293.0,294.0,1.0,0.014920136062255661,3.1383070945739746
3739.0,0.23757185498955624,293.0,294.0,1.0,0.01485746542829991,3.1386170387268066
3740.0,0.2373342831345667,293.0,294.0,0.0,0.014794995698124844,3.1389057636260986
3741.0,0.23709694885143212,293.0,294.0,2.0,0.014732726490192397,3.1392099857330322
3742.0,0.2368598519025807,293.0,294.0,0.0,0.014670657422763227,3.1395509243011475
3743.0,0.2366229920506781,293.0,294.0,0.0,0.014608788113899889,3.1398420333862305
3744.0,0.23638636905862742,293.0,294.0,0.0,0.014547118181470068,3.140124797821045
3745.0,0.2361499826895688,293.0,294.0,0.0,0.01448564724314972,3.140411853790283
3746.0,0.23591383270687924,293.0,294.0,0.0,0.01442437491642632,3.1407039165496826
3747.0,0.23567791887417236,293.0,294.0,0.0,0.014363300818602072,3.140997886657715
3748.0,0.2354422409552982,293.0,294.0,0.0,0.014302424566797067,3.141288995742798
3749.0,0.2352067987143429,293.0,293.0,1.0,0.014241745777952484,3.1415929794311523
3750.0,0.23497159191562858,293.0,293.0,0.0,0.01418126406883382,3.141903877258301
3751.0,0.23473662032371295,293.0,293.0,0.0,0.014120979056034048,3.1421868801116943
3752.0,0.23450188370338923,293.0,293.0,0.0,0.014060890355976846,3.1424639225006104
3753.0,0.23426738181968584,293.0,293.0,0.0,0.01400099758491978,3.142758846282959
3754.0,0.23403311443786615,293.0,293.0,1.0,0.013941300358957487,3.1430609226226807
3755.0,0.23379908132342828,293.0,293.0,0.0,0.013881798294024866,3.143362045288086
3756.0,0.23356528224210485,293.0,293.0,0.0,0.013822491005900288,3.1436610221862793
3757.0,0.23333171695986274,293.0,293.0,0.0,0.013763378110208793,3.1439599990844727
3758.0,0.23309838524290288,293.0,293.0,1.0,0.013704459222425245,3.1442549228668213
3759.0,0.23286528685765998,293.0,293.0,0.0,0.013645733957877536,3.1445438861846924
3760.0,0.23263242157080233,293.0,293.0,0.0,0.013587201931749796,3.144843101501465
3761.0,0.23239978914923154,293.0,293.0,0.0,0.01352886275908556,3.14513897895813
3762.0,0.2321673893600823,293.0,293.0,0.0,0.013470716054790933,3.145439863204956
3763.0,0.23193522197072222,293.0,293.0,0.0,0.013412761433637834,3.1457369327545166
3764.0,0.23170328674875149,293.0,293.0,1.0,0.01335499851026711,3.146034002304077
3765.0,0.23147158346200272,293.0,293.0,0.0,0.013297426899191757,3.1463418006896973
3766.0,0.2312401118785407,293.0,293.0,0.0,0.013240046214800096,3.146636962890625
3767.0,0.23100887176666218,293.0,293.0,0.0,0.01318285607135896,3.146934986114502
3768.0,0.23077786289489552,293.0,293.0,0.0,0.01312585608301681,3.147230863571167
3769.0,0.23054708503200064,293.0,293.0,0.0,0.013069045863807006,3.1475231647491455
3770.0,0.23031653794696863,293.0,293.0,0.0,0.013012425027650907,3.1478209495544434
3771.0,0.23008622140902166,293.0,293.0,1.0,0.012955993188361084,3.1481218338012695
3772.0,0.22985613518761264,293.0,293.0,0.0,0.01289974995964447,3.1484169960021973
3773.0,0.22962627905242503,293.0,293.0,0.0,0.012843694955105543,3.148754835128784
3774.0,0.2293966527733726,293.0,294.0,1.0,0.012787827788249453,3.1490559577941895
3775.0,0.2291672561205992,293.0,294.0,0.0,0.012732148072485244,3.1493868827819824
3776.0,0.2289380888644786,293.0,293.0,1.0,0.012676655421129009,3.149695873260498
3777.0,0.22870915077561413,293.0,293.0,0.0,0.012621349447406992,3.149998903274536
3778.0,0.22848044162483852,293.0,293.0,0.0,0.01256622976445883,3.1502840518951416
3779.0,0.22825196118321367,293.0,293.0,0.0,0.012511295985340619,3.150580883026123
3780.0,0.22802370922203047,293.0,293.0,0.0,0.012456547723028188,3.150881052017212
3781.0,0.22779568551280843,293.0,293.0,0.0,0.012401984590420136,3.1511619091033936
3782.0,0.22756788982729562,293.0,293.0,0.0,0.012347606200341045,3.1514670848846436
3783.0,0.2273403219374683,293.0,293.0,2.0,0.0122934121655446,3.151762008666992
3784.0,0.22711298161553084,293.0,293.0,1.0,0.012239402098716807,3.152064085006714
3785.0,0.2268858686339153,293.0,293.0,0.0,0.012185575612479,3.1523630619049072
3786.0,0.22665898276528137,293.0,293.0,1.0,0.012131932319391145,3.15264892578125
3787.0,0.2264323237825161,293.0,293.0,0.0,0.012078471831954844,3.152940034866333
3788.0,0.22620589145873357,293.0,293.0,0.0,0.012025193762616553,3.1532578468322754
3789.0,0.22597968556727482,293.0,293.0,0.0,0.01197209772377069,3.1535539627075195
3790.0,0.22575370588170754,293.0,293.0,0.0,0.01191918332776278,3.1538498401641846
3791.0,0.22552795217582583,293.0,293.0,0.0,0.011866450186892547,3.1541528701782227
3792.0,0.22530242422365002,293.0,293.0,0.0,0.011813897913417106,3.154442071914673
3793.0,0.22507712179942638,293.0,293.0,0.0,0.01176152611955401,3.1547329425811768
3794.0,0.22485204467762696,293.0,293.0,1.0,0.01170933441748446,3.155033826828003
3795.0,0.22462719263294934,293.0,293.0,1.0,0.011657322419356327,3.1553268432617188
3796.0,0.2244025654403164,293.0,293.0,0.0,0.011605489737287361,3.1556107997894287
3797.0,0.22417816287487607,293.0,294.0,1.0,0.011553835983368234,3.155907154083252
3798.0,0.2239539847120012,293.0,294.0,0.0,0.011502360769665704,3.1562581062316895
3799.0,0.2237300307272892,293.0,294.0,1.0,0.011451063708225679,3.156633138656616
3800.0,0.2235063006965619,293.0,294.0,0.0,0.011399944411076363,3.1569290161132812
3801.0,0.22328279439586535,293.0,294.0,0.0,0.0113490024902313,3.1572258472442627
3802.0,0.22305951160146947,293.0,293.0,1.0,0.011298237557692539,3.1575229167938232
3803.0,0.222836452089868,293.0,293.0,0.0,0.011247649225453703,3.1578259468078613
3804.0,0.22261361563777812,293.0,293.0,1.0,0.011197237105503058,3.158127784729004
3805.0,0.22239100202214035,293.0,293.0,0.0,0.011147000809826649,3.1584320068359375
3806.0,0.2221686110201182,293.0,293.0,0.0,0.011096939950411338,3.158735752105713
3807.0,0.22194644240909808,293.0,293.0,0.0,0.011047054139247921,3.159029960632324
3808.0,0.22172449596668897,293.0,293.0,0.0,0.010997342988334198,3.1593310832977295
3809.0,0.22150277147072228,293.0,294.0,1.0,0.010947806109678045,3.1596779823303223
3810.0,0.22128126869925155,293.0,294.0,0.0,0.010898443115300492,3.1600000858306885
3811.0,0.2210599874305523,293.0,294.0,0.0,0.010849253617238807,3.1603169441223145
3812.0,0.22083892744312175,293.0,293.0,1.0,0.010800237227549504,3.160620927810669
3813.0,0.22061808851567863,293.0,293.0,0.0,0.010751393558311497,3.160932779312134
3814.0,0.22039747042716296,293.0,293.0,0.0,0.010702722221629095,3.1612370014190674
3815.0,0.2201770729567358,293.0,293.0,0.0,0.010654222829635044,3.161557912826538
3816.0,0.21995689588377906,293.0,293.0,0.0,0.010605894994493641,3.161931037902832
3817.0,0.21973693898789529,293.0,293.0,1.0,0.010557738328403746,3.1622278690338135
3818.0,0.2195172020489074,293.0,293.0,0.0,0.010509752443601824,3.1625328063964844
3819.0,0.2192976848468585,293.0,293.0,1.0,0.01046193695236497,3.1628329753875732
3820.0,0.21907838716201164,293.0,293.0,1.0,0.010414291467014003,3.163137912750244
3821.0,0.21885930877484963,293.0,293.0,0.0,0.010366815599916437,3.163435935974121
3822.0,0.21864044946607478,293.0,293.0,0.0,0.010319508963489547,3.1637370586395264
3823.0,0.2184218090166087,293.0,293.0,0.0,0.010272371170203371,3.1640329360961914
3824.0,0.2182033872075921,293.0,293.0,0.0,0.010225401832583768,3.16432785987854
3825.0,0.2179851838203845,293.0,293.0,0.0,0.010178600563215375,3.164616823196411
3826.0,0.21776719863656413,293.0,293.0,0.0,0.01013196697474468,3.1649107933044434
3827.0,0.21754943143792757,293.0,293.0,0.0,0.010085500679882996,3.1652050018310547
3828.0,0.21733188200648965,293.0,293.0,1.0,0.010039201291409464,3.1654908657073975
3829.0,0.21711455012448316,293.0,293.0,0.0,0.009993068422174097,3.16577410697937
3830.0,0.21689743557435867,293.0,293.0,0.0,0.009947101685100697,3.1660637855529785
3831.0,0.21668053813878432,293.0,293.0,0.0,0.009901300693189941,3.1663570404052734
3832.0,0.21646385760064554,293.0,293.0,0.0,0.009855665059522295,3.166649103164673
3833.0,0.21624739374304489,293.0,293.0,0.0,0.009810194397261,3.1669209003448486
3834.0,0.21603114634930184,293.0,293.0,0.0,0.009764888319655128,3.167205810546875
3835.0,0.21581511520295255,293.0,293.0,1.0,0.009719746440042452,3.1674938201904297
3836.0,0.21559930008774958,293.0,293.0,0.0,0.009674768371852495,3.1677801609039307
3837.0,0.21538370078766184,293.0,293.0,1.0,0.009629953728609456,3.168079137802124
3838.0,0.21516831708687417,293.0,293.0,0.0,0.009585302123935177,3.168365001678467
3839.0,0.2149531487697873,293.0,293.0,0.0,0.009540813171552098,3.1686630249023438
3840.0,0.2147381956210175,293.0,293.0,1.0,0.009496486485286228,3.1689648628234863
3841.0,0.2145234574253965,293.0,293.0,0.0,0.009452321679070053,3.16924786567688
3842.0,0.2143089339679711,293.0,293.0,2.0,0.009408318366945521,3.1695938110351562
3843.0,0.21409462503400312,293.0,293.0,1.0,0.009364476163066937,3.169901132583618
3844.0,0.21388053040896912,293.0,293.0,0.0,0.009320794681703944,3.1702158451080322
3845.0,0.21366664987856016,293.0,293.0,0.0,0.009277273537244385,3.170516014099121
3846.0,0.2134529832286816,293.0,293.0,0.0,0.009233912344197296,3.1708128452301025
3847.0,0.21323953024545292,293.0,293.0,0.0,0.009190710717195781,3.1711130142211914
3848.0,0.21302629071520746,293.0,293.0,1.0,0.009147668270999906,3.171416997909546
3849.0,0.21281326442449225,293.0,293.0,0.0,0.009104784620499684,3.171731948852539
3850.0,0.21260045116006776,293.0,293.0,1.0,0.00906205938071787,3.172010898590088
3851.0,0.2123878507089077,293.0,293.0,0.0,0.009019492166812951,3.172325849533081
3852.0,0.2121754628581988,293.0,293.0,0.0,0.008977082594081988,3.1726789474487305
3853.0,0.2119632873953406,293.0,293.0,0.0,0.00893483027796352,3.17297101020813
3854.0,0.21175132410794525,293.0,293.0,2.0,0.008892734834040437,3.173272132873535
3855.0,0.2115395727838373,293.0,293.0,0.0,0.008850795878042864,3.173569917678833
3856.0,0.21132803321105348,293.0,293.0,0.0,0.008809013025851015,3.1738669872283936
3857.0,0.21111670517784242,293.0,293.0,0.0,0.008767385893498077,3.1741580963134766
3858.0,0.21090558847266458,293.0,293.0,1.0,0.008725914097173082,3.174470901489258
3859.0,0.2106946828841919,293.0,293.0,0.0,0.008684597253223698,3.1747589111328125
3860.0,0.2104839882013077,293.0,293.0,0.0,0.00864343497815917,3.1750378608703613
3861.0,0.2102735042131064,293.0,293.0,0.0,0.008602426888653097,3.1753368377685547
3862.0,0.2100632307088933,293.0,293.0,0.0,0.008561572601546276,3.1756317615509033
3863.0,0.2098531674781844,293.0,293.0,0.0,0.008520871733849567,3.1759250164031982
3864.0,0.2096433143107062,293.0,293.0,0.0,0.008480323902746684,3.1762218475341797
3865.0,0.2094336709963955,293.0,293.0,1.0,0.008439928725597038,3.1765151023864746
3866.0,0.2092242373253991,293.0,293.0,1.0,0.008399685819938552,3.1768078804016113
3867.0,0.20901501308807371,293.0,293.0,1.0,0.00835959480349045,3.1771199703216553
3868.0,0.20880599807498565,293.0,293.0,0.0,0.008319655294156075,3.1774210929870605
3869.0,0.20859719207691066,293.0,293.0,0.0,0.00827986691002569,3.1777119636535645
3870.0,0.20838859488483374,293.0,293.0,1.0,0.008240229269379276,3.1780149936676025
3871.0,0.2081802062899489,293.0,293.0,0.0,0.008200741990689283,3.178299903869629
3872.0,0.20797202608365895,293.0,293.0,1.0,0.008161404692623452,3.178611993789673
3873.0,0.20776405405757528,293.0,293.0,0.0,0.008122216994047563,3.178910970687866
3874.0,0.20755629000351772,293.0,293.0,1.0,0.008083178514028224,3.179205894470215
3875.0,0.2073487337135142,293.0,293.0,2.0,0.008044288871835595,3.179536819458008
3876.0,0.2071413849798007,293.0,293.0,0.0,0.008005547686946182,3.1798348426818848
3877.0,0.2069342435948209,293.0,293.0,0.0,0.007966954579045567,3.180133819580078
3878.0,0.20672730935122607,293.0,293.0,0.0,0.00792850916803116,3.1804258823394775
3879.0,0.20652058204187485,293.0,293.0,0.0,0.00789021107401493,3.1807219982147217
3880.0,0.20631406145983297,293.0,293.0,0.0,0.007852059917326147,3.1810381412506104
3881.0,0.20610774739837315,293.0,293.0,1.0,0.007814055318514078,3.1813271045684814
3882.0,0.20590163965097477,293.0,293.0,0.0,0.007776196898350736,3.181626796722412
3883.0,0.2056957380113238,293.0,293.0,0.0,0.0077384842778335785,3.18192195892334
3884.0,0.20549004227331247,293.0,293.0,0.0,0.007700917078188215,3.1822237968444824
3885.0,0.20528455223103914,293.0,293.0,0.0,0.0076634949208711015,3.1825249195098877
3886.0,0.2050792676788081,293.0,293.0,1.0,0.007626217427572236,3.1828107833862305
3887.0,0.20487418841112928,293.0,293.0,1.0,0.007589084220217855,3.1831071376800537
3888.0,0.20466931422271814,293.0,293.0,0.0,0.007552094920973074,3.183396816253662
3889.0,0.20446464490849542,293.0,293.0,1.0,0.007515249152244628,3.1836929321289062
3890.0,0.20426018026358692,293.0,293.0,1.0,0.0074785465366834555,3.183994770050049
3891.0,0.20405592008332332,293.0,293.0,0.0,0.007441986697187437,3.184277057647705
3892.0,0.20385186416324,293.0,293.0,0.0,0.007405569256903979,3.184570789337158
3893.0,0.20364801229907675,293.0,293.0,1.0,0.007369293839232713,3.1848671436309814
3894.0,0.20344436428677767,293.0,293.0,0.0,0.007333160067828095,3.185166120529175
3895.0,0.2032409199224909,293.0,293.0,1.0,0.007297167566602073,3.185495138168335
3896.0,0.20303767900256842,293.0,293.0,0.0,0.007261315959726675,3.1857998371124268
3897.0,0.20283464132356585,293.0,293.0,0.0,0.00722560487163666,3.1861178874969482
3898.0,0.2026318066822423,293.0,293.0,0.0,0.007190033927032118,3.1864681243896484
3899.0,0.20242917487556006,293.0,293.0,0.0,0.007154602750881059,3.1867640018463135
3900.0,0.2022267457006845,293.0,293.0,0.0,0.0071193109684220286,3.187062978744507
3901.0,0.2020245189549838,293.0,293.0,0.0,0.0070841582051667,3.1873538494110107
3902.0,0.20182249443602882,293.0,293.0,2.0,0.007049144086902455,3.1876511573791504
3903.0,0.20162067194159278,293.0,293.0,0.0,0.007014268239694948,3.1879518032073975
3904.0,0.20141905126965118,293.0,293.0,0.0,0.006979530289890687,3.188241958618164
3905.0,0.20121763221838151,293.0,293.0,0.0,0.006944929864119585,3.188537120819092
3906.0,0.20101641458616312,293.0,293.0,0.0,0.00691046658929754,3.1888298988342285
3907.0,0.20081539817157695,293.0,293.0,0.0,0.006876140092628957,3.1891329288482666
3908.0,0.20061458277340538,293.0,293.0,0.0,0.006841950001609286,3.189455032348633
3909.0,0.20041396819063198,293.0,293.0,0.0,0.006807895944027576,3.1897449493408203
3910.0,0.20021355422244136,293.0,293.0,1.0,0.006773977547968995,3.1900429725646973
3911.0,0.2000133406682189,293.0,293.0,0.0,0.006740194441817332,3.1903560161590576
3912.0,0.1998133273275507,293.0,293.0,0.0,0.006706546254257523,3.1906518936157227
3913.0,0.19961351400022315,293.0,293.0,0.0,0.006673032614278152,3.190932035446167
3914.0,0.19941390048622293,293.0,293.0,0.0,0.006639653151173951,3.1912119388580322
3915.0,0.1992144865857367,293.0,293.0,1.0,0.006606407494548276,3.191494941711426
3916.0,0.19901527209915096,293.0,293.0,0.0,0.006573295274315597,3.1917917728424072
3917.0,0.1988162568270518,293.0,293.0,1.0,0.006540316120703979,3.192086935043335
3918.0,0.19861744057022476,293.0,293.0,0.0,0.006507469664257531,3.1923770904541016
3919.0,0.19841882312965453,293.0,293.0,1.0,0.006474755535838863,3.1926839351654053
3920.0,0.19822040430652488,293.0,293.0,1.0,0.00644217336663156,3.192981004714966
3921.0,0.19802218390221835,293.0,293.0,0.0,0.006409722788142611,3.193294048309326
3922.0,0.19782416171831613,293.0,293.0,1.0,0.006377403432204836,3.193586826324463
3923.0,0.1976263375565978,293.0,293.0,0.0,0.006345214930979323,3.1938860416412354
3924.0,0.1974287112190412,293.0,293.0,0.0,0.006313156916957844,3.194171905517578
3925.0,0.19723128250782218,293.0,294.0,1.0,0.006281229022965282,3.194467067718506
3926.0,0.19703405122531437,293.0,294.0,1.0,0.006249430882162001,3.194754123687744
3927.0,0.19683701717408905,293.0,294.0,1.0,0.006217762128046273,3.1950619220733643
3928.0,0.19664018015691495,293.0,294.0,0.0,0.0061862223944566565,3.1953659057617188
3929.0,0.19644353997675804,293.0,294.0,0.0,0.006154811315574375,3.195662021636963
3930.0,0.1962470964367813,293.0,294.0,0.0,0.006123528525925693,3.195971965789795
3931.0,0.1960508493403445,293.0,294.0,0.0,0.006092373660384267,3.1962928771972656
3932.0,0.19585479849100415,293.0,294.0,0.0,0.006061346354173531,3.1965959072113037
3933.0,0.19565894369251316,293.0,293.0,1.0,0.006030446242869011,3.1968979835510254
3934.0,0.19546328474882066,293.0,293.0,0.0,0.0059996729624006845,3.197195053100586
3935.0,0.19526782146407184,293.0,293.0,0.0,0.005969026149055304,3.1974918842315674
3936.0,0.19507255364260778,293.0,293.0,0.0,0.005938505439478738,3.197819948196411
3937.0,0.1948774810889652,293.0,293.0,0.0,0.005908110470678262,3.198129892349243
3938.0,0.19468260360787623,293.0,293.0,0.0,0.005877840880024878,3.198435068130493
3939.0,0.19448792100426834,293.0,293.0,0.0,0.0058476963052556214,3.198734998703003
3940.0,0.19429343308326408,293.0,293.0,0.0,0.005817676384475839,3.199043035507202
3941.0,0.1940991396501808,293.0,293.0,0.0,0.0057877807561614765,3.1993520259857178
3942.0,0.19390504051053062,293.0,293.0,1.0,0.00575800905916136,3.199652910232544
3943.0,0.19371113547002008,293.0,293.0,1.0,0.0057283609326994524,3.1999549865722656
3944.0,0.19351742433455008,293.0,293.0,0.0,0.005698836016377109,3.2002639770507812
3945.0,0.19332390691021553,293.0,293.0,0.0,0.005669433950175338,3.2005698680877686
3946.0,0.19313058300330532,293.0,293.0,1.0,0.005640154374457033,3.200875997543335
3947.0,0.19293745242030202,293.0,293.0,0.0,0.00561099692996921,3.201223850250244
3948.0,0.19274451496788172,293.0,293.0,0.0,0.005581961257845227,3.2015380859375
3949.0,0.19255177045291386,293.0,293.0,0.0,0.005553046999607006,3.2018449306488037
3950.0,0.19235921868246095,293.0,293.0,0.0,0.005524253797167233,3.202171802520752
3951.0,0.19216685946377848,293.0,293.0,0.0,0.005495581292831566,3.202489137649536
3952.0,0.1919746926043147,293.0,293.0,0.0,0.005467029129300803,3.202808141708374
3953.0,0.1917827179117104,293.0,293.0,0.0,0.005438596949673097,3.2031149864196777
3954.0,0.1915909351937987,293.0,293.0,0.0,0.005410284397446099,3.2034659385681152
3955.0,0.1913993442586049,293.0,293.0,0.0,0.005382091116519135,3.2037508487701416
3956.0,0.19120794491434628,293.0,293.0,1.0,0.005354016751195357,3.2040398120880127
3957.0,0.19101673696943194,293.0,293.0,0.0,0.005326060946183907,3.2043309211730957
3958.0,0.1908257202324625,293.0,293.0,1.0,0.005298223346602017,3.2046220302581787
3959.0,0.19063489451223004,293.0,293.0,0.0,0.005270503597977181,3.204913854598999
3960.0,0.1904442596177178,293.0,293.0,0.0,0.005242901346249245,3.205199956893921
3961.0,0.19025381535810007,293.0,293.0,0.0,0.005215416237772527,3.2054951190948486
3962.0,0.19006356154274198,293.0,293.0,1.0,0.0051880479193179285,3.205798864364624
3963.0,0.18987349798119924,293.0,293.0,0.0,0.005160796038075023,3.206084728240967
3964.0,0.18968362448321804,293.0,293.0,1.0,0.005133660241654128,3.206368923187256
3965.0,0.18949394085873483,293.0,293.0,0.0,0.005106640178088402,3.2066738605499268
3966.0,0.1893044469178761,293.0,293.0,0.0,0.005079735495835902,3.2069740295410156
3967.0,0.18911514247095823,293.0,293.0,1.0,0.005052945843781638,3.2072577476501465
3968.0,0.18892602732848726,293.0,293.0,1.0,0.0050262708712396215,3.207551956176758
3969.0,0.18873710130115878,293.0,293.0,0.0,0.0049997102279549215,3.20784592628479
3970.0,0.18854836419985763,293.0,293.0,0.0,0.0049732635641056835,3.2081379890441895
3971.0,0.18835981583565778,293.0,293.0,1.0,0.004946930530305144,3.208448886871338
3972.0,0.18817145601982213,293.0,293.0,0.0,0.004920710777603654,3.2087550163269043
3973.0,0.1879832845638023,293.0,293.0,0.0,0.004894603957490689,3.20904803276062
3974.0,0.18779530127923852,293.0,293.0,0.0,0.004868609721896832,3.209354877471924
3975.0,0.18760750597795928,293.0,293.0,0.0,0.004842727723195757,3.209656000137329
3976.0,0.18741989847198132,293.0,293.0,0.0,0.004816957614206229,3.2099459171295166
3977.0,0.18723247857350933,293.0,293.0,0.0,0.00479129904819404,3.210249900817871
3978.0,0.18704524609493584,293.0,293.0,0.0,0.004765751678873986,3.2105610370635986
3979.0,0.1868582008488409,293.0,293.0,0.0,0.0047403151604118125,3.210860013961792
3980.0,0.18667134264799204,293.0,293.0,0.0,0.0047149891474261635,3.21121883392334
3981.0,0.18648467130534405,293.0,293.0,0.0,0.00468977329499049,3.211555004119873
3982.0,0.18629818663403871,293.0,293.0,1.0,0.004664667258634991,3.2118678092956543
3983.0,0.18611188844740467,293.0,293.0,0.0,0.00463967069434852,3.21217679977417
3984.0,0.18592577655895726,293.0,293.0,0.0,0.004614783258580478,3.2124648094177246
3985.0,0.1857398507823983,293.0,293.0,1.0,0.004590004608242732,3.212761163711548
3986.0,0.1855541109316159,293.0,293.0,0.0,0.00456533440071147,3.213060140609741
3987.0,0.18536855682068426,293.0,293.0,0.0,0.004540772293829089,3.2133419513702393
3988.0,0.18518318826386357,293.0,293.0,0.0,0.004516317945906074,3.2136268615722656
3989.0,0.18499800507559971,293.0,293.0,0.0,0.004491971015722829,3.213927984237671
3990.0,0.18481300707052412,293.0,293.0,0.0,0.004467731162531527,3.2142200469970703
3991.0,0.1846281940634536,293.0,293.0,1.0,0.004443598046057978,3.214521884918213
3992.0,0.18444356586939015,293.0,293.0,0.0,0.004419571326503405,3.2148079872131348
3993.0,0.18425912230352076,293.0,293.0,0.0,0.00439565066454632,3.2150959968566895
3994.0,0.18407486318121724,293.0,293.0,0.0,0.00437183572134428,3.215380907058716
3995.0,0.183890788318036,293.0,293.0,0.0,0.004348126158535721,3.2156600952148438
3996.0,0.18370689752971797,293.0,293.0,0.0,0.0043245216382417385,3.2159409523010254
3997.0,0.18352319063218825,293.0,293.0,0.0,0.004301021823067864,3.216240882873535
3998.0,0.18333966744155605,293.0,293.0,0.0,0.004277626376105831,3.216531991958618
3999.0,0.1831563277741145,293.0,293.0,0.0,0.004254334960935352,3.2168169021606445
4000.0,0.1829731714463404,293.0,293.0,1.0,0.00423114724162585,3.2171058654785156
4001.0,0.18279019827489407,293.0,293.0,0.0,0.004208062882738224,3.2173900604248047
4002.0,0.18260740807661918,293.0,293.0,1.0,0.004185081549326548,3.2176718711853027
4003.0,0.18242480066854255,293.0,293.0,0.0,0.004162202906939835,3.217941999435425
4004.0,0.182242375867874,293.0,293.0,0.0,0.004139426621623709,3.218235969543457
4005.0,0.18206013349200614,293.0,293.0,1.0,0.004116752359922149,3.218524932861328
4006.0,0.18187807335851414,293.0,293.0,0.0,0.004094179788879137,3.218812942504883
4007.0,0.18169619528515563,293.0,293.0,0.0,0.004071708576040387,3.2191059589385986
4008.0,0.18151449908987047,293.0,293.0,0.0,0.004049338389454979,3.219397783279419
4009.0,0.1813329845907806,293.0,293.0,1.0,0.0040270688976770585,3.219695806503296
4010.0,0.18115165160618982,293.0,293.0,1.0,0.004004899769767469,3.219989061355591
4011.0,0.18097049995458364,293.0,293.0,0.0,0.0039828306752954,3.2202799320220947
4012.0,0.18078952945462906,293.0,293.0,1.0,0.0039608612843400285,3.2205748558044434
4013.0,0.18060873992517443,293.0,293.0,0.0,0.003938991267492137,3.22086501121521
4014.0,0.18042813118524925,293.0,293.0,0.0,0.003917220295855741,3.2212109565734863
4015.0,0.180247703054064,293.0,293.0,0.0,0.00389554804104968,3.2215240001678467
4016.0,0.18006745535100996,293.0,293.0,1.0,0.003873974175209227,3.221837043762207
4017.0,0.17988738789565895,293.0,293.0,0.0,0.0038524983709876527,3.2221498489379883
4018.0,0.1797075005077633,293.0,293.0,0.0,0.0038311203015578324,3.2224550247192383
4019.0,0.17952779300725552,293.0,293.0,0.0,0.0038098396406137905,3.2227609157562256
4020.0,0.17934826521424826,293.0,293.0,0.0,0.0037886560623722667,3.2230708599090576
4021.0,0.17916891694903403,293.0,293.0,0.0,0.0037675692415742586,3.2233810424804688
4022.0,0.178989748032085,293.0,293.0,0.0,0.003746578853486553,3.2236831188201904
4023.0,0.1788107582840529,293.0,293.0,1.0,0.003725684573903263,3.2239890098571777
4024.0,0.17863194752576886,293.0,293.0,0.0,0.003704886079147344,3.224285840988159
4025.0,0.1784533155782431,293.0,293.0,0.0,0.0036841830460720907,3.224586009979248
4026.0,0.17827486226266484,293.0,293.0,1.0,0.003663575152062648,3.224902868270874
4027.0,0.17809658740040218,293.0,293.0,0.0,0.003643062075037487,3.225214958190918
4028.0,0.1779184908130018,293.0,293.0,0.0,0.0036226434934498873,3.22552490234375
4029.0,0.1777405723221888,293.0,293.0,0.0,0.0036023190862893976,3.2258141040802
4030.0,0.1775628317498666,293.0,293.0,0.0,0.0035820885330833047,3.2261078357696533
4031.0,0.17738526891811673,293.0,293.0,0.0,0.0035619515138980745,3.226414918899536
4032.0,0.17720788364919862,293.0,293.0,2.0,0.003541907709340788,3.2267258167266846
4033.0,0.17703067576554943,293.0,293.0,0.0,0.003521956800560561,3.2270209789276123
4034.0,0.17685364508978388,293.0,293.0,0.0,0.003502098469249983,3.227342128753662
4035.0,0.1766767914446941,293.0,293.0,0.0,0.0034823323976465046,3.227663040161133
4036.0,0.17650011465324938,293.0,293.0,0.0,0.0034626582685338384,3.2279670238494873
4037.0,0.17632361453859613,293.0,293.0,0.0,0.0034430757652433503,3.228271961212158
4038.0,0.17614729092405754,293.0,293.0,1.0,0.0034235845716554443,3.2285749912261963
4039.0,0.1759711436331335,293.0,293.0,0.0,0.0034041843722009035,3.2288830280303955
4040.0,0.17579517248950036,293.0,293.0,2.0,0.003384874851862277,3.229177951812744
4041.0,0.17561937731701086,293.0,293.0,2.0,0.003365655696175205,3.229489803314209
4042.0,0.17544375793969386,293.0,293.0,0.0,0.0033465265912297733,3.2297849655151367
4043.0,0.17526831418175418,293.0,293.0,0.0,0.003327487223671817,3.2300899028778076
4044.0,0.17509304586757243,293.0,293.0,2.0,0.003308537280704264,3.2304041385650635
4045.0,0.17491795282170486,293.0,293.0,0.0,0.003289676450088418,3.2307069301605225
4046.0,0.17474303486888315,293.0,293.0,0.0,0.0032709044201452747,3.2310330867767334
4047.0,0.17456829183401426,293.0,293.0,0.0,0.003252220879756788,3.2313590049743652
4048.0,0.17439372354218025,293.0,293.0,0.0,0.0032336255183671634,3.2316689491271973
4049.0,0.17421932981863805,293.0,293.0,0.0,0.0032151180259841184,3.231971025466919
4050.0,0.1740451104888194,293.0,293.0,0.0,0.0031966980931801303,3.23227596282959
4051.0,0.17387106537833058,293.0,293.0,0.0,0.0031783654110936923,3.2325780391693115
4052.0,0.17369719431295225,293.0,293.0,0.0,0.0031601196714305516,3.2328860759735107
4053.0,0.1735234971186393,293.0,293.0,0.0,0.0031419605664649184,3.2332019805908203
4054.0,0.17334997362152066,293.0,293.0,0.0,0.0031238877890406953,3.2335071563720703
4055.0,0.17317662364789912,293.0,293.0,0.0,0.003105901032572684,3.2338130474090576
4056.0,0.17300344702425122,293.0,293.0,1.0,0.0030879999910477696,3.234102964401245
4057.0,0.17283044357722696,293.0,293.0,1.0,0.003070184359026112,3.2344110012054443
4058.0,0.17265761313364975,293.0,293.0,1.0,0.003052453831642323,3.2347209453582764
4059.0,0.1724849555205161,293.0,293.0,0.0,0.0030348081046066224,3.235015869140625
4060.0,0.17231247056499557,293.0,293.0,0.0,0.0030172468742060018,3.235321044921875
4061.0,0.1721401580944306,293.0,293.0,1.0,0.0029997698373053624,3.2356207370758057
4062.0,0.17196801793633615,293.0,293.0,0.0,0.002982376691348653,3.235931873321533
4063.0,0.1717960499183998,293.0,293.0,1.0,0.0029650671343599898,3.236236095428467
4064.0,0.1716242538684814,293.0,293.0,0.0,0.002947840864944773,3.2365498542785645
4065.0,0.1714526296146129,293.0,293.0,0.0,0.0029306975822907906,3.2368509769439697
4066.0,0.17128117698499828,293.0,293.0,0.0,0.0029136369861693105,3.237154960632324
4067.0,0.17110989580801328,293.0,293.0,0.0,0.0028966587769361637,3.2374579906463623
4068.0,0.17093878591220527,293.0,293.0,0.0,0.0028797626555328174,3.2377610206604004
4069.0,0.17076784712629306,293.0,293.0,0.0,0.002862948323487435,3.2380621433258057
4070.0,0.17059707927916676,293.0,293.0,0.0,0.0028462154829159377,3.2383627891540527
4071.0,0.1704264821998876,293.0,293.0,0.0,0.0028295638365230355,3.2386701107025146
4072.0,0.1702560557176877,293.0,293.0,0.0,0.0028129930876032664,3.2389719486236572
4073.0,0.17008579966197002,293.0,293.0,0.0,0.0027965029400420145,3.23930287361145
4074.0,0.16991571386230805,293.0,293.0,0.0,0.0027800930983165285,3.239673137664795
4075.0,0.16974579814844576,293.0,293.0,0.0,0.0027637632674969146,3.2399749755859375
4076.0,0.16957605235029732,293.0,293.0,0.0,0.0027475131532471325,3.2402758598327637
4077.0,0.16940647629794703,293.0,293.0,0.0,0.0027313424618259745,3.24056077003479
4078.0,0.16923706982164907,293.0,293.0,0.0,0.002715250900088044,3.2408759593963623
4079.0,0.16906783275182743,293.0,293.0,0.0,0.0026992381754847067,3.2412049770355225
4080.0,0.1688987649190756,293.0,293.0,0.0,0.002683303996065046,3.241497039794922
4081.0,0.16872986615415653,293.0,293.0,0.0,0.002667448070476804,3.241792917251587
4082.0,0.16856113628800237,293.0,293.0,0.0,0.0026516701079673075,3.242094039916992
4083.0,0.16839257515171438,293.0,293.0,2.0,0.002635969818384396,3.2423930168151855
4084.0,0.16822418257656266,293.0,293.0,0.0,0.002620346912177321,3.2426929473876953
4085.0,0.1680559583939861,293.0,293.0,0.0,0.002604801100397661,3.242978096008301
4086.0,0.16788790243559212,293.0,293.0,1.0,0.002589332094700192,3.243288040161133
4087.0,0.16772001453315652,293.0,293.0,1.0,0.0025739396073437837,3.2436039447784424
4088.0,0.16755229451862336,293.0,293.0,2.0,0.0025586233511922588,3.2439417839050293
4089.0,0.16738474222410474,293.0,293.0,0.0,0.0025433830397152573,3.2442359924316406
4090.0,0.16721735748188063,293.0,293.0,0.0,0.0025282183869890862,3.244537115097046
4091.0,0.16705014012439875,293.0,293.0,0.0,0.0025131291076975503,3.244832992553711
4092.0,0.16688308998427437,293.0,293.0,1.0,0.0024981149171327895,3.245151996612549
4093.0,0.1667162068942901,293.0,293.0,0.0,0.0024831755311960956,3.2454779148101807
4094.0,0.1665494906873958,293.0,293.0,0.0,0.0024683106663987175,3.2457799911499023
4095.0,0.1663829411967084,293.0,293.0,1.0,0.002453520039862662,3.246088981628418
4096.0,0.1662165582555117,293.0,293.0,0.0,0.0024388033693214842,3.246401071548462
4097.0,0.1660503416972562,293.0,293.0,0.0,0.0024241603731210543,3.2466869354248047
4098.0,0.16588429135555893,293.0,293.0,0.0,0.002409590770220348,3.246985912322998
4099.0,0.16571840706420338,293.0,293.0,0.0,0.0023950942801921793,3.247262954711914
4100.0,0.16555268865713918,293.0,293.0,0.0,0.002380670623223962,3.2475640773773193
4101.0,0.16538713596848204,293.0,293.0,0.0,0.002366319520118445,3.247877836227417
4102.0,0.16522174883251356,293.0,293.0,0.0,0.0023520406922944385,3.248249053955078
4103.0,0.16505652708368104,293.0,293.0,0.0,0.0023378338617875377,3.2485570907592773
4104.0,0.16489147055659736,293.0,293.0,0.0,0.002323698751250816,3.248847007751465
4105.0,0.16472657908604077,293.0,293.0,0.0,0.002309635083955537,3.2491440773010254
4106.0,0.16456185250695474,293.0,293.0,1.0,0.002295642583791833,3.249440908432007
4107.0,0.16439729065444778,293.0,293.0,1.0,0.002281720975269385,3.24971604347229
4108.0,0.16423289336379332,293.0,293.0,0.0,0.0022678699835180917,3.2500081062316895
4109.0,0.16406866047042953,293.0,293.0,0.0,0.0022540893342887208,3.2503180503845215
4110.0,0.16390459180995912,293.0,293.0,1.0,0.002240378753953563,3.25061297416687
4111.0,0.16374068721814916,293.0,293.0,0.0,0.0022267379695070626,3.2509350776672363
4112.0,0.16357694653093102,293.0,293.0,1.0,0.0022131667085664476,3.2512409687042236
4113.0,0.1634133695844001,293.0,293.0,0.0,0.002199664699372346,3.251542091369629
4114.0,0.1632499562148157,293.0,293.0,0.0,0.0021862316707893974,3.2518599033355713
4115.0,0.1630867062586009,293.0,293.0,0.0,0.0021728673523068415,3.2521510124206543
4116.0,0.16292361955234227,293.0,293.0,0.0,0.0021595714740391047,3.2524468898773193
4117.0,0.16276069593278994,293.0,293.0,0.0,0.0021463437667263927,3.2527501583099365
4118.0,0.16259793523685714,293.0,293.0,0.0,0.0021331839617352343,3.253053903579712
4119.0,0.1624353373016203,293.0,293.0,0.0,0.00212009179105906,3.2533891201019287
4120.0,0.16227290196431868,293.0,293.0,0.0,0.002107066987318731,3.2537100315093994
4121.0,0.16211062906235435,293.0,293.0,0.0,0.002094109283763088,3.2540059089660645
4122.0,0.161948518433292,293.0,293.0,0.0,0.0020812184142694804,3.2542977333068848
4123.0,0.1617865699148587,293.0,293.0,1.0,0.00206839411334427,3.2546029090881348
4124.0,0.16162478334494385,293.0,293.0,0.0,0.0020556361161233497,3.2548999786376953
4125.0,0.1614631585615989,293.0,293.0,0.0,0.0020429441583726385,3.255199909210205
4126.0,0.1613016954030373,293.0,293.0,0.0,0.0020303179764885686,3.255496025085449
4127.0,0.16114039370763425,293.0,293.0,1.0,0.0020177573074985637,3.255784034729004
4128.0,0.16097925331392662,293.0,293.0,0.0,0.002005261889061506,3.256093978881836
4129.0,0.1608182740606127,293.0,293.0,0.0,0.001992831459468192,3.256376028060913
4130.0,0.16065745578655208,293.0,293.0,0.0,0.0019804657576417838,3.2566609382629395
4131.0,0.16049679833076552,293.0,293.0,0.0,0.001968164523138251,3.256953001022339
4132.0,0.16033630153243475,293.0,293.0,1.0,0.001955927496146791,3.2572479248046875
4133.0,0.16017596523090233,293.0,293.0,0.0,0.001943754417490253,3.2575559616088867
4134.0,0.16001578926567142,293.0,293.0,0.0,0.0019316450286255464,3.2578508853912354
4135.0,0.15985577347640575,293.0,293.0,0.0,0.0019195990716440391,3.258150815963745
4136.0,0.15969591770292935,293.0,293.0,0.0,0.0019076162892719467,3.2584519386291504
4137.0,0.15953622178522642,293.0,293.0,0.0,0.0018956964248707131,3.2587549686431885
4138.0,0.1593766855634412,293.0,293.0,0.0,0.0018838392224373808,3.259046792984009
4139.0,0.15921730887787777,293.0,293.0,0.0,0.0018720444266049517,3.25934100151062
4140.0,0.1590580915689999,293.0,293.0,0.0,0.0018603117826427318,3.259643793106079
4141.0,0.1588990334774309,293.0,293.0,0.0,0.0018486410364566817,3.259945869445801
4142.0,0.15874013444395346,293.0,293.0,0.0,0.0018370319345897403,3.260236978530884
4143.0,0.15858139430950952,293.0,293.0,0.0,0.0018254842242221504,3.260518789291382
4144.0,0.1584228129152,293.0,293.0,0.0,0.0018139976531717675,3.260819911956787
4145.0,0.1582643901022848,293.0,293.0,0.0,0.0018025719698943647,3.261121988296509
4146.0,0.15810612571218252,293.0,293.0,0.0,0.0017912069234839267,3.2614169120788574
4147.0,0.15794801958647034,293.0,293.0,0.0,0.0017799022636729226,3.2617127895355225
4148.0,0.15779007156688388,293.0,293.0,0.0,0.001768657740832594,3.262126922607422
4149.0,0.157632281495317,293.0,293.0,0.0,0.0017574731059732097,3.262434959411621
4150.0,0.15747464921382168,293.0,293.0,0.0,0.001746348110744324,3.26273512840271
4151.0,0.15731717456460786,293.0,293.0,0.0,0.0017352825074350182,3.263044834136963
4152.0,0.15715985739004326,293.0,293.0,0.0,0.0017242760489741362,3.2633399963378906
4153.0,0.15700269753265322,293.0,293.0,0.0,0.001713328488930515,3.2636468410491943
4154.0,0.15684569483512056,293.0,293.0,0.0,0.0017024395815131946,3.2639269828796387
4155.0,0.15668884914028544,293.0,293.0,0.0,0.0016916090815716303,3.264225959777832
4156.0,0.15653216029114517,293.0,293.0,0.0,0.0016808367445958854,3.264518976211548
4157.0,0.156375628130854,293.0,293.0,0.0,0.0016701223267168233,3.2648048400878906
4158.0,0.15621925250272314,293.0,293.0,0.0,0.0016594655847062812,3.2650890350341797
4159.0,0.15606303325022042,293.0,293.0,0.0,0.001648866275977247,3.265378952026367
4160.0,0.1559069702169702,293.0,293.0,0.0,0.0016383241585840108,3.2656688690185547
4161.0,0.15575106324675322,293.0,293.0,0.0,0.0016278389912223168,3.26595401763916
4162.0,0.15559531218350647,293.0,293.0,0.0,0.0016174105332295097,3.266246795654297
4163.0,0.15543971687132296,293.0,293.0,0.0,0.0016070385445846628,3.2665469646453857
4164.0,0.15528427715445164,293.0,293.0,0.0,0.0015967227859086989,3.266833782196045
4165.0,0.1551289928772972,293.0,293.0,1.0,0.001586463018464506,3.2671260833740234
4166.0,0.15497386388441992,293.0,293.0,0.0,0.001576259004157039,3.2674059867858887
4167.0,0.1548188900205355,293.0,293.0,0.0,0.0015661105055334162,3.2676920890808105
4168.0,0.15466407113051497,293.0,293.0,0.0,0.0015560172857830052,3.2679779529571533
4169.0,0.15450940705938446,293.0,293.0,0.0,0.0015459791087374958,3.2682769298553467
4170.0,0.15435489765232507,293.0,293.0,0.0,0.0015359957388709725,3.2685680389404297
4171.0,0.15420054275467274,293.0,293.0,0.0,0.001526066941299963,3.268857002258301
4172.0,0.15404634221191807,293.0,293.0,0.0,0.0015161924817835017,3.269148826599121
4173.0,0.15389229586970615,293.0,293.0,0.0,0.0015063721267231512,3.2694358825683594
4174.0,0.15373840357383645,293.0,293.0,0.0,0.0014966056431630467,3.2697060108184814
4175.0,0.15358466517026262,293.0,293.0,1.0,0.0014868927987899134,3.2700040340423584
4176.0,0.15343108050509235,293.0,293.0,1.0,0.0014772333619330726,3.2702999114990234
4177.0,0.15327764942458727,293.0,293.0,0.0,0.001467627101564456,3.270585060119629
4178.0,0.1531243717751627,293.0,293.0,0.0,0.0014580737872985923,3.2708847522735596
4179.0,0.15297124740338752,293.0,293.0,0.0,0.0014485731893925902,3.2711710929870605
4180.0,0.15281827615598415,293.0,293.0,0.0,0.0014391250787461258,3.2714569568634033
4181.0,0.15266545787982816,293.0,293.0,1.0,0.0014297292269013946,3.2717459201812744
4182.0,0.15251279242194832,293.0,293.0,0.0,0.0014203854060430856,3.272028923034668
4183.0,0.15236027962952636,293.0,293.0,0.0,0.001411093388998318,3.272317886352539
4184.0,0.15220791934989683,293.0,293.0,0.0,0.0014018529492365887,3.2726011276245117
4185.0,0.15205571143054694,293.0,293.0,0.0,0.0013926638608697023,3.272892951965332
4186.0,0.1519036557191164,293.0,293.0,0.0,0.0013835258986516913,3.273181915283203
4187.0,0.15175175206339728,293.0,293.0,0.0,0.001374438837978732,3.2735209465026855
4188.0,0.1516000003113339,293.0,293.0,0.0,0.0013654024548890554,3.2738261222839355
4189.0,0.15144840031102255,293.0,293.0,1.0,0.0013564165260628305,3.2741329669952393
4190.0,0.15129695191071152,293.0,293.0,0.0,0.0013474808288220644,3.274432897567749
4191.0,0.1511456549588008,293.0,293.0,0.0,0.001338595141130477,3.2747409343719482
4192.0,0.150994509303842,293.0,293.0,0.0,0.0013297592415933677,3.275038957595825
4193.0,0.15084351479453817,293.0,293.0,0.0,0.0013209729094574801,3.275345802307129
4194.0,0.15069267127974362,293.0,293.0,0.0,0.001312235924610855,3.2756521701812744
4195.0,0.15054197860846388,293.0,293.0,0.0,0.0013035480675826752,3.2759459018707275
4196.0,0.1503914366298554,293.0,293.0,1.0,0.001294909119543098,3.2762508392333984
4197.0,0.15024104519322556,293.0,293.0,0.0,0.0012863188623030853,3.2765519618988037
4198.0,0.15009080414803233,293.0,293.0,1.0,0.0012777770783142202,3.2768518924713135
4199.0,0.14994071334388429,293.0,293.0,0.0,0.0012692835506685166,3.2771871089935303
4200.0,0.14979077263054041,293.0,293.0,0.0,0.0012608380630982259,3.277479887008667
4201.0,0.14964098185790986,293.0,293.0,0.0,0.001252440399975618,3.2777929306030273
4202.0,0.14949134087605195,293.0,293.0,1.0,0.0012440903463127805,3.2780988216400146
4203.0,0.1493418495351759,293.0,293.0,0.0,0.0012357876877613823,3.278409004211426
4204.0,0.1491925076856407,293.0,293.0,0.0,0.0012275322106124489,3.278709888458252
4205.0,0.14904331517795508,293.0,293.0,0.0,0.0012193237017961195,3.2790091037750244
4206.0,0.14889427186277712,293.0,293.0,0.0,0.0012111619488813933,3.279320001602173
4207.0,0.14874537759091436,293.0,293.0,0.0,0.0012030467400758796,3.279628038406372
4208.0,0.14859663221332345,293.0,293.0,0.0,0.0011949778642255258,3.2799417972564697
4209.0,0.14844803558111014,293.0,293.0,0.0,0.0011869551108143485,3.2802469730377197
4210.0,0.14829958754552902,293.0,293.0,0.0,0.0011789782699641442,3.2805540561676025
4211.0,0.1481512879579835,293.0,293.0,2.0,0.001171047132434206,3.2808680534362793
4212.0,0.14800313667002551,293.0,293.0,0.0,0.00116316148962102,3.2811689376831055
4213.0,0.1478551335333555,293.0,293.0,0.0,0.0011553211335579622,3.281477928161621
4214.0,0.14770727839982215,293.0,293.0,0.0,0.0011475258569149766,3.281775951385498
4215.0,0.14755957112142232,293.0,293.0,0.0,0.0011397754529982604,3.282120943069458
4216.0,0.1474120115503009,293.0,293.0,1.0,0.0011320697157499266,3.2824220657348633
4217.0,0.1472645995387506,293.0,293.0,1.0,0.0011244084397476666,3.28271484375
4218.0,0.14711733493921184,293.0,293.0,1.0,0.0011167914202044014,3.2830169200897217
4219.0,0.14697021760427262,293.0,293.0,0.0,0.0011092184529679294,3.283318042755127
4220.0,0.14682324738666835,293.0,293.0,0.0,0.0011016893345205613,3.2836380004882812
4221.0,0.1466764241392817,293.0,293.0,0.0,0.0010942038619787449,3.2839338779449463
4222.0,0.1465297477151424,293.0,293.0,0.0,0.00108676183309269,3.2842419147491455
4223.0,0.14638321796742726,293.0,293.0,0.0,0.001079363046245981,3.2845377922058105
4224.0,0.14623683474945984,293.0,293.0,0.0,0.0010720073004551803,3.284848928451538
4225.0,0.14609059791471038,293.0,293.0,0.0,0.0010646943953694253,3.2851598262786865
4226.0,0.14594450731679567,293.0,293.0,0.0,0.0010574241312700185,3.285465717315674
4227.0,0.14579856280947887,293.0,293.0,0.0,0.0010501963090700055,3.2857961654663086
4228.0,0.1456527642466694,293.0,293.0,2.0,0.0010430107303137572,3.2861199378967285
4229.0,0.14550711148242274,293.0,293.0,0.0,0.0010358671971765253,3.2864608764648438
4230.0,0.1453616043709403,293.0,293.0,0.0,0.0010287655124640053,3.2868411540985107
4231.0,0.14521624276656936,293.0,293.0,0.0,0.0010217054796118875,3.287141799926758
4232.0,0.1450710265238028,293.0,293.0,1.0,0.0010146869026853996,3.2874319553375244
4233.0,0.144925955497279,293.0,293.0,0.0,0.001007709586378842,3.287735939025879
4234.0,0.1447810295417817,293.0,293.0,0.0,0.001000773336015112,3.2880239486694336
4235.0,0.14463624851223994,293.0,293.0,0.0,0.0009938779575452308,3.2883148193359375
4236.0,0.1444916122637277,293.0,293.0,0.0,0.0009870232575478477,3.2885968685150146
4237.0,0.14434712065146396,293.0,293.0,0.0,0.0009802090432287523,3.288900136947632
4238.0,0.14420277353081248,293.0,293.0,0.0,0.0009734351224203685,3.289177179336548
4239.0,0.14405857075728168,293.0,293.0,0.0,0.0009667013035812469,3.2894630432128906
4240.0,0.1439145121865244,293.0,293.0,0.0,0.0009600073957955425,3.2897629737854004
4241.0,0.14377059767433786,293.0,293.0,0.0,0.0009533532087724962,3.290052890777588
4242.0,0.14362682707666352,293.0,293.0,0.0,0.0009467385528459016,3.2903449535369873
4243.0,0.14348320024958686,293.0,293.0,0.0,0.000940163238973561,3.2906391620635986
4244.0,0.14333971704933726,293.0,293.0,0.0,0.0009336270787367448,3.290928840637207
4245.0,0.14319637733228793,293.0,293.0,0.0,0.0009271298843396353,3.2912278175354004
4246.0,0.14305318095495564,293.0,293.0,0.0,0.000920671468608762,3.2915267944335938
4247.0,0.1429101277740007,293.0,293.0,0.0,0.0009142516449924411,3.2918200492858887
4248.0,0.14276721764622669,293.0,293.0,0.0,0.0009078702275601928,3.292107105255127
4249.0,0.14262445042858046,293.0,293.0,0.0,0.0009015270310021643,3.29240083694458
4250.0,0.14248182597815187,293.0,293.0,0.0,0.0008952218706285346,3.292691946029663
4251.0,0.14233934415217372,293.0,293.0,0.0,0.0008889545623689248,3.2929739952087402
4252.0,0.14219700480802155,293.0,293.0,0.0,0.000882724922771786,3.293260097503662
4253.0,0.14205480780321353,293.0,293.0,0.0,0.0008765327690037958,3.29354190826416
4254.0,0.1419127529954103,293.0,293.0,0.0,0.0008703779188492371,3.2938308715820312
4255.0,0.1417708402424149,293.0,293.0,1.0,0.0008642601907093749,3.294118881225586
4256.0,0.14162906940217249,293.0,293.0,1.0,0.0008581794036018217,3.2944090366363525
4257.0,0.1414874403327703,293.0,293.0,0.0,0.0008521353771599031,3.2946958541870117
4258.0,0.14134595289243754,293.0,293.0,0.0,0.0008461279316320116,3.295045852661133
4259.0,0.1412046069395451,293.0,293.0,0.0,0.0008401568878809516,3.295353889465332
4260.0,0.14106340233260556,293.0,293.0,0.0,0.0008342220673832831,3.295667886734009
4261.0,0.14092233893027295,293.0,293.0,0.0,0.0008283232922286553,3.2959821224212646
4262.0,0.1407814165913427,293.0,293.0,0.0,0.0008224603851191359,3.2962758541107178
4263.0,0.14064063517475134,293.0,293.0,0.0,0.0008166331693685279,3.2965760231018066
4264.0,0.1404999945395766,293.0,293.0,0.0,0.0008108414689016907,3.2968859672546387
4265.0,0.14035949454503702,293.0,293.0,0.0,0.000805085108253839,3.297184944152832
4266.0,0.14021913505049197,293.0,293.0,0.0,0.0007993639125698516,3.297487735748291
4267.0,0.14007891591544147,293.0,293.0,0.0,0.0007936777076035644,3.297827959060669
4268.0,0.13993883699952603,293.0,293.0,0.0,0.0007880263197170532,3.298139810562134
4269.0,0.1397988981625265,293.0,293.0,0.0,0.0007824095758799218,3.2984418869018555
4270.0,0.13965909926436398,293.0,293.0,0.0,0.000776827303668575,3.298743963241577
4271.0,0.13951944016509962,293.0,293.0,0.0,0.0007712793312654838,3.299055814743042
4272.0,0.13937992072493452,293.0,293.0,0.0,0.0007657654874584534,3.299355983734131
4273.0,0.13924054080420958,293.0,293.0,0.0,0.0007602856016398753,3.2996630668640137
4274.0,0.13910130026340536,293.0,293.0,0.0,0.0007548395038059776,3.2999680042266846
4275.0,0.13896219896314196,293.0,293.0,0.0,0.00074942702455607,3.3002748489379883
4276.0,0.13882323676417882,293.0,293.0,0.0,0.0007440479950917796,3.3005800247192383
4277.0,0.13868441352741465,293.0,293.0,1.0,0.0007387022472162804,3.300895929336548
4278.0,0.13854572911388724,293.0,293.0,0.0,0.0007333896133335203,3.3012008666992188
4279.0,0.13840718338477334,293.0,293.0,0.0,0.0007281099264474393,3.3014988899230957
4280.0,0.13826877620138855,293.0,293.0,0.0,0.0007228630201611797,3.3018088340759277
4281.0,0.13813050742518718,293.0,293.0,0.0,0.0007176487286762971,3.3021178245544434
4282.0,0.13799237691776198,293.0,293.0,0.0,0.0007124668867919544,3.3024098873138428
4283.0,0.13785438454084423,293.0,293.0,0.0,0.000707317329904122,3.3027169704437256
4284.0,0.1377165301563034,293.0,293.0,0.0,0.0007021998940047612,3.3030221462249756
4285.0,0.1375788136261471,293.0,293.0,0.0,0.0006971144156810109,3.303323984146118
4286.0,0.13744123481252096,293.0,293.0,0.0,0.00069206073211436,3.303623914718628
4287.0,0.13730379357770844,293.0,293.0,0.0,0.0006870386810798203,3.303942918777466
4288.0,0.13716648978413074,293.0,293.0,1.0,0.0006820481009450929,3.304248094558716
4289.0,0.1370293232943466,293.0,293.0,0.0,0.0006770888306697219,3.3045449256896973
4290.0,0.13689229397105226,293.0,293.0,0.0,0.0006721607098042528,3.3048479557037354
4291.0,0.13675540167708122,293.0,293.0,0.0,0.0006672635784893768,3.305158853530884
4292.0,0.13661864627540415,293.0,293.0,0.0,0.0006623972774550732,3.3054678440093994
4293.0,0.13648202762912875,293.0,293.0,0.0,0.0006575616480197461,3.3057808876037598
4294.0,0.1363455456014996,293.0,293.0,0.0,0.0006527565320893532,3.306102991104126
4295.0,0.13620920005589812,293.0,293.0,2.0,0.0006479817721565336,3.306419849395752
4296.0,0.13607299085584224,293.0,293.0,0.0,0.0006432372112997232,3.3067259788513184
4297.0,0.1359369178649864,293.0,293.0,1.0,0.0006385226931822707,3.307018995285034
4298.0,0.13580098094712142,293.0,293.0,0.0,0.0006338380620515454,3.307321071624756
4299.0,0.1356651799661743,293.0,293.0,0.0,0.0006291831627380388,3.307609796524048
4300.0,0.13552951478620812,293.0,293.0,0.0,0.0006245578406544637,3.3079159259796143
4301.0,0.1353939852714219,293.0,293.0,0.0,0.0006199619417948465,3.3082170486450195
4302.0,0.13525859128615048,293.0,293.0,0.0,0.0006153953127336097,3.308521032333374
4303.0,0.13512333269486432,293.0,293.0,0.0,0.000610857800624658,3.3088340759277344
4304.0,0.13498820936216946,293.0,293.0,0.0,0.0006063492532004518,3.309144973754883
4305.0,0.1348532211528073,293.0,293.0,0.0,0.0006018695187710771,3.3094429969787598
4306.0,0.13471836793165448,293.0,293.0,0.0,0.0005974184462233123,3.3097338676452637
4307.0,0.13458364956372282,293.0,293.0,0.0,0.0005929958850196898,3.3100311756134033
4308.0,0.1344490659141591,293.0,293.0,0.0,0.000588601685197547,3.310338020324707
4309.0,0.13431461684824492,293.0,293.0,0.0,0.0005842356973680817,3.3106508255004883
4310.0,0.13418030223139668,293.0,293.0,0.0,0.0005798977727153922,3.310940980911255
4311.0,0.1340461219291653,293.0,293.0,0.0,0.0005755877629955204,3.311250925064087
4312.0,0.13391207580723613,293.0,293.0,0.0,0.0005713055205354841,3.311569929122925
4313.0,0.1337781637314289,293.0,293.0,0.0,0.00056705089823231,3.3118860721588135
4314.0,0.13364438556769748,293.0,293.0,0.0,0.0005628237495520571,3.3121910095214844
4315.0,0.13351074118212977,293.0,293.0,0.0,0.0005586239285288343,3.3125009536743164
4316.0,0.13337723044094765,293.0,293.0,0.0,0.0005544512897638227,3.312782049179077
4317.0,0.13324385321050672,293.0,293.0,1.0,0.0005503056884242776,3.313076972961426
4318.0,0.1331106093572962,293.0,293.0,0.0,0.00054618698024254,3.3133769035339355
4319.0,0.1329774987479389,293.0,293.0,2.0,0.000542095021515034,3.3136630058288574
4320.0,0.13284452124919097,293.0,293.0,0.0,0.0005380296691012676,3.313945770263672
4321.0,0.13271167672794176,293.0,293.0,0.0,0.0005339907804228182,3.3142337799072266
4322.0,0.13257896505121383,293.0,293.0,0.0,0.000529978213462324,3.3145320415496826
4323.0,0.1324463860861626,293.0,293.0,1.0,0.0005259918267624631,3.3148159980773926
4324.0,0.13231393970007643,293.0,293.0,0.0,0.000522031479424935,3.3151159286499023
4325.0,0.13218162576037637,293.0,293.0,0.0,0.0005180970311094302,3.315403938293457
4326.0,0.132049444134616,293.0,293.0,1.0,0.0005141883420325991,3.315701961517334
4327.0,0.1319173946904814,293.0,293.0,0.0,0.000510305272967019,3.3160250186920166
4328.0,0.1317854772957909,293.0,293.0,0.0,0.0005064476852401496,3.3163180351257324
4329.0,0.13165369181849512,293.0,293.0,0.0,0.0005026154407332932,3.31660795211792
4330.0,0.13152203812667662,293.0,293.0,0.0,0.0004988084018805414,3.316901922225952
4331.0,0.13139051608854996,293.0,293.0,0.0,0.0004950264316677248,3.317189931869507
4332.0,0.13125912557246142,293.0,293.0,0.0,0.0004912693936313526,3.3174779415130615
4333.0,0.13112786644688895,293.0,293.0,0.0,0.00048753715185755286,3.317770004272461
4334.0,0.13099673858044206,293.0,293.0,1.0,0.0004838295709810061,3.3180599212646484
4335.0,0.13086574184186162,293.0,293.0,0.0,0.00048014651618387427,3.3183701038360596
4336.0,0.13073487610001974,293.0,293.0,0.0,0.00047648785319472596,3.3186638355255127
4337.0,0.13060414122391972,293.0,293.0,0.0,0.0004728534482874602,3.3189728260040283
4338.0,0.1304735370826958,293.0,293.0,0.0,0.00046924316828022097,3.3192718029022217
4339.0,0.1303430635456131,293.0,293.0,0.0,0.0004656568805343119,3.3195719718933105
4340.0,0.13021272048206747,293.0,293.0,0.0,0.0004620944529531063,3.3198840618133545
4341.0,0.1300825077615854,293.0,293.0,0.0,0.000458555753980951,3.3202288150787354
4342.0,0.1299524252538238,293.0,293.0,0.0,0.00045504065260206953,3.3205199241638184
4343.0,0.12982247282856998,293.0,293.0,1.0,0.0004515490183394577,3.3208158016204834
4344.0,0.1296926503557414,293.0,293.0,1.0,0.0004480807212537792,3.32110595703125
4345.0,0.12956295770538567,293.0,293.0,0.0,0.0004446356319422554,3.321398973464966
4346.0,0.12943339474768029,293.0,293.0,0.0,0.00044121362153754905,3.3216819763183594
4347.0,0.1293039613529326,293.0,293.0,1.0,0.0004378145617066496,3.3219668865203857
4348.0,0.12917465739157966,293.0,293.0,0.0,0.00043443832464975054,3.3222479820251465
4349.0,0.1290454827341881,293.0,293.0,0.0,0.000431084783099125,3.3225438594818115
4350.0,0.1289164372514539,293.0,293.0,0.0,0.00042775381031799614,3.3228328227996826
4351.0,0.12878752081420244,293.0,293.0,0.0,0.00042444528009940463,3.3231208324432373
4352.0,0.12865873329338823,293.0,293.0,0.0,0.0004211590667650753,3.3234171867370605
4353.0,0.12853007456009483,293.0,293.0,0.0,0.0004178950451642748,3.323718786239624
4354.0,0.12840154448553473,293.0,293.0,0.0,0.0004146530906726716,3.324012041091919
4355.0,0.1282731429410492,293.0,293.0,0.0,0.00041143307919118627,3.3243019580841064
4356.0,0.12814486979810813,293.0,293.0,1.0,0.00040823488714484445,3.3245999813079834
4357.0,0.12801672492831,293.0,293.0,0.0,0.00040505839148162367,3.324880838394165
4358.0,0.1278887082033817,293.0,293.0,1.0,0.0004019034696712951,3.3251659870147705
4359.0,0.1277608194951783,293.0,293.0,0.0,0.0003987699997042654,3.325455904006958
4360.0,0.12763305867568314,293.0,293.0,0.0,0.00039565786009041284,3.325747013092041
4361.0,0.12750542561700745,293.0,293.0,2.0,0.0003925669298579207,3.3260738849639893
4362.0,0.12737792019139044,293.0,293.0,0.0,0.0003894970885521091,3.326373815536499
4363.0,0.12725054227119906,293.0,293.0,0.0,0.0003864482162342618,3.326677083969116
4364.0,0.12712329172892786,293.0,293.0,0.0,0.0003834201934804485,3.3269801139831543
4365.0,0.12699616843719894,293.0,293.0,1.0,0.0003804129013803488,3.327279806137085
4366.0,0.12686917226876174,293.0,293.0,0.0,0.0003774262215360686,3.327589750289917
4367.0,0.12674230309649298,293.0,293.0,0.0,0.00037446003606095486,3.3278961181640625
4368.0,0.12661556079339648,293.0,293.0,1.0,0.0003715142275784082,3.328295946121216
4369.0,0.12648894523260307,293.0,293.0,0.0,0.0003685886792206924,3.3285927772521973
4370.0,0.12636245628737047,293.0,293.0,0.0,0.0003656832746277396,3.3288960456848145
4371.0,0.1262360938310831,293.0,293.0,0.0,0.00036279789794595386,3.3291988372802734
4372.0,0.12610985773725203,293.0,293.0,0.0,0.0003599324338270106,3.3294878005981445
4373.0,0.12598374787951477,293.0,293.0,0.0,0.0003570867674266555,3.329786777496338
4374.0,0.12585776413163527,293.0,293.0,0.0,0.00035426078440349936,3.330084800720215
4375.0,0.12573190636750364,293.0,293.0,1.0,0.000351454370917809,3.330383062362671
4376.0,0.12560617446113614,293.0,293.0,2.0,0.00034866741363029656,3.330670118331909
4377.0,0.125480568286675,293.0,293.0,0.0,0.0003458997997009071,3.3309590816497803
4378.0,0.12535508771838832,293.0,293.0,0.0,0.00034315141678760197,3.3312487602233887
4379.0,0.12522973263066994,293.0,293.0,0.0,0.0003404221530451409,3.3315389156341553
4380.0,0.12510450289803926,293.0,293.0,0.0,0.00033771189712385847,3.331829071044922
4381.0,0.12497939839514122,293.0,293.0,0.0,0.00033502053816844487,3.3321027755737305
4382.0,0.12485441899674607,293.0,293.0,0.0,0.0003323479658167139,3.3323938846588135
4383.0,0.12472956457774932,293.0,293.0,1.0,0.00032969407019837983,3.3326871395111084
4384.0,0.12460483501317157,293.0,293.0,1.0,0.0003270587419338215,3.3329808712005615
4385.0,0.1244802301781584,293.0,293.0,1.0,0.0003244418721328534,3.3332631587982178
4386.0,0.12435574994798024,293.0,293.0,0.0,0.00032184335239348477,3.3335440158843994
4387.0,0.12423139419803225,293.0,293.0,1.0,0.0003192630748006859,3.3338329792022705
4388.0,0.12410716280383421,293.0,293.0,0.0,0.0003167009319251457,3.334122896194458
4389.0,0.12398305564103038,293.0,293.0,0.0,0.00031415681682202826,3.334420919418335
4390.0,0.12385907258538935,293.0,293.0,0.0,0.00031163062302972863,3.334716796875
4391.0,0.12373521351280396,293.0,293.0,0.0,0.0003091222445686265,3.335014820098877
4392.0,0.12361147829929116,293.0,293.0,0.0,0.0003066315759398352,3.3352980613708496
4393.0,0.12348786682099187,293.0,293.0,0.0,0.0003041585121239507,3.3355908393859863
4394.0,0.12336437895417088,293.0,293.0,0.0,0.0003017029485798,3.3358798027038574
4395.0,0.1232410145752167,293.0,293.0,0.0,0.0002992647812431822,3.336230993270874
4396.0,0.12311777356064149,293.0,293.0,2.0,0.0002968439065256153,3.336542844772339
4397.0,0.12299465578708085,293.0,293.0,0.0,0.00029444022131307126,3.336888074874878
4398.0,0.12287166113129377,293.0,293.0,0.0,0.0002920536229647189,3.3371918201446533
4399.0,0.12274878947016248,293.0,293.0,0.0,0.0002896840093116585,3.337509870529175
4400.0,0.12262604068069231,293.0,293.0,0.0,0.0002873312786556582,3.3378098011016846
4401.0,0.12250341464001162,293.0,293.0,0.0,0.000284995329767883,3.33811092376709
4402.0,0.1223809112253716,293.0,293.0,0.0,0.00028267606188763113,3.338404893875122
4403.0,0.12225853031414623,293.0,293.0,0.0,0.00028037337472105865,3.3387019634246826
4404.0,0.12213627178383209,293.0,293.0,0.0,0.00027808716843991034,3.3390018939971924
4405.0,0.12201413551204826,293.0,293.0,0.0,0.00027581734368024255,3.3392958641052246
4406.0,0.12189212137653621,293.0,293.0,0.0,0.0002735638015411508,3.3395888805389404
4407.0,0.12177022925515968,293.0,293.0,0.0,0.0002713264435834887,3.339862108230591
4408.0,0.12164845902590452,293.0,293.0,1.0,0.0002691051718285911,3.340172052383423
4409.0,0.12152681056687861,293.0,293.0,0.0,0.00026689988875699386,3.3404757976531982
4410.0,0.12140528375631174,293.0,293.0,1.0,0.00026471049730714927,3.340784788131714
4411.0,0.12128387847255542,293.0,293.0,0.0,0.00026253690087414455,3.3410937786102295
4412.0,0.12116259459408286,293.0,293.0,1.0,0.00026037900330841575,3.341391086578369
4413.0,0.12104143199948879,293.0,293.0,2.0,0.00025823670891446095,3.341689109802246
4414.0,0.1209203905674893,293.0,293.0,0.0,0.0002561099224495525,3.3419981002807617
4415.0,0.1207994701769218,293.0,293.0,0.0,0.00025399854912244735,3.342291831970215
4416.0,0.12067867070674489,293.0,293.0,1.0,0.0002519024945920978,3.342581033706665
4417.0,0.12055799203603815,293.0,293.0,0.0,0.000249821664966357,3.342872142791748
4418.0,0.1204374340440021,293.0,293.0,0.0,0.00024775596680068617,3.3431830406188965
4419.0,0.12031699660995811,293.0,293.0,0.0,0.0002457053070968627,3.3434879779815674
4420.0,0.12019667961334815,293.0,293.0,1.0,0.00024366959330168023,3.343787908554077
4421.0,0.1200764829337348,293.0,293.0,0.0,0.00024164873330565504,3.3440897464752197
4422.0,0.11995640645080106,293.0,293.0,0.0,0.0002396426354417264,3.3443918228149414
4423.0,0.11983645004435026,293.0,293.0,0.0,0.00023765120848395714,3.344702959060669
4424.0,0.11971661359430591,293.0,293.0,0.0,0.00023567436164623483,3.3450188636779785
4425.0,0.1195968969807116,293.0,293.0,0.0,0.00023371200458096813,3.3453259468078613
4426.0,0.11947730008373089,293.0,293.0,0.0,0.00023176404737778653,3.345623016357422
4427.0,0.11935782278364716,293.0,293.0,1.0,0.00022983040056223633,3.3459298610687256
4428.0,0.11923846496086352,293.0,293.0,0.0,0.00022791097509447555,3.3462319374084473
4429.0,0.11911922649590265,293.0,293.0,0.0,0.00022600568236796968,3.346529960632324
4430.0,0.11900010726940674,293.0,293.0,0.0,0.00022411443420818558,3.346837043762207
4431.0,0.11888110716213733,293.0,293.0,1.0,0.0002222371428712844,3.347146987915039
4432.0,0.11876222605497519,293.0,293.0,1.0,0.00022037372104281204,3.347484827041626
4433.0,0.11864346382892021,293.0,293.0,0.0,0.00021852408183639448,3.3477869033813477
4434.0,0.1185248203650913,293.0,293.0,1.0,0.000216688138792424,3.3480708599090576
4435.0,0.1184062955447262,293.0,293.0,0.0,0.00021486580587675252,3.3483588695526123
4436.0,0.11828788924918147,293.0,293.0,0.0,0.00021305699747937927,3.3486440181732178
4437.0,0.11816960135993229,293.0,293.0,0.0,0.00021126162841313923,3.348935842514038
4438.0,0.11805143175857236,293.0,293.0,0.0,0.00020947961391239205,3.3492207527160645
4439.0,0.11793338032681379,293.0,293.0,0.0,0.0002077108696317086,3.349522829055786
4440.0,0.11781544694648698,293.0,293.0,0.0,0.00020595531164455737,3.3498129844665527
4441.0,0.11769763149954049,293.0,293.0,0.0,0.0002042128564419922,3.3500988483428955
4442.0,0.11757993386804094,293.0,293.0,0.0,0.00020248342093133598,3.350395917892456
4443.0,0.1174623539341729,293.0,293.0,0.0,0.00020076692243486822,3.3506858348846436
4444.0,0.11734489158023872,293.0,293.0,0.0,0.00019906327868850714,3.3509879112243652
4445.0,0.11722754668865848,293.0,293.0,0.0,0.00019737240784049626,3.351294994354248
4446.0,0.11711031914196982,293.0,293.0,0.0,0.00019569422845008746,3.351578950881958
4447.0,0.11699320882282785,293.0,293.0,0.0,0.00019402865948622426,3.351940155029297
4448.0,0.11687621561400502,293.0,293.0,1.0,0.00019237562032622596,3.3522419929504395
4449.0,0.11675933939839102,293.0,293.0,0.0,0.00019073503075446924,3.3525278568267822
4450.0,0.11664258005899263,293.0,293.0,0.0,0.00018910681096107287,3.3528189659118652
4451.0,0.11652593747893364,293.0,293.0,0.0,0.00018749088154057804,3.3531179428100586
4452.0,0.1164094115414547,293.0,293.0,0.0,0.00018588716349063193,3.3533990383148193
4453.0,0.11629300212991325,293.0,293.0,1.0,0.00018429557821066968,3.353684902191162
4454.0,0.11617670912778334,293.0,293.0,1.0,0.00018271604750059572,3.3539810180664062
4455.0,0.11606053241865556,293.0,293.0,1.0,0.00018114849355946663,3.3542749881744385
4456.0,0.11594447188623691,293.0,293.0,0.0,0.00017959283898417113,3.354562997817993
4457.0,0.11582852741435068,293.0,293.0,0.0,0.0001780490067681136,3.35486102104187
4458.0,0.11571269888693633,293.0,293.0,0.0,0.00017651692029989468,3.3551580905914307
4459.0,0.1155969861880494,293.0,293.0,0.0,0.00017499650336199235,3.3554461002349854
4460.0,0.11548138920186135,293.0,293.0,0.0,0.00017348768012944511,3.355736017227173
4461.0,0.11536590781265949,293.0,293.0,0.0,0.00017199037516853275,3.35603404045105
4462.0,0.11525054190484682,293.0,293.0,0.0,0.0001705045134354574,3.3563179969787598
4463.0,0.11513529136294197,293.0,293.0,0.0,0.00016903002027502696,3.3566129207611084
4464.0,0.11502015607157903,293.0,293.0,0.0,0.00016756682141933645,3.356900930404663
4465.0,0.11490513591550745,293.0,293.0,0.0,0.00016611484298644923,3.357184886932373
4466.0,0.11479023077959194,293.0,293.0,0.0,0.00016467401147908086,3.357516050338745
4467.0,0.11467544054881235,293.0,293.0,0.0,0.00016324425378328087,3.357822895050049
4468.0,0.11456076510826353,293.0,293.0,1.0,0.00016182549716711606,3.3581268787384033
4469.0,0.11444620434315526,293.0,293.0,0.0,0.00016041766927935304,3.3584251403808594
4470.0,0.1143317581388121,293.0,293.0,1.0,0.00015902069814814228,3.3587231636047363
4471.0,0.1142174263806733,293.0,293.0,0.0,0.0001576345121797016,3.3590331077575684
4472.0,0.11410320895429263,293.0,293.0,0.0,0.00015625904015700013,3.3593389987945557
4473.0,0.11398910574533834,293.0,293.0,0.0,0.00015489421123844333,3.359657049179077
4474.0,0.113875116639593,293.0,293.0,0.0,0.0001535399549565569,3.3599517345428467
4475.0,0.11376124152295342,293.0,293.0,0.0,0.00015219620121667413,3.360250949859619
4476.0,0.11364748028143046,293.0,293.0,0.0,0.00015086288029561964,3.3605809211730957
4477.0,0.11353383280114902,293.0,293.0,0.0,0.00014953992284039643,3.3608949184417725
4478.0,0.11342029896834788,293.0,293.0,1.0,0.00014822725986687418,3.3612160682678223
4479.0,0.11330687866937952,293.0,293.0,0.0,0.0001469248227584742,3.3615658283233643
4480.0,0.11319357179071014,293.0,293.0,0.0,0.00014563254326485905,3.361860752105713
4481.0,0.11308037821891943,293.0,293.0,0.0,0.0001443503535006215,3.3621671199798584
4482.0,0.11296729784070052,293.0,293.0,0.0,0.00014307818594397234,3.362457752227783
4483.0,0.11285433054285982,293.0,293.0,0.0,0.0001418159734354311,3.36274790763855
4484.0,0.11274147621231695,293.0,293.0,0.0,0.00014056364917651703,3.363044023513794
4485.0,0.11262873473610463,293.0,293.0,1.0,0.00013932114672843935,3.3633439540863037
4486.0,0.11251610600136852,293.0,293.0,0.0,0.00013808840001079036,3.3636460304260254
4487.0,0.11240358989536715,293.0,293.0,0.0,0.00013686534330023802,3.363948106765747
4488.0,0.11229118630547179,293.0,293.0,0.0,0.0001356519112292186,3.364238977432251
4489.0,0.11217889511916632,293.0,293.0,0.0,0.00013444803878463188,3.3645408153533936
4490.0,0.11206671622404715,293.0,293.0,0.0,0.00013325366130653656,3.364827871322632
4491.0,0.1119546495078231,293.0,293.0,0.0,0.00013206871448684615,3.3651180267333984
4492.0,0.11184269485831529,293.0,293.0,0.0,0.00013089313436802526,3.365406036376953
4493.0,0.11173085216345698,293.0,293.0,0.0,0.0001297268573417889,3.365703821182251
4494.0,0.11161912131129352,293.0,293.0,0.0,0.00012856982014779973,3.3660099506378174
4495.0,0.11150750218998223,293.0,293.0,1.0,0.0001274219598723691,3.366288900375366
4496.0,0.11139599468779225,293.0,293.0,1.0,0.00012628321394715747,3.366588830947876
4497.0,0.11128459869310446,293.0,293.0,0.0,0.00012515352014787567,3.366873025894165
4498.0,0.11117331409441136,293.0,293.0,0.0,0.00012403281659298864,3.367166042327881
4499.0,0.11106214078031695,293.0,293.0,0.0,0.00012292104174241856,3.3674728870391846
4500.0,0.11095107863953664,293.0,293.0,0.0,0.0001218181343962503,3.3678019046783447
4501.0,0.1108401275608971,293.0,293.0,0.0,0.00012072403369343714,3.368112802505493
4502.0,0.11072928743333621,293.0,293.0,0.0,0.00011963867911050841,3.3684229850769043
4503.0,0.11061855814590288,293.0,293.0,0.0,0.00011856201046027743,3.3687407970428467
4504.0,0.11050793958775698,293.0,293.0,0.0,0.00011749396789055175,3.3690450191497803
4505.0,0.11039743164816923,293.0,293.0,0.0,0.00011643449188284263,3.369339942932129
4506.0,0.11028703421652106,293.0,293.0,0.0,0.0001153835232510786,3.369649887084961
4507.0,0.11017674718230454,293.0,293.0,0.0,0.00011434100314031737,3.3699469566345215
4508.0,0.11006657043512223,293.0,293.0,0.0,0.0001133068730254612,3.3702549934387207
4509.0,0.10995650386468711,293.0,293.0,0.0,0.00011228107470997238,3.3705499172210693
4510.0,0.10984654736082243,293.0,293.0,0.0,0.0001112635503245901,3.370858907699585
4511.0,0.10973670081346161,293.0,293.0,0.0,0.0001102542423260496,3.371156930923462
4512.0,0.10962696411264815,293.0,293.0,0.0,0.00010925309349580096,3.3714609146118164
4513.0,0.1095173371485355,293.0,293.0,0.0,0.00010826004693873161,3.371756076812744
4514.0,0.10940781981138696,293.0,293.0,1.0,0.00010727504608188769,3.3720619678497314
4515.0,0.10929841199157557,293.0,293.0,0.0,0.000106298034673199,3.372370958328247
4516.0,0.109189113579584,293.0,293.0,0.0,0.00010532895678020391,3.3727071285247803
4517.0,0.10907992446600441,293.0,293.0,1.0,0.00010436775678877696,3.3730077743530273
4518.0,0.10897084454153841,293.0,293.0,0.0,0.00010341437940185657,3.3733019828796387
4519.0,0.10886187369699687,293.0,293.0,0.0,0.00010246876963817547,3.373607873916626
4520.0,0.10875301182329988,293.0,293.0,1.0,0.00010153087283099224,3.3739020824432373
4521.0,0.10864425881147659,293.0,293.0,0.0,0.00010060063462682445,3.37420392036438
4522.0,0.10853561455266511,293.0,293.0,0.0,9.967800098418314e-05,3.374506950378418
4523.0,0.10842707893811245,293.0,293.0,1.0,9.876291817230903e-05,3.3748018741607666
4524.0,0.10831865185917433,293.0,293.0,1.0,9.785533276991067e-05,3.3751108646392822
4525.0,0.10821033320731516,293.0,293.0,0.0,9.69551916639038e-05,3.375419855117798
4526.0,0.10810212287410784,293.0,293.0,0.0,9.606244204815252e-05,3.375727891921997
4527.0,0.10799402075123372,293.0,293.0,0.0,9.517703142221254e-05,3.3760409355163574
4528.0,0.10788602673048249,293.0,293.0,0.0,9.429890759007518e-05,3.3763539791107178
4529.0,0.10777814070375201,293.0,293.0,2.0,9.342801865891438e-05,3.3766579627990723
4530.0,0.10767036256304825,293.0,293.0,0.0,9.256431303783379e-05,3.3769731521606445
4531.0,0.1075626922004852,293.0,293.0,0.0,9.170773943661782e-05,3.3772759437561035
4532.0,0.10745512950828472,293.0,293.0,0.0,9.085824686448246e-05,3.3775768280029297
4533.0,0.10734767437877643,293.0,293.0,0.0,9.00157846288284e-05,3.3778910636901855
4534.0,0.10724032670439765,293.0,293.0,0.0,8.918030233399751e-05,3.3781850337982178
4535.0,0.10713308637769325,293.0,293.0,0.0,8.835174988002863e-05,3.378492832183838
4536.0,0.10702595329131556,293.0,293.0,0.0,8.753007746141754e-05,3.378798723220825
4537.0,0.10691892733802424,293.0,293.0,0.0,8.671523556587671e-05,3.3790998458862305
4538.0,0.10681200841068622,293.0,293.0,0.0,8.590717497309923e-05,3.379387855529785
4539.0,0.10670519640227553,293.0,293.0,0.0,8.51058467535227e-05,3.379685878753662
4540.0,0.10659849120587325,293.0,293.0,0.0,8.431120226709575e-05,3.379995822906494
4541.0,0.10649189271466739,293.0,293.0,0.0,8.352319316204744e-05,3.3802947998046875
4542.0,0.10638540082195272,293.0,293.0,0.0,8.274177137365667e-05,3.38059401512146
4543.0,0.10627901542113076,293.0,293.0,0.0,8.196688912302562e-05,3.380894899368286
4544.0,0.10617273640570962,293.0,293.0,1.0,8.119849891585373e-05,3.38122296333313
4545.0,0.1060665636693039,293.0,293.0,1.0,8.043655354121464e-05,3.381519079208374
4546.0,0.1059604971056346,293.0,293.0,1.0,7.968100607033464e-05,3.3818199634552
4547.0,0.10585453660852896,293.0,293.0,1.0,7.893180985537306e-05,3.3821229934692383
4548.0,0.10574868207192044,293.0,293.0,0.0,7.818891852820573e-05,3.3824219703674316
4549.0,0.10564293338984852,293.0,293.0,0.0,7.745228599920924e-05,3.3827598094940186
4550.0,0.10553729045645867,293.0,293.0,1.0,7.672186645604786e-05,3.3830618858337402
4551.0,0.10543175316600222,293.0,293.0,0.0,7.599761436246364e-05,3.3833529949188232
4552.0,0.10532632141283621,293.0,293.0,0.0,7.527948445706631e-05,3.383626937866211
4553.0,0.10522099509142338,293.0,293.0,0.0,7.456743175212779e-05,3.383920907974243
4554.0,0.10511577409633195,293.0,293.0,0.0,7.386141153237718e-05,3.384208917617798
4555.0,0.10501065832223562,293.0,293.0,0.0,7.316137935379923e-05,3.3844988346099854
4556.0,0.10490564766391339,293.0,293.0,0.0,7.246729104243356e-05,3.3847899436950684
4557.0,0.10480074201624948,293.0,293.0,0.0,7.177910269317782e-05,3.3850927352905273
4558.0,0.10469594127423322,293.0,293.0,1.0,7.109677066859121e-05,3.3853979110717773
4559.0,0.104591245332959,293.0,293.0,0.0,7.042025159770283e-05,3.3857059478759766
4560.0,0.10448665408762603,293.0,293.0,1.0,6.974950237481879e-05,3.386007070541382
4561.0,0.1043821674335384,293.0,293.0,0.0,6.908448015833551e-05,3.386314868927002
4562.0,0.10427778526610486,293.0,293.0,1.0,6.842514236955196e-05,3.386650800704956
4563.0,0.10417350748083876,293.0,293.0,0.0,6.777144669148674e-05,3.3869528770446777
4564.0,0.10406933397335792,293.0,293.0,1.0,6.712335106769573e-05,3.3872599601745605
4565.0,0.10396526463938456,293.0,293.0,0.0,6.648081370109336e-05,3.387558937072754
4566.0,0.10386129937474517,293.0,293.0,1.0,6.584379305277517e-05,3.387855052947998
4567.0,0.10375743807537043,293.0,293.0,0.0,6.521224784084419e-05,3.3881521224975586
4568.0,0.10365368063729506,293.0,293.0,0.0,6.458613703923788e-05,3.3884620666503906
4569.0,0.10355002695665777,293.0,293.0,1.0,6.396541987655911e-05,3.38877010345459
4570.0,0.10344647692970112,293.0,293.0,0.0,6.335005583490862e-05,3.3890700340270996
4571.0,0.10334303045277142,293.0,293.0,0.0,6.274000464872064e-05,3.3893749713897705
4572.0,0.10323968742231865,293.0,293.0,0.0,6.213522630359984e-05,3.389662981033325
4573.0,0.10313644773489633,293.0,293.0,0.0,6.153568103516255e-05,3.389967918395996
4574.0,0.10303331128716144,293.0,293.0,0.0,6.094132932787838e-05,3.3902719020843506
4575.0,0.10293027797587427,293.0,293.0,0.0,6.035213191391608e-05,3.390589952468872
4576.0,0.10282734769789839,293.0,293.0,1.0,5.976804977199071e-05,3.3908910751342773
4577.0,0.1027245203502005,293.0,293.0,0.0,5.9189044126214596e-05,3.391201972961426
4578.0,0.10262179582985029,293.0,293.0,0.0,5.861507644494915e-05,3.391500949859619
4579.0,0.10251917403402044,293.0,293.0,0.0,5.80461084396609e-05,3.3918190002441406
4580.0,0.10241665485998643,293.0,293.0,1.0,5.748210206377899e-05,3.3921279907226562
4581.0,0.10231423820512645,293.0,293.0,0.0,5.692301951155604e-05,3.392422914505005
4582.0,0.10221192396692132,293.0,293.0,1.0,5.636882321693075e-05,3.392725944519043
4583.0,0.1021097120429544,293.0,293.0,0.0,5.581947585239408e-05,3.3930270671844482
4584.0,0.10200760233091144,293.0,293.0,0.0,5.527494032785704e-05,3.393332004547119
4585.0,0.10190559472858053,293.0,293.0,0.0,5.473517978952208e-05,3.3936257362365723
4586.0,0.10180368913385195,293.0,293.0,0.0,5.4200157618756456e-05,3.3939290046691895
4587.0,0.10170188544471809,293.0,293.0,0.0,5.3669837430968677e-05,3.394243001937866
4588.0,0.10160018355927337,293.0,293.0,1.0,5.314418307448711e-05,3.394541025161743
4589.0,0.1014985833757141,293.0,293.0,0.0,5.262315862944189e-05,3.394847869873047
4590.0,0.10139708479233839,293.0,293.0,2.0,5.2106728406649124e-05,3.3951408863067627
4591.0,0.10129568770754604,293.0,293.0,1.0,5.1594856946497854e-05,3.3954288959503174
4592.0,0.1011943920198385,293.0,293.0,0.0,5.1087509017839754e-05,3.3957250118255615
4593.0,0.10109319762781867,293.0,293.0,0.0,5.0584649616882e-05,3.396059989929199
4594.0,0.10099210443019085,293.0,293.0,0.0,5.008624396608171e-05,3.3963489532470703
4595.0,0.10089111232576066,293.0,293.0,0.0,4.959225751304463e-05,3.3966479301452637
4596.0,0.1007902212134349,293.0,293.0,0.0,4.910265592942555e-05,3.3969619274139404
4597.0,0.10068943099222145,293.0,293.0,0.0,4.86174051098317e-05,3.397263765335083
4598.0,0.10058874156122924,293.0,293.0,0.0,4.8136471170729394e-05,3.3975679874420166
4599.0,0.10048815281966801,293.0,293.0,0.0,4.765982044935248e-05,3.3979039192199707
4600.0,0.10038766466684834,293.0,293.0,0.0,4.71874195026149e-05,3.3982009887695312
4601.0,0.1002872770021815,293.0,293.0,0.0,4.6719235106025046e-05,3.3984999656677246
4602.0,0.10018698972517932,293.0,293.0,0.0,4.625523425260314e-05,3.398803949356079
4603.0,0.10008680273545414,293.0,293.0,0.0,4.579538415180191e-05,3.399106025695801
4604.0,0.09998671593271868,293.0,293.0,0.0,4.533965222842968e-05,3.399405002593994
4605.0,0.09988672921678597,293.0,293.0,1.0,4.488800612157637e-05,3.3997039794921875
4606.0,0.09978684248756918,293.0,293.0,0.0,4.4440413683542345e-05,3.400012969970703
4607.0,0.09968705564508161,293.0,293.0,0.0,4.399684297877057e-05,3.4003288745880127
4608.0,0.09958736858943652,293.0,293.0,0.0,4.355726228278063e-05,3.4006359577178955
4609.0,0.09948778122084709,293.0,293.0,0.0,4.31216400811072e-05,3.4009499549865723
4610.0,0.09938829343962624,293.0,293.0,0.0,4.268994506823958e-05,3.4012598991394043
4611.0,0.09928890514618662,293.0,293.0,0.0,4.2262146146565827e-05,3.4015579223632812
4612.0,0.09918961624104043,293.0,293.0,0.0,4.1838212425318636e-05,3.401841878890991
4613.0,0.09909042662479939,293.0,293.0,0.0,4.141811321952471e-05,3.402148962020874
4614.0,0.09899133619817459,293.0,293.0,1.0,4.1001818048956804e-05,3.4024460315704346
4615.0,0.09889234486197641,293.0,293.0,0.0,4.058929663708924e-05,3.4027578830718994
4616.0,0.09879345251711444,293.0,293.0,0.0,4.0180518910055304e-05,3.403064012527466
4617.0,0.09869465906459732,293.0,293.0,0.0,3.9775454995608936e-05,3.4033658504486084
4618.0,0.09859596440553273,293.0,293.0,1.0,3.937407522208825e-05,3.4036688804626465
4619.0,0.09849736844112719,293.0,293.0,0.0,3.8976350117382725e-05,3.403970956802368
4620.0,0.09839887107268606,293.0,293.0,1.0,3.858225040790319e-05,3.404275894165039
4621.0,0.09830047220161338,293.0,293.0,0.0,3.819174701755469e-05,3.4045698642730713
4622.0,0.09820217172941177,293.0,293.0,0.0,3.7804811066712265e-05,3.4048659801483154
4623.0,0.09810396955768236,293.0,293.0,0.0,3.7421413871200304e-05,3.4051778316497803
4624.0,0.09800586558812467,293.0,293.0,0.0,3.70415269412741e-05,3.405489921569824
4625.0,0.09790785972253654,293.0,293.0,0.0,3.666512198060526e-05,3.405789852142334
4626.0,0.097809951862814,293.0,293.0,0.0,3.629217088526919e-05,3.4061100482940674
4627.0,0.09771214191095119,293.0,293.0,0.0,3.5922645742736714e-05,3.4064059257507324
4628.0,0.09761442976904024,293.0,293.0,0.0,3.5556518830867635e-05,3.406705856323242
4629.0,0.0975168153392712,293.0,293.0,0.0,3.519376261690829e-05,3.4070119857788086
4630.0,0.09741929852393193,293.0,293.0,1.0,3.4834349756491434e-05,3.407320976257324
4631.0,0.097321879225408,293.0,293.0,0.0,3.447825309263984e-05,3.4076290130615234
4632.0,0.09722455734618259,293.0,293.0,0.0,3.41254456547721e-05,3.407926082611084
4633.0,0.09712733278883641,293.0,293.0,0.0,3.377590065771269e-05,3.4082319736480713
4634.0,0.09703020545604757,293.0,293.0,0.0,3.342959150070363e-05,3.4085371494293213
4635.0,0.09693317525059152,293.0,293.0,0.0,3.308649176642093e-05,3.4088330268859863
4636.0,0.09683624207534093,293.0,293.0,0.0,3.274657521999244e-05,3.4091358184814453
4637.0,0.0967394058332656,293.0,293.0,1.0,3.240981580802e-05,3.409430980682373
4638.0,0.09664266642743233,293.0,293.0,0.0,3.207618765760431e-05,3.409726858139038
4639.0,0.09654602376100489,293.0,293.0,0.0,3.174566507537264e-05,3.410048007965088
4640.0,0.09644947773724388,293.0,293.0,0.0,3.1418222546509985e-05,3.410350799560547
4641.0,0.09635302825950665,293.0,293.0,1.0,3.109383473379347e-05,3.4106650352478027
4642.0,0.09625667523124713,293.0,293.0,0.0,3.077247647662908e-05,3.410978078842163
4643.0,0.09616041855601588,293.0,293.0,0.0,3.0454122790092706e-05,3.411280870437622
4644.0,0.09606425813745986,293.0,293.0,0.0,3.0138748863973255e-05,3.4115829467773438
4645.0,0.0959681938793224,293.0,293.0,0.0,2.9826330061819607e-05,3.4118878841400146
4646.0,0.09587222568544308,293.0,293.0,0.0,2.9516841919990142e-05,3.4121899604797363
4647.0,0.09577635345975764,293.0,293.0,0.0,2.9210260146706013e-05,3.4124929904937744
4648.0,0.09568057710629789,293.0,293.0,1.0,2.890656062110699e-05,3.4127957820892334
4649.0,0.0955848965291916,293.0,293.0,0.0,2.860571939231092e-05,3.413097858428955
4650.0,0.0954893116326624,293.0,293.0,0.0,2.8307712678476108e-05,3.4133999347686768
4651.0,0.09539382232102973,293.0,293.0,0.0,2.8012516865866756e-05,3.4137017726898193
4652.0,0.0952984284987087,293.0,293.0,0.0,2.7720108507921868e-05,3.414008140563965
4653.0,0.09520313007021,293.0,293.0,0.0,2.7430464324327163e-05,3.4143338203430176
4654.0,0.0951079269401398,293.0,293.0,0.0,2.714356120008993e-05,3.414639949798584
4655.0,0.09501281901319965,293.0,293.0,0.0,2.6859376184617475e-05,3.4149460792541504
4656.0,0.09491780619418645,293.0,293.0,0.0,2.657788649079861e-05,3.4152379035949707
4657.0,0.09482288838799227,293.0,293.0,0.0,2.6299069494088046e-05,3.41554594039917
4658.0,0.09472806549960427,293.0,293.0,0.0,2.602290273159433e-05,3.4158411026000977
4659.0,0.09463333743410467,293.0,293.0,0.0,2.574936390117077e-05,3.416140079498291
4660.0,0.09453870409667056,293.0,293.0,0.0,2.5478430860509643e-05,3.4164438247680664
4661.0,0.09444416539257389,293.0,293.0,0.0,2.521008162623946e-05,3.4167470932006836
4662.0,0.09434972122718131,293.0,293.0,1.0,2.4944294373025634e-05,3.417052984237671
4663.0,0.09425537150595413,293.0,293.0,0.0,2.468104743267415e-05,3.417479991912842
4664.0,0.09416111613444818,293.0,293.0,0.0,2.442031929323846e-05,3.417793035507202
4665.0,0.09406695501831373,293.0,293.0,0.0,2.416208859812978e-05,3.418099880218506
4666.0,0.09397288806329541,293.0,293.0,0.0,2.3906334145230156e-05,3.4184648990631104
4667.0,0.09387891517523211,293.0,293.0,0.0,2.3653034886009397e-05,3.4187660217285156
4668.0,0.09378503626005688,293.0,293.0,1.0,2.3402169924644597e-05,3.4190731048583984
4669.0,0.09369125122379682,293.0,293.0,0.0,2.3153718517142987e-05,3.4193778038024902
4670.0,0.09359755997257302,293.0,293.0,0.0,2.2907660070468406e-05,3.419674873352051
4671.0,0.09350396241260045,293.0,293.0,0.0,2.2663974141670473e-05,3.4199769496917725
4672.0,0.09341045845018785,293.0,293.0,0.0,2.2422640437017224e-05,3.420279026031494
4673.0,0.09331704799173766,293.0,293.0,0.0,2.218363881113096e-05,3.420583963394165
4674.0,0.09322373094374593,293.0,293.0,0.0,2.1946949266127214e-05,3.4208929538726807
4675.0,0.0931305072128022,293.0,293.0,1.0,2.1712551950757172e-05,3.4211888313293457
