step,temperature,best_hpwl,current_hpwl,accepted_moves,boltzmann_prob,elapsed_time_sec
1.0,10.0,1617.0,1785.0,1031.0,0.9048374180359595,2.9087066650390625e-05
2.0,9.99,1617.0,1745.0,1015.0,0.9047468482529377,0.008022069931030273
3.0,9.98001,1568.0,1788.0,993.0,0.9046561968886792,0.016185998916625977
4.0,9.97002999,1568.0,1861.0,1030.0,0.9045654638787952,0.024132966995239258
5.0,9.96005996001,1568.0,1726.0,999.0,0.9044746491588648,0.03211712837219238
6.0,9.95009990004999,1568.0,1689.0,967.0,0.904383752664434,0.0400700569152832
7.0,9.940149800149939,1568.0,1729.0,959.0,0.9042927743310167,0.04790616035461426
8.0,9.93020965034979,1568.0,1797.0,998.0,0.9042017140940946,0.055789947509765625
9.0,9.92027944069944,1568.0,1677.0,991.0,0.9041105718891163,0.06358599662780762
10.0,9.910359161258741,1568.0,1683.0,984.0,0.9040193476514986,0.07142305374145508
11.0,9.900448802097483,1568.0,1712.0,945.0,0.9039280413166257,0.07936811447143555
12.0,9.890548353295385,1568.0,1682.0,964.0,0.9038366528198497,0.08734488487243652
13.0,9.88065780494209,1568.0,1635.0,1059.0,0.9037451820964901,0.09515810012817383
14.0,9.870777147137147,1562.0,1776.0,959.0,0.9036536290818343,0.10309505462646484
15.0,9.86090636999001,1562.0,1698.0,969.0,0.9035619937111373,0.11106991767883301
16.0,9.85104546362002,1562.0,1838.0,950.0,0.9034702759196221,0.11893677711486816
17.0,9.8411944181564,1562.0,1647.0,971.0,0.9033784756424792,0.12671279907226562
18.0,9.831353223738244,1532.0,1686.0,958.0,0.9032865928148672,0.1345071792602539
19.0,9.821521870514506,1532.0,1690.0,897.0,0.9031946273719123,0.14272212982177734
20.0,9.81170034864399,1532.0,1739.0,977.0,0.9031025792487087,0.1508009433746338
21.0,9.801888648295346,1532.0,1715.0,947.0,0.9030104483803185,0.1586911678314209
22.0,9.79208675964705,1532.0,1742.0,951.0,0.9029182347017718,0.1661849021911621
23.0,9.782294672887403,1532.0,1760.0,928.0,0.9028259381480663,0.17438101768493652
24.0,9.772512378214515,1532.0,1707.0,984.0,0.9027335586541682,0.18221592903137207
25.0,9.7627398658363,1532.0,1674.0,933.0,0.9026410961550111,0.1900770664215088
26.0,9.752977125970464,1532.0,1780.0,969.0,0.9025485505854971,0.19775795936584473
27.0,9.743224148844494,1532.0,1784.0,1021.0,0.9024559218804963,0.20553302764892578
28.0,9.73348092469565,1532.0,1842.0,931.0,0.9023632099748465,0.2135159969329834
29.0,9.723747443770954,1532.0,1708.0,943.0,0.902270414803354,0.22124099731445312
30.0,9.714023696327184,1532.0,1775.0,928.0,0.9021775363007932,0.22901511192321777
31.0,9.704309672630856,1532.0,1816.0,1021.0,0.9020845744019065,0.23709917068481445
32.0,9.694605362958225,1532.0,1718.0,986.0,0.9019915290414043,0.24509596824645996
33.0,9.684910757595267,1532.0,1753.0,900.0,0.9018984001539658,0.2530179023742676
34.0,9.675225846837671,1532.0,1719.0,952.0,0.9018051876742379,0.26112890243530273
35.0,9.665550620990834,1532.0,1742.0,926.0,0.901711891536836,0.26887989044189453
36.0,9.655885070369843,1532.0,1727.0,956.0,0.9016185116763438,0.2770869731903076
37.0,9.646229185299473,1532.0,1765.0,1001.0,0.901525048027313,0.29059314727783203
38.0,9.636582956114173,1532.0,1751.0,916.0,0.9014315005242642,0.2987961769104004
39.0,9.62694637315806,1532.0,1788.0,941.0,0.9013378691016861,0.3067359924316406
40.0,9.617319426784901,1532.0,1729.0,923.0,0.9012441536940357,0.3142969608306885
41.0,9.607702107358117,1532.0,1754.0,964.0,0.9011503542357384,0.32189393043518066
42.0,9.598094405250759,1532.0,1762.0,1005.0,0.9010564706611884,0.3294799327850342
43.0,9.588496310845509,1532.0,1677.0,946.0,0.9009625029047481,0.337169885635376
44.0,9.578907814534663,1532.0,1681.0,901.0,0.9008684509007485,0.3447580337524414
45.0,9.569328906720129,1532.0,1659.0,877.0,0.9007743145834891,0.35236597061157227
46.0,9.55975957781341,1532.0,1728.0,931.0,0.9006800938872381,0.35982799530029297
47.0,9.550199818235596,1532.0,1675.0,922.0,0.9005857887462322,0.3674430847167969
48.0,9.54064961841736,1532.0,1582.0,949.0,0.9004913990946766,0.3750579357147217
49.0,9.531108968798943,1532.0,1773.0,945.0,0.9003969248667455,0.38265514373779297
50.0,9.521577859830144,1532.0,1830.0,951.0,0.9003023659965814,0.39008378982543945
51.0,9.512056281970313,1532.0,1663.0,927.0,0.900207722418296,0.39769601821899414
52.0,9.502544225688343,1526.0,1712.0,846.0,0.9001129940659692,0.40529322624206543
53.0,9.493041681462655,1526.0,1612.0,868.0,0.9000181808736503,0.41262197494506836
54.0,9.483548639781192,1526.0,1713.0,851.0,0.8999232827753565,0.4219930171966553
55.0,9.47406509114141,1526.0,1716.0,898.0,0.8998282997050749,0.4295690059661865
56.0,9.464591026050268,1526.0,1804.0,896.0,0.8997332315967607,0.4373021125793457
57.0,9.455126435024217,1526.0,1753.0,906.0,0.8996380783843384,0.4449758529663086
58.0,9.445671308589192,1526.0,1645.0,893.0,0.8995428400017011,0.45250582695007324
59.0,9.436225637280604,1526.0,1683.0,970.0,0.8994475163827113,0.4600069522857666
60.0,9.426789411643323,1526.0,1785.0,933.0,0.8993521074612001,0.46761608123779297
61.0,9.41736262223168,1526.0,1721.0,898.0,0.8992566131709677,0.47522592544555664
62.0,9.407945259609448,1526.0,1718.0,887.0,0.8991610334457835,0.48270392417907715
63.0,9.39853731434984,1526.0,1886.0,839.0,0.8990653682193858,0.49001407623291016
64.0,9.38913877703549,1526.0,1726.0,944.0,0.8989696174254821,0.4973940849304199
65.0,9.379749638258454,1526.0,1773.0,883.0,0.8988737809977492,0.504641056060791
66.0,9.370369888620196,1526.0,1774.0,853.0,0.8987778588698327,0.512037992477417
67.0,9.360999518731576,1526.0,1758.0,778.0,0.8986818509753478,0.5193219184875488
68.0,9.351638519212845,1526.0,1660.0,902.0,0.8985857572478786,0.5267720222473145
69.0,9.342286880693631,1526.0,1659.0,957.0,0.8984895776209788,0.5342321395874023
70.0,9.332944593812938,1526.0,1708.0,807.0,0.8983933120281711,0.5416460037231445
71.0,9.323611649219124,1526.0,1710.0,822.0,0.8982969604029476,0.5491359233856201
72.0,9.314288037569906,1526.0,1780.0,893.0,0.89820052267877,0.5566458702087402
73.0,9.304973749532335,1526.0,1731.0,792.0,0.8981039987890691,0.5641269683837891
74.0,9.295668775782802,1526.0,1659.0,877.0,0.8980073886672453,0.5715169906616211
75.0,9.28637310700702,1526.0,1743.0,890.0,0.8979106922466684,0.5788519382476807
76.0,9.277086733900012,1526.0,1677.0,853.0,0.8978139094606776,0.5861141681671143
77.0,9.267809647166112,1526.0,1776.0,810.0,0.897717040242582,0.5934491157531738
78.0,9.258541837518946,1526.0,1670.0,850.0,0.8976200845256598,0.6009190082550049
79.0,9.249283295681426,1526.0,1622.0,800.0,0.8975230422431588,0.6084911823272705
80.0,9.240034012385745,1526.0,1709.0,849.0,0.897425913328297,0.61568284034729
81.0,9.23079397837336,1526.0,1705.0,842.0,0.8973286977142614,0.6230840682983398
82.0,9.221563184394986,1526.0,1677.0,803.0,0.897231395334209,0.6303739547729492
83.0,9.21234162121059,1526.0,1658.0,891.0,0.8971340061212666,0.6376731395721436
84.0,9.20312927958938,1526.0,1712.0,826.0,0.8970365300085305,0.6452109813690186
85.0,9.19392615030979,1526.0,1658.0,843.0,0.8969389669290669,0.652642011642456
86.0,9.18473222415948,1526.0,1736.0,884.0,0.8968413168159121,0.6599240303039551
87.0,9.17554749193532,1526.0,1753.0,875.0,0.8967435796020717,0.6672799587249756
88.0,9.166371944443386,1526.0,1811.0,829.0,0.8966457552205218,0.6745700836181641
89.0,9.157205572498942,1526.0,1707.0,867.0,0.8965478436042079,0.6818051338195801
90.0,9.148048366926442,1526.0,1814.0,884.0,0.8964498446860459,0.6891191005706787
91.0,9.138900318559516,1526.0,1654.0,859.0,0.8963517583989214,0.696364164352417
92.0,9.129761418240957,1526.0,1755.0,863.0,0.8962535846756903,0.7035260200500488
93.0,9.120631656822717,1526.0,1684.0,839.0,0.8961553234491781,0.7108738422393799
94.0,9.111511025165894,1526.0,1694.0,839.0,0.896056974652181,0.7180721759796143
95.0,9.102399514140728,1526.0,1684.0,827.0,0.895958538217465,0.7252109050750732
96.0,9.093297114626587,1526.0,1706.0,752.0,0.895860014077766,0.7324931621551514
97.0,9.08420381751196,1525.0,1700.0,832.0,0.8957614021657909,0.739569902420044
98.0,9.075119613694449,1525.0,1751.0,824.0,0.8956627024142161,0.7467548847198486
99.0,9.066044494080755,1525.0,1775.0,955.0,0.8955639147556885,0.7538819313049316
100.0,9.056978449586675,1525.0,1807.0,849.0,0.8954650391228255,0.7611038684844971
101.0,9.047921471137087,1525.0,1800.0,839.0,0.8953660754482147,0.7682230472564697
102.0,9.03887354966595,1525.0,1699.0,869.0,0.895267023664414,0.7753210067749023
103.0,9.029834676116284,1525.0,1786.0,843.0,0.8951678837039518,0.7825689315795898
104.0,9.020804841440167,1525.0,1680.0,779.0,0.8950686554993272,0.7896409034729004
105.0,9.011784036598728,1525.0,1709.0,848.0,0.8949693389830096,0.7967491149902344
106.0,9.00277225256213,1525.0,1672.0,883.0,0.8948699340874385,0.8036959171295166
107.0,8.993769480309567,1525.0,1725.0,837.0,0.8947704407450249,0.810805082321167
108.0,8.984775710829258,1525.0,1652.0,883.0,0.8946708588881496,0.8178460597991943
109.0,8.975790935118429,1525.0,1797.0,857.0,0.8945711884491643,0.8249669075012207
110.0,8.966815144183311,1525.0,1634.0,812.0,0.8944714293603915,0.8321750164031982
111.0,8.957848329039127,1525.0,1757.0,777.0,0.8943715815541243,0.839418888092041
112.0,8.948890480710087,1525.0,1657.0,837.0,0.8942716449626267,0.8466620445251465
113.0,8.939941590229378,1525.0,1678.0,773.0,0.8941716195181333,0.8538730144500732
114.0,8.931001648639148,1525.0,1748.0,825.0,0.8940715051528495,0.8610272407531738
115.0,8.922070646990509,1525.0,1717.0,821.0,0.8939713017989519,0.8680930137634277
116.0,8.913148576343518,1525.0,1743.0,760.0,0.8938710093885877,0.8752200603485107
117.0,8.904235427767174,1525.0,1800.0,777.0,0.8937706278538751,0.8822968006134033
118.0,8.895331192339407,1525.0,1665.0,763.0,0.8936701571269032,0.8894391059875488
119.0,8.886435861147067,1525.0,1679.0,863.0,0.8935695971397325,0.8963010311126709
120.0,8.87754942528592,1525.0,1578.0,791.0,0.8934689478243942,0.9032459259033203
121.0,8.868671875860635,1496.0,1698.0,866.0,0.8933682091128906,0.9101560115814209
122.0,8.859803203984773,1496.0,1679.0,766.0,0.8932673809371954,0.9171860218048096
123.0,8.850943400780789,1496.0,1649.0,746.0,0.8931664632292532,0.9242708683013916
124.0,8.842092457380009,1496.0,1664.0,812.0,0.89306545592098,0.931394100189209
125.0,8.833250364922629,1496.0,1708.0,794.0,0.8929643589442628,0.9383461475372314
126.0,8.824417114557706,1496.0,1710.0,792.0,0.8928631722309603,0.9453980922698975
127.0,8.815592697443149,1496.0,1680.0,807.0,0.8927618957129024,0.9521169662475586
128.0,8.806777104745706,1496.0,1787.0,788.0,0.8926605293218901,0.9590530395507812
129.0,8.79797032764096,1496.0,1730.0,806.0,0.892559072989696,0.9661059379577637
130.0,8.78917235731332,1496.0,1695.0,834.0,0.8924575266480642,0.9728028774261475
131.0,8.780383184956007,1496.0,1689.0,832.0,0.8923558902287104,0.9797608852386475
132.0,8.771602801771051,1496.0,1645.0,783.0,0.8922541636633216,0.9866960048675537
133.0,8.76283119896928,1496.0,1718.0,760.0,0.8921523468835563,0.9935600757598877
134.0,8.75406836777031,1496.0,1662.0,794.0,0.892050439821045,1.000654935836792
135.0,8.74531429940254,1496.0,1752.0,726.0,0.8919484424073897,1.0076658725738525
136.0,8.736568985103139,1496.0,1873.0,860.0,0.8918463545741638,1.0147221088409424
137.0,8.727832416118035,1496.0,1645.0,828.0,0.891744176252913,1.0216169357299805
138.0,8.719104583701917,1496.0,1725.0,780.0,0.8916419073751543,1.028505802154541
139.0,8.710385479118214,1496.0,1825.0,753.0,0.8915395478723765,1.0353460311889648
140.0,8.701675093639096,1496.0,1661.0,756.0,0.8914370976760408,1.0424132347106934
141.0,8.692973418545456,1496.0,1698.0,779.0,0.8913345567175798,1.0493409633636475
142.0,8.68428044512691,1496.0,1786.0,744.0,0.8912319249283982,1.0560810565948486
143.0,8.675596164681783,1496.0,1742.0,822.0,0.8911292022398727,1.0628750324249268
144.0,8.666920568517101,1496.0,1762.0,739.0,0.891026388583352,1.0697579383850098
145.0,8.658253647948584,1496.0,1688.0,746.0,0.8909234838901571,1.0766558647155762
146.0,8.649595394300635,1496.0,1818.0,724.0,0.8908204880915807,1.0835869312286377
147.0,8.640945798906333,1496.0,1733.0,787.0,0.890717401118888,1.0906078815460205
148.0,8.632304853107428,1496.0,1716.0,760.0,0.8906142229033163,1.0975549221038818
149.0,8.623672548254321,1496.0,1800.0,783.0,0.890510953376075,1.1048641204833984
150.0,8.615048875706067,1484.0,1646.0,654.0,0.890407592468346,1.1118290424346924
151.0,8.606433826830362,1484.0,1675.0,682.0,0.8903041401112836,1.118872880935669
152.0,8.59782739300353,1484.0,1564.0,680.0,0.890200596236014,1.1256988048553467
153.0,8.589229565610527,1484.0,1713.0,715.0,0.8900969607736364,1.1326348781585693
154.0,8.580640336044917,1484.0,1729.0,766.0,0.8899932336552221,1.1394588947296143
155.0,8.572059695708871,1484.0,1723.0,784.0,0.8898894148118152,1.1462740898132324
156.0,8.563487636013162,1484.0,1716.0,765.0,0.8897855041744318,1.1531548500061035
157.0,8.554924148377149,1484.0,1749.0,786.0,0.8896815016740613,1.160017967224121
158.0,8.546369224228771,1479.0,1628.0,715.0,0.8895774072416653,1.1669390201568604
159.0,8.537822855004542,1479.0,1659.0,757.0,0.8894732208081781,1.1737639904022217
160.0,8.529285032149538,1479.0,1744.0,730.0,0.889368942304507,1.1806640625
161.0,8.520755747117388,1479.0,1562.0,776.0,0.8892645716615317,1.1875238418579102
162.0,8.51223499137027,1479.0,1655.0,726.0,0.8891601088101049,1.1942532062530518
163.0,8.5037227563789,1479.0,1629.0,687.0,0.8890555536810523,1.2010619640350342
164.0,8.495219033622522,1479.0,1706.0,754.0,0.8889509062051723,1.2077689170837402
165.0,8.486723814588899,1479.0,1674.0,670.0,0.8888461663132362,1.2144651412963867
166.0,8.47823709077431,1479.0,1631.0,683.0,0.8887413339359888,1.2212228775024414
167.0,8.469758853683537,1479.0,1775.0,716.0,0.8886364090041471,1.2277629375457764
168.0,8.461289094829853,1479.0,1627.0,717.0,0.888531391448402,1.2345399856567383
169.0,8.452827805735023,1479.0,1637.0,691.0,0.888426281199417,1.2413179874420166
170.0,8.444374977929288,1479.0,1813.0,758.0,0.8883210781878291,1.2479031085968018
171.0,8.435930602951359,1479.0,1721.0,718.0,0.8882157823442485,1.254662036895752
172.0,8.427494672348407,1479.0,1681.0,706.0,0.8881103935992584,1.2613840103149414
173.0,8.419067177676059,1479.0,1775.0,682.0,0.8880049118834156,1.2680490016937256
174.0,8.410648110498382,1479.0,1685.0,783.0,0.8878993371272501,1.274756908416748
175.0,8.402237462387884,1479.0,1785.0,697.0,0.8877936692612655,1.2814290523529053
176.0,8.393835224925496,1479.0,1713.0,714.0,0.8876879082159387,1.2881648540496826
177.0,8.38544138970057,1479.0,1690.0,714.0,0.8875820539217203,1.2948660850524902
178.0,8.37705594831087,1479.0,1794.0,737.0,0.8874761063090342,1.301476001739502
179.0,8.36867889236256,1479.0,1657.0,720.0,0.8873700653082781,1.3081979751586914
180.0,8.360310213470198,1479.0,1757.0,736.0,0.8872639308498232,1.3148601055145264
181.0,8.351949903256727,1479.0,1698.0,781.0,0.8871577028640146,1.3214130401611328
182.0,8.34359795335347,1479.0,1623.0,702.0,0.8870513812811711,1.3280820846557617
183.0,8.335254355400117,1479.0,1623.0,645.0,0.8869449660315851,1.3346288204193115
184.0,8.326919101044718,1479.0,1635.0,700.0,0.8868384570455231,1.341313123703003
185.0,8.318592181943673,1479.0,1774.0,749.0,0.8867318542532254,1.3479640483856201
186.0,8.31027358976173,1479.0,1610.0,660.0,0.8866251575849061,1.3545160293579102
187.0,8.301963316171967,1479.0,1765.0,682.0,0.8865183669707536,1.361279010772705
188.0,8.293661352855796,1479.0,1725.0,748.0,0.88641148234093,1.3679089546203613
189.0,8.285367691502941,1479.0,1659.0,724.0,0.8863045036255719,1.3745980262756348
190.0,8.277082323811438,1479.0,1531.0,687.0,0.8861974307547895,1.3811259269714355
191.0,8.268805241487627,1479.0,1689.0,700.0,0.8860902636586678,1.388159990310669
192.0,8.26053643624614,1479.0,1704.0,671.0,0.8859830022672656,1.3948440551757812
193.0,8.252275899809893,1479.0,1636.0,658.0,0.885875646510616,1.401447057723999
194.0,8.244023623910083,1479.0,1647.0,703.0,0.8857681963187267,1.4081878662109375
195.0,8.235779600286174,1479.0,1676.0,644.0,0.8856606516215798,1.4148149490356445
196.0,8.227543820685888,1479.0,1759.0,680.0,0.8855530123491315,1.4213190078735352
197.0,8.219316276865202,1479.0,1712.0,744.0,0.8854452784313127,1.4278509616851807
198.0,8.211096960588337,1479.0,1656.0,706.0,0.8853374497980291,1.4344000816345215
199.0,8.202885863627749,1479.0,1622.0,684.0,0.8852295263791604,1.4409639835357666
200.0,8.19468297776412,1479.0,1660.0,688.0,0.8851215081045615,1.4476408958435059
201.0,8.186488294786356,1479.0,1662.0,700.0,0.8850133949040616,1.4541451930999756
202.0,8.17830180649157,1479.0,1660.0,656.0,0.884905186707465,1.4605300426483154
203.0,8.170123504685078,1479.0,1709.0,699.0,0.8847968834445505,1.4671051502227783
204.0,8.161953381180393,1479.0,1646.0,676.0,0.884688485045072,1.4738109111785889
205.0,8.153791427799213,1479.0,1631.0,628.0,0.8845799914387582,1.4803237915039062
206.0,8.145637636371413,1479.0,1648.0,702.0,0.8844714025553125,1.4869780540466309
207.0,8.137491998735042,1479.0,1760.0,673.0,0.8843627183244138,1.493501901626587
208.0,8.129354506736307,1479.0,1655.0,662.0,0.8842539386757158,1.4999079704284668
209.0,8.12122515222957,1479.0,1619.0,688.0,0.8841450635388471,1.5064289569854736
210.0,8.11310392707734,1479.0,1735.0,731.0,0.8840360928434119,1.5130231380462646
211.0,8.104990823150263,1479.0,1567.0,725.0,0.8839270265189894,1.5195012092590332
212.0,8.096885832327112,1479.0,1638.0,670.0,0.8838178644951338,1.526033878326416
213.0,8.088788946494786,1479.0,1746.0,644.0,0.8837086067013753,1.5323221683502197
214.0,8.080700157548291,1479.0,1665.0,738.0,0.8835992530672188,1.5387568473815918
215.0,8.072619457390743,1479.0,1768.0,624.0,0.8834898035221451,1.545201063156128
216.0,8.064546837933353,1479.0,1696.0,593.0,0.8833802579956102,1.551589012145996
217.0,8.056482291095419,1479.0,1694.0,652.0,0.8832706164170457,1.558091163635254
218.0,8.048425808804323,1479.0,1655.0,694.0,0.8831608787158589,1.5645599365234375
219.0,8.04037738299552,1479.0,1739.0,635.0,0.8830510448214328,1.5711839199066162
220.0,8.032337005612524,1479.0,1608.0,621.0,0.8829411146631259,1.577558994293213
221.0,8.024304668606911,1464.0,1757.0,595.0,0.8828310881702724,1.58384108543396
222.0,8.016280363938304,1464.0,1636.0,663.0,0.8827209652721828,1.5901589393615723
223.0,8.008264083574366,1464.0,1700.0,654.0,0.8826107458981428,1.5965700149536133
224.0,8.000255819490791,1464.0,1724.0,686.0,0.8825004299774145,1.6029257774353027
225.0,7.9922555636713,1464.0,1717.0,673.0,0.882390017439236,1.6093058586120605
226.0,7.984263308107629,1464.0,1553.0,615.0,0.882279508212821,1.6155641078948975
227.0,7.976279044799521,1464.0,1682.0,641.0,0.8821689022273597,1.6218130588531494
228.0,7.968302765754721,1464.0,1639.0,589.0,0.8820581994120181,1.6281847953796387
229.0,7.960334462988967,1464.0,1575.0,617.0,0.881947399695939,1.6345880031585693
230.0,7.952374128525978,1464.0,1630.0,615.0,0.8818365030082409,1.6407911777496338
231.0,7.944421754397452,1464.0,1653.0,661.0,0.8817255092780187,1.6471428871154785
232.0,7.936477332643054,1464.0,1694.0,561.0,0.8816144184343438,1.653367042541504
233.0,7.928540855310412,1464.0,1689.0,635.0,0.8815032304062641,1.6596739292144775
234.0,7.920612314455101,1464.0,1661.0,641.0,0.8813919451228037,1.6659138202667236
235.0,7.912691702140646,1464.0,1652.0,647.0,0.8812805625129636,1.672333002090454
236.0,7.904779010438505,1464.0,1558.0,598.0,0.8811690825057211,1.6786530017852783
237.0,7.896874231428066,1464.0,1670.0,672.0,0.8810575050300303,1.684964895248413
238.0,7.888977357196638,1464.0,1715.0,631.0,0.880945830014822,1.691267967224121
239.0,7.881088379839442,1464.0,1639.0,603.0,0.8808340573890038,1.697571039199829
240.0,7.873207291459602,1464.0,1682.0,600.0,0.8807221870814601,1.703810214996338
241.0,7.8653340841681425,1464.0,1621.0,586.0,0.8806102190210521,1.7099499702453613
242.0,7.857468750083974,1464.0,1555.0,595.0,0.8804981531366182,1.7160699367523193
243.0,7.849611281333891,1464.0,1701.0,595.0,0.8803859893569734,1.7222950458526611
244.0,7.8417616700525565,1464.0,1643.0,617.0,0.8802737276109104,1.7285120487213135
245.0,7.833919908382504,1464.0,1671.0,635.0,0.8801613678271982,1.7347760200500488
246.0,7.826085988474122,1464.0,1642.0,666.0,0.8800489099345837,1.740983009338379
247.0,7.818259902485648,1464.0,1679.0,592.0,0.8799363538617908,1.7473459243774414
248.0,7.810441642583163,1464.0,1571.0,629.0,0.8798236995375206,1.753532886505127
249.0,7.80263120094058,1464.0,1605.0,620.0,0.8797109468904515,1.75972318649292
250.0,7.794828569739639,1464.0,1686.0,619.0,0.8795980958492395,1.765894889831543
251.0,7.7870337411699,1464.0,1595.0,628.0,0.8794851463425183,1.772080898284912
252.0,7.7792467074287295,1464.0,1640.0,576.0,0.8793720982988986,1.7782819271087646
253.0,7.771467460721301,1464.0,1692.0,662.0,0.8792589516469691,1.7843821048736572
254.0,7.763695993260579,1464.0,1660.0,611.0,0.879145706315296,1.7903969287872314
255.0,7.755932297267318,1464.0,1554.0,543.0,0.8790323622324234,1.7966091632843018
256.0,7.748176364970051,1464.0,1700.0,497.0,0.8789189193268729,1.8027210235595703
257.0,7.7404281886050805,1464.0,1618.0,561.0,0.8788053775271443,1.8089218139648438
258.0,7.732687760416476,1464.0,1681.0,606.0,0.878691736761715,1.8150839805603027
259.0,7.724955072656059,1464.0,1659.0,589.0,0.8785779969590405,1.821692943572998
260.0,7.717230117583403,1464.0,1702.0,607.0,0.8784641580475543,1.8279728889465332
261.0,7.70951288746582,1464.0,1579.0,597.0,0.8783502199556681,1.8342061042785645
262.0,7.701803374578354,1464.0,1645.0,580.0,0.8782361826117716,1.8402681350708008
263.0,7.694101571203776,1464.0,1638.0,561.0,0.8781220459442328,1.8462748527526855
264.0,7.686407469632572,1464.0,1660.0,590.0,0.8780078098813981,1.8522570133209229
265.0,7.678721062162939,1464.0,1682.0,656.0,0.877893474351592,1.8583729267120361
266.0,7.671042341100776,1464.0,1676.0,611.0,0.8777790392831175,1.864475965499878
267.0,7.663371298759675,1464.0,1661.0,599.0,0.8776645046042563,1.8706190586090088
268.0,7.655707927460916,1464.0,1547.0,570.0,0.8775498702432681,1.8766100406646729
269.0,7.648052219533454,1464.0,1734.0,598.0,0.8774351361283919,1.8826959133148193
270.0,7.640404167313921,1464.0,1757.0,566.0,0.8773203021878447,1.8887560367584229
271.0,7.632763763146607,1464.0,1737.0,658.0,0.8772053683498227,1.8948931694030762
272.0,7.62513099938346,1464.0,1724.0,636.0,0.8770903345425005,1.9010210037231445
273.0,7.617505868384076,1464.0,1574.0,555.0,0.876975200694032,1.9069571495056152
274.0,7.609888362515692,1464.0,1569.0,595.0,0.8768599667325496,1.9130690097808838
275.0,7.602278474153176,1464.0,1610.0,565.0,0.876744632586165,1.919039011001587
276.0,7.594676195679023,1464.0,1639.0,565.0,0.8766291981829686,1.925158977508545
277.0,7.587081519483344,1464.0,1762.0,601.0,0.8765136634510302,1.9311518669128418
278.0,7.57949443796386,1464.0,1642.0,538.0,0.8763980283183987,1.9369659423828125
279.0,7.571914943525896,1464.0,1608.0,506.0,0.8762822927131023,1.9429290294647217
280.0,7.56434302858237,1464.0,1650.0,559.0,0.8761664565631484,1.9488201141357422
281.0,7.5567786855537875,1464.0,1630.0,572.0,0.8760505197965237,1.9548821449279785
282.0,7.549221906868234,1464.0,1680.0,588.0,0.8759344823411945,1.9608569145202637
283.0,7.541672684961366,1464.0,1603.0,546.0,0.8758183441251067,1.9668519496917725
284.0,7.534131012276404,1464.0,1682.0,569.0,0.8757021050761855,1.9727041721343994
285.0,7.526596881264128,1464.0,1665.0,593.0,0.8755857651223358,1.9787349700927734
286.0,7.519070284382864,1464.0,1704.0,643.0,0.8754693241914424,1.9847240447998047
287.0,7.511551214098481,1464.0,1626.0,585.0,0.8753527822113697,1.9907431602478027
288.0,7.504039662884383,1464.0,1685.0,608.0,0.875236139109962,1.9968829154968262
289.0,7.496535623221498,1464.0,1613.0,539.0,0.8751193948150435,2.0026299953460693
290.0,7.489039087598276,1464.0,1697.0,509.0,0.8750025492544182,2.0085561275482178
291.0,7.481550048510678,1464.0,1548.0,531.0,0.8748856023558705,2.0145630836486816
292.0,7.474068498462167,1464.0,1602.0,566.0,0.8747685540471647,2.0204811096191406
293.0,7.466594429963704,1464.0,1626.0,543.0,0.8746514042560453,2.0262839794158936
294.0,7.4591278355337405,1464.0,1675.0,531.0,0.8745341529102368,2.03214693069458
295.0,7.451668707698206,1464.0,1642.0,534.0,0.8744167999374446,2.0380728244781494
296.0,7.444217038990508,1464.0,1611.0,607.0,0.8742993452653539,2.0440330505371094
297.0,7.436772821951517,1464.0,1574.0,581.0,0.8741817888216307,2.049899101257324
298.0,7.4293360491295655,1464.0,1635.0,580.0,0.8740641305339213,2.055701971054077
299.0,7.4219067130804355,1464.0,1573.0,546.0,0.8739463703298528,2.0615880489349365
300.0,7.414484806367355,1464.0,1635.0,539.0,0.8738285081370328,2.0674819946289062
301.0,7.407070321560988,1464.0,1731.0,504.0,0.8737105438830498,2.0733258724212646
302.0,7.399663251239427,1464.0,1702.0,606.0,0.8735924774954729,2.079179048538208
303.0,7.392263587988188,1464.0,1770.0,597.0,0.8734743089018521,2.0849339962005615
304.0,7.3848713244001996,1464.0,1615.0,613.0,0.8733560380297185,2.0908029079437256
305.0,7.377486453075799,1464.0,1628.0,568.0,0.8732376648065842,2.0966060161590576
306.0,7.370108966622723,1464.0,1663.0,545.0,0.873119189159942,2.102383852005005
307.0,7.3627388576561,1464.0,1722.0,512.0,0.8730006110172663,2.108315944671631
308.0,7.355376118798444,1464.0,1700.0,580.0,0.8728819303060127,2.114145040512085
309.0,7.348020742679645,1464.0,1667.0,546.0,0.8727631469536178,2.1201119422912598
310.0,7.340672721936965,1464.0,1608.0,508.0,0.8726442608874998,2.126162052154541
311.0,7.333332049215028,1464.0,1703.0,572.0,0.8725252720350581,2.132120132446289
312.0,7.325998717165813,1464.0,1679.0,574.0,0.8724061803236741,2.1379988193511963
313.0,7.3186727184486475,1464.0,1670.0,541.0,0.8722869856807103,2.1439261436462402
314.0,7.311354045730199,1464.0,1537.0,513.0,0.8721676880335109,2.149819850921631
315.0,7.304042691684469,1464.0,1672.0,546.0,0.872048287309402,2.1556589603424072
316.0,7.296738648992784,1464.0,1714.0,578.0,0.8719287834356915,2.161450147628784
317.0,7.2894419103437915,1464.0,1615.0,536.0,0.871809176339669,2.1674141883850098
318.0,7.2821524684334475,1464.0,1506.0,500.0,0.8716894659486064,2.173434019088745
319.0,7.274870315965014,1464.0,1593.0,484.0,0.8715696521897571,2.1793429851531982
320.0,7.267595445649049,1464.0,1615.0,521.0,0.871449734990357,2.1851048469543457
321.0,7.2603278502034,1464.0,1648.0,509.0,0.8713297142776241,2.190821886062622
322.0,7.253067522353197,1464.0,1622.0,503.0,0.8712095899787584,2.196584939956665
323.0,7.245814454830843,1464.0,1613.0,575.0,0.8710893620209426,2.2023630142211914
324.0,7.2385686403760126,1464.0,1570.0,589.0,0.8709690303313413,2.2081711292266846
325.0,7.231330071735637,1439.0,1672.0,496.0,0.8708485948371021,2.213925838470459
326.0,7.2240987416639015,1439.0,1589.0,540.0,0.8707280554653548,2.21988582611084
327.0,7.216874642922238,1439.0,1701.0,523.0,0.8706074121432119,2.2256689071655273
328.0,7.209657768279316,1439.0,1637.0,521.0,0.8704866647977685,2.231361150741577
329.0,7.202448110511036,1439.0,1669.0,482.0,0.8703658133561026,2.237170934677124
330.0,7.195245662400525,1439.0,1614.0,548.0,0.8702448577452752,2.2429540157318115
331.0,7.1880504167381245,1439.0,1585.0,469.0,0.8701237978923296,2.2488560676574707
332.0,7.180862366321386,1439.0,1648.0,497.0,0.8700026337242928,2.254573106765747
333.0,7.1736815039550645,1439.0,1739.0,568.0,0.8698813651681745,2.2603540420532227
334.0,7.166507822451109,1439.0,1607.0,516.0,0.8697599921509674,2.2661890983581543
335.0,7.159341314628658,1439.0,1541.0,482.0,0.869638514599648,2.271878957748413
336.0,7.152181973314029,1434.0,1613.0,450.0,0.8695169324411754,2.277596950531006
337.0,7.145029791340715,1434.0,1577.0,500.0,0.8693952456024927,2.283277988433838
338.0,7.137884761549374,1434.0,1574.0,571.0,0.8692734540105259,2.2889480590820312
339.0,7.130746876787825,1434.0,1691.0,481.0,0.8691515575921849,2.2945730686187744
340.0,7.123616129911037,1434.0,1561.0,526.0,0.8690295562743631,2.300226926803589
341.0,7.116492513781126,1434.0,1685.0,508.0,0.8689074499839374,2.305920124053955
342.0,7.109376021267345,1434.0,1595.0,545.0,0.868785238647769,2.3115899562835693
343.0,7.102266645246078,1434.0,1669.0,492.0,0.8686629221927022,2.31713604927063
344.0,7.095164378600832,1434.0,1620.0,520.0,0.8685405005455659,2.3228838443756104
345.0,7.088069214222231,1434.0,1608.0,476.0,0.8684179736331726,2.328474998474121
346.0,7.080981145008009,1434.0,1586.0,477.0,0.868295341382319,2.334169864654541
347.0,7.073900163863001,1434.0,1529.0,472.0,0.8681726037197859,2.33994197845459
348.0,7.066826263699138,1434.0,1661.0,488.0,0.8680497605723383,2.3455989360809326
349.0,7.059759437435439,1434.0,1556.0,510.0,0.8679268118667258,2.351231098175049
350.0,7.052699677998003,1434.0,1596.0,472.0,0.8678037575296822,2.3567399978637695
351.0,7.045646978320005,1434.0,1587.0,448.0,0.8676805974879256,2.3624179363250732
352.0,7.038601331341685,1434.0,1574.0,526.0,0.8675573316681588,2.367830991744995
353.0,7.031562730010343,1434.0,1574.0,497.0,0.8674339599970696,2.3734381198883057
354.0,7.024531167280332,1434.0,1664.0,518.0,0.8673104824013299,2.37910795211792
355.0,7.017506636113052,1434.0,1520.0,497.0,0.8671868988075968,2.3847060203552246
356.0,7.010489129476939,1434.0,1706.0,497.0,0.8670632091425121,2.3902008533477783
357.0,7.0034786403474625,1434.0,1551.0,499.0,0.8669394133327027,2.3955631256103516
358.0,6.996475161707115,1434.0,1670.0,457.0,0.8668155113047805,2.401150941848755
359.0,6.989478686545407,1434.0,1583.0,499.0,0.8666915029853425,2.4067540168762207
360.0,6.982489207858862,1434.0,1692.0,567.0,0.8665673883009708,2.412257194519043
361.0,6.975506718651003,1434.0,1649.0,466.0,0.866443167178233,2.417771100997925
362.0,6.968531211932352,1434.0,1561.0,507.0,0.866318839543682,2.423322916030884
363.0,6.961562680720419,1434.0,1667.0,479.0,0.8661944053238562,2.428946018218994
364.0,6.954601118039699,1434.0,1571.0,499.0,0.8660698644452793,2.4345579147338867
365.0,6.947646516921659,1434.0,1580.0,523.0,0.865945216834461,2.4401490688323975
366.0,6.940698870404737,1434.0,1558.0,482.0,0.8658204624178963,2.445845127105713
367.0,6.933758171534333,1434.0,1602.0,459.0,0.8656956011220663,2.451387882232666
368.0,6.926824413362798,1434.0,1486.0,408.0,0.8655706328734379,2.4569969177246094
369.0,6.919897588949436,1434.0,1621.0,483.0,0.865445557598464,2.462467908859253
370.0,6.912977691360486,1434.0,1629.0,493.0,0.8653203752235832,2.4679529666900635
371.0,6.906064713669125,1434.0,1490.0,419.0,0.8651950856752207,2.473464012145996
372.0,6.899158648955456,1434.0,1600.0,477.0,0.8650696888797877,2.4791150093078613
373.0,6.892259490306501,1434.0,1614.0,478.0,0.8649441847636817,2.4847559928894043
374.0,6.885367230816195,1434.0,1507.0,480.0,0.8648185732532866,2.4902470111846924
375.0,6.878481863585379,1434.0,1536.0,418.0,0.8646928542749727,2.4957399368286133
376.0,6.871603381721794,1434.0,1675.0,450.0,0.8645670277550969,2.5011961460113525
377.0,6.864731778340072,1434.0,1627.0,539.0,0.8644410936200027,2.5066449642181396
378.0,6.857867046561732,1434.0,1524.0,434.0,0.8643150517960204,2.512295961380005
379.0,6.85100917951517,1434.0,1655.0,422.0,0.8641889022094671,2.5178818702697754
380.0,6.844158170335655,1434.0,1562.0,468.0,0.8640626447866468,2.5233218669891357
381.0,6.8373140121653195,1434.0,1601.0,440.0,0.8639362794538505,2.528809070587158
382.0,6.830476698153154,1434.0,1612.0,428.0,0.8638098061373563,2.5341739654541016
383.0,6.823646221455001,1434.0,1536.0,461.0,0.8636832247634291,2.5395619869232178
384.0,6.816822575233546,1434.0,1602.0,436.0,0.8635565352583215,2.5450801849365234
385.0,6.810005752658313,1434.0,1714.0,452.0,0.8634297375482735,2.5505359172821045
386.0,6.803195746905654,1434.0,1647.0,455.0,0.8633028315595119,2.5558841228485107
387.0,6.796392551158749,1434.0,1629.0,474.0,0.8631758172182517,2.5612828731536865
388.0,6.78959615860759,1434.0,1614.0,500.0,0.863048694450695,2.566524028778076
389.0,6.782806562448982,1434.0,1508.0,509.0,0.862921463183032,2.5720038414001465
390.0,6.776023755886533,1434.0,1590.0,479.0,0.8627941233414402,2.5774080753326416
391.0,6.769247732130647,1434.0,1559.0,480.0,0.8626666748520856,2.582737922668457
392.0,6.762478484398516,1434.0,1634.0,447.0,0.8625391176411215,2.5881412029266357
393.0,6.755716005914117,1434.0,1600.0,480.0,0.8624114516346896,2.5936079025268555
394.0,6.748960289908203,1434.0,1605.0,479.0,0.8622836767589196,2.599036931991577
395.0,6.742211329618295,1434.0,1592.0,455.0,0.8621557929399297,2.6044681072235107
396.0,6.735469118288676,1434.0,1650.0,476.0,0.862027800103826,2.610037088394165
397.0,6.728733649170387,1434.0,1542.0,448.0,0.8618996981767034,2.6154189109802246
398.0,6.722004915521216,1434.0,1696.0,450.0,0.8617714870846449,2.6207759380340576
399.0,6.715282910605695,1434.0,1514.0,444.0,0.8616431667537224,2.6260859966278076
400.0,6.708567627695089,1434.0,1634.0,412.0,0.8615147371099965,2.631484031677246
401.0,6.701859060067394,1434.0,1552.0,399.0,0.8613861980795162,2.636781930923462
402.0,6.695157201007327,1434.0,1573.0,442.0,0.8612575495883198,2.6421220302581787
403.0,6.68846204380632,1434.0,1695.0,435.0,0.8611287915624342,2.647484064102173
404.0,6.6817735817625135,1434.0,1668.0,439.0,0.8609999239278756,2.6528420448303223
405.0,6.675091808180751,1434.0,1612.0,484.0,0.8608709466106492,2.658254861831665
406.0,6.66841671637257,1434.0,1521.0,432.0,0.8607418595367494,2.663638114929199
407.0,6.661748299656197,1422.0,1536.0,396.0,0.8606126626321602,2.668966054916382
408.0,6.655086551356541,1422.0,1628.0,468.0,0.8604833558228546,2.6742799282073975
409.0,6.648431464805184,1422.0,1468.0,406.0,0.8603539390347954,2.6797220706939697
410.0,6.641783033340379,1422.0,1605.0,371.0,0.860224412193935,2.685029983520508
411.0,6.635141250307038,1422.0,1575.0,468.0,0.8600947752262152,2.6903469562530518
412.0,6.628506109056731,1422.0,1522.0,414.0,0.859965028057568,2.6961569786071777
413.0,6.6218776029476745,1422.0,1545.0,399.0,0.8598351706139151,2.7014429569244385
414.0,6.615255725344727,1422.0,1524.0,409.0,0.859705202821168,2.706866979598999
415.0,6.608640469619382,1422.0,1603.0,388.0,0.8595751246052287,2.712249994277954
416.0,6.602031829149762,1422.0,1574.0,410.0,0.8594449358919888,2.71744704246521
417.0,6.595429797320612,1422.0,1603.0,445.0,0.8593146366073308,2.7226829528808594
418.0,6.588834367523292,1422.0,1610.0,431.0,0.859184226677127,2.7279491424560547
419.0,6.582245533155769,1422.0,1499.0,408.0,0.8590537060272405,2.7330729961395264
420.0,6.575663287622613,1422.0,1586.0,376.0,0.8589230745835249,2.738291025161743
421.0,6.5690876243349905,1422.0,1561.0,396.0,0.8587923322718244,2.7434592247009277
422.0,6.562518536710655,1422.0,1604.0,384.0,0.8586614790179738,2.748668909072876
423.0,6.555956018173944,1422.0,1519.0,374.0,0.858530514747799,2.7539970874786377
424.0,6.549400062155771,1422.0,1561.0,371.0,0.8583994393871167,2.7591991424560547
425.0,6.542850662093615,1422.0,1512.0,443.0,0.8582682528617347,2.7644529342651367
426.0,6.536307811431522,1422.0,1552.0,393.0,0.8581369550974518,2.769737958908081
427.0,6.529771503620091,1422.0,1619.0,426.0,0.8580055460200582,2.7749369144439697
428.0,6.523241732116471,1422.0,1571.0,383.0,0.8578740255553353,2.7801849842071533
429.0,6.5167184903843545,1422.0,1543.0,405.0,0.8577423936290561,2.7854859828948975
430.0,6.51020177189397,1422.0,1544.0,424.0,0.8576106501669849,2.790724992752075
431.0,6.5036915701220765,1422.0,1525.0,394.0,0.8574787950948777,2.7959508895874023
432.0,6.497187878551954,1422.0,1553.0,431.0,0.8573468283384823,2.8011081218719482
433.0,6.490690690673402,1422.0,1595.0,419.0,0.8572147498235382,2.806288003921509
434.0,6.484199999982729,1422.0,1613.0,426.0,0.857082559475777,2.8113300800323486
435.0,6.477715799982746,1422.0,1634.0,403.0,0.8569502572209222,2.8164660930633545
436.0,6.471238084182763,1422.0,1584.0,445.0,0.8568178429846894,2.8216500282287598
437.0,6.46476684609858,1422.0,1587.0,420.0,0.8566853166927865,2.8268330097198486
438.0,6.458302079252481,1422.0,1493.0,403.0,0.8565526782709136,2.831911087036133
439.0,6.451843777173228,1401.0,1462.0,329.0,0.8564199276447634,2.8369879722595215
440.0,6.4453919333960545,1401.0,1544.0,375.0,0.8562870647400209,2.842219114303589
441.0,6.438946541462658,1401.0,1527.0,374.0,0.8561540894823639,2.847292900085449
442.0,6.432507594921196,1401.0,1611.0,390.0,0.8560210017974631,2.8524789810180664
443.0,6.426075087326275,1401.0,1573.0,390.0,0.8558878016109814,2.8576619625091553
444.0,6.419649012238949,1401.0,1605.0,411.0,0.8557544888485753,2.8627588748931885
445.0,6.41322936322671,1401.0,1605.0,417.0,0.855621063435894,2.8678531646728516
446.0,6.406816133863484,1401.0,1651.0,381.0,0.8554875252985799,2.872968912124634
447.0,6.40040931772962,1401.0,1527.0,420.0,0.8553538743622685,2.878174066543579
448.0,6.394008908411891,1401.0,1561.0,364.0,0.855220110552589,2.8832340240478516
449.0,6.387614899503479,1401.0,1607.0,377.0,0.8550862337951637,2.8883678913116455
450.0,6.381227284603975,1401.0,1550.0,393.0,0.8549522440156084,2.893515110015869
451.0,6.374846057319371,1401.0,1467.0,367.0,0.854818141139533,2.8984131813049316
452.0,6.368471211262052,1401.0,1579.0,341.0,0.8546839250925408,2.903434991836548
453.0,6.36210274005079,1401.0,1562.0,420.0,0.8545495958002288,2.908493995666504
454.0,6.355740637310739,1401.0,1562.0,403.0,0.8544151531881884,2.9135730266571045
455.0,6.3493848966734285,1401.0,1566.0,371.0,0.8542805971820048,2.9185969829559326
456.0,6.343035511776755,1401.0,1603.0,370.0,0.8541459277072573,2.923491954803467
457.0,6.336692476264978,1401.0,1603.0,377.0,0.8540111446895198,2.9284119606018066
458.0,6.330355783788713,1401.0,1569.0,382.0,0.8538762480543601,2.933487892150879
459.0,6.324025428004925,1401.0,1545.0,394.0,0.8537412377273411,2.9385149478912354
460.0,6.31770140257692,1401.0,1548.0,356.0,0.8536061136340197,2.943537950515747
461.0,6.311383701174343,1401.0,1486.0,369.0,0.853470875699948,2.9486069679260254
462.0,6.305072317473169,1401.0,1553.0,365.0,0.8533355238506724,2.9535579681396484
463.0,6.2987672451556955,1401.0,1569.0,375.0,0.8532000580117345,2.9585909843444824
464.0,6.29246847791054,1401.0,1608.0,380.0,0.8530644781086711,2.9637560844421387
465.0,6.286176009432629,1401.0,1477.0,358.0,0.8529287840670139,2.968790054321289
466.0,6.279889833423196,1401.0,1552.0,354.0,0.8527929758122896,2.973742961883545
467.0,6.273609943589773,1401.0,1500.0,374.0,0.8526570532700208,2.978839159011841
468.0,6.267336333646183,1401.0,1501.0,400.0,0.8525210163657251,2.983721971511841
469.0,6.261068997312536,1401.0,1455.0,320.0,0.8523848650249158,2.98882794380188
470.0,6.254807928315224,1401.0,1513.0,351.0,0.8522485991731021,2.9938650131225586
471.0,6.248553120386909,1401.0,1568.0,366.0,0.8521122187357885,2.998861789703369
472.0,6.242304567266522,1401.0,1594.0,388.0,0.8519757236384757,3.0039050579071045
473.0,6.236062262699255,1401.0,1629.0,380.0,0.8518391138066604,3.0086820125579834
474.0,6.229826200436555,1401.0,1635.0,391.0,0.8517023891658354,3.0137040615081787
475.0,6.223596374236119,1401.0,1555.0,397.0,0.8515655496414894,3.0186820030212402
476.0,6.217372777861883,1401.0,1547.0,422.0,0.851428595159108,3.023535966873169
477.0,6.21115540508402,1401.0,1611.0,338.0,0.8512915256441727,3.02848482131958
478.0,6.204944249678936,1401.0,1563.0,409.0,0.8511543410221618,3.0335922241210938
479.0,6.198739305429258,1401.0,1622.0,375.0,0.8510170412185503,3.0384600162506104
480.0,6.192540566123828,1401.0,1599.0,367.0,0.8508796261588097,3.0433349609375
481.0,6.186348025557704,1401.0,1546.0,338.0,0.8507420957684088,3.0482609272003174
482.0,6.180161677532147,1401.0,1610.0,337.0,0.850604449972813,3.05315899848938
483.0,6.1739815158546145,1401.0,1586.0,352.0,0.850466688697485,3.0580649375915527
484.0,6.16780753433876,1401.0,1605.0,398.0,0.8503288118678847,3.0628960132598877
485.0,6.161639726804421,1401.0,1575.0,411.0,0.8501908194094692,3.067750930786133
486.0,6.155478087077617,1401.0,1580.0,400.0,0.8500527112476931,3.072568893432617
487.0,6.149322608990539,1401.0,1502.0,324.0,0.8499144873080088,3.0774171352386475
488.0,6.143173286381548,1401.0,1521.0,322.0,0.8497761475158659,3.0822930335998535
489.0,6.137030113095166,1401.0,1519.0,345.0,0.8496376917967122,3.08719801902771
490.0,6.130893082982071,1401.0,1617.0,305.0,0.8494991200759933,3.092045783996582
491.0,6.124762189899089,1401.0,1517.0,370.0,0.8493604322791526,3.0970449447631836
492.0,6.1186374277091895,1401.0,1556.0,417.0,0.8492216283316317,3.1019699573516846
493.0,6.11251879028148,1401.0,1478.0,380.0,0.8490827081588705,3.1068639755249023
494.0,6.106406271491198,1401.0,1529.0,338.0,0.8489436716863075,3.111772060394287
495.0,6.100299865219707,1401.0,1612.0,349.0,0.8488045188393791,3.1166210174560547
496.0,6.094199565354487,1401.0,1667.0,407.0,0.8486652495435208,3.121485948562622
497.0,6.088105365789133,1401.0,1665.0,396.0,0.8485258637241665,3.126343011856079
498.0,6.082017260423344,1401.0,1532.0,368.0,0.8483863613067489,3.1312038898468018
499.0,6.07593524316292,1401.0,1542.0,348.0,0.8482467422167,3.136061906814575
500.0,6.069859307919757,1401.0,1627.0,330.0,0.8481070063794504,3.141055107116699
501.0,6.063789448611837,1401.0,1601.0,359.0,0.8479671537204301,3.145965099334717
502.0,6.057725659163226,1401.0,1520.0,355.0,0.8478271841650682,3.1508710384368896
503.0,6.051667933504063,1401.0,1633.0,355.0,0.8476870976387935,3.1556339263916016
504.0,6.045616265570558,1401.0,1617.0,426.0,0.847546894067034,3.1604199409484863
505.0,6.039570649304988,1401.0,1571.0,354.0,0.8474065733752174,3.165363073348999
506.0,6.033531078655683,1401.0,1542.0,375.0,0.8472661354887715,3.1701672077178955
507.0,6.027497547577027,1401.0,1539.0,355.0,0.8471255803331235,3.1750049591064453
508.0,6.02147005002945,1401.0,1444.0,325.0,0.8469849078337007,3.1798250675201416
509.0,6.01544857997942,1401.0,1545.0,366.0,0.8468441179159308,3.184701919555664
510.0,6.009433131399441,1401.0,1641.0,359.0,0.8467032105052414,3.18951416015625
511.0,6.003423698268041,1401.0,1591.0,361.0,0.8465621855270606,3.19431209564209
512.0,5.997420274569773,1401.0,1645.0,403.0,0.8464210429068169,3.199110984802246
513.0,5.9914228542952035,1401.0,1567.0,337.0,0.8462797825699393,3.2038660049438477
514.0,5.985431431440908,1401.0,1504.0,384.0,0.8461384044418577,3.208630084991455
515.0,5.979446000009467,1401.0,1484.0,278.0,0.8459969084480029,3.213361978530884
516.0,5.973466554009458,1401.0,1499.0,345.0,0.8458552945138063,3.2182328701019287
517.0,5.967493087455448,1401.0,1591.0,335.0,0.8457135625647005,3.2229700088500977
518.0,5.961525594367993,1401.0,1513.0,360.0,0.8455717125261195,3.227890968322754
519.0,5.955564068773625,1401.0,1577.0,363.0,0.8454297443234985,3.2325000762939453
520.0,5.949608504704851,1401.0,1607.0,362.0,0.8452876578822739,3.237240791320801
521.0,5.943658896200146,1401.0,1543.0,313.0,0.845145453127884,3.241849899291992
522.0,5.937715237303946,1401.0,1492.0,311.0,0.8450031299857688,3.246616840362549
523.0,5.931777522066642,1401.0,1540.0,302.0,0.8448606883813695,3.251171112060547
524.0,5.925845744544575,1401.0,1598.0,317.0,0.8447181282401299,3.25587797164917
525.0,5.91991989880003,1401.0,1617.0,326.0,0.8445754494874957,3.260596990585327
526.0,5.91399997890123,1360.0,1462.0,296.0,0.8444326520489146,3.2653141021728516
527.0,5.908085978922329,1360.0,1499.0,312.0,0.8442897358498366,3.270090103149414
528.0,5.902177892943406,1360.0,1551.0,315.0,0.8441467008157142,3.2747769355773926
529.0,5.8962757150504626,1360.0,1480.0,345.0,0.8440035468720025,3.279315948486328
530.0,5.890379439335412,1360.0,1456.0,318.0,0.8438602739441593,3.283928155899048
531.0,5.884489059896077,1360.0,1485.0,346.0,0.843716881957645,3.288547992706299
532.0,5.878604570836181,1360.0,1587.0,317.0,0.843573370837923,3.293278932571411
533.0,5.872725966265345,1360.0,1568.0,324.0,0.8434297405104599,3.29797101020813
534.0,5.86685324029908,1360.0,1548.0,319.0,0.8432859909007252,3.302748918533325
535.0,5.860986387058781,1360.0,1630.0,335.0,0.8431421219341919,3.30743408203125
536.0,5.855125400671723,1360.0,1520.0,328.0,0.8429981335363365,3.3121581077575684
537.0,5.849270275271051,1360.0,1456.0,299.0,0.8428540256326386,3.316699981689453
538.0,5.84342100499578,1360.0,1484.0,269.0,0.842709798148582,3.3212649822235107
539.0,5.837577583990784,1360.0,1554.0,348.0,0.8425654510096542,3.325930118560791
540.0,5.831740006406793,1360.0,1530.0,373.0,0.8424209841413463,3.3306000232696533
541.0,5.825908266400386,1360.0,1524.0,265.0,0.8422763974691538,3.3352279663085938
542.0,5.820082358133986,1360.0,1488.0,357.0,0.8421316909185765,3.3397629261016846
543.0,5.814262275775852,1360.0,1565.0,288.0,0.841986864415118,3.344413995742798
544.0,5.808448013500076,1360.0,1571.0,280.0,0.8418419178842869,3.3490560054779053
545.0,5.802639565486576,1360.0,1564.0,354.0,0.8416968512515959,3.353656053543091
546.0,5.796836925921089,1360.0,1494.0,324.0,0.8415516644425627,3.3583481311798096
547.0,5.791040088995168,1360.0,1476.0,316.0,0.8414063573827099,3.3628501892089844
548.0,5.785249048906173,1360.0,1527.0,291.0,0.8412609299975649,3.367537021636963
549.0,5.779463799857266,1360.0,1529.0,308.0,0.84111538221266,3.372159957885742
550.0,5.773684336057409,1360.0,1560.0,330.0,0.8409697139535334,3.376879930496216
551.0,5.767910651721351,1360.0,1584.0,314.0,0.8408239251457278,3.3813719749450684
552.0,5.7621427410696295,1360.0,1511.0,318.0,0.8406780157147921,3.385812997817993
553.0,5.75638059832856,1360.0,1550.0,327.0,0.8405319855862803,3.390367031097412
554.0,5.750624217730231,1360.0,1429.0,278.0,0.8403858346857526,3.394968032836914
555.0,5.7448735935125015,1360.0,1510.0,269.0,0.8402395629387746,3.399670124053955
556.0,5.739128719918989,1360.0,1573.0,311.0,0.8400931702709183,3.4042670726776123
557.0,5.73338959119907,1360.0,1563.0,335.0,0.8399466566077619,3.4088540077209473
558.0,5.7276562016078705,1360.0,1518.0,332.0,0.8398000218748894,3.413266897201538
559.0,5.7219285454062625,1360.0,1660.0,309.0,0.8396532659978918,3.417760133743286
560.0,5.716206616860856,1360.0,1487.0,285.0,0.8395063889023662,3.4223320484161377
561.0,5.710490410243995,1360.0,1489.0,243.0,0.8393593905139165,3.4268500804901123
562.0,5.704779919833752,1360.0,1567.0,334.0,0.8392122707581536,3.4314310550689697
563.0,5.699075139913918,1360.0,1472.0,313.0,0.8390650295606952,3.4359779357910156
564.0,5.693376064774005,1360.0,1491.0,286.0,0.8389176668471661,3.440641164779663
565.0,5.687682688709231,1360.0,1545.0,268.0,0.8387701825431982,3.445145845413208
566.0,5.6819950060205215,1360.0,1466.0,289.0,0.8386225765744311,3.4496829509735107
567.0,5.676313011014501,1360.0,1474.0,277.0,0.8384748488665114,3.4541330337524414
568.0,5.670636698003486,1360.0,1546.0,305.0,0.8383269993450937,3.4585318565368652
569.0,5.664966061305483,1360.0,1560.0,314.0,0.8381790279358404,3.4632761478424072
570.0,5.659301095244178,1360.0,1455.0,294.0,0.8380309345644215,3.467893123626709
571.0,5.653641794148934,1360.0,1583.0,300.0,0.8378827191565152,3.472532033920288
572.0,5.647988152354785,1360.0,1632.0,324.0,0.8377343816378079,3.476943016052246
573.0,5.642340164202429,1360.0,1640.0,312.0,0.8375859219339943,3.481356143951416
574.0,5.636697824038227,1360.0,1455.0,279.0,0.8374373399707774,3.485880136489868
575.0,5.631061126214188,1360.0,1590.0,323.0,0.837288635673869,3.490288019180298
576.0,5.625430065087974,1360.0,1496.0,288.0,0.8371398089689897,3.494957208633423
577.0,5.619804635022886,1360.0,1503.0,272.0,0.8369908597818684,3.4992971420288086
578.0,5.614184830387863,1360.0,1474.0,298.0,0.8368417880382437,3.5038130283355713
579.0,5.608570645557475,1360.0,1534.0,301.0,0.836692593663863,3.508272886276245
580.0,5.602962074911918,1360.0,1495.0,313.0,0.8365432765844828,3.5128660202026367
581.0,5.597359112837006,1360.0,1515.0,276.0,0.8363938367258695,3.5175039768218994
582.0,5.591761753724169,1360.0,1487.0,286.0,0.8362442740137986,3.5218989849090576
583.0,5.586169991970445,1360.0,1495.0,282.0,0.8360945883740557,3.5263819694519043
584.0,5.5805838219784745,1360.0,1520.0,288.0,0.8359447797324359,3.5308640003204346
585.0,5.575003238156496,1360.0,1556.0,333.0,0.8357948480147444,3.535309076309204
586.0,5.569428234918339,1360.0,1494.0,278.0,0.8356447931467965,3.5397720336914062
587.0,5.563858806683421,1360.0,1570.0,312.0,0.835494615054418,3.5443010330200195
588.0,5.558294947876738,1360.0,1496.0,294.0,0.8353443136634447,3.548727035522461
589.0,5.5527366529288615,1360.0,1505.0,241.0,0.8351938888997233,3.553191900253296
590.0,5.547183916275933,1356.0,1471.0,243.0,0.835043340689111,3.557698965072632
591.0,5.541636732359657,1356.0,1495.0,271.0,0.8348926689574759,3.5621230602264404
592.0,5.536095095627298,1356.0,1549.0,267.0,0.834741873630697,3.566444158554077
593.0,5.53055900053167,1356.0,1442.0,259.0,0.8345909546346645,3.570894956588745
594.0,5.525028441531139,1356.0,1557.0,274.0,0.8344399118952799,3.5753350257873535
595.0,5.519503413089607,1356.0,1524.0,312.0,0.834288745338456,3.579629898071289
596.0,5.513983909676518,1356.0,1498.0,280.0,0.8341374548901171,3.5839288234710693
597.0,5.508469925766841,1356.0,1605.0,276.0,0.8339860404761996,3.5883779525756836
598.0,5.502961455841074,1356.0,1537.0,335.0,0.8338345020226512,3.592857837677002
599.0,5.497458494385233,1356.0,1546.0,308.0,0.8336828394554319,3.597254991531372
600.0,5.4919610358908475,1356.0,1532.0,248.0,0.8335310527005138,3.6016499996185303
601.0,5.4864690748549565,1356.0,1519.0,293.0,0.833379141683881,3.6060822010040283
602.0,5.480982605780102,1356.0,1528.0,267.0,0.8332271063315307,3.610481023788452
603.0,5.475501623174321,1356.0,1587.0,270.0,0.8330749465694719,3.6148979663848877
604.0,5.470026121551147,1356.0,1482.0,262.0,0.8329226623237267,3.6193230152130127
605.0,5.464556095429596,1356.0,1567.0,300.0,0.8327702535203302,3.623735189437866
606.0,5.459091539334167,1356.0,1560.0,276.0,0.8326177200853302,3.6282119750976562
607.0,5.453632447794832,1356.0,1518.0,273.0,0.8324650619447876,3.632622003555298
608.0,5.448178815347037,1356.0,1513.0,275.0,0.8323122790247772,3.6369469165802
609.0,5.4427306365316905,1356.0,1502.0,262.0,0.8321593712513866,3.6412999629974365
610.0,5.437287905895158,1356.0,1548.0,284.0,0.8320063385507173,3.6456499099731445
611.0,5.431850617989263,1356.0,1513.0,291.0,0.8318531808488845,3.650078058242798
612.0,5.426418767371274,1356.0,1579.0,292.0,0.8316998980720174,3.6544010639190674
613.0,5.420992348603903,1356.0,1438.0,279.0,0.8315464901462591,3.658626079559326
614.0,5.415571356255299,1356.0,1700.0,290.0,0.831392956997767,3.6628239154815674
615.0,5.410155784899044,1356.0,1531.0,319.0,0.8312392985527128,3.667119026184082
616.0,5.404745629114145,1356.0,1414.0,264.0,0.8310855147372829,3.6715149879455566
617.0,5.3993408834850305,1356.0,1613.0,264.0,0.8309316054776779,3.6758179664611816
618.0,5.393941542601546,1356.0,1525.0,302.0,0.8307775707001136,3.6803460121154785
619.0,5.388547601058944,1356.0,1517.0,277.0,0.8306234103308208,3.684664011001587
620.0,5.383159053457885,1356.0,1577.0,311.0,0.830469124296045,3.688822031021118
621.0,5.377775894404428,1356.0,1468.0,249.0,0.8303147125220475,3.693031072616577
622.0,5.372398118510024,1356.0,1529.0,242.0,0.8301601749351045,3.6974449157714844
623.0,5.3670257203915135,1356.0,1530.0,275.0,0.8300055114615081,3.701645851135254
624.0,5.361658694671122,1356.0,1513.0,297.0,0.829850722027566,3.705976963043213
625.0,5.356297035976451,1356.0,1578.0,286.0,0.829695806559602,3.710258960723877
626.0,5.350940738940475,1356.0,1501.0,276.0,0.8295407649839552,3.714514970779419
627.0,5.345589798201535,1356.0,1507.0,280.0,0.8293855972269819,3.7188150882720947
628.0,5.340244208403333,1356.0,1533.0,279.0,0.829230303215054,3.7231051921844482
629.0,5.33490396419493,1356.0,1502.0,283.0,0.8290748828745602,3.7274229526519775
630.0,5.329569060230735,1356.0,1545.0,301.0,0.8289193361319057,3.731696844100952
631.0,5.324239491170505,1356.0,1484.0,278.0,0.8287636629135127,3.735917806625366
632.0,5.318915251679334,1356.0,1538.0,269.0,0.8286078631458199,3.7401649951934814
633.0,5.313596336427654,1356.0,1559.0,268.0,0.8284519367552838,3.744386911392212
634.0,5.308282740091227,1356.0,1540.0,239.0,0.8282958836683776,3.7486369609832764
635.0,5.3029744573511355,1356.0,1451.0,258.0,0.8281397038115922,3.7528839111328125
636.0,5.297671482893785,1356.0,1492.0,230.0,0.827983397111436,3.757197141647339
637.0,5.292373811410891,1356.0,1519.0,241.0,0.8278269634944352,3.7615389823913574
638.0,5.28708143759948,1356.0,1482.0,263.0,0.8276704028871337,3.7657721042633057
639.0,5.28179435616188,1356.0,1447.0,224.0,0.8275137152160936,3.770040988922119
640.0,5.276512561805718,1356.0,1496.0,281.0,0.8273569004078953,3.7741918563842773
641.0,5.271236049243912,1356.0,1503.0,260.0,0.8271999583891374,3.7784650325775146
642.0,5.265964813194668,1356.0,1463.0,251.0,0.8270428890864373,3.782539129257202
643.0,5.260698848381474,1356.0,1535.0,242.0,0.8268856924264306,3.786668062210083
644.0,5.255438149533092,1356.0,1519.0,268.0,0.8267283683357723,3.7908260822296143
645.0,5.25018271138356,1356.0,1541.0,288.0,0.826570916741136,3.7950069904327393
646.0,5.244932528672176,1356.0,1516.0,265.0,0.8264133375692146,3.7991139888763428
647.0,5.239687596143503,1356.0,1518.0,289.0,0.8262556307467205,3.8032500743865967
648.0,5.23444790854736,1356.0,1538.0,278.0,0.8260977962003853,3.8073039054870605
649.0,5.229213460638813,1356.0,1400.0,269.0,0.8259398338569605,3.811429977416992
650.0,5.2239842471781746,1356.0,1422.0,189.0,0.8257817436432171,3.8156540393829346
651.0,5.218760262930997,1356.0,1440.0,216.0,0.8256235254859465,3.8198301792144775
652.0,5.213541502668066,1356.0,1419.0,230.0,0.8254651793119598,3.8239150047302246
653.0,5.208327961165398,1356.0,1464.0,236.0,0.8253067050480889,3.828087091445923
654.0,5.203119633204232,1348.0,1380.0,226.0,0.8251481026211855,3.8322057723999023
655.0,5.197916513571028,1348.0,1453.0,270.0,0.8249893719581226,3.836456060409546
656.0,5.192718597057457,1348.0,1424.0,237.0,0.8248305129857936,3.840533971786499
657.0,5.1875258784603995,1348.0,1479.0,233.0,0.8246715256311128,3.8448660373687744
658.0,5.182338352581939,1348.0,1436.0,230.0,0.8245124098210159,3.8491101264953613
659.0,5.177156014229357,1348.0,1483.0,252.0,0.8243531654824596,3.8532071113586426
660.0,5.171978858215128,1348.0,1504.0,248.0,0.8241937925424223,3.8572959899902344
661.0,5.166806879356913,1348.0,1531.0,246.0,0.8240342909279038,3.8616180419921875
662.0,5.161640072477556,1348.0,1543.0,285.0,0.8238746605659258,3.8657400608062744
663.0,5.156478432405078,1348.0,1457.0,243.0,0.8237149013835319,3.8700170516967773
664.0,5.151321953972673,1348.0,1505.0,212.0,0.8235550133077878,3.873995065689087
665.0,5.1461706320187,1348.0,1434.0,214.0,0.8233949962657814,3.878018856048584
666.0,5.141024461386682,1348.0,1509.0,231.0,0.8232348501846233,3.8821189403533936
667.0,5.135883436925295,1348.0,1483.0,201.0,0.8230745749914463,3.8862690925598145
668.0,5.130747553488369,1348.0,1451.0,215.0,0.8229141706134064,3.8903989791870117
669.0,5.125616805934881,1348.0,1428.0,195.0,0.8227536369776822,3.8944170475006104
670.0,5.120491189128946,1348.0,1507.0,235.0,0.8225929740114757,3.8984808921813965
671.0,5.115370697939817,1348.0,1547.0,229.0,0.8224321816420119,3.902590036392212
672.0,5.110255327241877,1348.0,1527.0,254.0,0.8222712597965395,3.906769037246704
673.0,5.1051450719146345,1348.0,1473.0,219.0,0.8221102084023306,3.9109840393066406
674.0,5.10003992684272,1348.0,1510.0,199.0,0.8219490273866812,3.9150431156158447
675.0,5.094939886915877,1348.0,1478.0,282.0,0.8217877166769113,3.919110059738159
676.0,5.089844947028961,1348.0,1554.0,245.0,0.821626276200365,3.923234224319458
677.0,5.084755102081933,1348.0,1434.0,213.0,0.8214647058844106,3.927273988723755
678.0,5.07967034697985,1348.0,1409.0,197.0,0.8213030056564408,3.931325912475586
679.0,5.07459067663287,1348.0,1440.0,220.0,0.8211411754438732,3.935338020324707
680.0,5.069516085956238,1348.0,1466.0,227.0,0.8209792151741502,3.9394030570983887
681.0,5.064446569870282,1348.0,1468.0,247.0,0.820817124774739,3.9444191455841064
682.0,5.059382123300412,1348.0,1489.0,254.0,0.8206549041731319,3.9486000537872314
683.0,5.054322741177112,1348.0,1492.0,232.0,0.8204925532968467,3.952620029449463
684.0,5.049268418435934,1348.0,1478.0,231.0,0.8203300720734267,3.956634998321533
685.0,5.044219150017499,1348.0,1459.0,251.0,0.8201674604304408,3.960564136505127
686.0,5.039174930867482,1348.0,1467.0,255.0,0.8200047182954837,3.964426040649414
687.0,5.034135755936615,1348.0,1460.0,235.0,0.8198418455961762,3.968438148498535
688.0,5.029101620180678,1348.0,1504.0,224.0,0.8196788422601653,3.972372055053711
689.0,5.024072518560497,1348.0,1464.0,210.0,0.8195157082151243,3.976500988006592
690.0,5.0190484460419365,1348.0,1425.0,222.0,0.8193524433887532,3.980502128601074
691.0,5.014029397595895,1348.0,1465.0,234.0,0.8191890477087787,3.984556198120117
692.0,5.009015368198299,1348.0,1476.0,232.0,0.8190255211029539,3.988492012023926
693.0,5.004006352830101,1348.0,1488.0,226.0,0.8188618634990597,3.992473840713501
694.0,4.999002346477271,1348.0,1442.0,211.0,0.8186980748249039,3.9964029788970947
695.0,4.994003344130793,1348.0,1448.0,214.0,0.8185341550083215,4.00022292137146
696.0,4.989009340786662,1348.0,1537.0,245.0,0.8183701039771756,4.004142999649048
697.0,4.984020331445875,1348.0,1446.0,221.0,0.8182059216593567,4.008104085922241
698.0,4.979036311114429,1348.0,1457.0,246.0,0.8180416079827835,4.012075185775757
699.0,4.9740572748033145,1348.0,1501.0,227.0,0.8178771628754025,4.0160231590271
700.0,4.969083217528511,1348.0,1435.0,228.0,0.8177125862651888,4.019929885864258
701.0,4.964114134310982,1348.0,1556.0,213.0,0.8175478780801461,4.023782014846802
702.0,4.959150020176671,1348.0,1485.0,210.0,0.8173830382483063,4.027814865112305
703.0,4.954190870156494,1348.0,1457.0,223.0,0.8172180666977304,4.031759977340698
704.0,4.949236679286337,1348.0,1462.0,214.0,0.8170529633565088,4.035769939422607
705.0,4.944287442607051,1348.0,1462.0,240.0,0.8168877281527603,4.039790868759155
706.0,4.939343155164444,1348.0,1410.0,211.0,0.816722361014634,4.043629884719849
707.0,4.93440381200928,1348.0,1397.0,200.0,0.8165568618703078,4.047421932220459
708.0,4.929469408197271,1348.0,1403.0,198.0,0.8163912306479898,4.051392078399658
709.0,4.924539938789073,1348.0,1427.0,193.0,0.8162254672759178,4.055279016494751
710.0,4.919615398850285,1322.0,1403.0,208.0,0.8160595716823599,4.059252023696899
711.0,4.914695783451434,1322.0,1524.0,215.0,0.8158935437956143,4.0631608963012695
712.0,4.909781087667983,1322.0,1409.0,226.0,0.8157273835440099,4.06704306602478
713.0,4.904871306580315,1322.0,1460.0,201.0,0.815561090855906,4.07096004486084
714.0,4.899966435273734,1322.0,1482.0,218.0,0.815394665659693,4.0748610496521
715.0,4.89506646883846,1322.0,1388.0,208.0,0.8152281078837922,4.078790903091431
716.0,4.890171402369622,1322.0,1476.0,217.0,0.8150614174566562,4.082719087600708
717.0,4.885281230967252,1322.0,1423.0,213.0,0.8148945943067687,4.0865678787231445
718.0,4.880395949736285,1322.0,1468.0,190.0,0.8147276383626454,4.090381860733032
719.0,4.875515553786549,1322.0,1513.0,212.0,0.8145605495528334,4.094270944595337
720.0,4.870640038232763,1322.0,1488.0,226.0,0.814393327805912,4.098133087158203
721.0,4.86576939819453,1322.0,1449.0,226.0,0.8142259730504927,4.101956844329834
722.0,4.860903628796335,1322.0,1564.0,246.0,0.8140584852152188,4.1058349609375
723.0,4.856042725167539,1322.0,1470.0,225.0,0.8138908642287669,4.109656095504761
724.0,4.851186682442371,1322.0,1488.0,227.0,0.8137231100198457,4.113562822341919
725.0,4.846335495759929,1322.0,1422.0,205.0,0.8135552225171967,4.117369890213013
726.0,4.841489160264169,1322.0,1429.0,213.0,0.8133872016495952,4.12125301361084
727.0,4.836647671103905,1322.0,1559.0,215.0,0.8132190473458489,4.125100135803223
728.0,4.8318110234328016,1322.0,1474.0,205.0,0.8130507595347994,4.128943920135498
729.0,4.826979212409369,1322.0,1587.0,235.0,0.8128823381453221,4.132842063903809
730.0,4.8221522331969595,1322.0,1482.0,233.0,0.8127137831063258,4.136713981628418
731.0,4.817330080963763,1322.0,1454.0,187.0,0.8125450943467534,4.140410900115967
732.0,4.812512750882799,1322.0,1523.0,213.0,0.8123762717955822,4.14425802230835
733.0,4.8077002381319165,1322.0,1516.0,191.0,0.8122073153818238,4.1481239795684814
734.0,4.802892537893785,1322.0,1441.0,212.0,0.8120382250345244,4.15189003944397
735.0,4.7980896453558906,1322.0,1514.0,205.0,0.8118690006827648,4.155612945556641
736.0,4.7932915557105344,1322.0,1538.0,237.0,0.811699642255661,4.159510135650635
737.0,4.788498264154824,1322.0,1432.0,189.0,0.8115301496823641,4.163264989852905
738.0,4.783709765890669,1322.0,1459.0,209.0,0.8113605228920605,4.167050123214722
739.0,4.778926056124779,1322.0,1420.0,208.0,0.8111907618139721,4.170897006988525
740.0,4.774147130068654,1322.0,1480.0,176.0,0.8110208663773565,4.174659967422485
741.0,4.769372982938585,1322.0,1435.0,193.0,0.8108508365115074,4.178519010543823
742.0,4.764603609955647,1322.0,1464.0,211.0,0.8106806721457543,4.182332992553711
743.0,4.7598390063456915,1322.0,1463.0,212.0,0.8105103732094635,4.186175107955933
744.0,4.755079167339345,1322.0,1431.0,204.0,0.8103399396320374,4.189908027648926
745.0,4.750324088172006,1322.0,1494.0,194.0,0.8101693713429153,4.1936562061309814
746.0,4.745573764083834,1322.0,1412.0,208.0,0.8099986682715732,4.197346210479736
747.0,4.74082819031975,1322.0,1515.0,207.0,0.8098278303475244,4.201069116592407
748.0,4.73608736212943,1322.0,1455.0,215.0,0.8096568575003191,4.2047131061553955
749.0,4.7313512747673006,1322.0,1438.0,172.0,0.8094857496595457,4.208400011062622
750.0,4.7266199234925335,1322.0,1563.0,200.0,0.8093145067548295,4.212237119674683
751.0,4.721893303569041,1322.0,1460.0,215.0,0.8091431287158343,4.216080904006958
752.0,4.717171410265472,1322.0,1449.0,196.0,0.8089716154722614,4.219888925552368
753.0,4.712454238855206,1322.0,1417.0,206.0,0.8087999669538506,4.223696947097778
754.0,4.707741784616351,1322.0,1514.0,202.0,0.8086281830903804,4.227508068084717
755.0,4.703034042831734,1322.0,1491.0,193.0,0.8084562638116678,4.231274127960205
756.0,4.6983310087889025,1322.0,1479.0,228.0,0.8082842090475684,4.235001802444458
757.0,4.693632677780114,1322.0,1457.0,193.0,0.8081120187279772,4.2386510372161865
758.0,4.688939045102334,1322.0,1471.0,189.0,0.8079396927828284,4.242255926132202
759.0,4.684250106057232,1322.0,1434.0,189.0,0.8077672311420954,4.246062994003296
760.0,4.679565855951175,1322.0,1478.0,193.0,0.8075946337357915,4.249764919281006
761.0,4.674886290095224,1322.0,1449.0,193.0,0.8074219004939699,4.253535032272339
762.0,4.670211403805129,1322.0,1492.0,208.0,0.8072490313467235,4.25722599029541
763.0,4.6655411924013235,1322.0,1458.0,193.0,0.807076026224186,4.26093602180481
764.0,4.660875651208922,1322.0,1493.0,182.0,0.8069028850565311,4.2647318840026855
765.0,4.6562147755577135,1322.0,1513.0,218.0,0.8067296077739733,4.268479108810425
766.0,4.6515585607821555,1322.0,1457.0,188.0,0.806556194306768,4.272173166275024
767.0,4.646907002221373,1322.0,1472.0,216.0,0.8063826445852117,4.2758049964904785
768.0,4.642260095219152,1322.0,1538.0,188.0,0.806208958539642,4.279519081115723
769.0,4.637617835123933,1322.0,1543.0,230.0,0.8060351361004381,4.283272981643677
770.0,4.632980217288809,1322.0,1529.0,220.0,0.8058611771980209,4.287062168121338
771.0,4.62834723707152,1322.0,1436.0,218.0,0.8056870817628531,4.290879011154175
772.0,4.623718889834449,1322.0,1425.0,163.0,0.8055128497254394,4.294658899307251
773.0,4.619095170944615,1322.0,1464.0,190.0,0.805338481016327,4.298357963562012
774.0,4.61447607577367,1322.0,1399.0,161.0,0.8051639755661053,4.302133083343506
775.0,4.609861599697896,1322.0,1387.0,148.0,0.8049893333054068,4.305812120437622
776.0,4.6052517380981985,1322.0,1398.0,136.0,0.8048145541649064,4.309641122817993
777.0,4.6006464863601,1322.0,1386.0,151.0,0.8046396380753226,4.313308000564575
778.0,4.59604583987374,1322.0,1411.0,213.0,0.8044645849674168,4.316987037658691
779.0,4.591449794033866,1322.0,1364.0,163.0,0.8042893947719941,4.320729970932007
780.0,4.5868583442398325,1322.0,1436.0,163.0,0.8041140674199034,4.324373960494995
781.0,4.582271485895593,1322.0,1444.0,179.0,0.8039386028420374,4.3280699253082275
782.0,4.5776892144096974,1322.0,1466.0,222.0,0.8037630009693331,4.331660032272339
783.0,4.573111525195288,1322.0,1417.0,181.0,0.8035872617327716,4.335314035415649
784.0,4.568538413670093,1322.0,1409.0,164.0,0.8034113850633786,4.339078903198242
785.0,4.563969875256423,1322.0,1424.0,196.0,0.8032353708922249,4.342720031738281
786.0,4.559405905381166,1322.0,1449.0,230.0,0.8030592191504259,4.346322059631348
787.0,4.554846499475786,1322.0,1454.0,170.0,0.8028829297691422,4.3498618602752686
788.0,4.55029165297631,1322.0,1412.0,170.0,0.8027065026795801,4.353506088256836
789.0,4.5457413613233335,1322.0,1412.0,163.0,0.8025299378129913,4.357131004333496
790.0,4.54119561996201,1322.0,1423.0,169.0,0.8023532351006732,4.360717058181763
791.0,4.536654424342048,1322.0,1408.0,147.0,0.8021763944739695,4.364278078079224
792.0,4.532117769917706,1322.0,1479.0,192.0,0.8019994158642698,4.367812871932983
793.0,4.527585652147788,1322.0,1461.0,180.0,0.8018222992030106,4.371734142303467
794.0,4.523058066495641,1322.0,1480.0,185.0,0.8016450444216746,4.375352144241333
795.0,4.518535008429145,1322.0,1409.0,174.0,0.8014676514517918,4.378998041152954
796.0,4.514016473420716,1322.0,1373.0,153.0,0.8012901202249387,4.382733106613159
797.0,4.5095024569472955,1322.0,1363.0,163.0,0.8011124506727398,4.386211156845093
798.0,4.504992954490348,1322.0,1361.0,142.0,0.8009346427268668,4.389796018600464
799.0,4.500487961535858,1322.0,1436.0,155.0,0.8007566963190389,4.3934102058410645
800.0,4.4959874735743215,1322.0,1426.0,175.0,0.8005786113810235,4.396922826766968
801.0,4.491491486100747,1322.0,1421.0,170.0,0.8004003878446363,4.400382995605469
802.0,4.486999994614647,1322.0,1482.0,186.0,0.8002220256417409,4.403965950012207
803.0,4.482512994620032,1322.0,1430.0,191.0,0.8000435247042502,4.407526016235352
804.0,4.478030481625412,1322.0,1366.0,185.0,0.7998648849641251,4.411214828491211
805.0,4.473552451143787,1322.0,1373.0,134.0,0.799686106353376,4.4147868156433105
806.0,4.4690788986926435,1322.0,1439.0,167.0,0.7995071888040626,4.418317079544067
807.0,4.464609819793951,1322.0,1411.0,164.0,0.7993281322482938,4.421756982803345
808.0,4.460145209974157,1322.0,1485.0,170.0,0.7991489366182282,4.425265073776245
809.0,4.455685064764183,1322.0,1450.0,200.0,0.7989696018460746,4.428815841674805
810.0,4.451229379699419,1322.0,1408.0,178.0,0.7987901278640914,4.432397842407227
811.0,4.4467781503197195,1322.0,1361.0,155.0,0.7986105146045878,4.435896158218384
812.0,4.4423313721693996,1311.0,1344.0,152.0,0.7984307619999232,4.4394371509552
813.0,4.43788904079723,1311.0,1375.0,136.0,0.7982508699825082,4.4430091381073
814.0,4.433451151756432,1311.0,1367.0,144.0,0.7980708384848038,4.446579933166504
815.0,4.429017700604676,1311.0,1495.0,190.0,0.7978906674393227,4.450182914733887
816.0,4.424588682904071,1311.0,1401.0,158.0,0.7977103567786289,4.453636884689331
817.0,4.420164094221167,1311.0,1504.0,187.0,0.7975299064353378,4.457028865814209
818.0,4.415743930126945,1311.0,1354.0,183.0,0.797349316342117,4.4604880809783936
819.0,4.411328186196818,1302.0,1358.0,147.0,0.7971685864316861,4.463996887207031
820.0,4.4069168580106215,1302.0,1369.0,135.0,0.7969877166368169,4.467533111572266
821.0,4.402509941152611,1302.0,1385.0,173.0,0.7968067068903338,4.470983028411865
822.0,4.398107431211459,1302.0,1327.0,137.0,0.7966255571251141,4.474403142929077
823.0,4.393709323780247,1302.0,1404.0,170.0,0.7964442672740877,4.477988958358765
824.0,4.389315614456467,1302.0,1368.0,159.0,0.7962628372702382,4.481470108032227
825.0,4.384926298842011,1302.0,1369.0,136.0,0.7960812670466023,4.484924077987671
826.0,4.380541372543169,1302.0,1376.0,150.0,0.7958995565362704,4.488443851470947
827.0,4.376160831170625,1302.0,1461.0,185.0,0.7957177056723869,4.491869926452637
828.0,4.371784670339455,1302.0,1418.0,185.0,0.7955357143881503,4.495306015014648
829.0,4.367412885669116,1302.0,1485.0,169.0,0.7953535826168132,4.498805999755859
830.0,4.363045472783447,1302.0,1422.0,189.0,0.7951713102916831,4.502289056777954
831.0,4.358682427310663,1302.0,1403.0,161.0,0.7949888973461219,4.505762100219727
832.0,4.354323744883352,1300.0,1372.0,138.0,0.7948063437135469,4.509229898452759
833.0,4.349969421138469,1300.0,1374.0,167.0,0.7946236493274303,4.512687921524048
834.0,4.34561945171733,1300.0,1380.0,155.0,0.7944408141213001,4.516243934631348
835.0,4.341273832265613,1300.0,1355.0,160.0,0.7942578380287397,4.519881010055542
836.0,4.336932558433348,1300.0,1469.0,197.0,0.7940747209833886,4.523351192474365
837.0,4.332595625874914,1300.0,1385.0,163.0,0.7938914629189423,4.52693510055542
838.0,4.3282630302490395,1300.0,1398.0,153.0,0.7937080637691528,4.53039288520813
839.0,4.32393476721879,1300.0,1368.0,161.0,0.7935245234678286,4.533847093582153
840.0,4.319610832451572,1300.0,1442.0,134.0,0.7933408419488354,4.53731894493103
841.0,4.31529122161912,1300.0,1410.0,173.0,0.7931570191460953,4.540802955627441
842.0,4.3109759303975,1300.0,1409.0,145.0,0.7929730549935882,4.544234991073608
843.0,4.306664954467103,1300.0,1391.0,156.0,0.7927889494253516,4.54762601852417
844.0,4.302358289512636,1300.0,1436.0,132.0,0.7926047023754803,4.551011800765991
845.0,4.298055931223123,1300.0,1429.0,165.0,0.7924203137781276,4.554597854614258
846.0,4.2937578752919,1300.0,1477.0,186.0,0.7922357835675047,4.558058023452759
847.0,4.289464117416608,1300.0,1435.0,186.0,0.7920511116778813,4.561459064483643
848.0,4.285174653299191,1300.0,1495.0,171.0,0.7918662980435859,4.565014123916626
849.0,4.280889478645892,1300.0,1408.0,133.0,0.7916813425990059,4.5684590339660645
850.0,4.276608589167246,1300.0,1398.0,186.0,0.7914962452785878,4.571866035461426
851.0,4.272331980578079,1300.0,1430.0,147.0,0.7913110060168375,4.575237035751343
852.0,4.2680596485975,1300.0,1449.0,178.0,0.7911256247483205,4.578608989715576
853.0,4.263791588948902,1300.0,1417.0,159.0,0.7909401014076622,4.581911087036133
854.0,4.2595277973599535,1300.0,1438.0,142.0,0.7907544359295484,4.585272789001465
855.0,4.255268269562594,1300.0,1460.0,176.0,0.7905686282487246,4.588672161102295
856.0,4.251013001293031,1300.0,1434.0,182.0,0.7903826782999974,4.592103004455566
857.0,4.246761988291738,1300.0,1383.0,146.0,0.790196586018234,4.595577955245972
858.0,4.242515226303446,1300.0,1405.0,158.0,0.7900103513383625,4.598875045776367
859.0,4.238272711077143,1300.0,1328.0,120.0,0.7898239741953728,4.602329969406128
860.0,4.234034438366066,1283.0,1333.0,127.0,0.7896374545243156,4.605726003646851
861.0,4.2298004039277,1283.0,1333.0,109.0,0.7894507922603039,4.609023094177246
862.0,4.225570603523773,1272.0,1330.0,126.0,0.7892639873385124,4.612439155578613
863.0,4.221345032920249,1272.0,1384.0,147.0,0.7890770396941784,4.615839958190918
864.0,4.217123687887329,1272.0,1383.0,145.0,0.7888899492626011,4.619210958480835
865.0,4.212906564199442,1272.0,1387.0,158.0,0.7887027159791431,4.622657060623169
866.0,4.2086936576352425,1272.0,1416.0,145.0,0.7885153397792293,4.626085042953491
867.0,4.204484963977607,1272.0,1407.0,145.0,0.788327820598348,4.629517078399658
868.0,4.200280479013629,1272.0,1493.0,211.0,0.7881401583720514,4.632866144180298
869.0,4.196080198534616,1272.0,1386.0,183.0,0.7879523530359548,4.636198997497559
870.0,4.191884118336081,1272.0,1422.0,194.0,0.7877644045257376,4.639504909515381
871.0,4.187692234217745,1272.0,1429.0,149.0,0.7875763127771434,4.643254995346069
872.0,4.1835045419835275,1272.0,1390.0,139.0,0.7873880777259801,4.646617889404297
873.0,4.179321037441544,1272.0,1389.0,133.0,0.7871996993081204,4.649899005889893
874.0,4.175141716404102,1272.0,1423.0,110.0,0.7870111774595019,4.653318881988525
875.0,4.170966574687698,1272.0,1380.0,136.0,0.7868225121161271,4.656642913818359
876.0,4.16679560811301,1272.0,1403.0,156.0,0.7866337032140639,4.659945964813232
877.0,4.162628812504897,1272.0,1431.0,168.0,0.7864447506894463,4.663326978683472
878.0,4.158466183692392,1272.0,1345.0,117.0,0.7862556544784735,4.666644096374512
879.0,4.1543077175087,1272.0,1380.0,106.0,0.7860664145174113,4.67008900642395
880.0,4.150153409791191,1272.0,1415.0,128.0,0.7858770307425915,4.6733598709106445
881.0,4.146003256381399,1272.0,1458.0,166.0,0.7856875030904129,4.676666021347046
882.0,4.141857253125018,1272.0,1475.0,178.0,0.7854978314973406,4.679999113082886
883.0,4.137715395871893,1272.0,1465.0,156.0,0.7853080158999075,4.683256149291992
884.0,4.133577680476021,1272.0,1388.0,154.0,0.7851180562347133,4.686575889587402
885.0,4.129444102795545,1272.0,1365.0,137.0,0.7849279524384254,4.689908027648926
886.0,4.12531465869275,1272.0,1404.0,152.0,0.7847377044477791,4.693246126174927
887.0,4.121189344034057,1272.0,1452.0,165.0,0.7845473121995777,4.696403980255127
888.0,4.117068154690022,1272.0,1363.0,175.0,0.7843567756306933,4.699656009674072
889.0,4.1129510865353325,1272.0,1385.0,137.0,0.7841660946780658,4.702955007553101
890.0,4.1088381354487975,1272.0,1444.0,161.0,0.7839752692787044,4.706231117248535
891.0,4.104729297313349,1272.0,1401.0,140.0,0.7837842993696874,4.709472179412842
892.0,4.100624568016036,1272.0,1394.0,134.0,0.7835931848881624,4.712678909301758
893.0,4.09652394344802,1272.0,1379.0,122.0,0.7834019257713465,4.715958118438721
894.0,4.092427419504571,1272.0,1389.0,146.0,0.7832105219565266,4.719234943389893
895.0,4.088334992085067,1272.0,1372.0,138.0,0.7830189733810601,4.72251296043396
896.0,4.084246657092982,1272.0,1382.0,134.0,0.7828272799823739,4.7257750034332275
897.0,4.080162410435889,1272.0,1376.0,137.0,0.7826354416979664,4.729059934616089
898.0,4.076082248025453,1272.0,1341.0,166.0,0.7824434584654063,4.732351064682007
899.0,4.072006165777427,1272.0,1362.0,122.0,0.7822513302223336,4.7356390953063965
900.0,4.06793415961165,1272.0,1420.0,127.0,0.7820590569064597,4.738923072814941
901.0,4.063866225452038,1272.0,1422.0,136.0,0.7818666384555673,4.74214506149292
902.0,4.059802359226587,1272.0,1409.0,136.0,0.7816740748075114,4.745283842086792
903.0,4.05574255686736,1272.0,1459.0,136.0,0.7814813659002187,4.748430967330933
904.0,4.051686814310492,1272.0,1475.0,151.0,0.7812885116716886,4.751569986343384
905.0,4.047635127496181,1272.0,1477.0,161.0,0.781095512059993,4.7548439502716064
906.0,4.043587492368685,1272.0,1419.0,164.0,0.7809023670032765,4.758072853088379
907.0,4.039543904876316,1272.0,1401.0,128.0,0.7807090764397573,4.761258125305176
908.0,4.03550436097144,1272.0,1415.0,146.0,0.7805156403077267,4.764457941055298
909.0,4.031468856610468,1272.0,1387.0,137.0,0.7803220585455495,4.7677671909332275
910.0,4.027437387753857,1272.0,1324.0,126.0,0.7801283310916646,4.770917892456055
911.0,4.023409950366103,1272.0,1347.0,134.0,0.7799344578845852,4.7740318775177
912.0,4.019386540415737,1272.0,1355.0,138.0,0.7797404388628987,4.777314186096191
913.0,4.015367153875321,1272.0,1338.0,115.0,0.7795462739652673,4.780529022216797
914.0,4.011351786721446,1272.0,1365.0,119.0,0.7793519631304282,4.783699989318848
915.0,4.007340434934724,1272.0,1362.0,122.0,0.7791575062971937,4.786844968795776
916.0,4.003333094499789,1272.0,1372.0,125.0,0.7789629034044516,4.789954900741577
917.0,3.999329761405289,1272.0,1400.0,123.0,0.7787681543911654,4.7930920124053955
918.0,3.995330431643884,1272.0,1419.0,144.0,0.7785732591963747,4.796284914016724
919.0,3.9913351012122398,1272.0,1401.0,134.0,0.778378217759195,4.799459218978882
920.0,3.9873437661110276,1272.0,1436.0,150.0,0.778183030018819,4.802699089050293
921.0,3.9833564223449165,1272.0,1429.0,111.0,0.7779876959145156,4.805827856063843
922.0,3.9793730659225717,1272.0,1373.0,133.0,0.7777922153856307,4.809017896652222
923.0,3.975393692856649,1272.0,1418.0,136.0,0.7775965883715881,4.812132835388184
924.0,3.9714182991637923,1272.0,1286.0,131.0,0.7774008148118884,4.815231084823608
925.0,3.9674468808646286,1272.0,1322.0,119.0,0.7772048946461105,4.818697929382324
926.0,3.963479433983764,1272.0,1381.0,112.0,0.7770088278139113,4.8217737674713135
927.0,3.9595159545497802,1272.0,1352.0,115.0,0.7768126142550261,4.824792861938477
928.0,3.9555564385952304,1272.0,1356.0,132.0,0.7766162539092688,4.82785701751709
929.0,3.9516008821566353,1272.0,1388.0,134.0,0.776419746716532,4.831061124801636
930.0,3.9476492812744786,1272.0,1309.0,125.0,0.7762230926167877,4.834182977676392
931.0,3.943701631993204,1270.0,1313.0,84.0,0.7760262915500872,4.837337970733643
932.0,3.9397579303612105,1270.0,1337.0,106.0,0.7758293434565614,4.8405351638793945
933.0,3.9358181724308494,1270.0,1330.0,130.0,0.7756322482764214,4.843739986419678
934.0,3.9318823542584185,1270.0,1373.0,104.0,0.7754350059499584,4.846912145614624
935.0,3.9279504719041602,1270.0,1352.0,139.0,0.7752376164175441,4.850178003311157
936.0,3.924022521432256,1270.0,1386.0,134.0,0.7750400796196307,4.853307008743286
937.0,3.9200984989108236,1270.0,1396.0,111.0,0.7748423954967518,4.8563830852508545
938.0,3.916178400411913,1270.0,1388.0,134.0,0.7746445639895223,4.859490156173706
939.0,3.912262222011501,1270.0,1322.0,118.0,0.7744465850386383,4.862584114074707
940.0,3.9083499597894895,1270.0,1349.0,113.0,0.7742484585848779,4.865771055221558
941.0,3.9044416098297,1270.0,1332.0,114.0,0.7740501845691016,4.86882209777832
942.0,3.9005371682198704,1270.0,1373.0,104.0,0.7738517629322519,4.871877908706665
943.0,3.8966366310516505,1270.0,1439.0,138.0,0.773653193615354,4.875030994415283
944.0,3.892739994420599,1270.0,1382.0,129.0,0.7734544765595162,4.878056049346924
945.0,3.8888472544261785,1270.0,1313.0,116.0,0.7732556117059297,4.881036043167114
946.0,3.8849584071717524,1270.0,1332.0,119.0,0.7730565989958696,4.884153842926025
947.0,3.881073448764581,1270.0,1335.0,113.0,0.7728574383706944,4.887222051620483
948.0,3.877192375315816,1270.0,1393.0,125.0,0.7726581297718467,4.890253782272339
949.0,3.8733151829405004,1270.0,1339.0,109.0,0.7724586731408533,4.893323183059692
950.0,3.8694418677575597,1270.0,1345.0,106.0,0.7722590684193255,4.896382093429565
951.0,3.8655724258898023,1270.0,1330.0,114.0,0.7720593155489598,4.899472951889038
952.0,3.8617068534639127,1270.0,1317.0,138.0,0.7718594144715375,4.902613162994385
953.0,3.857845146610449,1270.0,1326.0,122.0,0.7716593651289254,4.905704021453857
954.0,3.8539873014638384,1270.0,1335.0,72.0,0.7714591674630757,4.908696889877319
955.0,3.8501333141623744,1270.0,1347.0,112.0,0.771258821416027,4.911672830581665
956.0,3.846283180848212,1270.0,1325.0,111.0,0.7710583269299036,4.914786100387573
957.0,3.8424368976673637,1270.0,1329.0,126.0,0.7708576839469167,4.917876958847046
958.0,3.8385944607696962,1270.0,1355.0,102.0,0.7706568924093641,4.92087197303772
959.0,3.8347558663089267,1270.0,1336.0,107.0,0.7704559522596305,4.923891067504883
960.0,3.8309211104426177,1270.0,1355.0,112.0,0.7702548634401881,4.9268999099731445
961.0,3.827090189332175,1270.0,1316.0,107.0,0.7700536258935967,4.929953098297119
962.0,3.8232630991428427,1270.0,1343.0,116.0,0.769852239562504,4.932891845703125
963.0,3.8194398360436996,1270.0,1416.0,99.0,0.7696507043896458,4.9358649253845215
964.0,3.815620396207656,1270.0,1407.0,111.0,0.7694490203178461,4.938957214355469
965.0,3.8118047758114484,1270.0,1385.0,125.0,0.7692471872900181,4.942064046859741
966.0,3.807992971035637,1270.0,1335.0,106.0,0.7690452052491635,4.945003986358643
967.0,3.804184978064601,1270.0,1322.0,121.0,0.7688430741383737,4.948020935058594
968.0,3.8003807930865365,1270.0,1313.0,100.0,0.7686407939008295,4.950973033905029
969.0,3.79658041229345,1270.0,1364.0,106.0,0.7684383644798014,4.953938007354736
970.0,3.792783831881157,1270.0,1376.0,123.0,0.7682357858186503,4.956927061080933
971.0,3.788991048049276,1270.0,1413.0,150.0,0.7680330578608272,4.959964990615845
972.0,3.785202057001227,1270.0,1326.0,122.0,0.7678301805498741,4.962987184524536
973.0,3.7814168549442257,1270.0,1290.0,79.0,0.7676271538294236,4.966027021408081
974.0,3.7776354380892814,1270.0,1345.0,84.0,0.7674239776431999,4.969115972518921
975.0,3.773857802651192,1270.0,1391.0,109.0,0.7672206519350186,4.972110986709595
976.0,3.770083944848541,1270.0,1413.0,112.0,0.7670171766487873,4.975136995315552
977.0,3.766313860903692,1270.0,1384.0,148.0,0.7668135517285053,4.978121042251587
978.0,3.7625475470427885,1270.0,1393.0,132.0,0.7666097771182648,4.981083869934082
979.0,3.7587849994957456,1270.0,1384.0,134.0,0.7664058527622503,4.984173774719238
980.0,3.75502621449625,1270.0,1425.0,115.0,0.7662017786047395,4.987096786499023
981.0,3.7512711882817538,1270.0,1383.0,119.0,0.765997554590103,4.989979028701782
982.0,3.747519917093472,1270.0,1397.0,112.0,0.7657931806628057,4.992902994155884
983.0,3.7437723971763783,1270.0,1392.0,125.0,0.7655886567674053,4.99596905708313
984.0,3.740028624779202,1270.0,1418.0,120.0,0.7653839828485546,4.998922109603882
985.0,3.7362885961544228,1270.0,1323.0,127.0,0.7651791588510001,5.001964092254639
986.0,3.7325523075582683,1270.0,1413.0,106.0,0.7649741847195834,5.004955053329468
987.0,3.72881975525071,1270.0,1381.0,126.0,0.764769060399241,5.0078630447387695
988.0,3.7250909354954596,1270.0,1376.0,131.0,0.7645637858350046,5.010931968688965
989.0,3.721365844559964,1270.0,1315.0,130.0,0.7643583609720014,5.0137810707092285
990.0,3.717644478715404,1270.0,1317.0,95.0,0.7641527857554548,5.016696929931641
991.0,3.713926834236689,1270.0,1351.0,119.0,0.7639470601306838,5.0196449756622314
992.0,3.710212907402452,1270.0,1344.0,115.0,0.7637411840431043,5.022571086883545
993.0,3.70650269449505,1270.0,1359.0,112.0,0.7635351574382289,5.025500059127808
994.0,3.7027961918005547,1270.0,1364.0,100.0,0.7633289802616668,5.02844500541687
995.0,3.699093395608754,1270.0,1347.0,97.0,0.7631226524591253,5.031409978866577
996.0,3.6953943022131455,1270.0,1373.0,108.0,0.7629161739764084,5.034364938735962
997.0,3.6916989079109324,1270.0,1406.0,112.0,0.7627095447594187,5.037317991256714
998.0,3.6880072090030214,1270.0,1355.0,111.0,0.7625027647541565,5.040203094482422
999.0,3.6843192017940183,1270.0,1349.0,107.0,0.762295833906721,5.0431389808654785
1000.0,3.680634882592224,1270.0,1344.0,103.0,0.7620887521633101,5.046012878417969
1001.0,3.6769542477096318,1270.0,1362.0,86.0,0.7618815194702204,5.0489490032196045
1002.0,3.673277293461922,1270.0,1391.0,102.0,0.7616741357738485,5.051939964294434
1003.0,3.66960401616846,1270.0,1416.0,112.0,0.7614666010206901,5.054845094680786
1004.0,3.6659344121522914,1270.0,1406.0,119.0,0.7612589151573413,5.057698011398315
1005.0,3.662268477740139,1270.0,1388.0,97.0,0.7610510781304982,5.060605049133301
1006.0,3.6586062092623988,1270.0,1390.0,119.0,0.7608430898869576,5.063501834869385
1007.0,3.6549476030531363,1270.0,1386.0,123.0,0.7606349503736171,5.066449880599976
1008.0,3.6512926554500833,1270.0,1429.0,124.0,0.7604266595374753,5.0694029331207275
1009.0,3.647641362794633,1270.0,1443.0,149.0,0.7602182173256327,5.072309970855713
1010.0,3.6439937214318383,1270.0,1417.0,129.0,0.7600096236852911,5.075217008590698
1011.0,3.6403497277104067,1270.0,1344.0,111.0,0.7598008785637548,5.0781190395355225
1012.0,3.6367093779826964,1270.0,1438.0,115.0,0.7595919819084298,5.081002950668335
1013.0,3.6330726686047137,1270.0,1359.0,104.0,0.7593829336668255,5.084122896194458
1014.0,3.629439595936109,1270.0,1407.0,93.0,0.7591737337865537,5.086992979049683
1015.0,3.625810156340173,1270.0,1407.0,98.0,0.7589643822153299,5.0897979736328125
1016.0,3.6221843461838326,1270.0,1389.0,128.0,0.7587548789009727,5.092619180679321
1017.0,3.618562161837649,1270.0,1330.0,107.0,0.7585452237914049,5.095610857009888
1018.0,3.614943599675811,1270.0,1333.0,118.0,0.7583354168346533,5.098452091217041
1019.0,3.611328656076135,1270.0,1328.0,104.0,0.7581254579788493,5.101257085800171
1020.0,3.607717327420059,1270.0,1307.0,110.0,0.7579153471722291,5.104109048843384
1021.0,3.604109610092639,1266.0,1304.0,99.0,0.7577050843631336,5.106961011886597
1022.0,3.600505500482546,1266.0,1331.0,88.0,0.7574946695000094,5.109786033630371
1023.0,3.5969049949820637,1266.0,1285.0,106.0,0.757284102531409,5.112622976303101
1024.0,3.5933080899870817,1245.0,1276.0,79.0,0.7570733834059904,5.115504026412964
1025.0,3.5897147818970945,1245.0,1346.0,81.0,0.756862512072518,5.118399143218994
1026.0,3.5861250671151974,1245.0,1380.0,112.0,0.7566514884798631,5.121275901794434
1027.0,3.582538942048082,1245.0,1396.0,128.0,0.7564403125770036,5.124221086502075
1028.0,3.578956403106034,1245.0,1326.0,118.0,0.7562289843130248,5.12714409828186
1029.0,3.575377446702928,1245.0,1360.0,101.0,0.7560175036371193,5.1300270557403564
1030.0,3.571802069256225,1245.0,1309.0,105.0,0.7558058704985877,5.132862091064453
1031.0,3.568230267186969,1245.0,1315.0,93.0,0.7555940848468388,5.135804891586304
1032.0,3.5646620369197817,1245.0,1266.0,83.0,0.7553821466313895,5.138649940490723
1033.0,3.561097374882862,1245.0,1316.0,96.0,0.7551700558018658,5.1415040493011475
1034.0,3.557536277507979,1245.0,1358.0,88.0,0.7549578123080026,5.144350051879883
1035.0,3.553978741230471,1245.0,1328.0,105.0,0.7547454160996443,5.147204875946045
1036.0,3.5504247624892407,1245.0,1370.0,105.0,0.7545328671267446,5.150071144104004
1037.0,3.5468743377267513,1245.0,1368.0,89.0,0.7543201653393677,5.152920961380005
1038.0,3.5433274633890246,1245.0,1310.0,107.0,0.7541073106876879,5.155727863311768
1039.0,3.5397841359256357,1245.0,1361.0,90.0,0.7538943031219898,5.158591032028198
1040.0,3.53624435178971,1245.0,1367.0,87.0,0.7536811425926693,5.161444902420044
1041.0,3.5327081074379203,1245.0,1378.0,120.0,0.7534678290502335,5.164269208908081
1042.0,3.5291753993304824,1245.0,1302.0,121.0,0.7532543624453006,5.167081117630005
1043.0,3.525646223931152,1245.0,1265.0,103.0,0.7530407427286014,5.169904947280884
1044.0,3.522120577707221,1245.0,1346.0,100.0,0.7528269698509784,5.172734975814819
1045.0,3.5185984571295137,1245.0,1318.0,104.0,0.7526130437633864,5.175640106201172
1046.0,3.5150798586723844,1245.0,1294.0,93.0,0.7523989644168936,5.178677082061768
1047.0,3.511564778813712,1245.0,1355.0,92.0,0.7521847317626807,5.181432008743286
1048.0,3.5080532140348986,1245.0,1353.0,106.0,0.7519703457520422,5.184326887130737
1049.0,3.5045451608208635,1245.0,1396.0,101.0,0.7517558063363861,5.1872358322143555
1050.0,3.5010406156600427,1245.0,1320.0,97.0,0.7515411134672347,5.189996004104614
1051.0,3.4975395750443825,1245.0,1315.0,80.0,0.7513262670962245,5.1928369998931885
1052.0,3.494042035469338,1245.0,1326.0,73.0,0.7511112671751068,5.195950984954834
1053.0,3.490547993433869,1245.0,1345.0,112.0,0.7508961136557478,5.199214935302734
1054.0,3.487057445440435,1245.0,1295.0,101.0,0.7506808064901291,5.202478885650635
1055.0,3.483570387994994,1245.0,1321.0,85.0,0.7504653456303477,5.205554962158203
1056.0,3.480086817606999,1245.0,1337.0,81.0,0.7502497310286171,5.208307981491089
1057.0,3.476606730789392,1245.0,1310.0,90.0,0.7500339626372665,5.211143970489502
1058.0,3.4731301240586028,1245.0,1312.0,94.0,0.749818040408742,5.213886022567749
1059.0,3.469656993934544,1245.0,1332.0,95.0,0.7496019642956067,5.216649055480957
1060.0,3.4661873369406093,1245.0,1306.0,87.0,0.7493857342505404,5.219320058822632
1061.0,3.4627211496036687,1245.0,1343.0,93.0,0.7491693502263412,5.221995115280151
1062.0,3.459258428454065,1245.0,1325.0,80.0,0.7489528121759246,5.224696159362793
1063.0,3.4557991700256108,1245.0,1333.0,100.0,0.7487361200523244,5.227455139160156
1064.0,3.4523433708555853,1245.0,1353.0,87.0,0.7485192738086928,5.230184078216553
1065.0,3.4488910274847298,1245.0,1300.0,101.0,0.7483022733983012,5.233047008514404
1066.0,3.445442136457245,1245.0,1328.0,104.0,0.7480851187745398,5.236330986022949
1067.0,3.4419966943207876,1245.0,1300.0,76.0,0.7478678098909183,5.239232063293457
1068.0,3.4385546976264667,1245.0,1334.0,100.0,0.7476503467010664,5.241963148117065
1069.0,3.43511614292884,1245.0,1313.0,81.0,0.747432729158734,5.244652032852173
1070.0,3.4316810267859115,1245.0,1339.0,78.0,0.7472149572177912,5.247352123260498
1071.0,3.4282493457591254,1245.0,1326.0,81.0,0.7469970308322288,5.250056982040405
1072.0,3.4248210964133663,1245.0,1313.0,76.0,0.7467789499561591,5.252813100814819
1073.0,3.421396275316953,1245.0,1338.0,90.0,0.7465607145438156,5.255501985549927
1074.0,3.417974879041636,1245.0,1336.0,71.0,0.7463423245495534,5.258270978927612
1075.0,3.4145569041625943,1245.0,1370.0,87.0,0.74612377992785,5.260937929153442
1076.0,3.4111423472584317,1245.0,1318.0,102.0,0.745905080633305,5.263695955276489
1077.0,3.4077312049111734,1245.0,1296.0,88.0,0.7456862266206411,5.266664028167725
1078.0,3.4043234737062624,1245.0,1299.0,83.0,0.7454672178447036,5.269309043884277
1079.0,3.400919150232556,1245.0,1264.0,93.0,0.7452480542604615,5.271951913833618
1080.0,3.3975182310823238,1245.0,1316.0,81.0,0.7450287358230075,5.2747578620910645
1081.0,3.3941207128512416,1245.0,1316.0,77.0,0.7448092624875584,5.27751898765564
1082.0,3.3907265921383902,1245.0,1284.0,90.0,0.744589634209455,5.280184984207153
1083.0,3.3873358655462518,1245.0,1278.0,83.0,0.7443698509441632,5.282865047454834
1084.0,3.3839485296807057,1245.0,1309.0,85.0,0.7441499126472737,5.285521030426025
1085.0,3.380564581151025,1245.0,1323.0,87.0,0.7439298192745029,5.288225173950195
1086.0,3.377184016569874,1245.0,1328.0,98.0,0.7437095707816923,5.29088282585144
1087.0,3.373806832553304,1245.0,1307.0,82.0,0.74348916712481,5.293485164642334
1088.0,3.3704330257207507,1245.0,1326.0,73.0,0.7432686082599501,5.296152114868164
1089.0,3.3670625926950297,1245.0,1343.0,86.0,0.7430478941433336,5.298784017562866
1090.0,3.363695530102335,1245.0,1334.0,85.0,0.7428270247313085,5.301433801651001
1091.0,3.3603318345722326,1245.0,1289.0,70.0,0.7426059999803498,5.304126977920532
1092.0,3.3569715027376605,1245.0,1288.0,73.0,0.7423848198470608,5.306812047958374
1093.0,3.353614531234923,1245.0,1286.0,77.0,0.7421634842881722,5.309463024139404
1094.0,3.350260916703688,1245.0,1314.0,79.0,0.7419419932605436,5.312163829803467
1095.0,3.3469106557869845,1245.0,1341.0,72.0,0.7417203467211626,5.314779996871948
1096.0,3.3435637451311977,1245.0,1293.0,94.0,0.7414985446271466,5.317414999008179
1097.0,3.3402201813860666,1245.0,1299.0,82.0,0.7412765869357419,5.320099115371704
1098.0,3.3368799612046804,1245.0,1291.0,78.0,0.7410544736043245,5.322705030441284
1099.0,3.3335430812434756,1245.0,1308.0,79.0,0.7408322045904006,5.325331926345825
1100.0,3.330209538162232,1245.0,1306.0,87.0,0.7406097798516065,5.327972888946533
1101.0,3.3268793286240697,1245.0,1290.0,81.0,0.7403871993457095,5.3305909633636475
1102.0,3.3235524492954456,1245.0,1307.0,69.0,0.7401644630306078,5.333357810974121
1103.0,3.32022889684615,1245.0,1301.0,84.0,0.7399415708643309,5.335942983627319
1104.0,3.3169086679493036,1245.0,1338.0,91.0,0.7397185228050401,5.338571071624756
1105.0,3.3135917592813544,1245.0,1282.0,87.0,0.7394953188110288,5.341171979904175
1106.0,3.310278167522073,1245.0,1343.0,82.0,0.7392719588407226,5.343800783157349
1107.0,3.3069678893545507,1245.0,1270.0,89.0,0.7390484428526799,5.346471071243286
1108.0,3.303660921465196,1245.0,1282.0,54.0,0.7388247708055924,5.34912896156311
1109.0,3.3003572605437306,1245.0,1331.0,100.0,0.7386009426582849,5.351809024810791
1110.0,3.297056903283187,1245.0,1359.0,84.0,0.7383769583697161,5.354432106018066
1111.0,3.2937598463799036,1245.0,1320.0,92.0,0.7381528178989787,5.357058048248291
1112.0,3.290466086533524,1245.0,1362.0,83.0,0.7379285212053,5.359722137451172
1113.0,3.28717562044699,1245.0,1306.0,85.0,0.7377040682480417,5.3623480796813965
1114.0,3.2838884448265433,1245.0,1290.0,79.0,0.737479458986701,5.364952802658081
1115.0,3.2806045563817166,1245.0,1306.0,89.0,0.7372546933809104,5.367589950561523
1116.0,3.277323951825335,1245.0,1298.0,72.0,0.7370297713904383,5.370227098464966
1117.0,3.27404662787351,1245.0,1252.0,79.0,0.7368046929751891,5.372848987579346
1118.0,3.2707725812456365,1245.0,1279.0,73.0,0.7365794580952036,5.375462055206299
1119.0,3.2675018086643908,1242.0,1263.0,87.0,0.7363540667106597,5.378067970275879
1120.0,3.2642343068557262,1242.0,1274.0,65.0,0.7361285187818722,5.380711078643799
1121.0,3.2609700725488704,1242.0,1277.0,74.0,0.7359028142692937,5.383424997329712
1122.0,3.2577091024763214,1228.0,1234.0,68.0,0.7356769531335144,5.385976076126099
1123.0,3.254451393373845,1228.0,1255.0,72.0,0.735450935335263,5.388472080230713
1124.0,3.251196941980471,1213.0,1260.0,77.0,0.7352247608354062,5.391003847122192
1125.0,3.2479457450384905,1213.0,1331.0,71.0,0.7349984295949503,5.3935911655426025
1126.0,3.2446977992934523,1213.0,1285.0,99.0,0.7347719415750403,5.396198034286499
1127.0,3.2414531014941588,1213.0,1281.0,75.0,0.7345452967369612,5.398857116699219
1128.0,3.2382116483926646,1213.0,1316.0,76.0,0.7343184950421376,5.401479959487915
1129.0,3.234973436744272,1213.0,1319.0,86.0,0.7340915364521345,5.4041149616241455
1130.0,3.231738463307528,1213.0,1312.0,84.0,0.7338644209286579,5.406683921813965
1131.0,3.2285067248442205,1213.0,1342.0,91.0,0.733637148433554,5.4093241691589355
1132.0,3.225278218119376,1213.0,1320.0,88.0,0.7334097189288111,5.411916017532349
1133.0,3.222052939901257,1213.0,1333.0,69.0,0.7331821323765588,5.4144368171691895
1134.0,3.2188308869613556,1213.0,1398.0,94.0,0.7329543887390689,5.4169440269470215
1135.0,3.215612056074394,1213.0,1387.0,105.0,0.7327264879787553,5.41952109336853
1136.0,3.21239644401832,1213.0,1344.0,85.0,0.732498430058175,5.422063827514648
1137.0,3.2091840475743014,1213.0,1380.0,91.0,0.7322702149400279,5.424653053283691
1138.0,3.2059748635267273,1213.0,1399.0,96.0,0.7320418425871573,5.427210092544556
1139.0,3.2027688886632006,1213.0,1368.0,92.0,0.7318133129625505,5.429749965667725
1140.0,3.1995661197745373,1213.0,1389.0,90.0,0.7315846260293386,5.432301044464111
1141.0,3.1963665536547627,1213.0,1323.0,77.0,0.7313557817507976,5.434873819351196
1142.0,3.193170187101108,1213.0,1331.0,75.0,0.731126780090348,5.437438011169434
1143.0,3.1899770169140065,1213.0,1310.0,88.0,0.7308976210115558,5.4400389194488525
1144.0,3.1867870398970926,1213.0,1314.0,70.0,0.7306683044781321,5.44249701499939
1145.0,3.1836002528571954,1213.0,1345.0,91.0,0.7304388304539347,5.445080041885376
1146.0,3.1804166526043383,1213.0,1340.0,77.0,0.7302091989029668,5.447564125061035
1147.0,3.177236235951734,1213.0,1293.0,75.0,0.7299794097893787,5.450021028518677
1148.0,3.174058999715782,1213.0,1262.0,80.0,0.7297494630774677,5.452440977096558
1149.0,3.1708849407160664,1213.0,1257.0,72.0,0.7295193587316782,5.45501184463501
1150.0,3.1677140557753503,1213.0,1246.0,54.0,0.7292890967166024,5.457497835159302
1151.0,3.164546341719575,1213.0,1255.0,64.0,0.7290586769969807,5.460021018981934
1152.0,3.1613817953778556,1213.0,1268.0,66.0,0.7288280995377016,5.462547063827515
1153.0,3.1582204135824776,1213.0,1261.0,54.0,0.7285973643038026,5.465101003646851
1154.0,3.155062193168895,1213.0,1281.0,84.0,0.7283664712604703,5.467606067657471
1155.0,3.1519071309757263,1213.0,1258.0,75.0,0.7281354203730406,5.470004081726074
1156.0,3.1487552238447507,1213.0,1257.0,64.0,0.7279042116069994,5.472420930862427
1157.0,3.145606468620906,1213.0,1285.0,59.0,0.7276728449279827,5.474977016448975
1158.0,3.142460862152285,1213.0,1272.0,78.0,0.7274413203017772,5.477413892745972
1159.0,3.1393184012901325,1213.0,1296.0,77.0,0.7272096376943203,5.479839086532593
1160.0,3.1361790828888423,1213.0,1285.0,62.0,0.7269777970717011,5.4822821617126465
1161.0,3.1330429038059533,1213.0,1258.0,70.0,0.7267457984001596,5.484858989715576
1162.0,3.1299098609021474,1213.0,1281.0,52.0,0.7265136416460886,5.4873270988464355
1163.0,3.1267799510412453,1213.0,1243.0,58.0,0.7262813267760327,5.4898459911346436
1164.0,3.1236531710902042,1213.0,1257.0,60.0,0.7260488537566895,5.492364168167114
1165.0,3.120529517919114,1213.0,1315.0,57.0,0.7258162225549095,5.49490213394165
1166.0,3.117408988401195,1213.0,1322.0,63.0,0.7255834331376968,5.497396945953369
1167.0,3.1142915794127934,1213.0,1333.0,77.0,0.7253504854722093,5.499885082244873
1168.0,3.1111772878333808,1213.0,1263.0,78.0,0.7251173795257589,5.50241494178772
1169.0,3.1080661105455474,1213.0,1292.0,73.0,0.7248841152658123,5.504880905151367
1170.0,3.104958044435002,1213.0,1284.0,71.0,0.7246506926599909,5.507368087768555
1171.0,3.101853086390567,1213.0,1251.0,60.0,0.7244171116760715,5.509850025177002
1172.0,3.0987512333041765,1206.0,1267.0,58.0,0.7241833722819864,5.512305021286011
1173.0,3.0956524820708724,1206.0,1244.0,50.0,0.7239494744458238,5.514676094055176
1174.0,3.0925568295888017,1206.0,1267.0,69.0,0.7237154181358287,5.517159938812256
1175.0,3.089464272759213,1206.0,1279.0,67.0,0.7234812033204023,5.519640207290649
1176.0,3.086374808486454,1206.0,1280.0,81.0,0.7232468299681034,5.52210807800293
1177.0,3.0832884336779673,1206.0,1222.0,51.0,0.7230122980476478,5.5245819091796875
1178.0,3.0802051452442893,1206.0,1282.0,62.0,0.7227776075279093,5.527012825012207
1179.0,3.0771249400990452,1206.0,1334.0,80.0,0.7225427583779201,5.529453992843628
1180.0,3.0740478151589463,1206.0,1354.0,64.0,0.7223077505668708,5.531980037689209
1181.0,3.0709737673437876,1206.0,1306.0,100.0,0.7220725840641108,5.534441947937012
1182.0,3.067902793576444,1206.0,1330.0,47.0,0.721837258839149,5.536870002746582
1183.0,3.0648348907828673,1206.0,1288.0,60.0,0.7216017748616537,5.539361000061035
1184.0,3.0617700558920844,1206.0,1294.0,51.0,0.7213661321014537,5.54193115234375
1185.0,3.0587082858361923,1206.0,1262.0,62.0,0.721130330528538,5.544301986694336
1186.0,3.0556495775503563,1206.0,1326.0,62.0,0.7208943701130562,5.5467000007629395
1187.0,3.052593927972806,1206.0,1344.0,85.0,0.7206582508253191,5.549221038818359
1188.0,3.049541334044833,1206.0,1343.0,85.0,0.7204219726357993,5.551642894744873
1189.0,3.046491792710788,1206.0,1344.0,84.0,0.7201855355151311,5.554092168807983
1190.0,3.0434453009180773,1206.0,1335.0,80.0,0.719948939434111,5.556520938873291
1191.0,3.040401855617159,1206.0,1326.0,65.0,0.7197121843636981,5.558948993682861
1192.0,3.037361453761542,1206.0,1287.0,85.0,0.719475270275015,5.561383962631226
1193.0,3.0343240923077803,1206.0,1270.0,68.0,0.719238197139347,5.563767194747925
1194.0,3.0312897682154727,1206.0,1289.0,68.0,0.7190009649281436,5.566267967224121
1195.0,3.028258478447257,1206.0,1344.0,57.0,0.7187635736130183,5.568652153015137
1196.0,3.02523021996881,1206.0,1328.0,70.0,0.7185260231657491,5.570986032485962
1197.0,3.022204989748841,1206.0,1291.0,69.0,0.718288313558279,5.573287010192871
1198.0,3.019182784759092,1206.0,1311.0,73.0,0.7180504447627161,5.575675010681152
1199.0,3.016163601974333,1206.0,1306.0,81.0,0.7178124167513341,5.5780839920043945
1200.0,3.013147438372359,1206.0,1292.0,60.0,0.717574229496573,5.5804290771484375
1201.0,3.0101342909339865,1206.0,1361.0,81.0,0.7173358829710388,5.58280086517334
1202.0,3.0071241566430524,1206.0,1280.0,68.0,0.7170973771475045,5.585309028625488
1203.0,3.0041170324864095,1206.0,1272.0,66.0,0.7168587119989104,5.587683916091919
1204.0,3.001112915453923,1206.0,1247.0,51.0,0.7166198874983638,5.590023040771484
1205.0,2.9981118025384688,1206.0,1250.0,60.0,0.7163809036191404,5.592333078384399
1206.0,2.99511369073593,1206.0,1282.0,55.0,0.7161417603346839,5.594696998596191
1207.0,2.9921185770451943,1206.0,1276.0,76.0,0.7159024576186067,5.597057104110718
1208.0,2.989126458468149,1206.0,1250.0,75.0,0.7156629954446904,5.599448919296265
1209.0,2.986137332009681,1206.0,1284.0,58.0,0.7154233737868856,5.601924896240234
1210.0,2.983151194677671,1206.0,1275.0,78.0,0.7151835926193132,5.6042540073394775
1211.0,2.9801680434829936,1206.0,1280.0,58.0,0.714943651916264,5.606590986251831
1212.0,2.9771878754395105,1206.0,1299.0,65.0,0.714703551652199,5.608963966369629
1213.0,2.974210687564071,1206.0,1288.0,65.0,0.7144632918017509,5.61142897605896
1214.0,2.971236476876507,1206.0,1274.0,62.0,0.7142228723397233,5.613713026046753
1215.0,2.9682652403996306,1206.0,1257.0,61.0,0.7139822932410912,5.615976095199585
1216.0,2.965296975159231,1206.0,1282.0,76.0,0.7137415544810022,5.618326187133789
1217.0,2.962331678184072,1206.0,1262.0,56.0,0.713500656034776,5.62078595161438
1218.0,2.9593693465058877,1206.0,1296.0,54.0,0.7132595978779053,5.623121023178101
1219.0,2.9564099771593817,1206.0,1268.0,56.0,0.713018379986056,5.625471115112305
1220.0,2.953453567182222,1206.0,1307.0,48.0,0.7127770023350675,5.627799034118652
1221.0,2.95050011361504,1206.0,1319.0,60.0,0.7125354649009533,5.630244970321655
1222.0,2.9475496135014247,1206.0,1307.0,59.0,0.7122937676599013,5.632506847381592
1223.0,2.944602063887923,1206.0,1327.0,47.0,0.7120519105882741,5.634782075881958
1224.0,2.941657461824035,1206.0,1325.0,63.0,0.7118098936626094,5.6370580196380615
1225.0,2.9387158043622112,1206.0,1252.0,64.0,0.7115677168596204,5.639452934265137
1226.0,2.935777088557849,1206.0,1266.0,57.0,0.7113253801561963,5.6417810916900635
1227.0,2.932841311469291,1206.0,1276.0,55.0,0.7110828835294025,5.644169092178345
1228.0,2.9299084701578217,1206.0,1280.0,75.0,0.7108402269564813,5.646482944488525
1229.0,2.926978561687664,1206.0,1242.0,58.0,0.7105974104148519,5.648810148239136
1230.0,2.9240515831259764,1206.0,1275.0,50.0,0.710354433882111,5.651120901107788
1231.0,2.9211275315428504,1206.0,1292.0,76.0,0.7101112973360328,5.653438091278076
1232.0,2.9182064040113076,1206.0,1268.0,76.0,0.7098680007545705,5.6557488441467285
1233.0,2.915288197607296,1206.0,1270.0,60.0,0.7096245441158551,5.6581268310546875
1234.0,2.912372909409689,1206.0,1247.0,53.0,0.7093809273981971,5.66040301322937
1235.0,2.909460536500279,1206.0,1253.0,54.0,0.7091371505800864,5.662731170654297
1236.0,2.9065510759637787,1206.0,1213.0,53.0,0.7088932136401923,5.665013074874878
1237.0,2.903644524887815,1206.0,1277.0,57.0,0.7086491165573648,5.667394161224365
1238.0,2.900740880362927,1206.0,1264.0,49.0,0.708404859310634,5.66972017288208
1239.0,2.897840139482564,1206.0,1284.0,51.0,0.7081604418792112,5.672028064727783
1240.0,2.894942299343082,1206.0,1311.0,51.0,0.7079158642424891,5.674362897872925
1241.0,2.892047357043739,1206.0,1288.0,65.0,0.7076711263800418,5.676633834838867
1242.0,2.889155309686695,1206.0,1238.0,62.0,0.7074262282716258,5.6789209842681885
1243.0,2.8862661543770085,1206.0,1246.0,59.0,0.7071811698971803,5.681226015090942
1244.0,2.8833798882226316,1206.0,1250.0,59.0,0.7069359512368268,5.683531999588013
1245.0,2.8804965083344087,1206.0,1238.0,51.0,0.7066905722708708,5.685801029205322
1246.0,2.8776160118260745,1206.0,1281.0,47.0,0.7064450329798011,5.688050031661987
1247.0,2.8747383958142483,1206.0,1238.0,47.0,0.7061993333442905,5.690356969833374
1248.0,2.871863657418434,1206.0,1268.0,58.0,0.7059534733451966,5.692660093307495
1249.0,2.868991793761016,1206.0,1243.0,60.0,0.7057074529635619,5.694844961166382
1250.0,2.8661228019672547,1206.0,1247.0,47.0,0.7054612721806135,5.6970319747924805
1251.0,2.8632566791652874,1206.0,1248.0,48.0,0.705214930977765,5.699249029159546
1252.0,2.8603934224861223,1206.0,1273.0,48.0,0.7049684293366156,5.7014641761779785
1253.0,2.857533029063636,1206.0,1259.0,56.0,0.7047217672389511,5.703696012496948
1254.0,2.8546754960345724,1206.0,1258.0,49.0,0.7044749446667441,5.705925941467285
1255.0,2.851820820538538,1206.0,1262.0,40.0,0.7042279616021544,5.708186864852905
1256.0,2.8489689997179997,1206.0,1279.0,58.0,0.7039808180275295,5.710453033447266
1257.0,2.8461200307182817,1206.0,1260.0,65.0,0.703733513925405,5.712821960449219
1258.0,2.8432739106875635,1206.0,1269.0,52.0,0.7034860492785047,5.715073108673096
1259.0,2.840430636776876,1206.0,1283.0,61.0,0.7032384240697416,5.717292070388794
1260.0,2.8375902061400993,1206.0,1251.0,52.0,0.7029906382822174,5.719516038894653
1261.0,2.8347526159339593,1206.0,1241.0,48.0,0.7027426918992241,5.721791982650757
1262.0,2.8319178633180253,1206.0,1249.0,49.0,0.7024945849042431,5.724039077758789
1263.0,2.8290859454547075,1206.0,1245.0,49.0,0.7022463172809466,5.726325988769531
1264.0,2.826256859509253,1206.0,1260.0,67.0,0.7019978890131974,5.728525161743164
1265.0,2.8234306026497435,1206.0,1269.0,48.0,0.7017493000850498,5.730813026428223
1266.0,2.8206071720470938,1206.0,1236.0,44.0,0.7015005504807493,5.733093976974487
1267.0,2.8177865648750466,1206.0,1227.0,36.0,0.7012516401847338,5.735355854034424
1268.0,2.814968778310172,1206.0,1242.0,52.0,0.7010025691816335,5.73771595954895
1269.0,2.8121538095318614,1206.0,1267.0,40.0,0.7007533374562713,5.739938020706177
1270.0,2.8093416557223296,1206.0,1217.0,48.0,0.7005039449936635,5.742114067077637
1271.0,2.806532314066607,1206.0,1262.0,38.0,0.7002543917790199,5.744336843490601
1272.0,2.8037257817525405,1206.0,1255.0,44.0,0.7000046777977444,5.746516942977905
1273.0,2.800922055970788,1206.0,1243.0,54.0,0.6997548030354352,5.748727083206177
1274.0,2.798121133914817,1206.0,1279.0,68.0,0.6995047674778855,5.751000165939331
1275.0,2.7953230127809023,1206.0,1284.0,60.0,0.6992545711110835,5.7532429695129395
1276.0,2.7925276897681215,1206.0,1291.0,52.0,0.6990042139212133,5.755488157272339
1277.0,2.7897351620783533,1206.0,1266.0,62.0,0.6987536958946549,5.757709980010986
1278.0,2.786945426916275,1206.0,1258.0,60.0,0.6985030170179846,5.759960889816284
1279.0,2.7841584814893587,1206.0,1254.0,53.0,0.6982521772779757,5.762202978134155
1280.0,2.7813743230078694,1206.0,1243.0,55.0,0.698001176661599,5.7644360065460205
1281.0,2.7785929486848615,1206.0,1255.0,54.0,0.6977500151560224,5.766654968261719
1282.0,2.7758143557361765,1206.0,1270.0,55.0,0.6974986927486122,5.768868923187256
1283.0,2.77303854138044,1206.0,1287.0,50.0,0.6972472094269332,5.771039962768555
1284.0,2.77026550283906,1206.0,1254.0,50.0,0.6969955651787488,5.773283958435059
1285.0,2.7674952373362207,1206.0,1238.0,43.0,0.696743759992022,5.775475978851318
1286.0,2.7647277420988843,1199.0,1212.0,48.0,0.6964917938549151,5.7776899337768555
1287.0,2.7619630143567853,1199.0,1237.0,48.0,0.6962396667557909,5.779939889907837
1288.0,2.7592010513424285,1199.0,1255.0,43.0,0.6959873786832123,5.7821409702301025
1289.0,2.756441850291086,1199.0,1260.0,50.0,0.6957349296259434,5.78432297706604
1290.0,2.753685408440795,1199.0,1227.0,48.0,0.6954823195729495,5.786573886871338
1291.0,2.750931723032354,1199.0,1201.0,47.0,0.6952295485133975,5.7887561321258545
1292.0,2.7481807913093217,1191.0,1205.0,49.0,0.6949766164366565,5.790957927703857
1293.0,2.7454326105180122,1191.0,1226.0,42.0,0.6947235233322984,5.793169975280762
1294.0,2.742687177907494,1191.0,1226.0,41.0,0.6944702691900975,5.7953200340271
1295.0,2.7399444907295867,1191.0,1220.0,37.0,0.6942168540000317,5.79748797416687
1296.0,2.737204546238857,1191.0,1264.0,53.0,0.693963277752283,5.799749851226807
1297.0,2.734467341692618,1191.0,1292.0,45.0,0.693709540437237,5.801883935928345
1298.0,2.7317328743509255,1191.0,1231.0,62.0,0.6934556420454842,5.80403995513916
1299.0,2.7290011414765747,1191.0,1239.0,47.0,0.6932015825678199,5.806146144866943
1300.0,2.726272140335098,1191.0,1259.0,56.0,0.6929473619952451,5.8082849979400635
1301.0,2.723545868194763,1191.0,1244.0,54.0,0.6926929803189662,5.810531139373779
1302.0,2.720822322326568,1191.0,1226.0,36.0,0.6924384375303962,5.812734127044678
1303.0,2.7181015000042414,1191.0,1271.0,48.0,0.6921837336211545,5.8149378299713135
1304.0,2.7153833985042373,1191.0,1259.0,49.0,0.6919288685830676,5.817119121551514
1305.0,2.712668015105733,1191.0,1293.0,50.0,0.6916738424081693,5.819292068481445
1306.0,2.7099553470906272,1191.0,1326.0,41.0,0.6914186550887016,5.82150411605835
1307.0,2.7072453917435366,1191.0,1248.0,75.0,0.6911633066171146,5.823675870895386
1308.0,2.7045381463517932,1191.0,1258.0,42.0,0.6909077969860669,5.8257880210876465
1309.0,2.7018336082054413,1191.0,1249.0,57.0,0.6906521261884264,5.827928781509399
1310.0,2.6991317745972356,1191.0,1232.0,46.0,0.6903962942172707,5.830029010772705
1311.0,2.6964326428226384,1191.0,1220.0,54.0,0.690140301065887,5.832253932952881
1312.0,2.6937362101798157,1191.0,1205.0,41.0,0.6898841467277729,5.834342002868652
1313.0,2.691042473969636,1191.0,1243.0,39.0,0.689627831196637,5.836421966552734
1314.0,2.6883514314956662,1191.0,1258.0,49.0,0.6893713544663987,5.83853006362915
1315.0,2.6856630800641708,1191.0,1272.0,52.0,0.6891147165311895,5.840574026107788
1316.0,2.6829774169841065,1191.0,1229.0,50.0,0.6888579173853522,5.842756986618042
1317.0,2.680294439567122,1191.0,1208.0,44.0,0.6886009570234427,5.844948053359985
1318.0,2.677614145127555,1191.0,1214.0,35.0,0.6883438354402294,5.8470778465271
1319.0,2.6749365309824276,1190.0,1201.0,46.0,0.6880865526306938,5.8491950035095215
1320.0,2.672261594451445,1190.0,1220.0,48.0,0.6878291085900317,5.851345062255859
1321.0,2.6695893328569937,1190.0,1231.0,46.0,0.6875715033136521,5.853485107421875
1322.0,2.6669197435241365,1190.0,1249.0,41.0,0.6873137367971792,5.855595111846924
1323.0,2.6642528237806125,1190.0,1200.0,38.0,0.6870558090364518,5.857748985290527
1324.0,2.6615885709568317,1187.0,1210.0,30.0,0.6867977200275243,5.859844923019409
1325.0,2.658926982385875,1187.0,1232.0,46.0,0.6865394697666664,5.861969947814941
1326.0,2.656268055403489,1187.0,1210.0,41.0,0.6862810582503642,5.864069938659668
1327.0,2.6536117873480856,1187.0,1205.0,33.0,0.6860224854753207,5.866200923919678
1328.0,2.6509581755607377,1187.0,1239.0,40.0,0.6857637514384557,5.868349075317383
1329.0,2.648307217385177,1187.0,1258.0,65.0,0.6855048561369059,5.8704729080200195
1330.0,2.645658910167792,1187.0,1255.0,54.0,0.6852457995680268,5.872548818588257
1331.0,2.643013251257624,1187.0,1301.0,51.0,0.6849865817293914,5.8746209144592285
1332.0,2.640370238006366,1187.0,1251.0,50.0,0.6847272026187917,5.876705169677734
1333.0,2.6377298677683596,1187.0,1266.0,44.0,0.684467662234239,5.878795146942139
1334.0,2.635092137900591,1187.0,1269.0,55.0,0.6842079605739637,5.880941867828369
1335.0,2.6324570457626906,1187.0,1235.0,43.0,0.6839480976364164,5.883044004440308
1336.0,2.629824588716928,1187.0,1214.0,61.0,0.683688073420268,5.8851540088653564
1337.0,2.6271947641282107,1187.0,1222.0,45.0,0.6834278879244103,5.8872480392456055
1338.0,2.6245675693640824,1187.0,1201.0,47.0,0.6831675411479563,5.889364957809448
1339.0,2.6219430017947185,1186.0,1199.0,37.0,0.6829070330902404,5.891541004180908
1340.0,2.6193210587929237,1186.0,1200.0,37.0,0.6826463637508193,5.893634080886841
1341.0,2.6167017377341306,1182.0,1206.0,33.0,0.682385533129472,5.895828008651733
1342.0,2.6140850359963963,1178.0,1187.0,47.0,0.6821245412262007,5.897904872894287
1343.0,2.6114709509604,1174.0,1200.0,41.0,0.6818633880412306,5.899937152862549
1344.0,2.6088594800094396,1174.0,1199.0,47.0,0.6816020735750108,5.902060031890869
1345.0,2.6062506205294302,1174.0,1234.0,33.0,0.6813405978282145,5.904139995574951
1346.0,2.603644369908901,1174.0,1255.0,35.0,0.6810789608017398,5.906126976013184
1347.0,2.601040725538992,1174.0,1239.0,40.0,0.6808171624967092,5.9080970287323
1348.0,2.598439684813453,1174.0,1225.0,32.0,0.6805552029144711,5.910082101821899
1349.0,2.5958412451286397,1174.0,1247.0,38.0,0.6802930820565999,5.9121739864349365
1350.0,2.593245403883511,1174.0,1233.0,38.0,0.6800307999248958,5.914243936538696
1351.0,2.5906521584796276,1174.0,1200.0,33.0,0.6797683565213861,5.916337966918945
1352.0,2.588061506321148,1174.0,1210.0,37.0,0.6795057518483252,5.918423175811768
1353.0,2.5854734448148267,1174.0,1229.0,35.0,0.6792429859081948,5.92051100730896
1354.0,2.582887971370012,1174.0,1256.0,34.0,0.6789800587037048,5.9225780963897705
1355.0,2.580305083398642,1174.0,1229.0,51.0,0.6787169702377936,5.924627065658569
1356.0,2.5777247783152433,1174.0,1244.0,48.0,0.6784537205136285,5.926685094833374
1357.0,2.575147053536928,1174.0,1265.0,47.0,0.6781903095346056,5.928723096847534
1358.0,2.572571906483391,1174.0,1251.0,40.0,0.6779267373043513,5.930824041366577
1359.0,2.5699993345769077,1174.0,1251.0,32.0,0.6776630038267216,5.93286395072937
1360.0,2.567429335242331,1174.0,1249.0,28.0,0.6773991091058035,5.934926986694336
1361.0,2.5648619059070885,1174.0,1225.0,46.0,0.6771350531459146,5.93700098991394
1362.0,2.5622970440011814,1174.0,1215.0,42.0,0.6768708359516042,5.939058065414429
1363.0,2.5597347469571803,1174.0,1287.0,51.0,0.6766064575276535,5.9411399364471436
1364.0,2.557175012210223,1174.0,1259.0,55.0,0.6763419178790755,5.943197965621948
1365.0,2.5546178371980126,1174.0,1272.0,56.0,0.6760772170111162,5.945249080657959
1366.0,2.5520632193608144,1174.0,1242.0,48.0,0.675812354929255,5.9472620487213135
1367.0,2.5495111561414534,1174.0,1216.0,30.0,0.6755473316392042,5.949336051940918
1368.0,2.546961644985312,1174.0,1204.0,44.0,0.6752821471469106,5.951348066329956
1369.0,2.5444146833403267,1174.0,1210.0,39.0,0.6750168014585554,5.95334792137146
1370.0,2.5418702686569863,1174.0,1202.0,23.0,0.6747512945805542,5.955354928970337
1371.0,2.5393283983883292,1174.0,1196.0,45.0,0.6744856265195582,5.9573798179626465
1372.0,2.5367890699899407,1174.0,1209.0,37.0,0.6742197972824545,5.959391117095947
1373.0,2.534252280919951,1174.0,1207.0,53.0,0.6739538068763659,5.961426019668579
1374.0,2.531718028639031,1174.0,1199.0,40.0,0.6736876553086519,5.963428974151611
1375.0,2.529186310610392,1174.0,1182.0,46.0,0.6734213425869092,5.965436935424805
1376.0,2.5266571242997813,1154.0,1162.0,42.0,0.6731548687189717,5.967426061630249
1377.0,2.5241304671754814,1151.0,1185.0,22.0,0.6728882337129111,5.969507932662964
1378.0,2.521606336708306,1151.0,1216.0,46.0,0.6726214375770375,5.9715049266815186
1379.0,2.5190847303715977,1151.0,1230.0,38.0,0.6723544803198999,5.973517179489136
1380.0,2.516565645641226,1151.0,1207.0,37.0,0.6720873619502861,5.975590944290161
1381.0,2.514049079995585,1151.0,1231.0,40.0,0.6718200824772237,5.977587938308716
1382.0,2.511535030915589,1151.0,1237.0,44.0,0.6715526419099802,5.9795989990234375
1383.0,2.5090234958846733,1151.0,1203.0,48.0,0.6712850402580637,5.981561899185181
1384.0,2.5065144723887887,1151.0,1210.0,30.0,0.6710172775312231,5.983566999435425
1385.0,2.5040079579164,1151.0,1183.0,41.0,0.6707493537394484,5.985538959503174
1386.0,2.5015039499584835,1151.0,1213.0,38.0,0.6704812688929717,5.987526893615723
1387.0,2.499002446008525,1151.0,1251.0,51.0,0.6702130230022671,5.989508867263794
1388.0,2.4965034435625166,1151.0,1257.0,30.0,0.6699446160780513,5.991491794586182
1389.0,2.494006940118954,1151.0,1236.0,46.0,0.6696760481312841,5.993489027023315
1390.0,2.491512933178835,1151.0,1220.0,38.0,0.6694073191731688,5.99555516242981
1391.0,2.489021420245656,1151.0,1208.0,32.0,0.6691384292151524,5.997498989105225
1392.0,2.4865323988254104,1151.0,1191.0,40.0,0.6688693782689266,5.999470949172974
1393.0,2.484045866426585,1151.0,1188.0,29.0,0.6686001663464277,6.0014190673828125
1394.0,2.4815618205601586,1151.0,1228.0,48.0,0.668330793459837,6.003428936004639
1395.0,2.4790802587395984,1151.0,1213.0,45.0,0.668061259621582,6.005388021469116
1396.0,2.4766011784808586,1151.0,1248.0,46.0,0.6677915648443358,6.007358074188232
1397.0,2.4741245773023777,1151.0,1227.0,42.0,0.667521709141018,6.009373903274536
1398.0,2.471650452725075,1151.0,1233.0,37.0,0.6672516925247958,6.01129412651062
1399.0,2.46917880227235,1151.0,1209.0,36.0,0.666981515009083,6.013184070587158
1400.0,2.466709623470078,1151.0,1209.0,39.0,0.6667111766075418,6.015069007873535
1401.0,2.4642429138466078,1151.0,1205.0,33.0,0.6664406773340822,6.0169360637664795
1402.0,2.461778670932761,1151.0,1213.0,41.0,0.6661700172028633,6.018898963928223
1403.0,2.4593168922618283,1151.0,1205.0,41.0,0.6658991962282933,6.020824909210205
1404.0,2.4568575753695665,1151.0,1210.0,40.0,0.6656282144250297,6.0228118896484375
1405.0,2.454400717794197,1151.0,1198.0,34.0,0.6653570718079804,6.024757146835327
1406.0,2.451946317076403,1151.0,1211.0,36.0,0.6650857683923034,6.026739120483398
1407.0,2.4494943707593264,1151.0,1207.0,34.0,0.6648143041934078,6.028757095336914
1408.0,2.447044876388567,1151.0,1218.0,37.0,0.664542679226954,6.030646085739136
1409.0,2.4445978315121786,1151.0,1210.0,39.0,0.664270893508854,6.03258490562439
1410.0,2.4421532336806666,1151.0,1192.0,46.0,0.6639989470552724,6.0344860553741455
1411.0,2.439711080446986,1151.0,1192.0,26.0,0.6637268398826259,6.036370038986206
1412.0,2.437271369366539,1151.0,1229.0,43.0,0.663454572007585,6.038297891616821
1413.0,2.4348340979971725,1151.0,1208.0,50.0,0.6631821434470727,6.040272951126099
1414.0,2.432399263899175,1151.0,1225.0,39.0,0.662909554218267,6.042269945144653
1415.0,2.429966864635276,1151.0,1211.0,42.0,0.6626368043385997,6.044126033782959
1416.0,2.427536897770641,1151.0,1191.0,35.0,0.6623638938257577,6.046008110046387
1417.0,2.42510936087287,1151.0,1192.0,37.0,0.6620908226976829,6.047885179519653
1418.0,2.4226842515119973,1151.0,1197.0,27.0,0.6618175909725732,6.049752950668335
1419.0,2.4202615672604852,1151.0,1214.0,39.0,0.6615441986688825,6.051681995391846
1420.0,2.4178413056932246,1151.0,1182.0,37.0,0.6612706458053214,6.05364990234375
1421.0,2.415423464387531,1151.0,1213.0,23.0,0.6609969324008572,6.055555820465088
1422.0,2.4130080409231436,1151.0,1240.0,38.0,0.6607230584747154,6.057496786117554
1423.0,2.4105950328822203,1151.0,1225.0,37.0,0.6604490240463786,6.05942702293396
1424.0,2.408184437849338,1151.0,1237.0,53.0,0.6601748291355882,6.061324119567871
1425.0,2.4057762534114886,1151.0,1238.0,40.0,0.6599004737623446,6.063331127166748
1426.0,2.4033704771580773,1151.0,1243.0,40.0,0.6596259579469067,6.065187931060791
1427.0,2.4009671066809193,1151.0,1237.0,53.0,0.659351281709794,6.067054986953735
1428.0,2.398566139574238,1151.0,1222.0,36.0,0.6590764450717852,6.068944931030273
1429.0,2.396167573434664,1151.0,1235.0,41.0,0.6588014480539203,6.0708839893341064
1430.0,2.393771405861229,1151.0,1232.0,37.0,0.6585262906775,6.072800159454346
1431.0,2.391377634455368,1151.0,1221.0,36.0,0.6582509729640864,6.074713945388794
1432.0,2.3889862568209126,1151.0,1204.0,37.0,0.6579754949355036,6.076672077178955
1433.0,2.3865972705640917,1151.0,1191.0,48.0,0.6576998566138379,6.078573942184448
1434.0,2.3842106732935275,1151.0,1210.0,33.0,0.6574240580214386,6.080399990081787
1435.0,2.381826462620234,1151.0,1213.0,44.0,0.6571480991809178,6.082253932952881
1436.0,2.3794446361576136,1151.0,1222.0,36.0,0.6568719801151518,6.0840771198272705
1437.0,2.377065191521456,1151.0,1225.0,43.0,0.6565957008472806,6.085938930511475
1438.0,2.3746881263299344,1151.0,1241.0,35.0,0.6563192614007088,6.08778190612793
1439.0,2.3723134382036046,1151.0,1213.0,26.0,0.6560426617991063,6.089624881744385
1440.0,2.369941124765401,1151.0,1192.0,40.0,0.6557659020664078,6.091486930847168
1441.0,2.3675711836406355,1151.0,1206.0,37.0,0.6554889822268144,6.093324184417725
1442.0,2.3652036124569946,1151.0,1184.0,26.0,0.6552119023047934,6.095170021057129
1443.0,2.3628384088445378,1151.0,1187.0,35.0,0.6549346623250787,6.097069025039673
1444.0,2.3604755704356934,1151.0,1209.0,30.0,0.6546572623126716,6.098980903625488
1445.0,2.3581150948652576,1151.0,1209.0,22.0,0.6543797022928408,6.100878953933716
1446.0,2.3557569797703923,1151.0,1215.0,37.0,0.6541019822911233,6.102766990661621
1447.0,2.353401222790622,1151.0,1228.0,42.0,0.6538241023333246,6.104612827301025
1448.0,2.351047821567831,1151.0,1215.0,36.0,0.6535460624455189,6.106474161148071
1449.0,2.348696773746263,1151.0,1209.0,35.0,0.6532678626540503,6.108333110809326
1450.0,2.3463480769725167,1151.0,1199.0,35.0,0.6529895029855326,6.110169887542725
1451.0,2.3440017288955444,1151.0,1194.0,35.0,0.6527109834668494,6.112033128738403
1452.0,2.3416577271666488,1151.0,1197.0,37.0,0.6524323041251558,6.113845109939575
1453.0,2.3393160694394823,1151.0,1206.0,32.0,0.6521534649878777,6.115681171417236
1454.0,2.3369767533700427,1151.0,1201.0,44.0,0.6518744660827126,6.117549896240234
1455.0,2.334639776616673,1151.0,1221.0,39.0,0.6515953074376302,6.119417905807495
1456.0,2.332305136840056,1151.0,1225.0,31.0,0.6513159890808727,6.121234893798828
1457.0,2.329972831703216,1151.0,1228.0,38.0,0.6510365110409553,6.123079061508179
1458.0,2.3276428588715126,1151.0,1194.0,25.0,0.6507568733466667,6.124963998794556
1459.0,2.325315216012641,1151.0,1186.0,28.0,0.6504770760270691,6.12677001953125
1460.0,2.322989900796628,1151.0,1180.0,28.0,0.6501971191114995,6.128596067428589
1461.0,2.3206669108958313,1151.0,1212.0,35.0,0.6499170026295694,6.130399942398071
1462.0,2.3183462439849354,1151.0,1212.0,42.0,0.6496367266111654,6.132258176803589
1463.0,2.3160278977409505,1151.0,1201.0,29.0,0.6493562910864501,6.134077072143555
1464.0,2.3137118698432095,1151.0,1212.0,33.0,0.6490756960858617,6.135979175567627
1465.0,2.3113981579733665,1151.0,1195.0,36.0,0.6487949416401154,6.137776851654053
1466.0,2.309086759815393,1151.0,1176.0,29.0,0.6485140277802031,6.139585018157959
1467.0,2.306777673055578,1151.0,1161.0,26.0,0.6482329545373942,6.141464948654175
1468.0,2.304470895382522,1151.0,1181.0,35.0,0.647951721943236,6.143260955810547
1469.0,2.30216642448714,1151.0,1182.0,18.0,0.6476703300295541,6.145031929016113
1470.0,2.2998642580626525,1151.0,1187.0,35.0,0.6473887788284529,6.14676308631897
1471.0,2.2975643938045898,1151.0,1186.0,41.0,0.6471070683723159,6.148881912231445
1472.0,2.295266829410785,1151.0,1178.0,27.0,0.6468251986938065,6.150689125061035
1473.0,2.2929715625813745,1151.0,1184.0,39.0,0.646543169825868,6.1525352001190186
1474.0,2.2906785910187932,1151.0,1189.0,29.0,0.6462609818017243,6.15442419052124
1475.0,2.2883879124277744,1151.0,1183.0,39.0,0.6459786346548801,6.156296968460083
1476.0,2.286099524515347,1151.0,1175.0,26.0,0.6456961284191222,6.158179998397827
1477.0,2.2838134249908313,1151.0,1174.0,30.0,0.6454134631285184,6.160007953643799
1478.0,2.2815296115658406,1151.0,1171.0,25.0,0.6451306388174196,6.161781072616577
1479.0,2.279248081954275,1151.0,1189.0,31.0,0.644847655520459,6.1635658740997314
1480.0,2.2769688338723206,1151.0,1186.0,27.0,0.6445645132725533,6.165367126464844
1481.0,2.2746918650384482,1151.0,1176.0,30.0,0.6442812121089027,6.167150974273682
1482.0,2.2724171731734097,1151.0,1192.0,29.0,0.6439977520649915,6.168961048126221
1483.0,2.2701447560002364,1151.0,1192.0,27.0,0.643714133176589,6.170827150344849
1484.0,2.267874611244236,1151.0,1200.0,38.0,0.643430355479749,6.172637939453125
1485.0,2.265606736632992,1151.0,1204.0,30.0,0.6431464190108112,6.1744301319122314
1486.0,2.263341129896359,1151.0,1180.0,40.0,0.6428623238064006,6.17623496055603
1487.0,2.2610777887664626,1151.0,1208.0,33.0,0.6425780699034294,6.177999019622803
1488.0,2.258816710977696,1151.0,1203.0,35.0,0.6422936573390958,6.179781913757324
1489.0,2.2565578942667184,1151.0,1188.0,32.0,0.6420090861508859,6.181568145751953
1490.0,2.2543013363724516,1151.0,1183.0,28.0,0.6417243563765731,6.183344841003418
1491.0,2.252047035036079,1151.0,1172.0,36.0,0.6414394680542193,6.185159921646118
1492.0,2.249794988001043,1151.0,1184.0,26.0,0.6411544212221744,6.186957120895386
1493.0,2.2475451930130417,1151.0,1184.0,25.0,0.6408692159190781,6.188756942749023
1494.0,2.2452976478200286,1151.0,1172.0,27.0,0.640583852183859,6.190582990646362
1495.0,2.2430523501722086,1151.0,1180.0,23.0,0.6402983300557362,6.192466974258423
1496.0,2.2408092978220364,1151.0,1170.0,29.0,0.6400126495742187,6.194289922714233
1497.0,2.2385684885242143,1151.0,1166.0,34.0,0.6397268107791064,6.196056127548218
1498.0,2.2363299200356903,1145.0,1148.0,38.0,0.6394408137104909,6.197839021682739
1499.0,2.2340935901156547,1144.0,1158.0,28.0,0.639154658408755,6.199702024459839
1500.0,2.231859496525539,1144.0,1166.0,26.0,0.6388683449145739,6.2014501094818115
1501.0,2.2296276370290133,1144.0,1167.0,27.0,0.6385818732689157,6.203233003616333
1502.0,2.2273980093919845,1144.0,1174.0,30.0,0.6382952435130412,6.205017805099487
1503.0,2.2251706113825924,1144.0,1188.0,27.0,0.638008455688505,6.2067930698394775
1504.0,2.22294544077121,1144.0,1185.0,31.0,0.6377215098371554,6.208542108535767
1505.0,2.2207224953304388,1144.0,1179.0,32.0,0.6374344060011352,6.210309982299805
1506.0,2.218501772835108,1144.0,1165.0,36.0,0.6371471442228824,6.21210503578186
1507.0,2.2162832710622733,1144.0,1171.0,29.0,0.6368597245451301,6.213885068893433
1508.0,2.214066987791211,1144.0,1176.0,27.0,0.6365721470109067,6.215662002563477
1509.0,2.2118529208034197,1144.0,1188.0,27.0,0.6362844116635377,6.217503070831299
1510.0,2.2096410678826164,1144.0,1185.0,29.0,0.6359965185466446,6.219269037246704
1511.0,2.207431426814734,1144.0,1195.0,36.0,0.6357084677041464,6.221022129058838
1512.0,2.2052239953879194,1144.0,1188.0,39.0,0.6354202591802594,6.222787857055664
1513.0,2.2030187713925313,1144.0,1195.0,33.0,0.6351318930194979,6.224540948867798
1514.0,2.2008157526211387,1144.0,1207.0,28.0,0.634843369266675,6.226251125335693
1515.0,2.1986149368685175,1144.0,1213.0,42.0,0.6345546879669022,6.228001117706299
1516.0,2.196416321931649,1144.0,1195.0,34.0,0.6342658491655907,6.229757070541382
1517.0,2.1942199056097174,1144.0,1193.0,30.0,0.6339768529084516,6.2315239906311035
1518.0,2.192025685704108,1144.0,1186.0,27.0,0.633687699241496,6.233284950256348
1519.0,2.1898336600184036,1144.0,1190.0,24.0,0.6333983882110357,6.235018014907837
1520.0,2.1876438263583853,1144.0,1166.0,32.0,0.6331089198636837,6.236739873886108
1521.0,2.185456182532027,1144.0,1186.0,34.0,0.6328192942463547,6.238568067550659
1522.0,2.183270726349495,1144.0,1176.0,30.0,0.6325295114062653,6.240315914154053
1523.0,2.1810874556231457,1144.0,1189.0,19.0,0.6322395713909347,6.242027997970581
1524.0,2.1789063681675227,1144.0,1211.0,22.0,0.6319494742481849,6.243740081787109
1525.0,2.1767274617993553,1144.0,1181.0,25.0,0.6316592200261415,6.245450019836426
1526.0,2.174550734337556,1144.0,1177.0,34.0,0.6313688087732338,6.247144937515259
1527.0,2.1723761836032187,1144.0,1197.0,28.0,0.6310782405381953,6.249000072479248
1528.0,2.1702038074196155,1144.0,1194.0,25.0,0.6307875153700643,6.250776052474976
1529.0,2.1680336036121957,1144.0,1192.0,30.0,0.6304966333181843,6.252455949783325
1530.0,2.1658655700085836,1144.0,1188.0,32.0,0.6302055944322045,6.25410008430481
1531.0,2.163699704438575,1144.0,1181.0,34.0,0.6299143987620801,6.255755186080933
1532.0,2.161536004734136,1144.0,1187.0,33.0,0.6296230463580728,6.257412910461426
1533.0,2.159374468729402,1144.0,1184.0,27.0,0.6293315372707513,6.25920295715332
1534.0,2.1572150942606725,1144.0,1174.0,21.0,0.6290398715509916,6.260890007019043
1535.0,2.155057879166412,1144.0,1170.0,31.0,0.628748049249978,6.262527942657471
1536.0,2.1529028212872454,1144.0,1167.0,30.0,0.6284560704192024,6.264189958572388
1537.0,2.150749918465958,1141.0,1141.0,35.0,0.6281639351104661,6.265837907791138
1538.0,2.1485991685474923,1141.0,1159.0,20.0,0.6278716433758792,6.267570972442627
1539.0,2.1464505693789446,1141.0,1173.0,20.0,0.6275791952678617,6.269306898117065
1540.0,2.1443041188095657,1141.0,1185.0,27.0,0.6272865908391436,6.2709949016571045
1541.0,2.142159814690756,1141.0,1188.0,30.0,0.6269938301427654,6.272736072540283
1542.0,2.140017654876065,1141.0,1185.0,25.0,0.6267009132320788,6.274448871612549
1543.0,2.137877637221189,1141.0,1181.0,22.0,0.6264078401607468,6.276160001754761
1544.0,2.135739759583968,1141.0,1156.0,16.0,0.6261146109827441,6.2778520584106445
1545.0,2.133604019824384,1141.0,1158.0,20.0,0.6258212257523581,6.279512882232666
1546.0,2.1314704158045594,1141.0,1167.0,19.0,0.6255276845241888,6.281203031539917
1547.0,2.129338945388755,1141.0,1185.0,29.0,0.6252339873531494,6.2829508781433105
1548.0,2.1272096064433663,1141.0,1187.0,21.0,0.6249401342944669,6.2846479415893555
1549.0,2.125082396836923,1141.0,1174.0,27.0,0.6246461254036825,6.2863218784332275
1550.0,2.122957314440086,1141.0,1182.0,19.0,0.6243519607366514,6.287951946258545
1551.0,2.120834357125646,1141.0,1187.0,28.0,0.6240576403495448,6.289576053619385
1552.0,2.11871352276852,1141.0,1193.0,29.0,0.6237631642988484,6.291239976882935
1553.0,2.1165948092457514,1141.0,1196.0,31.0,0.6234685326413644,6.29289698600769
1554.0,2.1144782144365055,1141.0,1184.0,19.0,0.6231737454342112,6.294557094573975
1555.0,2.112363736222069,1141.0,1166.0,30.0,0.622878802734824,6.296256065368652
1556.0,2.110251372485847,1141.0,1164.0,30.0,0.6225837046009552,6.297905921936035
1557.0,2.108141121113361,1141.0,1167.0,23.0,0.6222884510906751,6.299558877944946
1558.0,2.1060329799922477,1141.0,1171.0,28.0,0.6219930422623718,6.30123496055603
1559.0,2.1039269470122552,1141.0,1175.0,26.0,0.6216974781747523,6.302947998046875
1560.0,2.101823020065243,1141.0,1181.0,27.0,0.6214017588868425,6.304620027542114
1561.0,2.0997211970451777,1141.0,1187.0,28.0,0.6211058844579879,6.3062989711761475
1562.0,2.0976214758481326,1141.0,1183.0,21.0,0.6208098549478536,6.307976007461548
1563.0,2.0955238543722845,1141.0,1214.0,25.0,0.6205136704164255,6.309643983840942
1564.0,2.093428330517912,1141.0,1212.0,27.0,0.62021733092401,6.311424016952515
1565.0,2.091334902187394,1141.0,1194.0,30.0,0.619920836531235,6.313071012496948
1566.0,2.0892435672852065,1141.0,1210.0,16.0,0.61962418729905,6.3147101402282715
1567.0,2.0871543237179213,1141.0,1202.0,25.0,0.6193273832887265,6.31635308265686
1568.0,2.0850671693942036,1141.0,1196.0,22.0,0.6190304245618589,6.317974090576172
1569.0,2.0829821022248094,1141.0,1191.0,19.0,0.6187333111803643,6.319617033004761
1570.0,2.0808991201225844,1141.0,1197.0,19.0,0.6184360432064837,6.3212409019470215
1571.0,2.0788182210024617,1141.0,1189.0,29.0,0.6181386207027817,6.32281494140625
1572.0,2.076739402781459,1141.0,1187.0,33.0,0.6178410437321474,6.324383020401001
1573.0,2.0746626633786778,1141.0,1187.0,24.0,0.6175433123577947,6.325970888137817
1574.0,2.072588000715299,1141.0,1190.0,30.0,0.6172454266432628,6.327533006668091
1575.0,2.0705154127145837,1141.0,1176.0,11.0,0.6169473866524166,6.329086065292358
1576.0,2.068444897301869,1141.0,1162.0,26.0,0.616649192449447,6.3306450843811035
1577.0,2.066376452404567,1141.0,1166.0,21.0,0.6163508440988718,6.332342147827148
1578.0,2.0643100759521626,1141.0,1179.0,27.0,0.6160523416655357,6.334046125411987
1579.0,2.0622457658762103,1141.0,1178.0,20.0,0.6157536852146106,6.335659027099609
1580.0,2.0601835201103342,1141.0,1174.0,26.0,0.615454874811597,6.337315082550049
1581.0,2.058123336590224,1141.0,1185.0,29.0,0.615155910522323,6.338903188705444
1582.0,2.0560652132536337,1141.0,1192.0,20.0,0.614856792412946,6.3405210971832275
1583.0,2.05400914804038,1141.0,1186.0,25.0,0.6145575205499525,6.342149019241333
1584.0,2.05195513889234,1141.0,1184.0,26.0,0.6142580950001588,6.3438050746917725
1585.0,2.0499031837534476,1141.0,1165.0,24.0,0.6139585158307113,6.345496892929077
1586.0,2.047853280569694,1141.0,1171.0,20.0,0.6136587831090867,6.347095012664795
1587.0,2.045805427289124,1141.0,1202.0,21.0,0.6133588969030932,6.348681926727295
1588.0,2.043759621861835,1141.0,1201.0,26.0,0.6130588572808702,6.350253105163574
1589.0,2.041715862239973,1141.0,1198.0,24.0,0.6127586643108891,6.35184383392334
1590.0,2.0396741463777333,1141.0,1236.0,31.0,0.6124583180619535,6.3534159660339355
1591.0,2.0376344722313555,1141.0,1239.0,30.0,0.6121578186032001,6.355062007904053
1592.0,2.0355968377591243,1141.0,1238.0,33.0,0.6118571660040983,6.356703996658325
1593.0,2.0335612409213653,1141.0,1213.0,21.0,0.6115563603344518,6.358283996582031
1594.0,2.031527679680444,1141.0,1205.0,33.0,0.6112554016643981,6.359913110733032
1595.0,2.0294961520007635,1141.0,1185.0,27.0,0.610954290064409,6.361642122268677
1596.0,2.027466655848763,1141.0,1187.0,24.0,0.610653025605292,6.363225936889648
1597.0,2.025439189192914,1141.0,1173.0,17.0,0.6103516083581892,6.3647801876068115
1598.0,2.0234137500037215,1141.0,1177.0,26.0,0.6100500383945795,6.366360902786255
1599.0,2.0213903362537176,1141.0,1206.0,21.0,0.609748315786277,6.367920875549316
1600.0,2.019368945917464,1141.0,1189.0,17.0,0.6094464406054336,6.3694868087768555
1601.0,2.0173495769715464,1141.0,1183.0,18.0,0.6091444129245379,6.371034860610962
1602.0,2.0153322273945746,1141.0,1198.0,19.0,0.608842232816416,6.372596979141235
1603.0,2.01331689516718,1141.0,1179.0,22.0,0.6085399003542326,6.374166011810303
1604.0,2.011303578272013,1141.0,1172.0,19.0,0.6082374156114904,6.375794887542725
1605.0,2.009292274693741,1141.0,1178.0,16.0,0.6079347786620312,6.377441167831421
1606.0,2.007282982419047,1141.0,1175.0,17.0,0.6076319895800363,6.3790647983551025
1607.0,2.005275699436628,1141.0,1159.0,18.0,0.6073290484400268,6.3806421756744385
1608.0,2.003270423737191,1141.0,1176.0,25.0,0.607025955316864,6.38228702545166
1609.0,2.001267153313454,1141.0,1177.0,25.0,0.6067227102857499,6.383864879608154
1610.0,1.9992658861601404,1141.0,1171.0,22.0,0.6064193134222278,6.385462045669556
1611.0,1.9972666202739804,1141.0,1187.0,22.0,0.6061157648021822,6.387047052383423
1612.0,1.9952693536537065,1141.0,1184.0,24.0,0.6058120645018403,6.388613939285278
1613.0,1.9932740843000527,1141.0,1170.0,15.0,0.605508212597771,6.390230178833008
1614.0,1.9912808102157527,1141.0,1183.0,22.0,0.6052042091668864,6.39183497428894
1615.0,1.9892895294055368,1141.0,1207.0,21.0,0.6049000542864422,6.393380880355835
1616.0,1.9873002398761312,1141.0,1199.0,25.0,0.6045957480340375,6.394914150238037
1617.0,1.9853129396362552,1141.0,1195.0,26.0,0.6042912904876157,6.396445035934448
1618.0,1.9833276266966189,1141.0,1198.0,27.0,0.6039866817254647,6.39797306060791
1619.0,1.9813442990699222,1141.0,1187.0,14.0,0.6036819218262177,6.399545907974243
1620.0,1.9793629547708522,1141.0,1177.0,30.0,0.6033770108688535,6.4011499881744385
1621.0,1.9773835918160814,1141.0,1154.0,17.0,0.6030719489326966,6.40277099609375
1622.0,1.9754062082242654,1141.0,1149.0,19.0,0.6027667360974177,6.40435791015625
1623.0,1.9734308020160412,1133.0,1139.0,18.0,0.6024613724430348,6.405955791473389
1624.0,1.971457371214025,1133.0,1148.0,19.0,0.6021558580499127,6.4075541496276855
1625.0,1.9694859138428111,1133.0,1180.0,31.0,0.6018501929987643,6.409105062484741
1626.0,1.9675164279289683,1133.0,1166.0,27.0,0.6015443773706501,6.410665988922119
1627.0,1.9655489115010394,1133.0,1175.0,21.0,0.6012384112469796,6.412432909011841
1628.0,1.9635833625895383,1133.0,1181.0,24.0,0.600932294709511,6.413964033126831
1629.0,1.9616197792269487,1133.0,1206.0,32.0,0.600626027840352,6.415534973144531
1630.0,1.9596581594477218,1133.0,1194.0,16.0,0.6003196107219603,6.417155981063843
1631.0,1.9576985012882742,1133.0,1176.0,24.0,0.6000130434371435,6.418723106384277
1632.0,1.9557408027869858,1133.0,1166.0,18.0,0.5997063260690602,6.420269966125488
1633.0,1.9537850619841988,1133.0,1156.0,14.0,0.5993994587012199,6.421857118606567
1634.0,1.9518312769222146,1133.0,1168.0,15.0,0.5990924414174841,6.423413038253784
1635.0,1.9498794456452924,1133.0,1163.0,23.0,0.5987852743020659,6.424896001815796
1636.0,1.947929566199647,1133.0,1150.0,17.0,0.5984779574395309,6.426392078399658
1637.0,1.9459816366334473,1133.0,1142.0,17.0,0.5981704909147976,6.42790412902832
1638.0,1.9440356549968139,1133.0,1162.0,14.0,0.5978628748131378,6.429381847381592
1639.0,1.942091619341817,1133.0,1173.0,19.0,0.5975551092201772,6.430941104888916
1640.0,1.9401495277224752,1133.0,1178.0,19.0,0.5972471942218952,6.432528018951416
1641.0,1.9382093781947527,1133.0,1172.0,23.0,0.5969391299046262,6.434083938598633
1642.0,1.936271168816558,1133.0,1176.0,19.0,0.5966309163550593,6.4356160163879395
1643.0,1.9343348976477415,1133.0,1184.0,16.0,0.5963225536602392,6.437230825424194
1644.0,1.9324005627500938,1133.0,1150.0,20.0,0.5960140419075667,6.438724994659424
1645.0,1.9304681621873436,1133.0,1147.0,15.0,0.5957053811847983,6.440177917480469
1646.0,1.9285376940251562,1133.0,1162.0,16.0,0.5953965715800477,6.441705942153931
1647.0,1.926609156331131,1133.0,1167.0,15.0,0.5950876131817855,6.443248987197876
1648.0,1.9246825471748,1133.0,1152.0,24.0,0.5947785060788401,6.444792985916138
1649.0,1.922757864627625,1133.0,1145.0,20.0,0.5944692503603977,6.446325063705444
1650.0,1.9208351067629974,1133.0,1166.0,11.0,0.5941598461160027,6.447856903076172
1651.0,1.9189142716562344,1133.0,1142.0,21.0,0.5938502934355592,6.449386119842529
1652.0,1.9169953573845782,1133.0,1162.0,19.0,0.5935405924093295,6.450920104980469
1653.0,1.9150783620271936,1133.0,1168.0,18.0,0.5932307431279363,6.452525854110718
1654.0,1.9131632836651664,1133.0,1176.0,23.0,0.5929207456823622,6.454008102416992
1655.0,1.9112501203815013,1133.0,1165.0,19.0,0.5926106001639505,6.4554970264434814
1656.0,1.9093388702611198,1133.0,1169.0,15.0,0.592300306664405,6.456955909729004
1657.0,1.9074295313908587,1133.0,1154.0,17.0,0.5919898652757916,6.458459854125977
1658.0,1.905522101859468,1133.0,1182.0,28.0,0.5916792760905374,6.459933042526245
1659.0,1.9036165797576083,1133.0,1174.0,25.0,0.5913685392014322,6.461398124694824
1660.0,1.9017129631778507,1133.0,1172.0,24.0,0.5910576547016281,6.462981939315796
1661.0,1.899811250214673,1133.0,1165.0,30.0,0.5907466226846405,6.464488983154297
1662.0,1.8979114389644582,1133.0,1167.0,16.0,0.5904354432443482,6.466004133224487
1663.0,1.8960135275254937,1133.0,1156.0,13.0,0.5901241164749941,6.46751594543457
1664.0,1.8941175139979682,1133.0,1159.0,27.0,0.5898126424711851,6.469043016433716
1665.0,1.8922233964839703,1133.0,1169.0,16.0,0.5895010213278934,6.470538139343262
1666.0,1.8903311730874863,1133.0,1168.0,17.0,0.5891892531404558,6.472057819366455
1667.0,1.8884408419143988,1133.0,1178.0,18.0,0.5888773380045752,6.4736058712005615
1668.0,1.8865524010724843,1133.0,1170.0,16.0,0.5885652760163201,6.475097894668579
1669.0,1.8846658486714118,1133.0,1186.0,22.0,0.5882530672721259,6.47660493850708
1670.0,1.8827811828227405,1133.0,1179.0,19.0,0.5879407118687945,6.4781270027160645
1671.0,1.8808984016399177,1133.0,1159.0,26.0,0.5876282099034952,6.479630947113037
1672.0,1.8790175032382779,1133.0,1160.0,17.0,0.5873155614737652,6.481176853179932
1673.0,1.8771384857350395,1133.0,1160.0,15.0,0.5870027666775093,6.482758045196533
1674.0,1.8752613472493045,1133.0,1159.0,14.0,0.5866898256130014,6.484270811080933
1675.0,1.8733860859020552,1133.0,1159.0,15.0,0.586376738378884,6.485805034637451
1676.0,1.871512699816153,1133.0,1167.0,28.0,0.5860635050741693,6.487311840057373
1677.0,1.869641187116337,1133.0,1164.0,18.0,0.5857501257982388,6.488775014877319
1678.0,1.8677715459292206,1133.0,1172.0,19.0,0.5854366006508446,6.490216016769409
1679.0,1.8659037743832914,1133.0,1192.0,21.0,0.5851229297321092,6.491645097732544
1680.0,1.864037870608908,1133.0,1184.0,19.0,0.5848091131425263,6.493072986602783
1681.0,1.862173832738299,1133.0,1180.0,17.0,0.5844951509829609,6.494524002075195
1682.0,1.8603116589055608,1133.0,1175.0,28.0,0.5841810433546498,6.496009111404419
1683.0,1.8584513472466553,1133.0,1161.0,18.0,0.5838667903592023,6.497488975524902
1684.0,1.8565928958994087,1133.0,1150.0,17.0,0.5835523920986001,6.499002933502197
1685.0,1.8547363030035093,1133.0,1149.0,12.0,0.5832378486751982,6.50058388710022
1686.0,1.8528815667005059,1133.0,1162.0,16.0,0.5829231601917251,6.502013921737671
1687.0,1.8510286851338054,1133.0,1169.0,23.0,0.582608326751283,6.503437042236328
1688.0,1.8491776564486715,1133.0,1155.0,19.0,0.5822933484573486,6.504884958267212
1689.0,1.8473284787922228,1133.0,1142.0,12.0,0.5819782254137733,6.5064568519592285
1690.0,1.8454811503134305,1133.0,1161.0,27.0,0.5816629577247836,6.507949113845825
1691.0,1.843635669163117,1133.0,1158.0,18.0,0.5813475454949817,6.5094499588012695
1692.0,1.841792033493954,1133.0,1164.0,18.0,0.5810319888293456,6.510921001434326
1693.0,1.83995024146046,1133.0,1157.0,17.0,0.5807162878332297,6.512334823608398
1694.0,1.8381102912189995,1133.0,1142.0,20.0,0.5804004426123651,6.513743877410889
1695.0,1.8362721809277804,1132.0,1134.0,17.0,0.5800844532728602,6.515160799026489
1696.0,1.8344359087468527,1132.0,1132.0,16.0,0.5797683199212011,6.516580820083618
1697.0,1.832601472838106,1124.0,1134.0,9.0,0.5794520426642518,6.517992973327637
1698.0,1.830768871365268,1124.0,1148.0,20.0,0.5791356216092542,6.519442081451416
1699.0,1.8289381024939027,1124.0,1141.0,15.0,0.5788190568638301,6.520893096923828
1700.0,1.8271091643914088,1124.0,1139.0,16.0,0.5785023485359795,6.5223188400268555
1701.0,1.8252820552270175,1124.0,1129.0,17.0,0.5781854967340824,6.523828983306885
1702.0,1.8234567731717906,1124.0,1134.0,13.0,0.5778685015668988,6.525237083435059
1703.0,1.8216333163986187,1124.0,1139.0,16.0,0.5775513631435693,6.5266828536987305
1704.0,1.81981168308222,1124.0,1156.0,19.0,0.5772340815736149,6.528133869171143
1705.0,1.8179918713991376,1124.0,1158.0,12.0,0.5769166569669383,6.5295729637146
1706.0,1.8161738795277385,1124.0,1156.0,15.0,0.5765990894338234,6.531035900115967
1707.0,1.8143577056482108,1124.0,1155.0,19.0,0.5762813790849366,6.532483816146851
1708.0,1.8125433479425626,1124.0,1140.0,18.0,0.5759635260313264,6.533967018127441
1709.0,1.81073080459462,1124.0,1154.0,18.0,0.575645530384424,6.535373210906982
1710.0,1.8089200737900253,1124.0,1156.0,16.0,0.5753273922560442,6.536793947219849
1711.0,1.8071111537162352,1124.0,1144.0,16.0,0.5750091117583851,6.53823709487915
1712.0,1.8053040425625189,1124.0,1138.0,15.0,0.5746906890040292,6.539685010910034
1713.0,1.8034987385199563,1124.0,1132.0,10.0,0.574372124105943,6.541122198104858
1714.0,1.8016952397814363,1124.0,1133.0,10.0,0.5740534171774779,6.5426390171051025
1715.0,1.7998935445416548,1124.0,1133.0,10.0,0.573734568332371,6.54410195350647
1716.0,1.7980936509971133,1121.0,1121.0,9.0,0.5734155776847445,6.545501947402954
1717.0,1.7962955573461161,1121.0,1134.0,18.0,0.5730964453491066,6.546952962875366
1718.0,1.79449926178877,1121.0,1137.0,10.0,0.5727771714403521,6.548386096954346
1719.0,1.7927047625269812,1121.0,1148.0,20.0,0.5724577560737628,6.549901962280273
1720.0,1.7909120577644542,1121.0,1145.0,14.0,0.5721381993650071,6.551281929016113
1721.0,1.7891211457066898,1121.0,1140.0,14.0,0.5718185014301416,6.552642107009888
1722.0,1.7873320245609832,1121.0,1159.0,18.0,0.5714986623856104,6.554003000259399
1723.0,1.7855446925364222,1121.0,1128.0,17.0,0.5711786823482463,6.555484056472778
1724.0,1.783759147843886,1121.0,1146.0,15.0,0.5708585614352707,6.556919097900391
1725.0,1.781975388696042,1121.0,1141.0,19.0,0.5705382997642942,6.558334112167358
1726.0,1.780193413307346,1121.0,1151.0,21.0,0.5702178974533167,6.559736013412476
1727.0,1.7784132198940388,1121.0,1146.0,16.0,0.5698973546207287,6.561154842376709
1728.0,1.7766348066741446,1121.0,1148.0,18.0,0.5695766713853102,6.5625410079956055
1729.0,1.7748581718674705,1121.0,1153.0,22.0,0.5692558478662325,6.5639259815216064
1730.0,1.773083313695603,1121.0,1151.0,13.0,0.5689348841830576,6.565347194671631
1731.0,1.7713102303819075,1121.0,1158.0,16.0,0.5686137804557393,6.566796064376831
1732.0,1.7695389201515255,1121.0,1156.0,20.0,0.568292536804623,6.568176984786987
1733.0,1.767769381231374,1121.0,1149.0,19.0,0.5679711533504467,6.569571018218994
1734.0,1.7660016118501425,1121.0,1134.0,13.0,0.5676496302143405,6.570946931838989
1735.0,1.7642356102382923,1121.0,1139.0,13.0,0.5673279675178281,6.572312116622925
1736.0,1.762471374628054,1121.0,1143.0,10.0,0.5670061653828263,6.573683977127075
1737.0,1.760708903253426,1121.0,1150.0,24.0,0.5666842239316457,6.575027942657471
1738.0,1.7589481943501726,1121.0,1163.0,11.0,0.5663621432869913,6.576419115066528
1739.0,1.7571892461558225,1121.0,1161.0,16.0,0.5660399235719622,6.577834129333496
1740.0,1.7554320569096666,1121.0,1142.0,8.0,0.565717564910053,6.57922101020813
1741.0,1.7536766248527569,1121.0,1144.0,20.0,0.565395067425153,6.5806238651275635
1742.0,1.7519229482279042,1121.0,1144.0,17.0,0.5650724312415478,6.582011938095093
1743.0,1.7501710252796763,1121.0,1146.0,18.0,0.5647496564839188,6.583375930786133
1744.0,1.7484208542543966,1121.0,1145.0,18.0,0.5644267432773438,6.5847718715667725
1745.0,1.7466724334001422,1121.0,1143.0,17.0,0.5641036917472976,6.5861899852752686
1746.0,1.7449257609667421,1121.0,1163.0,18.0,0.5637805020196519,6.587579011917114
1747.0,1.7431808352057754,1121.0,1158.0,15.0,0.5634571742206763,6.588963985443115
1748.0,1.7414376543705696,1121.0,1144.0,19.0,0.5631337084770385,6.590432167053223
1749.0,1.7396962167161991,1121.0,1154.0,13.0,0.562810104915804,6.591815948486328
1750.0,1.737956520499483,1121.0,1145.0,16.0,0.5624863636644375,6.593209981918335
1751.0,1.7362185639789833,1121.0,1148.0,14.0,0.5621624848508027,6.594568967819214
1752.0,1.7344823454150045,1121.0,1140.0,18.0,0.5618384686031624,6.595939874649048
1753.0,1.7327478630695894,1121.0,1146.0,14.0,0.5615143150501798,6.597296953201294
1754.0,1.7310151152065198,1121.0,1144.0,16.0,0.5611900243209178,6.598671913146973
1755.0,1.7292841000913133,1121.0,1141.0,16.0,0.5608655965448403,6.600028991699219
1756.0,1.727554815991222,1121.0,1141.0,18.0,0.5605410318518118,6.601438045501709
1757.0,1.7258272611752308,1118.0,1123.0,14.0,0.5602163303720984,6.602799892425537
1758.0,1.7241014339140555,1117.0,1121.0,20.0,0.5598914922363676,6.604153871536255
1759.0,1.7223773324801415,1117.0,1140.0,14.0,0.5595665175756892,6.605471134185791
1760.0,1.7206549551476613,1117.0,1140.0,18.0,0.5592414065215353,6.60678505897522
1761.0,1.7189343001925137,1117.0,1139.0,17.0,0.558916159205781,6.608096122741699
1762.0,1.7172153658923213,1117.0,1157.0,15.0,0.5585907757607042,6.6094300746917725
1763.0,1.7154981505264288,1117.0,1154.0,19.0,0.5582652563189863,6.610876083374023
1764.0,1.7137826523759023,1117.0,1146.0,11.0,0.5579396010137132,6.612204074859619
1765.0,1.7120688697235265,1117.0,1147.0,15.0,0.5576138099783745,6.613560199737549
1766.0,1.7103568008538028,1117.0,1142.0,14.0,0.5572878833468644,6.614931106567383
1767.0,1.708646444052949,1117.0,1145.0,12.0,0.5569618212534824,6.616322040557861
1768.0,1.706937797608896,1117.0,1127.0,14.0,0.5566356238329331,6.617656946182251
1769.0,1.705230859811287,1117.0,1127.0,9.0,0.5563092912203268,6.618968963623047
1770.0,1.7035256289514757,1117.0,1139.0,13.0,0.55598282355118,6.620298147201538
1771.0,1.7018221033225243,1117.0,1143.0,12.0,0.5556562209614156,6.621647834777832
1772.0,1.7001202812192018,1117.0,1174.0,22.0,0.5553294835873631,6.623013019561768
1773.0,1.6984201609379825,1117.0,1160.0,16.0,0.5550026115657593,6.624364137649536
1774.0,1.6967217407770445,1117.0,1149.0,17.0,0.5546756050337484,6.625687122344971
1775.0,1.6950250190362675,1117.0,1135.0,21.0,0.5543484641288824,6.627068996429443
1776.0,1.6933299940172313,1117.0,1150.0,20.0,0.5540211889891218,6.62843918800354
1777.0,1.691636664023214,1117.0,1136.0,18.0,0.5536937797528352,6.629760980606079
1778.0,1.689945027359191,1117.0,1139.0,14.0,0.5533662365588006,6.631114959716797
1779.0,1.6882550823318319,1117.0,1146.0,16.0,0.5530385595462047,6.632495880126953
1780.0,1.6865668272495,1117.0,1141.0,14.0,0.5527107488546446,6.633807897567749
1781.0,1.6848802604222506,1117.0,1147.0,18.0,0.5523828046241264,6.635091066360474
1782.0,1.6831953801618282,1117.0,1141.0,16.0,0.5520547269950672,6.636376857757568
1783.0,1.6815121847816663,1117.0,1132.0,13.0,0.5517265161082946,6.637684106826782
1784.0,1.6798306725968846,1117.0,1136.0,14.0,0.5513981721050473,6.638967037200928
1785.0,1.6781508419242877,1117.0,1122.0,12.0,0.5510696951269751,6.640248775482178
1786.0,1.6764726910823633,1117.0,1123.0,10.0,0.5507410853161397,6.641542911529541
1787.0,1.674796218391281,1117.0,1139.0,19.0,0.550412342815015,6.642965078353882
1788.0,1.6731214221728898,1117.0,1154.0,16.0,0.550083467766487,6.644312143325806
1789.0,1.671448300750717,1117.0,1144.0,16.0,0.5497544603138546,6.6456451416015625
1790.0,1.6697768524499663,1117.0,1146.0,12.0,0.5494253206008296,6.646996974945068
1791.0,1.6681070755975163,1117.0,1163.0,14.0,0.5490960487715376,6.648350954055786
1792.0,1.6664389685219188,1117.0,1166.0,14.0,0.5487666449705179,6.649661064147949
1793.0,1.6647725295533968,1117.0,1156.0,14.0,0.5484371093427236,6.650989055633545
1794.0,1.6631077570238435,1117.0,1158.0,21.0,0.5481074420335226,6.652318000793457
1795.0,1.6614446492668196,1117.0,1157.0,15.0,0.5477776431886973,6.653681039810181
1796.0,1.6597832046175527,1117.0,1169.0,15.0,0.5474477129544454,6.655019044876099
1797.0,1.6581234214129352,1117.0,1160.0,27.0,0.5471176514773803,6.656365156173706
1798.0,1.6564652979915222,1117.0,1148.0,18.0,0.5467874589045308,6.657664060592651
1799.0,1.6548088326935306,1117.0,1140.0,10.0,0.5464571353833422,6.6589930057525635
1800.0,1.653154023860837,1117.0,1144.0,12.0,0.546126681061676,6.660315036773682
1801.0,1.6515008698369762,1117.0,1137.0,16.0,0.5457960960878105,6.661656141281128
1802.0,1.6498493689671392,1117.0,1134.0,12.0,0.5454653806104416,6.663031101226807
1803.0,1.648199519598172,1117.0,1147.0,17.0,0.5451345347786822,6.664344787597656
1804.0,1.6465513200785737,1117.0,1144.0,17.0,0.5448035587420632,6.665661096572876
1805.0,1.6449047687584952,1117.0,1139.0,13.0,0.5444724526505337,6.667041063308716
1806.0,1.6432598639897367,1117.0,1131.0,11.0,0.544141216654461,6.6683127880096436
1807.0,1.641616604125747,1117.0,1131.0,11.0,0.5438098509046316,6.6695780754089355
1808.0,1.6399749875216212,1117.0,1127.0,19.0,0.543478355552251,6.670815944671631
1809.0,1.6383350125340996,1117.0,1133.0,10.0,0.543146730748944,6.67208194732666
1810.0,1.6366966775215654,1117.0,1133.0,17.0,0.5428149766467554,6.673327922821045
1811.0,1.6350599808440438,1117.0,1142.0,12.0,0.5424830933981497,6.674581050872803
1812.0,1.6334249208631997,1117.0,1134.0,9.0,0.5421510811560124,6.675853967666626
1813.0,1.6317914959423365,1117.0,1145.0,10.0,0.5418189400736495,6.677133798599243
1814.0,1.6301597044463942,1117.0,1146.0,14.0,0.5414866703047881,6.678565979003906
1815.0,1.6285295447419479,1117.0,1152.0,22.0,0.5411542720035766,6.679865837097168
1816.0,1.6269010151972059,1117.0,1149.0,12.0,0.5408217453245852,6.681149959564209
1817.0,1.6252741141820086,1117.0,1157.0,21.0,0.5404890904228059,6.682434797286987
1818.0,1.6236488400678266,1117.0,1151.0,13.0,0.5401563074536538,6.683722972869873
1819.0,1.6220251912277588,1117.0,1148.0,23.0,0.5398233965729659,6.685005187988281
1820.0,1.620403166036531,1117.0,1146.0,13.0,0.5394903579370024,6.686305046081543
1821.0,1.6187827628704945,1117.0,1154.0,18.0,0.5391571917024471,6.687605142593384
1822.0,1.617163980107624,1117.0,1164.0,11.0,0.5388238980264071,6.68885612487793
1823.0,1.6155468161275164,1117.0,1156.0,21.0,0.5384904770664135,6.690122127532959
1824.0,1.613931269311389,1117.0,1154.0,12.0,0.5381569289804217,6.691442966461182
1825.0,1.6123173380420777,1117.0,1162.0,15.0,0.5378232539268117,6.692698955535889
1826.0,1.6107050207040357,1117.0,1148.0,20.0,0.5374894520643885,6.693979024887085
1827.0,1.6090943156833317,1117.0,1165.0,21.0,0.5371555235523817,6.695285081863403
1828.0,1.6074852213676485,1117.0,1163.0,14.0,0.5368214685504472,6.69652795791626
1829.0,1.6058777361462808,1117.0,1149.0,18.0,0.5364872872186661,6.697822093963623
1830.0,1.6042718584101345,1117.0,1149.0,14.0,0.5361529797175459,6.699128150939941
1831.0,1.6026675865517244,1117.0,1138.0,18.0,0.5358185462080203,6.7003679275512695
1832.0,1.6010649189651727,1117.0,1120.0,16.0,0.5354839868514499,6.701609134674072
1833.0,1.5994638540462074,1117.0,1118.0,16.0,0.5351493018096223,6.702916860580444
1834.0,1.5978643901921612,1117.0,1119.0,14.0,0.5348144912447523,6.704178094863892
1835.0,1.596266525801969,1106.0,1117.0,14.0,0.5344795553194825,6.705457925796509
1836.0,1.594670259276167,1106.0,1128.0,14.0,0.5341444941968833,6.706744909286499
1837.0,1.5930755890168908,1106.0,1134.0,18.0,0.5338093080404532,6.708081960678101
1838.0,1.5914825134278738,1106.0,1140.0,13.0,0.5334739970141193,6.709325790405273
1839.0,1.589891030914446,1106.0,1136.0,13.0,0.533138561282238,6.710536003112793
1840.0,1.5883011398835316,1106.0,1140.0,13.0,0.532803001009594,6.711760997772217
1841.0,1.586712838743648,1106.0,1137.0,17.0,0.5324673163614019,6.712970972061157
1842.0,1.5851261259049043,1106.0,1132.0,13.0,0.532131507503306,6.714179992675781
1843.0,1.5835409997789993,1106.0,1120.0,13.0,0.5317955746013803,6.715399980545044
1844.0,1.5819574587792202,1106.0,1121.0,12.0,0.5314595178221294,6.716604948043823
1845.0,1.580375501320441,1106.0,1120.0,12.0,0.5311233373324885,6.717827796936035
1846.0,1.5787951258191206,1106.0,1110.0,13.0,0.5307870332998234,6.719218015670776
1847.0,1.5772163306933016,1106.0,1111.0,10.0,0.530450605891931,6.720492124557495
1848.0,1.5756391143626083,1106.0,1116.0,13.0,0.5301140552770403,6.721742868423462
1849.0,1.5740634752482456,1106.0,1126.0,16.0,0.529777381623811,6.7230260372161865
1850.0,1.5724894117729973,1106.0,1131.0,11.0,0.5294405851013358,6.7242372035980225
1851.0,1.5709169223612243,1106.0,1133.0,15.0,0.5291036658791392,6.725470066070557
1852.0,1.569346005438863,1106.0,1129.0,20.0,0.5287666241271782,6.726671934127808
1853.0,1.5677766594334241,1106.0,1136.0,14.0,0.5284294600158431,6.727874040603638
1854.0,1.5662088827739906,1106.0,1137.0,21.0,0.5280921737159567,6.7291600704193115
1855.0,1.5646426738912167,1106.0,1135.0,13.0,0.527754765398776,6.730406045913696
1856.0,1.5630780312173256,1106.0,1129.0,18.0,0.527417235235991,6.731626033782959
1857.0,1.5615149531861083,1106.0,1129.0,8.0,0.5270795833997262,6.7328619956970215
1858.0,1.5599534382329223,1106.0,1139.0,12.0,0.5267418100625398,6.734058141708374
1859.0,1.5583934847946894,1106.0,1139.0,10.0,0.5264039153974253,6.735256195068359
1860.0,1.5568350913098947,1106.0,1135.0,8.0,0.5260658995778102,6.736485004425049
1861.0,1.5552782562185847,1106.0,1127.0,12.0,0.5257277627775578,6.737714052200317
1862.0,1.5537229779623662,1106.0,1119.0,16.0,0.5253895051709662,6.738946199417114
1863.0,1.552169254984404,1106.0,1121.0,14.0,0.5250511269327693,6.7401580810546875
1864.0,1.5506170857294195,1106.0,1126.0,10.0,0.5247126282381371,6.741488933563232
1865.0,1.5490664686436901,1106.0,1129.0,13.0,0.5243740092626755,6.7426910400390625
1866.0,1.5475174021750464,1106.0,1123.0,10.0,0.5240352701824268,6.743875980377197
1867.0,1.5459698847728713,1106.0,1126.0,9.0,0.5236964111738702,6.745108127593994
1868.0,1.5444239148880985,1106.0,1117.0,14.0,0.5233574324139219,6.746335029602051
1869.0,1.5428794909732104,1103.0,1105.0,14.0,0.5230183340799349,6.747550010681152
1870.0,1.541336611482237,1103.0,1117.0,11.0,0.5226791163497001,6.748788118362427
1871.0,1.5397952748707548,1103.0,1114.0,11.0,0.5223397794014459,6.7500319480896
1872.0,1.538255479595884,1103.0,1109.0,4.0,0.5220003234138391,6.75126314163208
1873.0,1.536717224116288,1103.0,1106.0,6.0,0.521660748565984,6.752516984939575
1874.0,1.5351805068921718,1101.0,1104.0,5.0,0.5213210550374243,6.753731966018677
1875.0,1.5336453263852796,1100.0,1120.0,12.0,0.5209812430081419,6.754952907562256
1876.0,1.5321116810588944,1100.0,1118.0,9.0,0.5206413126585578,6.756239891052246
1877.0,1.5305795693778355,1100.0,1136.0,12.0,0.5203012641695326,6.757460117340088
1878.0,1.5290489898084576,1100.0,1141.0,12.0,0.5199610977223659,6.758683919906616
1879.0,1.527519940818649,1100.0,1137.0,14.0,0.5196208134987977,6.759899854660034
1880.0,1.5259924208778304,1100.0,1128.0,16.0,0.5192804116810076,6.7611401081085205
1881.0,1.5244664284569525,1100.0,1122.0,11.0,0.5189398924516154,6.762367010116577
1882.0,1.5229419620284954,1100.0,1129.0,12.0,0.5185992559936821,6.763581991195679
1883.0,1.521419020066467,1100.0,1138.0,16.0,0.5182585024907087,6.764799118041992
1884.0,1.5198976010464005,1100.0,1137.0,11.0,0.5179176321266377,6.766000032424927
1885.0,1.518377703445354,1100.0,1141.0,16.0,0.5175766450858527,6.767261981964111
1886.0,1.5168593257419087,1100.0,1147.0,5.0,0.5172355415531787,6.7685770988464355
1887.0,1.5153424664161668,1100.0,1153.0,11.0,0.5168943217138828,6.769786834716797
1888.0,1.5138271239497505,1100.0,1141.0,10.0,0.5165529857536738,6.771007061004639
1889.0,1.5123132968258008,1100.0,1127.0,8.0,0.5162115338587028,6.772202014923096
1890.0,1.510800983528975,1100.0,1119.0,11.0,0.5158699662155632,6.773384094238281
1891.0,1.5092901825454461,1100.0,1107.0,15.0,0.5155282830112916,6.774584054946899
1892.0,1.5077808923629006,1100.0,1113.0,14.0,0.515186484433367,6.775800943374634
1893.0,1.5062731114705377,1100.0,1119.0,8.0,0.5148445706697118,6.777050971984863
1894.0,1.504766838359067,1100.0,1122.0,8.0,0.5145025419086919,6.778255939483643
1895.0,1.5032620715207081,1100.0,1125.0,11.0,0.5141603983391166,6.7794599533081055
1896.0,1.5017588094491874,1100.0,1135.0,14.0,0.5138181401502394,6.7806432247161865
1897.0,1.5002570506397381,1100.0,1138.0,11.0,0.5134757675317574,6.781842947006226
1898.0,1.4987567935890984,1100.0,1131.0,15.0,0.5131332806738125,6.783033847808838
1899.0,1.4972580367955093,1100.0,1140.0,7.0,0.5127906797669908,6.784240007400513
1900.0,1.4957607787587137,1100.0,1144.0,12.0,0.5124479650023234,6.785434007644653
1901.0,1.494265017979955,1100.0,1132.0,11.0,0.5121051365712863,6.786684036254883
1902.0,1.4927707529619751,1100.0,1124.0,11.0,0.5117621946658008,6.787864923477173
1903.0,1.4912779822090132,1100.0,1112.0,11.0,0.5114191394782333,6.7890589237213135
1904.0,1.4897867042268043,1100.0,1119.0,11.0,0.5110759712013963,6.79024600982666
1905.0,1.4882969175225775,1100.0,1121.0,8.0,0.5107326900285479,6.791441917419434
1906.0,1.486808620605055,1100.0,1123.0,3.0,0.5103892961533923,6.792618036270142
1907.0,1.48532181198445,1100.0,1135.0,5.0,0.5100457897700802,6.793802976608276
1908.0,1.4838364901724657,1100.0,1136.0,14.0,0.5097021710732085,6.7950239181518555
1909.0,1.4823526536822933,1100.0,1131.0,10.0,0.5093584402578211,6.796196937561035
1910.0,1.480870301028611,1100.0,1132.0,14.0,0.5090145975194085,6.797378063201904
1911.0,1.4793894307275826,1100.0,1143.0,11.0,0.5086706430539087,6.798539161682129
1912.0,1.4779100412968549,1100.0,1145.0,16.0,0.5083265770577071,6.79972505569458
1913.0,1.476432131255558,1100.0,1146.0,14.0,0.5079823997276361,6.800884962081909
1914.0,1.4749556991243025,1100.0,1133.0,20.0,0.5076381112609765,6.802060127258301
1915.0,1.4734807434251782,1100.0,1135.0,8.0,0.5072937118554567,6.8033411502838135
1916.0,1.472007262681753,1100.0,1143.0,14.0,0.5069492017092533,6.804574966430664
1917.0,1.4705352554190714,1100.0,1148.0,11.0,0.5066045810209914,6.805730104446411
1918.0,1.4690647201636522,1100.0,1146.0,12.0,0.5062598499897445,6.806879997253418
1919.0,1.4675956554434886,1100.0,1135.0,11.0,0.5059150088150351,6.80816912651062
1920.0,1.466128059788045,1100.0,1140.0,12.0,0.5055700576968345,6.809305906295776
1921.0,1.464661931728257,1100.0,1130.0,9.0,0.5052249968355631,6.810455083847046
1922.0,1.4631972697965288,1100.0,1126.0,11.0,0.5048798264320906,6.811608076095581
1923.0,1.4617340725267323,1100.0,1126.0,8.0,0.5045345466877367,6.812731027603149
1924.0,1.4602723384542056,1100.0,1132.0,9.0,0.5041891578042702,6.81392502784729
1925.0,1.4588120661157513,1100.0,1125.0,9.0,0.5038436599839102,6.8151021003723145
1926.0,1.4573532540496357,1100.0,1126.0,9.0,0.5034980534293259,6.816289186477661
1927.0,1.455895900795586,1100.0,1125.0,7.0,0.5031523383436366,6.817428112030029
1928.0,1.4544400048947905,1100.0,1131.0,12.0,0.5028065149304122,6.818572044372559
1929.0,1.4529855648898957,1100.0,1137.0,9.0,0.5024605833936733,6.8197550773620605
1930.0,1.4515325793250058,1100.0,1137.0,11.0,0.5021145439378913,6.820880889892578
1931.0,1.4500810467456808,1100.0,1149.0,11.0,0.5017683967679887,6.822000026702881
1932.0,1.4486309656989351,1100.0,1141.0,13.0,0.5014221420893389,6.8231360912323
1933.0,1.4471823347332362,1100.0,1125.0,15.0,0.5010757801077671,6.8242409229278564
1934.0,1.445735152398503,1100.0,1122.0,8.0,0.5007293110295498,6.825361967086792
1935.0,1.4442894172461045,1100.0,1114.0,17.0,0.5003827350614152,6.826496124267578
1936.0,1.4428451278288583,1100.0,1105.0,8.0,0.5000360524105436,6.827640056610107
1937.0,1.4414022827010295,1100.0,1110.0,7.0,0.4996892632845672,6.828764915466309
1938.0,1.4399608804183286,1100.0,1108.0,5.0,0.49934236789157055,6.829890966415405
1939.0,1.4385209195379103,1100.0,1104.0,8.0,0.4989953664400905,6.83101487159729
1940.0,1.4370823986183723,1100.0,1116.0,7.0,0.49864825913911653,6.832134008407593
1941.0,1.435645316219754,1100.0,1109.0,12.0,0.4983010461980909,6.833271026611328
1942.0,1.4342096709035344,1098.0,1103.0,11.0,0.4979537278269088,6.834395885467529
1943.0,1.4327754612326309,1098.0,1110.0,11.0,0.49760630423591834,6.835502862930298
1944.0,1.4313426857713982,1098.0,1101.0,9.0,0.49725877563592086,6.8366379737854
1945.0,1.4299113430856267,1098.0,1105.0,6.0,0.49691114223817134,6.837800979614258
1946.0,1.4284814317425412,1098.0,1104.0,5.0,0.4965634042543781,6.838939905166626
1947.0,1.4270529503107987,1097.0,1097.0,4.0,0.49621556189670313,6.840061902999878
1948.0,1.4256258973604878,1094.0,1095.0,10.0,0.4958676153777623,6.84124493598938
1949.0,1.4242002714631274,1093.0,1094.0,6.0,0.49551956491062565,6.842392921447754
1950.0,1.4227760711916644,1093.0,1099.0,11.0,0.49517141070881715,6.843480825424194
1951.0,1.4213532951204728,1093.0,1098.0,6.0,0.4948231529863152,6.844584941864014
1952.0,1.4199319418253524,1093.0,1099.0,6.0,0.49447479195755256,6.845677852630615
1953.0,1.418512009883527,1093.0,1104.0,4.0,0.49412632783741667,6.846776962280273
1954.0,1.4170934978736436,1093.0,1110.0,12.0,0.4937777608412497,6.847888946533203
1955.0,1.41567640437577,1093.0,1111.0,8.0,0.4934290911848487,6.849003076553345
1956.0,1.4142607279713941,1093.0,1107.0,9.0,0.4930803190844657,6.850097894668579
1957.0,1.4128464672434227,1093.0,1106.0,6.0,0.49273144475680797,6.851211071014404
1958.0,1.4114336207761793,1093.0,1110.0,9.0,0.49238246841903804,6.852338075637817
1959.0,1.410022187155403,1093.0,1102.0,12.0,0.4920333902887739,6.853478908538818
1960.0,1.4086121649682477,1093.0,1111.0,9.0,0.4916842105840891,6.854624032974243
1961.0,1.4072035528032794,1093.0,1117.0,10.0,0.491334929523513,6.855867862701416
1962.0,1.4057963492504761,1093.0,1109.0,10.0,0.4909855473260305,6.856966018676758
1963.0,1.4043905529012257,1093.0,1124.0,10.0,0.4906360642110828,6.858040809631348
1964.0,1.4029861623483244,1093.0,1124.0,8.0,0.4902864803985671,6.859119892120361
1965.0,1.401583176185976,1093.0,1120.0,5.0,0.48993679610883667,6.860195159912109
1966.0,1.40018159300979,1093.0,1118.0,15.0,0.48958701156270135,6.861303091049194
1967.0,1.3987814114167803,1093.0,1119.0,10.0,0.4892371269814273,6.862511873245239
1968.0,1.3973826300053636,1093.0,1110.0,4.0,0.4888871425867374,6.863611936569214
1969.0,1.3959852473753582,1093.0,1112.0,7.0,0.48853705860081104,6.8647050857543945
1970.0,1.394589262127983,1093.0,1109.0,8.0,0.48818687524628473,6.865795850753784
1971.0,1.393194672865855,1093.0,1112.0,8.0,0.48783659274625163,6.86692214012146
1972.0,1.3918014781929893,1093.0,1102.0,6.0,0.4874862113242621,6.8680260181427
1973.0,1.3904096767147962,1093.0,1108.0,8.0,0.48713573120432374,6.869170904159546
1974.0,1.3890192670380814,1093.0,1102.0,10.0,0.48678515261090133,6.870296955108643
1975.0,1.3876302477710434,1090.0,1091.0,8.0,0.486434475768917,6.871393203735352
1976.0,1.3862426175232723,1088.0,1092.0,6.0,0.4860837009037506,6.872529983520508
1977.0,1.384856374905749,1088.0,1089.0,6.0,0.48573282824123937,6.873692035675049
1978.0,1.3834715185308433,1087.0,1091.0,7.0,0.48538185800767836,6.87483811378479
1979.0,1.3820880470123125,1087.0,1096.0,6.0,0.4850307904298204,6.875960826873779
1980.0,1.3807059589653001,1087.0,1093.0,7.0,0.4846796257348763,6.87704610824585
1981.0,1.379325253006335,1085.0,1085.0,9.0,0.4843283641505147,6.878222942352295
1982.0,1.3779459277533286,1085.0,1094.0,7.0,0.4839770059048627,6.87932014465332
1983.0,1.3765679818255752,1085.0,1090.0,6.0,0.4836255512265053,6.8804240226745605
1984.0,1.3751914138437495,1085.0,1093.0,4.0,0.4832740003444858,6.881505012512207
1985.0,1.3738162224299058,1085.0,1093.0,1.0,0.48292235348830614,6.882625102996826
1986.0,1.3724424062074758,1085.0,1086.0,9.0,0.48257061088792647,6.883787155151367
1987.0,1.3710699638012684,1083.0,1083.0,4.0,0.48221877277376585,6.884876012802124
1988.0,1.3696988938374672,1082.0,1095.0,11.0,0.48186683937670155,6.885978937149048
1989.0,1.3683291949436298,1082.0,1095.0,6.0,0.48151481092807,6.887078046798706
1990.0,1.3669608657486862,1082.0,1100.0,13.0,0.4811626876596662,6.888173818588257
1991.0,1.3655939048829375,1082.0,1102.0,14.0,0.48081046980374414,6.889242887496948
1992.0,1.3642283109780546,1082.0,1106.0,8.0,0.4804581575930168,6.890376091003418
1993.0,1.3628640826670766,1082.0,1108.0,7.0,0.48010575126065613,6.891458034515381
1994.0,1.3615012185844095,1082.0,1106.0,5.0,0.47975325104029354,6.892546892166138
1995.0,1.3601397173658252,1082.0,1106.0,9.0,0.47940065716601926,6.893633127212524
1996.0,1.3587795776484592,1082.0,1113.0,10.0,0.479047969872383,6.894714832305908
1997.0,1.3574207980708108,1082.0,1107.0,9.0,0.4786951893943938,6.8958258628845215
1998.0,1.35606337727274,1082.0,1108.0,5.0,0.4783423159675202,6.89690089225769
1999.0,1.3547073138954673,1082.0,1110.0,6.0,0.4779893498276901,6.898025035858154
2000.0,1.3533526065815717,1082.0,1109.0,10.0,0.47763629121129103,6.899132013320923
2001.0,1.35199925397499,1082.0,1105.0,6.0,0.4772831403551701,6.900197982788086
2002.0,1.350647254721015,1082.0,1102.0,8.0,0.4769298974966343,6.901288032531738
2003.0,1.349296607466294,1082.0,1106.0,2.0,0.47657656287345,6.902400016784668
2004.0,1.3479473108588278,1082.0,1113.0,5.0,0.47622313672384375,6.903479099273682
2005.0,1.346599363547969,1082.0,1109.0,12.0,0.4758696192865017,6.904557228088379
2006.0,1.345252764184421,1082.0,1108.0,5.0,0.4755160108005699,6.9056220054626465
2007.0,1.3439075114202366,1082.0,1100.0,5.0,0.47516231150565447,6.9067699909210205
2008.0,1.3425636039088162,1082.0,1104.0,4.0,0.4748085216418215,6.907876014709473
2009.0,1.3412210403049074,1082.0,1106.0,8.0,0.4744546414495973,6.908974885940552
2010.0,1.3398798192646024,1082.0,1106.0,10.0,0.474100671169968,6.910037994384766
2011.0,1.338539939445338,1082.0,1110.0,10.0,0.4737466110443801,6.911092042922974
2012.0,1.3372013995058925,1082.0,1108.0,8.0,0.47339246131474005,6.912137985229492
2013.0,1.3358641981063866,1082.0,1105.0,10.0,0.47303822222341485,6.913197994232178
2014.0,1.33452833390828,1082.0,1108.0,4.0,0.4726838940132315,6.914245843887329
2015.0,1.3331938055743717,1082.0,1107.0,5.0,0.4723294769274775,6.915330171585083
2016.0,1.3318606117687974,1082.0,1104.0,3.0,0.47197497120990056,6.916429042816162
2017.0,1.3305287511570287,1082.0,1105.0,7.0,0.4716203771047088,6.917482137680054
2018.0,1.3291982224058716,1082.0,1110.0,11.0,0.47126569485657066,6.918567895889282
2019.0,1.3278690241834656,1082.0,1111.0,7.0,0.47091092471061524,6.91966700553894
2020.0,1.3265411551592823,1082.0,1109.0,8.0,0.470556066912432,6.92071795463562
2021.0,1.325214614004123,1082.0,1110.0,4.0,0.4702011217080707,6.921772003173828
2022.0,1.3238893993901188,1082.0,1110.0,4.0,0.4698460893440419,6.922853946685791
2023.0,1.3225655099907287,1082.0,1117.0,6.0,0.4694909700673163,6.923880100250244
2024.0,1.321242944480738,1082.0,1110.0,6.0,0.4691357641253257,6.92493200302124
2025.0,1.3199217015362574,1082.0,1111.0,12.0,0.46878047176596194,6.925951957702637
2026.0,1.3186017798347212,1082.0,1102.0,8.0,0.46842509323757775,6.927019119262695
2027.0,1.3172831780548864,1082.0,1100.0,6.0,0.4680696287889863,6.928065061569214
2028.0,1.3159658948768316,1082.0,1099.0,8.0,0.46771407866946146,6.929119110107422
2029.0,1.3146499289819547,1082.0,1100.0,5.0,0.46735844312873764,6.930157899856567
2030.0,1.3133352790529726,1082.0,1099.0,11.0,0.46700272241700996,6.9311981201171875
2031.0,1.3120219437739198,1082.0,1106.0,5.0,0.4666469167849341,6.932251930236816
2032.0,1.310709921830146,1082.0,1098.0,8.0,0.4662910264836263,6.933290958404541
2033.0,1.3093992119083158,1082.0,1107.0,8.0,0.46593505176466365,6.934319019317627
2034.0,1.3080898126964073,1082.0,1104.0,8.0,0.46557899288008353,6.935357093811035
2035.0,1.3067817228837109,1082.0,1106.0,5.0,0.46522285008238423,6.936426162719727
2036.0,1.305474941160827,1082.0,1115.0,13.0,0.46486662362452463,6.937459945678711
2037.0,1.3041694662196663,1082.0,1118.0,12.0,0.46451031375992413,6.938483953475952
2038.0,1.3028652967534466,1082.0,1113.0,9.0,0.4641539207424627,6.939522981643677
2039.0,1.3015624314566931,1082.0,1115.0,15.0,0.463797444826481,6.940563917160034
2040.0,1.3002608690252364,1082.0,1115.0,5.0,0.4634408862667802,6.941585063934326
2041.0,1.2989606081562113,1082.0,1106.0,12.0,0.4630842453186222,6.942672967910767
2042.0,1.2976616475480551,1082.0,1111.0,9.0,0.46272752223772917,6.943700075149536
2043.0,1.2963639859005072,1082.0,1119.0,12.0,0.46237071728028395,6.944739818572998
2044.0,1.2950676219146067,1082.0,1117.0,6.0,0.4620138307029299,6.9457831382751465
2045.0,1.2937725542926921,1082.0,1113.0,4.0,0.4616568627627709,6.946807146072388
2046.0,1.2924787817383994,1082.0,1111.0,4.0,0.46129981371737117,6.94782018661499
2047.0,1.291186302956661,1082.0,1114.0,7.0,0.4609426838247554,6.948853969573975
2048.0,1.2898951166537043,1082.0,1111.0,10.0,0.4605854733434087,6.949924945831299
2049.0,1.2886052215370505,1082.0,1109.0,4.0,0.46022818253227654,6.95094108581543
2050.0,1.2873166163155134,1082.0,1118.0,9.0,0.45987081165076477,6.952080965042114
2051.0,1.286029299699198,1082.0,1118.0,7.0,0.4595133609587395,6.95310115814209
2052.0,1.2847432703994988,1082.0,1107.0,15.0,0.45915583071652694,6.954113006591797
2053.0,1.2834585271290992,1082.0,1098.0,8.0,0.45879822118491376,6.955096960067749
2054.0,1.2821750686019702,1082.0,1094.0,7.0,0.45844053262514667,6.956066131591797
2055.0,1.280892893533368,1082.0,1096.0,4.0,0.4580827652989325,6.9570441246032715
2056.0,1.2796120006398348,1082.0,1105.0,4.0,0.45772491946843824,6.9580512046813965
2057.0,1.278332388639195,1082.0,1105.0,5.0,0.45736699539629094,6.959028959274292
2058.0,1.277054056250556,1082.0,1103.0,5.0,0.4570089933455774,6.9601030349731445
2059.0,1.2757770021943053,1082.0,1102.0,4.0,0.45665091357984455,6.961144924163818
2060.0,1.274501225192111,1082.0,1096.0,7.0,0.45629275636309924,6.962137937545776
2061.0,1.273226723966919,1082.0,1097.0,3.0,0.45593452195980794,6.963114976882935
2062.0,1.271953497242952,1082.0,1095.0,4.0,0.455576210634897,6.964097023010254
2063.0,1.270681543745709,1082.0,1092.0,9.0,0.45521782265375244,6.965120077133179
2064.0,1.2694108622019633,1082.0,1092.0,5.0,0.45485935828221985,6.966130018234253
2065.0,1.2681414513397613,1082.0,1093.0,4.0,0.45450081778660456,6.967110872268677
2066.0,1.2668733098884215,1082.0,1096.0,7.0,0.4541422014336712,6.968127012252808
2067.0,1.2656064365785331,1082.0,1094.0,5.0,0.4537835094906439,6.969200849533081
2068.0,1.2643408301419545,1082.0,1094.0,3.0,0.45342474222520607,6.970245838165283
2069.0,1.2630764893118125,1082.0,1092.0,11.0,0.4530658999055005,6.971266984939575
2070.0,1.2618134128225007,1082.0,1089.0,6.0,0.4527069828001291,6.9722900390625
2071.0,1.260551599409678,1082.0,1093.0,8.0,0.45234799117815294,6.973306894302368
2072.0,1.2592910478102683,1082.0,1097.0,5.0,0.4519889253090921,6.974285840988159
2073.0,1.2580317567624582,1082.0,1095.0,4.0,0.45162978546292565,6.975291967391968
2074.0,1.2567737250056956,1082.0,1093.0,12.0,0.45127057191009134,6.976300001144409
2075.0,1.2555169512806899,1082.0,1091.0,3.0,0.450911284921486,6.977330923080444
2076.0,1.2542614343294092,1082.0,1089.0,7.0,0.450551924768465,6.9783430099487305
2077.0,1.2530071728950798,1082.0,1090.0,7.0,0.45019249172284215,6.979315996170044
2078.0,1.2517541657221847,1082.0,1088.0,4.0,0.4498329860568899,6.980270862579346
2079.0,1.2505024115564625,1082.0,1089.0,6.0,0.4494734080433392,6.981250762939453
2080.0,1.249251909144906,1082.0,1094.0,7.0,0.44911375795537906,6.98225998878479
2081.0,1.248002657235761,1082.0,1091.0,6.0,0.4487540360666568,6.983304977416992
2082.0,1.2467546545785253,1082.0,1101.0,9.0,0.448394242651278,6.9842917919158936
2083.0,1.2455078999239468,1082.0,1100.0,5.0,0.4480343779838059,6.985265016555786
2084.0,1.2442623920240228,1082.0,1104.0,2.0,0.44767444233926174,6.986279010772705
2085.0,1.2430181296319986,1082.0,1102.0,1.0,0.4473144359931246,6.987262964248657
2086.0,1.2417751115023667,1082.0,1107.0,3.0,0.4469543592213313,6.988269090652466
2087.0,1.2405333363908644,1082.0,1111.0,4.0,0.44659421230027585,6.989243984222412
2088.0,1.2392928030544734,1082.0,1108.0,5.0,0.4462339955068099,6.99027419090271
2089.0,1.238053510251419,1082.0,1108.0,12.0,0.4458737091182426,6.99126410484314
2090.0,1.2368154567411676,1082.0,1103.0,6.0,0.4455133534123397,6.9922449588775635
2091.0,1.2355786412844263,1082.0,1102.0,6.0,0.4451529286673246,6.993243932723999
2092.0,1.234343062643142,1082.0,1113.0,8.0,0.4447924351618773,6.994242906570435
2093.0,1.2331087195804988,1082.0,1111.0,5.0,0.4444318731751345,6.9952380657196045
2094.0,1.2318756108609183,1082.0,1104.0,6.0,0.4440712429866898,6.996228933334351
2095.0,1.2306437352500574,1082.0,1105.0,9.0,0.4437105448765933,6.997239112854004
2096.0,1.2294130915148074,1082.0,1094.0,6.0,0.4433497791253512,6.998232841491699
2097.0,1.2281836784232925,1082.0,1096.0,5.0,0.4429889460139262,6.999248027801514
2098.0,1.226955494744869,1082.0,1092.0,5.0,0.4426280458237371,7.000355958938599
2099.0,1.2257285392501243,1082.0,1094.0,5.0,0.44226707883665867,7.001317024230957
2100.0,1.2245028107108742,1082.0,1092.0,2.0,0.4419060453350213,7.002259016036987
2101.0,1.2232783079001632,1082.0,1086.0,5.0,0.44154494560161117,7.003241062164307
2102.0,1.222055029592263,1082.0,1091.0,6.0,0.44118377991966995,7.0042078495025635
2103.0,1.2208329745626707,1082.0,1096.0,9.0,0.44082254857289477,7.005165100097656
2104.0,1.219612141588108,1082.0,1092.0,4.0,0.4404612518454378,7.0061259269714355
2105.0,1.2183925294465199,1082.0,1088.0,8.0,0.4400998900219063,7.007091999053955
2106.0,1.2171741369170734,1082.0,1093.0,6.0,0.4397384633873625,7.008074998855591
2107.0,1.2159569627801563,1082.0,1098.0,6.0,0.43937697222732325,7.009038925170898
2108.0,1.2147410058173762,1082.0,1099.0,5.0,0.4390154168277599,7.010013103485107
2109.0,1.2135262648115588,1082.0,1105.0,7.0,0.4386537974750984,7.010977029800415
2110.0,1.2123127385467471,1082.0,1104.0,5.0,0.4382921144562187,7.011979103088379
2111.0,1.2111004258082003,1082.0,1095.0,5.0,0.4379303680584549,7.0129780769348145
2112.0,1.2098893253823921,1082.0,1092.0,8.0,0.437568558569595,7.013906002044678
2113.0,1.2086794360570097,1082.0,1096.0,5.0,0.4372066862778804,7.014857053756714
2114.0,1.2074707566209526,1082.0,1089.0,4.0,0.4368447514720064,7.015826940536499
2115.0,1.2062632858643316,1082.0,1091.0,6.0,0.43648275444112145,7.016833066940308
2116.0,1.2050570225784674,1082.0,1094.0,4.0,0.4361206954748271,7.017772197723389
2117.0,1.2038519655558888,1082.0,1091.0,4.0,0.43575857486317787,7.018702983856201
2118.0,1.2026481135903329,1081.0,1081.0,12.0,0.4353963928966811,7.019678115844727
2119.0,1.2014454654767426,1076.0,1081.0,7.0,0.4350341498662966,7.020612955093384
2120.0,1.2002440200112658,1076.0,1082.0,4.0,0.4346718460634367,7.021543025970459
2121.0,1.1990437759912547,1076.0,1088.0,3.0,0.4343094817799657,7.0224950313568115
2122.0,1.1978447322152634,1076.0,1084.0,7.0,0.43394705730820005,7.023457050323486
2123.0,1.1966468874830483,1076.0,1083.0,5.0,0.4335845729409078,7.024394989013672
2124.0,1.1954502405955652,1076.0,1094.0,10.0,0.4332220289713088,7.025334119796753
2125.0,1.1942547903549696,1076.0,1094.0,1.0,0.432859425693074,7.026271104812622
2126.0,1.1930605355646147,1076.0,1090.0,4.0,0.4324967634003258,7.027215003967285
2127.0,1.19186747502905,1076.0,1088.0,6.0,0.4321340423876372,7.0282440185546875
2128.0,1.190675607554021,1076.0,1089.0,4.0,0.4317712629500321,7.029177904129028
2129.0,1.189484931946467,1076.0,1086.0,6.0,0.431408425382985,7.030102014541626
2130.0,1.1882954470145206,1076.0,1088.0,4.0,0.4310455299824204,7.031028985977173
2131.0,1.187107151567506,1076.0,1085.0,4.0,0.4306825770447131,7.031954050064087
2132.0,1.1859200444159386,1076.0,1089.0,2.0,0.43031956686668765,7.032858848571777
2133.0,1.1847341243715226,1076.0,1094.0,9.0,0.4299564997456182,7.033777952194214
2134.0,1.183549390247151,1076.0,1095.0,6.0,0.4295933759792283,7.034693956375122
2135.0,1.1823658408569038,1076.0,1094.0,7.0,0.4292301958656906,7.035611867904663
2136.0,1.1811834750160468,1076.0,1100.0,6.0,0.42886695970362676,7.036522150039673
2137.0,1.1800022915410309,1076.0,1090.0,4.0,0.42850366779210697,7.037478923797607
2138.0,1.1788222892494897,1076.0,1087.0,6.0,0.42814032043064987,7.038541793823242
2139.0,1.1776434669602402,1076.0,1092.0,8.0,0.42777691791922234,7.039489030838013
2140.0,1.17646582349328,1076.0,1078.0,7.0,0.4274134605582392,7.040440797805786
2141.0,1.175289357669787,1076.0,1085.0,3.0,0.42704994864856294,7.041394948959351
2142.0,1.1741140683121172,1076.0,1076.0,6.0,0.4266863824915035,7.042344093322754
2143.0,1.172939954243805,1074.0,1074.0,6.0,0.4263227623888178,7.043271064758301
2144.0,1.1717670142895613,1074.0,1074.0,5.0,0.4259590886427101,7.044195175170898
2145.0,1.1705952472752716,1072.0,1072.0,2.0,0.42559536155583094,7.045115947723389
2146.0,1.1694246520279963,1071.0,1075.0,7.0,0.42523158143127754,7.046050071716309
2147.0,1.1682552273759683,1071.0,1076.0,2.0,0.4248677485725932,7.046989917755127
2148.0,1.1670869721485924,1071.0,1075.0,8.0,0.4245038632837668,7.047990083694458
2149.0,1.1659198851764438,1071.0,1078.0,6.0,0.4241399258692334,7.048978090286255
2150.0,1.1647539652912675,1071.0,1080.0,6.0,0.42377593663387275,7.049892902374268
2151.0,1.1635892113259763,1071.0,1074.0,4.0,0.42341189588301015,7.050796031951904
2152.0,1.1624256221146503,1071.0,1078.0,6.0,0.4230478039224154,7.051704168319702
2153.0,1.1612631964925357,1071.0,1073.0,4.0,0.422683661058303,7.05261492729187
2154.0,1.1601019332960432,1071.0,1080.0,6.0,0.4223194675973316,7.053512096405029
2155.0,1.158941831362747,1071.0,1081.0,1.0,0.42195522384660356,7.054392099380493
2156.0,1.1577828895313844,1071.0,1083.0,2.0,0.4215909301136652,7.055297136306763
2157.0,1.1566251066418531,1071.0,1082.0,5.0,0.4212265867065062,7.0562050342559814
2158.0,1.1554684815352112,1071.0,1080.0,9.0,0.42086219393355895,7.057095050811768
2159.0,1.154313013053676,1071.0,1085.0,6.0,0.420497752103699,7.058077096939087
2160.0,1.1531587000406225,1071.0,1079.0,5.0,0.42013326152624414,7.058980941772461
2161.0,1.1520055413405819,1071.0,1082.0,5.0,0.4197687225109543,7.059908866882324
2162.0,1.1508535357992413,1071.0,1084.0,5.0,0.41940413536803145,7.060955047607422
2163.0,1.1497026822634422,1071.0,1085.0,5.0,0.419039500408119,7.061877012252808
2164.0,1.1485529795811786,1071.0,1083.0,8.0,0.4186748179423015,7.062779903411865
2165.0,1.1474044266015975,1071.0,1084.0,3.0,0.41831008828210464,7.063684940338135
2166.0,1.146257022174996,1071.0,1081.0,3.0,0.4179453117394947,7.064571857452393
2167.0,1.145110765152821,1071.0,1079.0,9.0,0.4175804886268781,7.065449953079224
2168.0,1.1439656543876682,1071.0,1077.0,5.0,0.4172156192571013,7.066329002380371
2169.0,1.1428216887332805,1071.0,1083.0,4.0,0.41685070394345053,7.067221164703369
2170.0,1.1416788670445472,1071.0,1075.0,3.0,0.4164857429996512,7.0681679248809814
2171.0,1.1405371881775026,1071.0,1075.0,6.0,0.4161207367398677,7.06908392906189
2172.0,1.1393966509893252,1071.0,1084.0,4.0,0.4157556854787034,7.069978952407837
2173.0,1.1382572543383358,1071.0,1095.0,10.0,0.4153905895311995,7.070888996124268
2174.0,1.1371189970839974,1071.0,1092.0,4.0,0.41502544921283563,7.071789979934692
2175.0,1.1359818780869135,1071.0,1090.0,3.0,0.4146602648395289,7.072710990905762
2176.0,1.1348458962088266,1071.0,1093.0,5.0,0.4142950367276337,7.073649883270264
2177.0,1.1337110503126178,1071.0,1087.0,8.0,0.4139297651939414,7.074565887451172
2178.0,1.132577339262305,1071.0,1093.0,3.0,0.41356445055568014,7.075451850891113
2179.0,1.1314447619230428,1071.0,1080.0,9.0,0.4131990931305142,7.076338052749634
2180.0,1.1303133171611197,1071.0,1086.0,6.0,0.4128336932365437,7.077239036560059
2181.0,1.1291830038439585,1071.0,1088.0,6.0,0.41246825119230446,7.078150987625122
2182.0,1.1280538208401145,1071.0,1090.0,5.0,0.4121027673167674,7.079046010971069
2183.0,1.1269257670192745,1071.0,1091.0,7.0,0.4117372419293385,7.079926013946533
2184.0,1.1257988412522553,1071.0,1096.0,7.0,0.41137167534985797,7.080828905105591
2185.0,1.124673042411003,1071.0,1097.0,1.0,0.41100606789860006,7.081775903701782
2186.0,1.123548369368592,1071.0,1093.0,7.0,0.41064041989627303,7.08270001411438
2187.0,1.1224248209992234,1071.0,1092.0,8.0,0.4102747316640184,7.083597183227539
2188.0,1.121302396178224,1071.0,1095.0,4.0,0.4099090035234105,7.08447790145874
2189.0,1.1201810937820458,1071.0,1098.0,5.0,0.40954323579645646,7.085353136062622
2190.0,1.1190609126882638,1071.0,1095.0,4.0,0.4091774288055957,7.086221933364868
2191.0,1.1179418517755755,1071.0,1096.0,8.0,0.4088115828736993,7.087076902389526
2192.0,1.1168239099238,1071.0,1093.0,5.0,0.40844569832406985,7.0879387855529785
2193.0,1.1157070860138762,1071.0,1094.0,5.0,0.40807977548044094,7.0887980461120605
2194.0,1.1145913789278623,1071.0,1084.0,6.0,0.407713814666977,7.089676141738892
2195.0,1.1134767875489344,1071.0,1079.0,7.0,0.40734781620827254,7.0906078815460205
2196.0,1.1123633107613855,1071.0,1082.0,3.0,0.4069817804293521,7.091533899307251
2197.0,1.111250947450624,1071.0,1080.0,3.0,0.4066157076556697,7.092418909072876
2198.0,1.1101396965031733,1071.0,1077.0,7.0,0.40624959821310813,7.093310117721558
2199.0,1.1090295568066701,1071.0,1079.0,5.0,0.4058834524279793,7.094204902648926
2200.0,1.1079205272498636,1071.0,1080.0,8.0,0.4055172706270231,7.095091104507446
2201.0,1.1068126067226136,1071.0,1076.0,8.0,0.40515105313740707,7.095976114273071
2202.0,1.105705794115891,1071.0,1080.0,6.0,0.40478480028672664,7.096851110458374
2203.0,1.104600088321775,1071.0,1075.0,6.0,0.4044185124030039,7.097772121429443
2204.0,1.1034954882334533,1071.0,1073.0,3.0,0.4040521898146876,7.098663091659546
2205.0,1.10239199274522,1070.0,1070.0,6.0,0.4036858328506527,7.099550008773804
2206.0,1.1012896007524746,1070.0,1082.0,10.0,0.4033194418401997,7.100437164306641
2207.0,1.100188311151722,1070.0,1087.0,5.0,0.40295301711305465,7.101314067840576
2208.0,1.0990881228405704,1070.0,1088.0,4.0,0.40258655899936835,7.102180004119873
2209.0,1.09798903471773,1070.0,1090.0,4.0,0.4022200678297159,7.103063106536865
2210.0,1.096891045683012,1070.0,1092.0,4.0,0.40185354393509665,7.1039299964904785
2211.0,1.095794154637329,1070.0,1083.0,4.0,0.40148698764693325,7.104820013046265
2212.0,1.0946983604826919,1070.0,1086.0,3.0,0.4011203992970716,7.105690956115723
2213.0,1.0936036621222092,1070.0,1088.0,4.0,0.40075377921778005,7.106595039367676
2214.0,1.0925100584600869,1070.0,1092.0,7.0,0.4003871277417494,7.107481956481934
2215.0,1.0914175484016269,1070.0,1093.0,6.0,0.40002044520209207,7.108365058898926
2216.0,1.0903261308532253,1070.0,1085.0,8.0,0.39965373193234177,7.109230995178223
2217.0,1.089235804722372,1070.0,1092.0,3.0,0.3992869882664529,7.1101109981536865
2218.0,1.0881465689176497,1070.0,1082.0,7.0,0.39892021453880055,7.110980987548828
2219.0,1.087058422348732,1070.0,1080.0,5.0,0.39855341108417947,7.111849069595337
2220.0,1.0859713639263833,1070.0,1079.0,2.0,0.39818657823780373,7.112718820571899
2221.0,1.0848853925624569,1070.0,1078.0,6.0,0.3978197163353066,7.113581895828247
2222.0,1.0838005071698944,1070.0,1076.0,5.0,0.39745282571273977,7.1144421100616455
2223.0,1.0827167066627246,1070.0,1075.0,5.0,0.3970859067065728,7.115297079086304
2224.0,1.0816339899560619,1070.0,1071.0,7.0,0.39671895965369297,7.116146087646484
2225.0,1.0805523559661059,1068.0,1068.0,3.0,0.39635198489140433,7.117009878158569
2226.0,1.0794718036101398,1068.0,1076.0,3.0,0.3959849827574278,7.117883920669556
2227.0,1.0783923318065296,1068.0,1079.0,10.0,0.39561795358989993,7.118722915649414
2228.0,1.077313939474723,1068.0,1078.0,2.0,0.3952508977273734,7.119557857513428
2229.0,1.0762366255352485,1068.0,1075.0,6.0,0.39488381550881546,7.120402097702026
2230.0,1.0751603889097132,1068.0,1074.0,4.0,0.39451670727360816,7.121230840682983
2231.0,1.0740852285208036,1068.0,1072.0,4.0,0.39414957336154754,7.12205696105957
2232.0,1.0730111432922829,1068.0,1074.0,1.0,0.3937824141128433,7.122902154922485
2233.0,1.0719381321489905,1065.0,1065.0,3.0,0.39341522986811805,7.123760938644409
2234.0,1.0708661940168416,1065.0,1068.0,3.0,0.3930480209684072,7.124634027481079
2235.0,1.0697953278228247,1065.0,1070.0,5.0,0.39268078775515775,7.125464916229248
2236.0,1.0687255324950018,1065.0,1074.0,2.0,0.3923135305702286,7.126423120498657
2237.0,1.0676568069625068,1065.0,1074.0,3.0,0.3919462497558895,7.127255201339722
2238.0,1.0665891501555442,1065.0,1075.0,7.0,0.3915789456548207,7.1280999183654785
2239.0,1.0655225610053887,1065.0,1076.0,3.0,0.3912116186101123,7.128941774368286
2240.0,1.0644570384443832,1065.0,1077.0,3.0,0.39084426896526386,7.12975287437439
2241.0,1.0633925814059388,1065.0,1075.0,1.0,0.39047689706418387,7.130565881729126
2242.0,1.062329188824533,1065.0,1072.0,6.0,0.39010950325118915,7.1314167976379395
2243.0,1.0612668596357084,1065.0,1072.0,0.0,0.38974208787100423,7.13224196434021
2244.0,1.0602055927760727,1065.0,1077.0,7.0,0.389374651268761,7.133110046386719
2245.0,1.0591453871832968,1065.0,1075.0,5.0,0.38900719378999793,7.1339499950408936
2246.0,1.0580862417961134,1065.0,1075.0,1.0,0.3886397157806598,7.134793043136597
2247.0,1.0570281555543173,1065.0,1077.0,5.0,0.38827221758709696,7.135632038116455
2248.0,1.0559711273987629,1065.0,1075.0,5.0,0.3879046995560647,7.136503219604492
2249.0,1.0549151562713641,1065.0,1072.0,7.0,0.3875371620347231,7.137336015701294
2250.0,1.0538602411150928,1065.0,1073.0,1.0,0.387169605370636,7.138167142868042
2251.0,1.0528063808739776,1065.0,1072.0,3.0,0.3868020299117704,7.138975143432617
2252.0,1.0517535744931037,1065.0,1078.0,5.0,0.3864344360064966,7.139817953109741
2253.0,1.0507018209186105,1065.0,1080.0,5.0,0.38606682400358666,7.140691041946411
2254.0,1.0496511190976918,1065.0,1083.0,5.0,0.3856991942522146,7.141576051712036
2255.0,1.0486014679785942,1065.0,1081.0,2.0,0.38533154710195555,7.1423890590667725
2256.0,1.0475528665106155,1065.0,1082.0,5.0,0.3849638829027849,7.143208026885986
2257.0,1.046505313644105,1065.0,1083.0,6.0,0.3845962020050782,7.144009113311768
2258.0,1.0454588083304608,1065.0,1077.0,3.0,0.38422850475961035,7.14488410949707
2259.0,1.0444133495221304,1065.0,1074.0,2.0,0.38386079151755476,7.14569091796875
2260.0,1.0433689361726082,1065.0,1073.0,6.0,0.3834930626304833,7.146507978439331
2261.0,1.0423255672364355,1065.0,1078.0,2.0,0.3831253184503652,7.147325038909912
2262.0,1.041283241669199,1065.0,1079.0,2.0,0.38275755932956673,7.14816689491272
2263.0,1.0402419584275298,1065.0,1084.0,7.0,0.3823897856208506,7.1489739418029785
2264.0,1.0392017164691023,1065.0,1087.0,4.0,0.3820219976773752,7.149803161621094
2265.0,1.0381625147526332,1065.0,1086.0,7.0,0.38165419585269406,7.150627851486206
2266.0,1.0371243522378806,1065.0,1093.0,9.0,0.38128638050075536,7.151464939117432
2267.0,1.0360872278856428,1065.0,1091.0,4.0,0.380918551975901,7.152292966842651
2268.0,1.0350511406577572,1065.0,1087.0,3.0,0.3805507106328665,7.153131008148193
2269.0,1.0340160895170993,1065.0,1084.0,2.0,0.38018285682677977,7.153932094573975
2270.0,1.0329820734275823,1065.0,1083.0,7.0,0.37981499091316095,7.154750108718872
2271.0,1.0319490913541547,1065.0,1086.0,6.0,0.37944711324792163,7.155535936355591
2272.0,1.0309171422628005,1065.0,1086.0,3.0,0.37907922418736417,7.156368970870972
2273.0,1.0298862251205376,1065.0,1083.0,8.0,0.3787113240881811,7.157199859619141
2274.0,1.028856338895417,1065.0,1078.0,6.0,0.3783434133074545,7.158094882965088
2275.0,1.0278274825565217,1065.0,1076.0,5.0,0.3779754922026554,7.1588990688323975
2276.0,1.026799655073965,1065.0,1073.0,3.0,0.37760756113164307,7.159674882888794
2277.0,1.0257728554188912,1065.0,1077.0,7.0,0.37723962045266435,7.160475969314575
2278.0,1.0247470825634724,1065.0,1080.0,5.0,0.376871670524353,7.161268949508667
2279.0,1.0237223354809089,1065.0,1072.0,7.0,0.37650371170572916,7.1620612144470215
2280.0,1.0226986131454279,1065.0,1074.0,6.0,0.3761357443561987,7.16289210319519
2281.0,1.0216759145322825,1065.0,1078.0,5.0,0.37576776883555235,7.16369891166687
2282.0,1.0206542386177502,1065.0,1079.0,2.0,0.3753997855039653,7.164491176605225
2283.0,1.0196335843791324,1065.0,1082.0,3.0,0.37503179472199627,7.165288925170898
2284.0,1.0186139507947534,1065.0,1081.0,5.0,0.37466379685058704,7.166095972061157
2285.0,1.0175953368439585,1065.0,1089.0,4.0,0.37429579225106174,7.166979789733887
2286.0,1.0165777415071147,1065.0,1085.0,3.0,0.3739277812851262,7.167762994766235
2287.0,1.0155611637656075,1065.0,1083.0,5.0,0.3735597643148671,7.168565034866333
2288.0,1.0145456026018418,1065.0,1087.0,6.0,0.3731917417027515,7.169346809387207
2289.0,1.01353105699924,1065.0,1086.0,6.0,0.37282371381162593,7.170129060745239
2290.0,1.0125175259422408,1065.0,1086.0,5.0,0.3724556810047161,7.170912027359009
2291.0,1.0115050084162984,1065.0,1083.0,4.0,0.3720876436456257,7.171700954437256
2292.0,1.0104935034078821,1065.0,1084.0,3.0,0.3717196020983361,7.172537803649902
2293.0,1.0094830099044743,1065.0,1084.0,3.0,0.3713515567272054,7.1733410358428955
2294.0,1.0084735268945697,1065.0,1082.0,1.0,0.3709835078969678,7.1741251945495605
2295.0,1.0074650533676752,1065.0,1084.0,4.0,0.3706154559727332,7.174901962280273
2296.0,1.0064575883143076,1065.0,1074.0,8.0,0.3702474013199859,7.175693035125732
2297.0,1.0054511307259932,1065.0,1073.0,3.0,0.3698793443045843,7.176470041275024
2298.0,1.0044456795952672,1065.0,1071.0,10.0,0.36951128529276017,7.1772589683532715
2299.0,1.003441233915672,1065.0,1073.0,1.0,0.3691432246511178,7.178095817565918
2300.0,1.0024377926817563,1065.0,1075.0,3.0,0.36877516274663336,7.1789000034332275
2301.0,1.0014353548890744,1065.0,1066.0,6.0,0.36840709994665405,7.179687023162842
2302.0,1.0004339195341854,1065.0,1069.0,2.0,0.36803903661889764,7.180482864379883
2303.0,0.9994334856146512,1065.0,1068.0,3.0,0.3676709731314514,7.181283950805664
2304.0,0.9984340521290366,1063.0,1063.0,4.0,0.3673029098527718,7.18208384513855
2305.0,0.9974356180769075,1063.0,1063.0,3.0,0.36693484715168306,7.1828930377960205
2306.0,0.9964381824588306,1062.0,1068.0,5.0,0.36656678539737725,7.183696985244751
2307.0,0.9954417442763718,1062.0,1068.0,5.0,0.366198724959413,7.184514045715332
2308.0,0.9944463025320954,1062.0,1067.0,2.0,0.365830666207715,7.185312986373901
2309.0,0.9934518562295633,1062.0,1067.0,3.0,0.365462609512573,7.186133146286011
2310.0,0.9924584043733338,1062.0,1066.0,6.0,0.36509455524464113,7.186928987503052
2311.0,0.9914659459689604,1062.0,1068.0,1.0,0.36472650377493765,7.187716007232666
2312.0,0.9904744800229914,1062.0,1067.0,10.0,0.36435845547484336,7.188529968261719
2313.0,0.9894840055429684,1062.0,1063.0,4.0,0.3639904107161014,7.1893310546875
2314.0,0.9884945215374255,1062.0,1063.0,1.0,0.36362236987081614,7.190150022506714
2315.0,0.9875060270158881,1062.0,1066.0,3.0,0.36325433331145296,7.190983057022095
2316.0,0.9865185209888722,1062.0,1065.0,3.0,0.36288630141083666,7.191915035247803
2317.0,0.9855320024678833,1062.0,1064.0,4.0,0.36251827454215146,7.192699909210205
2318.0,0.9845464704654154,1060.0,1060.0,5.0,0.3621502530789396,7.193496942520142
2319.0,0.98356192399495,1060.0,1062.0,3.0,0.3617822373951011,7.194305181503296
2320.0,0.9825783620709551,1060.0,1063.0,7.0,0.36141422786489263,7.195093154907227
2321.0,0.9815957837088841,1060.0,1064.0,4.0,0.3610462248629266,7.1958839893341064
2322.0,0.9806141879251752,1060.0,1064.0,3.0,0.36067822876417094,7.196656942367554
2323.0,0.97963357373725,1060.0,1062.0,2.0,0.3603102399439475,7.197451114654541
2324.0,0.9786539401635128,1060.0,1060.0,4.0,0.3599422587779321,7.198210954666138
2325.0,0.9776752862233493,1060.0,1064.0,6.0,0.359574285642153,7.1989641189575195
2326.0,0.9766976109371259,1060.0,1062.0,4.0,0.3592063209129903,7.1997230052948
2327.0,0.9757209133261888,1060.0,1062.0,2.0,0.35883836496717564,7.200573921203613
2328.0,0.9747451924128626,1060.0,1065.0,6.0,0.3584704181817906,7.201364040374756
2329.0,0.9737704472204497,1060.0,1065.0,4.0,0.35810248093426644,7.202157020568848
2330.0,0.9727966767732292,1060.0,1062.0,2.0,0.3577345536023829,7.202940940856934
2331.0,0.971823880096456,1060.0,1063.0,5.0,0.35736663656426776,7.203736782073975
2332.0,0.9708520562163596,1060.0,1060.0,7.0,0.3569987301983957,7.204541921615601
2333.0,0.9698812041601432,1060.0,1061.0,2.0,0.3566308348835875,7.2053351402282715
2334.0,0.968911322955983,1056.0,1056.0,8.0,0.3562629509990095,7.206171035766602
2335.0,0.9679424116330271,1056.0,1057.0,4.0,0.35589507892417244,7.206984043121338
2336.0,0.9669744692213941,1056.0,1058.0,3.0,0.35552721903893053,7.207775115966797
2337.0,0.9660074947521726,1054.0,1054.0,2.0,0.3551593717234811,7.208566188812256
2338.0,0.9650414872574204,1054.0,1058.0,5.0,0.3547915373583634,7.209382057189941
2339.0,0.964076445770163,1054.0,1059.0,4.0,0.35442371632445746,7.2101709842681885
2340.0,0.9631123693243929,1054.0,1058.0,3.0,0.354055909002984,7.211168050765991
2341.0,0.9621492569550685,1054.0,1058.0,3.0,0.35368811577550285,7.212035894393921
2342.0,0.9611871076981134,1054.0,1060.0,2.0,0.3533203370239126,7.212831020355225
2343.0,0.9602259205904153,1054.0,1062.0,1.0,0.3529525731304492,7.213618040084839
2344.0,0.9592656946698249,1054.0,1068.0,3.0,0.3525848244776858,7.214409112930298
2345.0,0.9583064289751551,1054.0,1068.0,2.0,0.35221709144853114,7.215205907821655
2346.0,0.9573481225461798,1054.0,1068.0,3.0,0.3518493744262291,7.21600604057312
2347.0,0.9563907744236336,1054.0,1062.0,4.0,0.3514816737943579,7.216794967651367
2348.0,0.95543438364921,1054.0,1062.0,2.0,0.3511139899368288,7.217599153518677
2349.0,0.9544789492655608,1054.0,1063.0,1.0,0.35074632323788557,7.218394994735718
2350.0,0.9535244703162952,1054.0,1063.0,2.0,0.35037867408210355,7.219218015670776
2351.0,0.9525709458459789,1054.0,1063.0,3.0,0.3500110428543886,7.2200541496276855
2352.0,0.9516183749001329,1054.0,1063.0,4.0,0.34964342993997644,7.22086501121521
2353.0,0.9506667565252328,1054.0,1063.0,3.0,0.34927583572443127,7.221731901168823
2354.0,0.9497160897687076,1054.0,1063.0,3.0,0.34890826059364566,7.222489833831787
2355.0,0.9487663736789389,1054.0,1068.0,2.0,0.3485407049338388,7.2232770919799805
2356.0,0.94781760730526,1054.0,1068.0,2.0,0.34817316913155627,7.2240540981292725
2357.0,0.9468697896979548,1054.0,1068.0,2.0,0.3478056535736686,7.224807024002075
2358.0,0.9459229199082568,1054.0,1071.0,5.0,0.3474381586473707,7.225651025772095
2359.0,0.9449769969883486,1054.0,1074.0,2.0,0.3470706847401808,7.226442098617554
2360.0,0.9440320199913602,1054.0,1074.0,2.0,0.34670323223993954,7.227252006530762
2361.0,0.9430879879713688,1054.0,1075.0,4.0,0.3463358015348091,7.22804594039917
2362.0,0.9421448999833975,1054.0,1075.0,1.0,0.34596839301327215,7.2288429737091064
2363.0,0.9412027550834141,1054.0,1076.0,6.0,0.34560100706413094,7.22962212562561
2364.0,0.9402615523283306,1054.0,1078.0,4.0,0.3452336440765065,7.230435848236084
2365.0,0.9393212907760023,1054.0,1076.0,4.0,0.34486630443983746,7.23125696182251
2366.0,0.9383819694852263,1054.0,1076.0,1.0,0.34449898854387956,7.232080936431885
2367.0,0.9374435875157411,1054.0,1076.0,3.0,0.344131696778704,7.232878923416138
2368.0,0.9365061439282253,1054.0,1072.0,7.0,0.34376442953469705,7.233670949935913
2369.0,0.935569637784297,1054.0,1072.0,2.0,0.3433971872025589,7.234452962875366
2370.0,0.9346340681465127,1054.0,1072.0,4.0,0.3430299701733028,7.235244035720825
2371.0,0.9336994340783662,1054.0,1069.0,3.0,0.3426627788382538,7.236018896102905
2372.0,0.9327657346442878,1054.0,1071.0,3.0,0.34229561358904825,7.236794948577881
2373.0,0.9318329689096435,1054.0,1070.0,2.0,0.34192847481763233,7.237573862075806
2374.0,0.9309011359407339,1054.0,1071.0,4.0,0.3415613629162615,7.238361835479736
2375.0,0.9299702348047931,1054.0,1071.0,5.0,0.34119427827749926,7.23914909362793
2376.0,0.9290402645699883,1054.0,1071.0,2.0,0.34082722129421633,7.239928960800171
2377.0,0.9281112243054184,1054.0,1071.0,6.0,0.3404601923595894,7.240710973739624
2378.0,0.9271831130811129,1054.0,1073.0,4.0,0.3400931918671006,7.241503953933716
2379.0,0.9262559299680317,1054.0,1071.0,8.0,0.339726220210536,7.242324113845825
2380.0,0.9253296740380638,1054.0,1067.0,3.0,0.339359277783985,7.243113994598389
2381.0,0.9244043443640257,1054.0,1071.0,9.0,0.3389923649818392,7.243907928466797
2382.0,0.9234799400196617,1054.0,1068.0,2.0,0.3386254821987912,7.244707822799683
2383.0,0.9225564600796421,1054.0,1066.0,4.0,0.33825862982983396,7.245546102523804
2384.0,0.9216339036195624,1054.0,1068.0,3.0,0.33789180827025955,7.246340990066528
2385.0,0.9207122697159429,1054.0,1068.0,2.0,0.33752501791565825,7.24713921546936
2386.0,0.919791557446227,1054.0,1071.0,4.0,0.3371582591619174,7.247936010360718
2387.0,0.9188717658887807,1054.0,1069.0,4.0,0.3367915324052205,7.248710870742798
2388.0,0.9179528941228919,1054.0,1073.0,4.0,0.33642483804204604,7.24949312210083
2389.0,0.917034941228769,1054.0,1073.0,4.0,0.33605817646916686,7.2502710819244385
2390.0,0.9161179062875403,1054.0,1081.0,5.0,0.3356915480836486,7.251118898391724
2391.0,0.9152017883812528,1054.0,1078.0,5.0,0.33532495328284895,7.251883029937744
2392.0,0.9142865865928715,1054.0,1077.0,3.0,0.3349583924644166,7.252664089202881
2393.0,0.9133723000062787,1054.0,1076.0,4.0,0.33459186602629026,7.253424882888794
2394.0,0.9124589277062723,1054.0,1074.0,7.0,0.3342253743666973,7.254170894622803
2395.0,0.911546468778566,1054.0,1071.0,4.0,0.3338589178841533,7.254940032958984
2396.0,0.9106349223097875,1054.0,1071.0,2.0,0.33349249697746014,7.255767107009888
2397.0,0.9097242873874777,1054.0,1068.0,10.0,0.3331261120457058,7.256571054458618
2398.0,0.9088145631000902,1054.0,1068.0,1.0,0.33275976348826297,7.257433891296387
2399.0,0.9079057485369901,1054.0,1065.0,3.0,0.3323934517047876,7.25822114944458
2400.0,0.9069978427884532,1054.0,1071.0,6.0,0.33202717709521845,7.259001970291138
2401.0,0.9060908449456647,1054.0,1075.0,5.0,0.33166094005977587,7.259787082672119
2402.0,0.9051847541007191,1054.0,1076.0,3.0,0.3312947409989603,7.260577201843262
2403.0,0.9042795693466184,1054.0,1077.0,4.0,0.3309285803135517,7.261366128921509
2404.0,0.9033752897772718,1054.0,1075.0,2.0,0.3305624584046083,7.262148857116699
2405.0,0.9024719144874945,1054.0,1071.0,3.0,0.3301963756734654,7.262929916381836
2406.0,0.9015694425730071,1054.0,1061.0,4.0,0.32983033252173455,7.263704061508179
2407.0,0.9006678731304341,1054.0,1058.0,5.0,0.329464329351302,7.264488935470581
2408.0,0.8997672052573036,1054.0,1062.0,4.0,0.3290983665643281,7.26531195640564
2409.0,0.8988674380520463,1054.0,1061.0,2.0,0.32873244456324613,7.266161918640137
2410.0,0.8979685706139943,1054.0,1056.0,5.0,0.32836656375076084,7.266951084136963
2411.0,0.8970706020433803,1054.0,1056.0,2.0,0.32800072452984763,7.267768144607544
2412.0,0.8961735314413369,1054.0,1061.0,2.0,0.32763492730375154,7.26856803894043
2413.0,0.8952773579098956,1054.0,1060.0,2.0,0.3272691724759856,7.269418954849243
2414.0,0.8943820805519856,1054.0,1058.0,4.0,0.32690346045033053,7.2702109813690186
2415.0,0.8934876984714336,1054.0,1059.0,1.0,0.326537791630833,7.270993947982788
2416.0,0.8925942107729622,1054.0,1058.0,4.0,0.32617216642180485,7.271810054779053
2417.0,0.8917016165621893,1054.0,1064.0,3.0,0.32580658522782147,7.272619009017944
2418.0,0.8908099149456271,1054.0,1064.0,3.0,0.32544104845372146,7.273410081863403
2419.0,0.8899191050306815,1054.0,1058.0,2.0,0.3250755565046046,7.274215936660767
2420.0,0.8890291859256508,1054.0,1057.0,1.0,0.32471010978583154,7.2751240730285645
2421.0,0.8881401567397251,1049.0,1051.0,2.0,0.3243447087030221,7.275962829589844
2422.0,0.8872520165829854,1049.0,1049.0,1.0,0.32397935366205444,7.276771068572998
2423.0,0.8863647645664023,1048.0,1048.0,4.0,0.3236140450690637,7.2775890827178955
2424.0,0.885478399801836,1048.0,1049.0,1.0,0.3232487833304409,7.278378009796143
2425.0,0.8845929214020342,1047.0,1047.0,3.0,0.32288356885283187,7.279170036315918
2426.0,0.8837083284806321,1047.0,1049.0,2.0,0.32251840204313603,7.2799460887908936
2427.0,0.8828246201521515,1047.0,1051.0,2.0,0.3221532833085053,7.28072714805603
2428.0,0.8819417955319994,1047.0,1051.0,4.0,0.3217882130563428,7.281548023223877
2429.0,0.8810598537364673,1047.0,1051.0,3.0,0.3214231916943019,7.282341957092285
2430.0,0.8801787938827309,1047.0,1051.0,0.0,0.32105821963028464,7.28312087059021
2431.0,0.8792986150888482,1047.0,1050.0,4.0,0.32069329727244117,7.283921003341675
2432.0,0.8784193164737594,1047.0,1049.0,3.0,0.3203284250291679,7.28470516204834
2433.0,0.8775408971572856,1047.0,1050.0,4.0,0.31996360330910684,7.285495042800903
2434.0,0.8766633562601283,1047.0,1050.0,2.0,0.31959883252114424,7.286327123641968
2435.0,0.8757866929038681,1047.0,1049.0,3.0,0.3192341130744092,7.287152051925659
2436.0,0.8749109062109642,1047.0,1050.0,4.0,0.31886944537827283,7.2879650592803955
2437.0,0.8740359953047533,1047.0,1052.0,5.0,0.31850482984234674,7.288770914077759
2438.0,0.8731619593094485,1047.0,1053.0,2.0,0.31814026687648206,7.289587020874023
2439.0,0.8722887973501391,1047.0,1053.0,1.0,0.3177757568907682,7.290457010269165
2440.0,0.871416508552789,1047.0,1064.0,6.0,0.3174113002955315,7.291239023208618
2441.0,0.8705450920442361,1047.0,1067.0,4.0,0.31704689750133397,7.292017936706543
2442.0,0.8696745469521919,1047.0,1065.0,4.0,0.31668254891897263,7.292795896530151
2443.0,0.8688048724052397,1047.0,1066.0,5.0,0.31631825495947746,7.293576002120972
2444.0,0.8679360675328345,1047.0,1068.0,5.0,0.3159540160341109,7.294328212738037
2445.0,0.8670681314653016,1047.0,1061.0,4.0,0.3155898325543661,7.29508900642395
2446.0,0.8662010633338363,1047.0,1064.0,2.0,0.3152257049319661,7.295886993408203
2447.0,0.8653348622705025,1047.0,1064.0,6.0,0.3148616335788624,7.296690940856934
2448.0,0.864469527408232,1047.0,1060.0,3.0,0.31449761890723354,7.297497987747192
2449.0,0.8636050578808238,1047.0,1067.0,6.0,0.31413366132948417,7.2982800006866455
2450.0,0.8627414528229429,1047.0,1068.0,4.0,0.3137697612582438,7.299129009246826
2451.0,0.86187871137012,1047.0,1064.0,5.0,0.3134059191063654,7.2999818325042725
2452.0,0.8610168326587498,1047.0,1061.0,5.0,0.313042135286924,7.300770044326782
2453.0,0.8601558158260911,1047.0,1061.0,4.0,0.31267841021321596,7.301573038101196
2454.0,0.859295660010265,1047.0,1061.0,4.0,0.3123147442987571,7.302359104156494
2455.0,0.8584363643502547,1047.0,1060.0,1.0,0.31195113795728185,7.30315089225769
2456.0,0.8575779279859045,1047.0,1056.0,2.0,0.311587591602742,7.303959131240845
2457.0,0.8567203500579186,1047.0,1056.0,1.0,0.31122410564930497,7.304740905761719
2458.0,0.8558636297078607,1047.0,1062.0,9.0,0.3108606805113531,7.305522918701172
2459.0,0.8550077660781528,1047.0,1061.0,1.0,0.3104973166034822,7.3063390254974365
2460.0,0.8541527583120746,1047.0,1059.0,6.0,0.3101340143404999,7.307125091552734
2461.0,0.8532986055537626,1047.0,1058.0,4.0,0.30977077413742515,7.307923078536987
2462.0,0.8524453069482089,1047.0,1059.0,3.0,0.3094075964094859,7.308743000030518
2463.0,0.8515928616412607,1047.0,1057.0,2.0,0.3090444815721187,7.309513092041016
2464.0,0.8507412687796194,1047.0,1057.0,1.0,0.3086814300409672,7.310304164886475
2465.0,0.8498905275108398,1047.0,1056.0,5.0,0.3083184422318804,7.311153888702393
2466.0,0.849040636983329,1047.0,1056.0,1.0,0.30795551856091186,7.311962842941284
2467.0,0.8481915963463457,1047.0,1058.0,4.0,0.3075926594443183,7.312762022018433
2468.0,0.8473434047499994,1047.0,1056.0,3.0,0.30722986529855806,7.3135480880737305
2469.0,0.8464960613452494,1047.0,1058.0,6.0,0.3068671365402899,7.314332008361816
2470.0,0.8456495652839041,1047.0,1056.0,2.0,0.30650447358637206,7.315129995346069
2471.0,0.8448039157186202,1047.0,1054.0,3.0,0.3061418768538603,7.315918922424316
2472.0,0.8439591118029016,1047.0,1052.0,2.0,0.3057793467600068,7.316699028015137
2473.0,0.8431151526910987,1046.0,1046.0,5.0,0.3054168837222593,7.3174889087677
2474.0,0.8422720375384076,1046.0,1054.0,4.0,0.3050544881582592,7.318279027938843
2475.0,0.8414297655008692,1046.0,1052.0,3.0,0.30469216048584025,7.319122076034546
2476.0,0.8405883357353684,1046.0,1049.0,3.0,0.3043299011230277,7.319948196411133
2477.0,0.839747747399633,1046.0,1050.0,3.0,0.30396771048803645,7.320724010467529
2478.0,0.8389079996522334,1046.0,1048.0,1.0,0.30360558899927004,7.321481943130493
2479.0,0.8380690916525811,1045.0,1045.0,2.0,0.303243537075319,7.322250127792358
2480.0,0.8372310225609285,1045.0,1046.0,1.0,0.30288155513495985,7.3230390548706055
2481.0,0.8363937915383676,1045.0,1048.0,1.0,0.3025196435971535,7.323805093765259
2482.0,0.8355573977468292,1045.0,1048.0,3.0,0.302157802881044,7.324583053588867
2483.0,0.8347218403490824,1045.0,1048.0,0.0,0.30179603340595695,7.325376987457275
2484.0,0.8338871185087333,1045.0,1050.0,3.0,0.3014343355913987,7.326136112213135
2485.0,0.8330532313902246,1045.0,1050.0,4.0,0.30107270985705425,7.326910972595215
2486.0,0.8322201781588343,1045.0,1050.0,1.0,0.3007111566227865,7.327702045440674
2487.0,0.8313879579806754,1045.0,1051.0,4.0,0.3003496763086344,7.328472137451172
2488.0,0.8305565700226948,1045.0,1052.0,3.0,0.29998826933481204,7.329315900802612
2489.0,0.829726013452672,1045.0,1049.0,2.0,0.29962693612170677,7.330128908157349
2490.0,0.8288962874392194,1045.0,1051.0,1.0,0.2992656770898783,7.330955982208252
2491.0,0.8280673911517802,1045.0,1050.0,1.0,0.2989044926600569,7.331768035888672
2492.0,0.8272393237606284,1045.0,1050.0,3.0,0.2985433832531423,7.332557916641235
2493.0,0.8264120844368678,1045.0,1051.0,2.0,0.29818234929020215,7.33338189125061
2494.0,0.8255856723524309,1044.0,1044.0,5.0,0.29782139119247053,7.334156036376953
2495.0,0.8247600866800784,1043.0,1044.0,5.0,0.2974605093813469,7.334949970245361
2496.0,0.8239353265933983,1042.0,1042.0,4.0,0.2970997042783942,7.3357250690460205
2497.0,0.8231113912668049,1040.0,1040.0,2.0,0.2967389763053381,7.336499929428101
2498.0,0.8222882798755381,1040.0,1040.0,1.0,0.29637832588406476,7.337265968322754
2499.0,0.8214659915956626,1040.0,1042.0,2.0,0.2960177534366201,7.338036060333252
2500.0,0.8206445256040669,1040.0,1041.0,4.0,0.29565725938520804,7.338807106018066
2501.0,0.8198238810784628,1040.0,1043.0,3.0,0.29529684415218926,7.339651823043823
2502.0,0.8190040571973843,1040.0,1040.0,4.0,0.29493650816007955,7.340443849563599
2503.0,0.818185053140187,1040.0,1042.0,1.0,0.2945762518315487,7.341253995895386
2504.0,0.8173668680870467,1040.0,1040.0,5.0,0.2942160755894184,7.342055082321167
2505.0,0.8165495012189596,1038.0,1039.0,3.0,0.29385597985666206,7.342855930328369
2506.0,0.8157329517177406,1038.0,1040.0,1.0,0.2934959650564019,7.343683958053589
2507.0,0.8149172187660229,1038.0,1040.0,1.0,0.2931360316119085,7.344572067260742
2508.0,0.8141023015472568,1037.0,1037.0,2.0,0.29277617994659905,7.345381021499634
2509.0,0.8132881992457096,1037.0,1039.0,1.0,0.2924164104840358,7.346174001693726
2510.0,0.8124749110464639,1037.0,1039.0,0.0,0.2920567236479248,7.346941947937012
2511.0,0.8116624361354174,1037.0,1039.0,1.0,0.2916971198621143,7.347711086273193
2512.0,0.810850773699282,1037.0,1040.0,2.0,0.2913375995505932,7.348489999771118
2513.0,0.8100399229255828,1037.0,1040.0,1.0,0.29097816313749,7.349326848983765
2514.0,0.8092298830026572,1037.0,1040.0,1.0,0.29061881104707066,7.350162029266357
2515.0,0.8084206531196545,1037.0,1041.0,1.0,0.290259543703738,7.350914001464844
2516.0,0.8076122324665348,1037.0,1041.0,2.0,0.28990036153202947,7.351665019989014
2517.0,0.8068046202340683,1037.0,1043.0,3.0,0.28954126495661586,7.352447032928467
2518.0,0.8059978156138342,1037.0,1043.0,2.0,0.2891822544023001,7.353188991546631
2519.0,0.8051918177982204,1037.0,1043.0,4.0,0.28882333029401547,7.353960037231445
2520.0,0.8043866259804221,1037.0,1042.0,1.0,0.28846449305682426,7.354722023010254
2521.0,0.8035822393544417,1037.0,1042.0,0.0,0.2881057431159162,7.355499029159546
2522.0,0.8027786571150873,1037.0,1043.0,2.0,0.28774708089660705,7.3562541007995605
2523.0,0.8019758784579722,1037.0,1043.0,3.0,0.28738850682433703,7.357015132904053
2524.0,0.8011739025795143,1037.0,1042.0,4.0,0.2870300213246692,7.357764005661011
2525.0,0.8003727286769348,1037.0,1042.0,0.0,0.2866716248232885,7.358528137207031
2526.0,0.7995723559482578,1037.0,1042.0,2.0,0.2863133177459993,7.3593549728393555
2527.0,0.7987727835923095,1037.0,1047.0,3.0,0.28595510051872486,7.360163927078247
2528.0,0.7979740108087172,1037.0,1045.0,9.0,0.2855969735675051,7.360989093780518
2529.0,0.7971760367979085,1037.0,1046.0,2.0,0.28523893731849553,7.3617589473724365
2530.0,0.7963788607611105,1037.0,1046.0,1.0,0.2848809921979654,7.362527132034302
2531.0,0.7955824819003494,1037.0,1044.0,3.0,0.2845231386322965,7.363295078277588
2532.0,0.794786899418449,1037.0,1044.0,2.0,0.2841653770479814,7.364082098007202
2533.0,0.7939921125190306,1037.0,1046.0,3.0,0.2838077078716218,7.3648741245269775
2534.0,0.7931981204065115,1037.0,1046.0,1.0,0.2834501315299274,7.365667104721069
2535.0,0.792404922286105,1037.0,1050.0,2.0,0.283092648449714,7.366469860076904
2536.0,0.7916125173638189,1037.0,1049.0,1.0,0.28273525905790214,7.367243051528931
2537.0,0.7908209048464551,1037.0,1048.0,1.0,0.2823779637815155,7.368024110794067
2538.0,0.7900300839416086,1037.0,1046.0,1.0,0.28202076304767926,7.368802070617676
2539.0,0.7892400538576669,1037.0,1048.0,2.0,0.28166365728361875,7.369604825973511
2540.0,0.7884508138038092,1037.0,1048.0,0.0,0.2813066469166577,7.37039589881897
2541.0,0.7876623629900054,1037.0,1046.0,2.0,0.2809497323742168,7.3712029457092285
2542.0,0.7868747006270154,1037.0,1046.0,0.0,0.28059291408381204,7.371992826461792
2543.0,0.7860878259263884,1037.0,1045.0,4.0,0.2802361924730533,7.372775077819824
2544.0,0.785301738100462,1037.0,1045.0,4.0,0.2798795679696426,7.373570203781128
2545.0,0.7845164363623616,1037.0,1047.0,2.0,0.27952304100137254,7.374359130859375
2546.0,0.7837319199259992,1037.0,1048.0,1.0,0.27916661199612486,7.375140905380249
2547.0,0.7829481880060732,1037.0,1049.0,5.0,0.27881028138186886,7.37593412399292
2548.0,0.7821652398180672,1037.0,1053.0,2.0,0.2784540495866596,7.376720905303955
2549.0,0.7813830745782491,1037.0,1055.0,2.0,0.27809791703863657,7.377546072006226
2550.0,0.7806016915036709,1037.0,1055.0,1.0,0.27774188416602186,7.378328800201416
2551.0,0.7798210898121672,1037.0,1055.0,1.0,0.2773859513971188,7.3791399002075195
2552.0,0.7790412687223551,1037.0,1055.0,3.0,0.2770301191603103,7.379909992218018
2553.0,0.7782622274536328,1037.0,1053.0,4.0,0.27667438788405696,7.380701065063477
2554.0,0.7774839652261792,1037.0,1055.0,3.0,0.276318757996896,7.381500959396362
2555.0,0.7767064812609531,1037.0,1055.0,0.0,0.27596322992743916,7.3823020458221436
2556.0,0.7759297747796922,1037.0,1054.0,2.0,0.2756078041043714,7.38308310508728
2557.0,0.7751538450049125,1037.0,1056.0,2.0,0.2752524809564491,7.383864164352417
2558.0,0.7743786911599075,1037.0,1056.0,2.0,0.2748972609124986,7.384663105010986
2559.0,0.7736043124687476,1037.0,1055.0,3.0,0.27454214440141456,7.385448932647705
2560.0,0.7728307081562789,1037.0,1056.0,2.0,0.27418713185215804,7.386296987533569
2561.0,0.7720578774481226,1037.0,1057.0,1.0,0.2738322236937554,7.3871049880981445
2562.0,0.7712858195706744,1037.0,1056.0,3.0,0.2734774203552962,7.387940883636475
2563.0,0.7705145337511038,1037.0,1052.0,5.0,0.27312272226593187,7.388721942901611
2564.0,0.7697440192173527,1037.0,1051.0,4.0,0.27276812985487375,7.389531850814819
2565.0,0.7689742751981353,1037.0,1051.0,1.0,0.27241364355139186,7.390336990356445
2566.0,0.7682053009229372,1037.0,1051.0,3.0,0.272059263784813,7.391116142272949
2567.0,0.7674370956220142,1037.0,1050.0,7.0,0.27170499098451906,7.391902923583984
2568.0,0.7666696585263922,1037.0,1050.0,2.0,0.2713508255799457,7.392696142196655
2569.0,0.7659029888678659,1037.0,1050.0,1.0,0.2709967680005802,7.393521070480347
2570.0,0.765137085878998,1037.0,1051.0,4.0,0.2706428186759602,7.394553899765015
2571.0,0.764371948793119,1037.0,1053.0,3.0,0.2702889780356718,7.395356893539429
2572.0,0.7636075768443259,1037.0,1053.0,3.0,0.26993524650934825,7.396144866943359
2573.0,0.7628439692674815,1037.0,1053.0,1.0,0.26958162452666773,7.396924018859863
2574.0,0.762081125298214,1037.0,1052.0,3.0,0.26922811251735224,7.397710800170898
2575.0,0.7613190441729158,1037.0,1052.0,1.0,0.26887471091116555,7.398468017578125
2576.0,0.760557725128743,1037.0,1052.0,1.0,0.26852142013791175,7.399247884750366
2577.0,0.7597971674036142,1037.0,1054.0,1.0,0.26816824062743333,7.400034189224243
2578.0,0.7590373702362107,1037.0,1054.0,1.0,0.26781517280960976,7.400820970535278
2579.0,0.7582783328659745,1037.0,1056.0,3.0,0.26746221711435564,7.401601076126099
2580.0,0.7575200545331084,1037.0,1056.0,2.0,0.2671093739716191,7.402368068695068
2581.0,0.7567625344785753,1037.0,1058.0,2.0,0.26675664381138015,7.403132915496826
2582.0,0.7560057719440968,1037.0,1057.0,1.0,0.26640402706364874,7.40395188331604
2583.0,0.7552497661721527,1037.0,1059.0,2.0,0.2660515241584632,7.404711008071899
2584.0,0.7544945164059805,1037.0,1059.0,1.0,0.2656991355258889,7.405478000640869
2585.0,0.7537400218895746,1037.0,1059.0,4.0,0.2653468615960159,7.406239986419678
2586.0,0.752986281867685,1037.0,1062.0,3.0,0.2649947027989576,7.406996011734009
2587.0,0.7522332955858173,1037.0,1060.0,8.0,0.2646426595648491,7.407756090164185
2588.0,0.7514810622902315,1037.0,1063.0,2.0,0.2642907323238453,7.408525228500366
2589.0,0.7507295812279412,1037.0,1057.0,3.0,0.26393892150611936,7.409286022186279
2590.0,0.7499788516467133,1037.0,1057.0,1.0,0.2635872275418607,7.410046100616455
2591.0,0.7492288727950666,1037.0,1059.0,2.0,0.26323565086127365,7.4108240604400635
2592.0,0.7484796439222715,1037.0,1059.0,3.0,0.26288419189457535,7.411587953567505
2593.0,0.7477311642783493,1037.0,1060.0,5.0,0.2625328510719944,7.412365198135376
2594.0,0.7469834331140709,1037.0,1062.0,4.0,0.26218162882376883,7.413137912750244
2595.0,0.7462364496809568,1037.0,1062.0,3.0,0.2618305255801444,7.41395902633667
2596.0,0.7454902132312758,1037.0,1064.0,3.0,0.2614795417713731,7.414755821228027
2597.0,0.7447447230180446,1037.0,1058.0,2.0,0.26112867782771115,7.415567874908447
2598.0,0.7439999782950266,1037.0,1058.0,1.0,0.2607779341794173,7.416373014450073
2599.0,0.7432559783167316,1037.0,1060.0,1.0,0.26042731125675117,7.417165040969849
2600.0,0.7425127223384149,1037.0,1057.0,5.0,0.2600768094899715,7.417963981628418
2601.0,0.7417702096160765,1037.0,1058.0,4.0,0.2597264293093343,7.418750047683716
2602.0,0.7410284394064605,1037.0,1058.0,1.0,0.25937617114509115,7.419586896896362
2603.0,0.740287410967054,1037.0,1060.0,4.0,0.2590260354274875,7.420389890670776
2604.0,0.7395471235560869,1037.0,1062.0,3.0,0.25867602258676076,7.421167850494385
2605.0,0.7388075764325308,1037.0,1062.0,2.0,0.2583261330531388,7.421965837478638
2606.0,0.7380687688560983,1037.0,1060.0,2.0,0.2579763672568377,7.42275595664978
2607.0,0.7373307000872422,1037.0,1059.0,3.0,0.2576267256280606,7.423552989959717
2608.0,0.736593369387155,1037.0,1057.0,1.0,0.25727720859699554,7.424367904663086
2609.0,0.7358567760177679,1037.0,1059.0,3.0,0.25692781659381353,7.425155878067017
2610.0,0.7351209192417502,1037.0,1058.0,2.0,0.2565785500486672,7.4259490966796875
2611.0,0.7343857983225084,1037.0,1058.0,4.0,0.25622940939168876,7.4267590045928955
2612.0,0.7336514125241859,1037.0,1055.0,1.0,0.2558803950529882,7.427587985992432
2613.0,0.7329177611116616,1037.0,1054.0,3.0,0.25553150746265174,7.428391933441162
2614.0,0.73218484335055,1037.0,1055.0,4.0,0.2551827470507398,7.429168939590454
2615.0,0.7314526585071994,1037.0,1057.0,7.0,0.254834114247285,7.430008172988892
2616.0,0.7307212058486923,1037.0,1051.0,3.0,0.2544856094822911,7.430803060531616
2617.0,0.7299904846428436,1037.0,1050.0,3.0,0.2541372331857302,7.431577920913696
2618.0,0.7292604941582007,1037.0,1050.0,4.0,0.253788985787542,7.432390928268433
2619.0,0.7285312336640425,1037.0,1050.0,1.0,0.253440867717631,7.433229207992554
2620.0,0.7278027024303785,1037.0,1050.0,3.0,0.25309287940586556,7.434000015258789
2621.0,0.7270748997279481,1037.0,1050.0,1.0,0.25274502128207527,7.43477201461792
2622.0,0.7263478248282202,1037.0,1050.0,2.0,0.25239729377604986,7.435563087463379
2623.0,0.7256214770033921,1037.0,1050.0,0.0,0.2520496973175368,7.436362981796265
2624.0,0.7248958555263887,1037.0,1050.0,1.0,0.25170223233623995,7.437126874923706
2625.0,0.7241709596708623,1037.0,1049.0,2.0,0.2513548992618174,7.43791389465332
2626.0,0.7234467887111915,1037.0,1048.0,2.0,0.25100769852387994,7.438699007034302
2627.0,0.7227233419224803,1037.0,1050.0,3.0,0.25066063055198884,7.4394690990448
2628.0,0.7220006185805579,1037.0,1050.0,2.0,0.2503136957756544,7.44025993347168
2629.0,0.7212786179619773,1037.0,1050.0,2.0,0.24996689462433383,7.441090822219849
2630.0,0.7205573393440153,1037.0,1050.0,0.0,0.2496202275274296,7.441858768463135
2631.0,0.7198367820046713,1037.0,1053.0,4.0,0.24927369491428755,7.442631006240845
2632.0,0.7191169452226666,1037.0,1051.0,1.0,0.24892729721419501,7.443413019180298
2633.0,0.7183978282774439,1037.0,1051.0,2.0,0.24858103485637903,7.444253921508789
2634.0,0.7176794304491665,1037.0,1051.0,0.0,0.24823490827000436,7.44505500793457
2635.0,0.7169617510187173,1037.0,1051.0,0.0,0.24788891788417164,7.445837020874023
2636.0,0.7162447892676985,1037.0,1052.0,3.0,0.24754306412791593,7.44660210609436
2637.0,0.7155285444784308,1037.0,1052.0,1.0,0.2471973474302043,7.447391033172607
2638.0,0.7148130159339524,1037.0,1054.0,1.0,0.2468517682199342,7.448210000991821
2639.0,0.7140982029180185,1037.0,1055.0,1.0,0.24650632692593172,7.449016809463501
2640.0,0.7133841047151005,1037.0,1055.0,1.0,0.24616102397694947,7.449803113937378
2641.0,0.7126707206103854,1037.0,1054.0,3.0,0.24581585980166498,7.450594186782837
2642.0,0.711958049889775,1037.0,1054.0,1.0,0.2454708348286786,7.45137095451355
2643.0,0.7112460918398852,1037.0,1056.0,2.0,0.24512594948651176,7.452163934707642
2644.0,0.7105348457480453,1037.0,1056.0,1.0,0.24478120420360505,7.452944993972778
2645.0,0.7098243109022973,1037.0,1055.0,2.0,0.24443659940831644,7.453747987747192
2646.0,0.709114486591395,1037.0,1054.0,1.0,0.24409213552891917,7.454530954360962
2647.0,0.7084053721048036,1037.0,1054.0,3.0,0.24374781299360002,7.455322027206421
2648.0,0.7076969667326988,1037.0,1055.0,2.0,0.24340363223045736,7.456141948699951
2649.0,0.7069892697659661,1037.0,1053.0,3.0,0.24305959366749955,7.45693302154541
2650.0,0.7062822804962001,1037.0,1053.0,3.0,0.24271569773264243,7.457718133926392
2651.0,0.7055759982157039,1037.0,1053.0,4.0,0.2423719448537081,7.4585020542144775
2652.0,0.7048704222174882,1037.0,1057.0,4.0,0.24202833545842253,7.459299087524414
2653.0,0.7041655517952707,1037.0,1056.0,2.0,0.2416848699744139,7.460083961486816
2654.0,0.7034613862434754,1037.0,1056.0,1.0,0.24134154882921066,7.460880994796753
2655.0,0.702757924857232,1037.0,1056.0,1.0,0.24099837245023964,7.461679935455322
2656.0,0.7020551669323748,1037.0,1056.0,0.0,0.24065534126482396,7.462485074996948
2657.0,0.7013531117654425,1037.0,1056.0,0.0,0.24031245570018137,7.4632720947265625
2658.0,0.700651758653677,1037.0,1055.0,2.0,0.23996971618342217,7.46407413482666
2659.0,0.6999511068950234,1037.0,1056.0,3.0,0.2396271231415475,7.464869976043701
2660.0,0.6992511557881284,1037.0,1055.0,2.0,0.239284677001447,7.465671062469482
2661.0,0.6985519046323402,1037.0,1057.0,5.0,0.23894237818989741,7.466463088989258
2662.0,0.6978533527277079,1037.0,1056.0,4.0,0.23860022713356033,7.467245817184448
2663.0,0.6971554993749801,1037.0,1058.0,1.0,0.23825822425898024,7.468026876449585
2664.0,0.6964583438756051,1037.0,1056.0,3.0,0.2379163699925829,7.468813180923462
2665.0,0.6957618855317295,1037.0,1055.0,1.0,0.2375746647606731,7.469594955444336
2666.0,0.6950661236461977,1037.0,1057.0,2.0,0.2372331089894327,7.470378160476685
2667.0,0.6943710575225515,1037.0,1052.0,7.0,0.23689170310491905,7.471156120300293
2668.0,0.6936766864650289,1037.0,1052.0,0.0,0.23655044753306276,7.47195291519165
2669.0,0.6929830097785639,1037.0,1051.0,6.0,0.23620934269966576,7.472743988037109
2670.0,0.6922900267687853,1037.0,1051.0,1.0,0.23586838903039947,7.473534107208252
2671.0,0.6915977367420165,1037.0,1051.0,2.0,0.23552758695080284,7.474331855773926
2672.0,0.6909061390052745,1037.0,1053.0,1.0,0.23518693688628028,7.475185871124268
2673.0,0.6902152328662693,1037.0,1050.0,4.0,0.23484643926209986,7.475955009460449
2674.0,0.689525017633403,1037.0,1051.0,1.0,0.23450609450339124,7.476724147796631
2675.0,0.6888354926157696,1037.0,1052.0,1.0,0.2341659030351438,7.477495193481445
2676.0,0.6881466571231538,1037.0,1048.0,1.0,0.23382586528220473,7.478255987167358
2677.0,0.6874585104660307,1037.0,1049.0,1.0,0.23348598166927678,7.479012966156006
2678.0,0.6867710519555646,1037.0,1046.0,3.0,0.23314625262091673,7.4797608852386475
2679.0,0.6860842809036091,1037.0,1046.0,0.0,0.23280667856153298,7.480530023574829
2680.0,0.6853981966227054,1037.0,1046.0,1.0,0.23246725991538397,7.481282949447632
2681.0,0.6847127984260827,1037.0,1046.0,0.0,0.23212799710657597,7.482051849365234
2682.0,0.6840280856276566,1037.0,1043.0,3.0,0.23178889055906113,7.482814073562622
2683.0,0.683344057542029,1037.0,1047.0,1.0,0.23144994069663566,7.4835920333862305
2684.0,0.682660713484487,1037.0,1047.0,3.0,0.23111114794293763,7.4843590259552
2685.0,0.6819780527710025,1037.0,1043.0,2.0,0.2307725127214451,7.485209941864014
2686.0,0.6812960747182315,1037.0,1044.0,1.0,0.23043403545547422,7.486080169677734
2687.0,0.6806147786435133,1037.0,1044.0,2.0,0.23009571656817718,7.486879110336304
2688.0,0.6799341638648697,1037.0,1048.0,5.0,0.22975755648253995,7.487657070159912
2689.0,0.6792542297010048,1037.0,1048.0,1.0,0.22941955562138103,7.488442897796631
2690.0,0.6785749754713037,1037.0,1049.0,1.0,0.22908171440734845,7.489222049713135
2691.0,0.6778964004958324,1037.0,1050.0,1.0,0.2287440332629187,7.490007162094116
2692.0,0.6772185040953366,1037.0,1048.0,4.0,0.22840651261039416,7.490792989730835
2693.0,0.6765412855912413,1037.0,1048.0,2.0,0.2280691528719013,7.491594076156616
2694.0,0.67586474430565,1037.0,1046.0,1.0,0.22773195446938868,7.492376089096069
2695.0,0.6751888795613443,1037.0,1051.0,2.0,0.22739491782462484,7.493175029754639
2696.0,0.674513690681783,1037.0,1048.0,3.0,0.2270580433591966,7.493959903717041
2697.0,0.6738391769911012,1037.0,1045.0,3.0,0.22672133149450654,7.494863986968994
2698.0,0.67316533781411,1037.0,1045.0,0.0,0.2263847826517715,7.495629072189331
2699.0,0.6724921724762959,1037.0,1044.0,3.0,0.22604839725202033,7.4964070320129395
2700.0,0.6718196803038196,1037.0,1044.0,1.0,0.22571217571609184,7.497176170349121
2701.0,0.6711478606235157,1037.0,1044.0,4.0,0.2253761184646329,7.4979658126831055
2702.0,0.6704767127628922,1037.0,1044.0,1.0,0.22504022591809633,7.498867988586426
2703.0,0.6698062360501293,1037.0,1044.0,2.0,0.22470449849673893,7.49978494644165
2704.0,0.6691364298140792,1037.0,1044.0,4.0,0.22436893662061952,7.500550031661987
2705.0,0.6684672933842651,1037.0,1044.0,1.0,0.22403354070959675,7.501321077346802
2706.0,0.6677988260908809,1037.0,1044.0,1.0,0.22369831118332723,7.502098083496094
2707.0,0.66713102726479,1037.0,1043.0,3.0,0.22336324846126335,7.502895832061768
2708.0,0.6664638962375252,1037.0,1043.0,0.0,0.22302835296265144,7.503664016723633
2709.0,0.6657974323412877,1037.0,1045.0,2.0,0.2226936251065297,7.504422903060913
2710.0,0.6651316349089464,1037.0,1046.0,2.0,0.22235906531172592,7.505192041397095
2711.0,0.6644665032740374,1037.0,1046.0,2.0,0.22202467399685571,7.505995988845825
2712.0,0.6638020367707634,1037.0,1046.0,2.0,0.22169045158032055,7.506785154342651
2713.0,0.6631382347339927,1037.0,1045.0,1.0,0.2213563984803054,7.507674932479858
2714.0,0.6624750964992587,1037.0,1043.0,3.0,0.22102251511477677,7.508453845977783
2715.0,0.6618126214027594,1037.0,1043.0,0.0,0.22068880190148096,7.509232997894287
2716.0,0.6611508087813567,1037.0,1043.0,1.0,0.22035525925794175,7.510008811950684
2717.0,0.6604896579725753,1037.0,1043.0,1.0,0.22002188760145822,7.510785102844238
2718.0,0.6598291683146027,1037.0,1043.0,0.0,0.21968868734910318,7.51155686378479
2719.0,0.6591693391462881,1037.0,1043.0,3.0,0.21935565891772058,7.512341022491455
2720.0,0.6585101698071417,1037.0,1045.0,1.0,0.21902280272392383,7.513118028640747
2721.0,0.6578516596373346,1037.0,1045.0,1.0,0.21869011918409362,7.513903856277466
2722.0,0.6571938079776972,1037.0,1045.0,2.0,0.21835760871437576,7.5146870613098145
2723.0,0.6565366141697195,1037.0,1044.0,1.0,0.21802527173067932,7.515486001968384
2724.0,0.6558800775555498,1037.0,1043.0,2.0,0.2176931086486744,7.516333103179932
2725.0,0.6552241974779942,1037.0,1043.0,1.0,0.21736111988379025,7.5171520709991455
2726.0,0.6545689732805162,1037.0,1043.0,0.0,0.217029305851213,7.517967939376831
2727.0,0.6539144043072357,1037.0,1043.0,3.0,0.21669766696588358,7.518748998641968
2728.0,0.6532604899029284,1037.0,1043.0,0.0,0.21636620364249606,7.519537925720215
2729.0,0.6526072294130255,1037.0,1044.0,1.0,0.21603491629549504,7.5203258991241455
2730.0,0.6519546221836124,1037.0,1044.0,3.0,0.21570380533907382,7.52111291885376
2731.0,0.6513026675614288,1037.0,1044.0,1.0,0.21537287118717247,7.521897077560425
2732.0,0.6506513648938674,1037.0,1044.0,1.0,0.2150421142534755,7.522695064544678
2733.0,0.6500007135289736,1037.0,1047.0,4.0,0.21471153495140996,7.523497104644775
2734.0,0.6493507128154447,1037.0,1047.0,3.0,0.2143811336941432,7.524289131164551
2735.0,0.6487013621026292,1037.0,1045.0,2.0,0.214050910894581,7.525139093399048
2736.0,0.6480526607405266,1037.0,1045.0,1.0,0.2137208669653653,7.525951147079468
2737.0,0.6474046080797861,1037.0,1045.0,4.0,0.2133910023188722,7.526755094528198
2738.0,0.6467572034717063,1037.0,1045.0,2.0,0.21306131736720987,7.527554988861084
2739.0,0.6461104462682346,1037.0,1045.0,0.0,0.2127318125222165,7.528378009796143
2740.0,0.6454643358219663,1037.0,1047.0,3.0,0.21240248819545815,7.529177904129028
2741.0,0.6448188714861443,1037.0,1046.0,2.0,0.21207334479822665,7.529965877532959
2742.0,0.6441740526146581,1037.0,1045.0,1.0,0.21174438274153765,7.530755996704102
2743.0,0.6435298785620435,1037.0,1044.0,2.0,0.2114156024361282,7.531534910202026
2744.0,0.6428863486834814,1037.0,1044.0,1.0,0.2110870042924551,7.532348871231079
2745.0,0.6422434623347979,1037.0,1044.0,1.0,0.21075858872069242,7.5332701206207275
2746.0,0.6416012188724631,1037.0,1044.0,0.0,0.21043035613072972,7.53403902053833
2747.0,0.6409596176535907,1037.0,1044.0,1.0,0.21010230693216958,7.5348219871521
2748.0,0.6403186580359371,1037.0,1044.0,0.0,0.20977444153432592,7.535610914230347
2749.0,0.6396783393779012,1037.0,1045.0,1.0,0.20944676034622153,7.536465883255005
2750.0,0.6390386610385232,1037.0,1045.0,0.0,0.2091192637765862,7.537240028381348
2751.0,0.6383996223774847,1037.0,1044.0,3.0,0.20879195223385452,7.538062810897827
2752.0,0.6377612227551073,1037.0,1043.0,1.0,0.20846482612616385,7.538845062255859
2753.0,0.6371234615323521,1037.0,1043.0,0.0,0.20813788586135198,7.5396409034729
2754.0,0.6364863380708198,1037.0,1040.0,2.0,0.20781113184695546,7.54044508934021
2755.0,0.635849851732749,1037.0,1042.0,2.0,0.20748456449020702,7.5412750244140625
2756.0,0.6352140018810163,1037.0,1042.0,1.0,0.20715818419803375,7.542067050933838
2757.0,0.6345787878791352,1037.0,1043.0,4.0,0.2068319913770548,7.542852878570557
2758.0,0.6339442090912562,1037.0,1044.0,2.0,0.20650598643357956,7.543620824813843
2759.0,0.6333102648821649,1037.0,1046.0,4.0,0.20618016977360515,7.544418096542358
2760.0,0.6326769546172828,1037.0,1044.0,1.0,0.20585454180281462,7.54518985748291
2761.0,0.6320442776626655,1037.0,1043.0,2.0,0.20552910292657461,7.545972108840942
2762.0,0.6314122333850029,1037.0,1043.0,0.0,0.20520385354993348,7.546750068664551
2763.0,0.6307808211516178,1037.0,1042.0,1.0,0.20487879407761883,7.547546863555908
2764.0,0.6301500403304662,1037.0,1042.0,0.0,0.20455392491403587,7.548324823379517
2765.0,0.6295198902901357,1037.0,1041.0,1.0,0.2042292464632647,7.5491039752960205
2766.0,0.6288903703998455,1037.0,1041.0,1.0,0.20390475912905878,7.549881935119629
2767.0,0.6282614800294457,1037.0,1037.0,5.0,0.20358046331484236,7.550678014755249
2768.0,0.6276332185494162,1037.0,1037.0,0.0,0.20325635942370848,7.551483869552612
2769.0,0.6270055853308668,1037.0,1038.0,2.0,0.20293244785841705,7.55229115486145
2770.0,0.6263785797455359,1037.0,1040.0,2.0,0.20260872902139232,7.553086042404175
2771.0,0.6257522011657903,1037.0,1039.0,1.0,0.20228520331472122,7.553889036178589
2772.0,0.6251264489646245,1037.0,1038.0,1.0,0.20196187114015085,7.554680109024048
2773.0,0.6245013225156599,1037.0,1039.0,1.0,0.2016387328990864,7.555469989776611
2774.0,0.6238768211931442,1037.0,1039.0,1.0,0.20131578899258926,7.556298017501831
2775.0,0.6232529443719511,1037.0,1038.0,1.0,0.20099303982137462,7.557081937789917
2776.0,0.6226296914275792,1037.0,1039.0,1.0,0.20067048578580945,7.557867050170898
2777.0,0.6220070617361516,1037.0,1039.0,0.0,0.20034812728591037,7.558654069900513
2778.0,0.6213850546744154,1037.0,1039.0,0.0,0.20002596472134138,7.559440851211548
2779.0,0.6207636696197409,1037.0,1043.0,2.0,0.19970399849141202,7.560214042663574
2780.0,0.6201429059501212,1037.0,1044.0,2.0,0.19938222899507485,7.561058044433594
2781.0,0.6195227630441711,1037.0,1045.0,1.0,0.19906065663092365,7.561866998672485
2782.0,0.6189032402811269,1037.0,1047.0,1.0,0.19873928179719091,7.5626749992370605
2783.0,0.6182843370408457,1037.0,1046.0,3.0,0.19841810489174616,7.5634849071502686
2784.0,0.6176660527038049,1037.0,1042.0,1.0,0.19809712631209336,7.56430196762085
2785.0,0.6170483866511011,1037.0,1041.0,2.0,0.197776346455369,7.565095901489258
2786.0,0.61643133826445,1037.0,1041.0,2.0,0.19745576571833998,7.565890073776245
2787.0,0.6158149069261855,1037.0,1044.0,3.0,0.19713538449740134,7.566694021224976
2788.0,0.6151990920192593,1037.0,1044.0,1.0,0.19681520318857412,7.567501783370972
2789.0,0.61458389292724,1037.0,1047.0,2.0,0.19649522218750337,7.568413019180298
2790.0,0.6139693090343128,1037.0,1048.0,3.0,0.19617544188945576,7.569212913513184
2791.0,0.6133553397252784,1037.0,1048.0,2.0,0.1958558626893176,7.570017099380493
2792.0,0.6127419843855532,1037.0,1048.0,0.0,0.1955364849815927,7.5708160400390625
2793.0,0.6121292424011676,1037.0,1049.0,1.0,0.1952173091604001,7.571606159210205
2794.0,0.6115171131587664,1037.0,1048.0,2.0,0.1948983356194719,7.572418212890625
2795.0,0.6109055960456077,1037.0,1048.0,0.0,0.19457956475215135,7.573207139968872
2796.0,0.6102946904495621,1037.0,1047.0,2.0,0.1942609969513904,7.573996067047119
2797.0,0.6096843957591125,1037.0,1047.0,1.0,0.19394263260974773,7.574899911880493
2798.0,0.6090747113633533,1037.0,1048.0,1.0,0.1936244721193865,7.57571005821228
2799.0,0.6084656366519899,1037.0,1048.0,1.0,0.19330651587207218,7.576657056808472
2800.0,0.607857171015338,1037.0,1048.0,3.0,0.19298876425917064,7.577498912811279
2801.0,0.6072493138443227,1037.0,1045.0,1.0,0.19267121767164552,7.57848596572876
2802.0,0.6066420645304783,1037.0,1045.0,0.0,0.19235387650005656,7.579261064529419
2803.0,0.6060354224659479,1037.0,1045.0,0.0,0.19203674113455707,7.580045938491821
2804.0,0.6054293870434819,1037.0,1046.0,2.0,0.19171981196489196,7.580817937850952
2805.0,0.6048239576564385,1037.0,1044.0,1.0,0.19140308938039566,7.581629037857056
2806.0,0.604219133698782,1037.0,1044.0,0.0,0.1910865737699896,7.582430124282837
2807.0,0.6036149145650832,1037.0,1044.0,0.0,0.19077026552218057,7.583282947540283
2808.0,0.6030112996505181,1037.0,1043.0,1.0,0.19045416502505808,7.5840699672698975
2809.0,0.6024082883508676,1037.0,1043.0,1.0,0.19013827266629243,7.584850072860718
2810.0,0.6018058800625167,1037.0,1043.0,2.0,0.1898225888331325,7.585639953613281
2811.0,0.6012040741824541,1037.0,1046.0,4.0,0.18950711391240366,7.586405038833618
2812.0,0.6006028701082717,1037.0,1046.0,1.0,0.18919184829050548,7.587167024612427
2813.0,0.6000022672381634,1037.0,1046.0,2.0,0.18887679235340962,7.587937116622925
2814.0,0.5994022649709253,1037.0,1046.0,2.0,0.18856194648665772,7.5887770652771
2815.0,0.5988028627059544,1037.0,1047.0,1.0,0.1882473110753591,7.5895819664001465
2816.0,0.5982040598432484,1037.0,1049.0,3.0,0.1879328865041887,7.5904059410095215
2817.0,0.5976058557834052,1037.0,1049.0,3.0,0.18761867315738498,7.591210126876831
2818.0,0.5970082499276218,1037.0,1047.0,4.0,0.18730467141874757,7.59203314781189
2819.0,0.5964112416776942,1037.0,1047.0,2.0,0.18699088167163516,7.592811107635498
2820.0,0.5958148304360166,1037.0,1047.0,1.0,0.1866773042989635,7.593605995178223
2821.0,0.5952190156055805,1037.0,1045.0,1.0,0.1863639396832029,7.594491004943848
2822.0,0.594623796589975,1037.0,1046.0,3.0,0.1860507882063765,7.595262050628662
2823.0,0.5940291727933851,1037.0,1046.0,1.0,0.18573785025005765,7.596037864685059
2824.0,0.5934351436205917,1037.0,1048.0,4.0,0.18542512619536805,7.596808910369873
2825.0,0.592841708476971,1037.0,1047.0,1.0,0.18511261642297547,7.597560882568359
2826.0,0.5922488667684941,1037.0,1049.0,6.0,0.18480032131309165,7.598382949829102
2827.0,0.5916566179017256,1037.0,1049.0,0.0,0.18448824124546997,7.5991950035095215
2828.0,0.5910649612838239,1037.0,1047.0,3.0,0.1841763765994034,7.599993944168091
2829.0,0.5904738963225401,1037.0,1048.0,1.0,0.18386472775372237,7.600788116455078
2830.0,0.5898834224262176,1037.0,1048.0,1.0,0.18355329508679258,7.6015989780426025
2831.0,0.5892935390037914,1037.0,1046.0,1.0,0.18324207897651265,7.6024329662323
2832.0,0.5887042454647876,1037.0,1046.0,1.0,0.18293107980031212,7.6032209396362305
2833.0,0.5881155412193229,1037.0,1047.0,1.0,0.18262029793514933,7.604010105133057
2834.0,0.5875274256781036,1037.0,1047.0,0.0,0.18230973375750928,7.6047890186309814
2835.0,0.5869398982524254,1037.0,1047.0,0.0,0.181999387643401,7.6055779457092285
2836.0,0.586352958354173,1037.0,1051.0,2.0,0.18168925996835614,7.60637903213501
2837.0,0.5857666053958188,1037.0,1053.0,3.0,0.181379351107426,7.60718297958374
2838.0,0.585180838790423,1037.0,1053.0,5.0,0.1810696614351801,7.608058929443359
2839.0,0.5845956579516326,1037.0,1054.0,7.0,0.1807601913257034,7.608856916427612
2840.0,0.5840110622936809,1037.0,1052.0,4.0,0.18045094115259452,7.609644174575806
2841.0,0.5834270512313873,1037.0,1050.0,3.0,0.18014191128896337,7.610435962677002
2842.0,0.5828436241801559,1037.0,1048.0,4.0,0.17983310210742912,7.611222982406616
2843.0,0.5822607805559757,1037.0,1046.0,4.0,0.17952451398011787,7.611999034881592
2844.0,0.5816785197754197,1037.0,1046.0,0.0,0.17921614727866064,7.612779140472412
2845.0,0.5810968412556443,1037.0,1044.0,1.0,0.17890800237419102,7.613570928573608
2846.0,0.5805157444143887,1037.0,1044.0,1.0,0.17860007963734326,7.614362955093384
2847.0,0.5799352286699743,1037.0,1044.0,3.0,0.17829237943824977,7.615144968032837
2848.0,0.5793552934413043,1037.0,1043.0,1.0,0.1779849021465393,7.615915060043335
2849.0,0.578775938147863,1037.0,1043.0,0.0,0.17767764813133444,7.616681098937988
2850.0,0.5781971622097152,1037.0,1044.0,7.0,0.17737061776124977,7.617443799972534
2851.0,0.5776189650475054,1037.0,1045.0,4.0,0.17706381140438926,7.618276834487915
2852.0,0.5770413460824579,1037.0,1045.0,1.0,0.1767572294283447,7.619096040725708
2853.0,0.5764643047363754,1037.0,1045.0,4.0,0.17645087220019295,7.61989688873291
2854.0,0.5758878404316391,1037.0,1044.0,3.0,0.17614474008649417,7.620698928833008
2855.0,0.5753119525912075,1037.0,1045.0,3.0,0.1758388334532894,7.621490001678467
2856.0,0.5747366406386163,1037.0,1045.0,0.0,0.17553315266609856,7.6222779750823975
2857.0,0.5741619039979777,1037.0,1045.0,2.0,0.17522769808991823,7.62307596206665
2858.0,0.5735877420939798,1037.0,1041.0,4.0,0.17492247008921938,7.623889923095703
2859.0,0.5730141543518859,1037.0,1041.0,1.0,0.17461746902794545,7.624722003936768
2860.0,0.572441140197534,1037.0,1043.0,3.0,0.17431269526950982,7.62553596496582
2861.0,0.5718686990573365,1037.0,1042.0,1.0,0.17400814917679408,7.626328945159912
2862.0,0.5712968303582792,1037.0,1042.0,2.0,0.17370383111214546,7.627149820327759
2863.0,0.5707255335279209,1037.0,1040.0,3.0,0.17339974143737497,7.627972841262817
2864.0,0.570154807994393,1037.0,1040.0,0.0,0.17309588051375505,7.628767967224121
2865.0,0.5695846531863986,1037.0,1040.0,1.0,0.17279224870201748,7.629570007324219
2866.0,0.5690150685332123,1037.0,1040.0,1.0,0.17248884636235123,7.630366086959839
2867.0,0.568446053464679,1037.0,1040.0,3.0,0.17218567385440023,7.631148099899292
2868.0,0.5678776074112143,1037.0,1039.0,1.0,0.1718827315372612,7.631947040557861
2869.0,0.5673097298038031,1037.0,1039.0,0.0,0.17158001976948178,7.632756948471069
2870.0,0.5667424200739993,1037.0,1039.0,1.0,0.1712775389090578,7.633627891540527
2871.0,0.5661756776539253,1037.0,1041.0,3.0,0.1709752893134317,7.6344170570373535
2872.0,0.5656095019762714,1037.0,1040.0,5.0,0.17067327133949,7.635195970535278
2873.0,0.5650438924742951,1037.0,1040.0,1.0,0.17037148534356134,7.636012077331543
2874.0,0.5644788485818208,1037.0,1040.0,1.0,0.17006993168141415,7.6368560791015625
2875.0,0.563914369733239,1037.0,1039.0,1.0,0.16976861070825464,7.63766622543335
2876.0,0.5633504553635058,1037.0,1040.0,2.0,0.16946752277872457,7.6384499073028564
2877.0,0.5627871049081423,1037.0,1044.0,1.0,0.1691666682468992,7.639225959777832
2878.0,0.5622243178032342,1037.0,1044.0,1.0,0.16886604746628495,7.640017986297607
2879.0,0.561662093485431,1037.0,1044.0,0.0,0.1685656607898173,7.640856981277466
2880.0,0.5611004313919455,1037.0,1044.0,0.0,0.16826550856985886,7.641669034957886
2881.0,0.5605393309605536,1037.0,1044.0,0.0,0.16796559115819693,7.6424720287323
2882.0,0.5599787916295931,1037.0,1042.0,4.0,0.16766590890604147,7.643277168273926
2883.0,0.5594188128379635,1037.0,1042.0,2.0,0.1673664621640229,7.644066095352173
2884.0,0.5588593940251255,1037.0,1042.0,3.0,0.1670672512821901,7.644877910614014
2885.0,0.5583005346311004,1037.0,1042.0,4.0,0.16676827661000806,7.645667791366577
2886.0,0.5577422340964693,1037.0,1042.0,0.0,0.16646953849635585,7.64650297164917
2887.0,0.5571844918623728,1037.0,1040.0,1.0,0.16617103728952445,7.6473071575164795
2888.0,0.5566273073705105,1037.0,1040.0,1.0,0.1658727733372146,7.648108005523682
2889.0,0.55607068006314,1037.0,1041.0,2.0,0.16557474698653465,7.648895025253296
2890.0,0.5555146093830768,1037.0,1041.0,1.0,0.16527695858399843,7.649675130844116
2891.0,0.5549590947736938,1037.0,1041.0,1.0,0.16497940847552311,7.650452136993408
2892.0,0.5544041356789201,1037.0,1041.0,0.0,0.16468209700642705,7.651247978210449
2893.0,0.5538497315432412,1037.0,1041.0,3.0,0.16438502452142767,7.652047872543335
2894.0,0.553295881811698,1037.0,1039.0,3.0,0.1640881913646392,7.65287709236145
2895.0,0.5527425859298862,1037.0,1039.0,0.0,0.16379159787957076,7.6536829471588135
2896.0,0.5521898433439564,1037.0,1039.0,0.0,0.1634952444091241,7.65449595451355
2897.0,0.5516376535006124,1037.0,1039.0,1.0,0.16319913129559144,7.655306100845337
2898.0,0.5510860158471118,1037.0,1039.0,0.0,0.1629032588806533,7.656088829040527
2899.0,0.5505349298312647,1037.0,1037.0,2.0,0.16260762750537658,7.65689492225647
2900.0,0.5499843949014335,1034.0,1034.0,3.0,0.1623122375102121,7.657684087753296
2901.0,0.5494344105065321,1034.0,1034.0,1.0,0.16201708923499283,7.658484935760498
2902.0,0.5488849760960256,1034.0,1036.0,2.0,0.16172218301893146,7.659275054931641
2903.0,0.5483360911199295,1034.0,1036.0,1.0,0.16142751920061837,7.660077810287476
2904.0,0.5477877550288096,1034.0,1036.0,0.0,0.1611330981180196,7.660877227783203
2905.0,0.5472399672737808,1033.0,1033.0,2.0,0.1608389201084747,7.661704063415527
2906.0,0.546692727306507,1033.0,1035.0,2.0,0.16054498550869442,7.662523984909058
2907.0,0.5461460345792005,1033.0,1035.0,1.0,0.16025129465475887,7.663309097290039
2908.0,0.5455998885446213,1033.0,1035.0,0.0,0.15995784788211503,7.664108037948608
2909.0,0.5450542886560766,1033.0,1034.0,2.0,0.1596646455255751,7.664919137954712
2910.0,0.5445092343674206,1033.0,1034.0,1.0,0.15937168791931405,7.665714979171753
2911.0,0.5439647251330532,1033.0,1034.0,0.0,0.1590789753968675,7.666506052017212
2912.0,0.5434207604079201,1033.0,1034.0,2.0,0.15878650829112972,7.667297124862671
2913.0,0.5428773396475122,1033.0,1034.0,5.0,0.15849428693435166,7.66827392578125
2914.0,0.5423344623078646,1033.0,1034.0,0.0,0.15820231165813842,7.669283151626587
2915.0,0.5417921278455567,1033.0,1034.0,1.0,0.15791058279344758,7.670119047164917
2916.0,0.5412503357177112,1033.0,1034.0,1.0,0.15761910067058676,7.6709630489349365
2917.0,0.5407090853819935,1033.0,1034.0,0.0,0.15732786561921175,7.6717541217803955
2918.0,0.5401683762966115,1033.0,1034.0,0.0,0.1570368779683243,7.67253303527832
2919.0,0.539628207920315,1033.0,1034.0,0.0,0.15674613804626988,7.673310995101929
2920.0,0.5390885797123947,1033.0,1034.0,1.0,0.1564556461807359,7.674081087112427
2921.0,0.5385494911326822,1033.0,1034.0,0.0,0.15616540269874932,7.674876928329468
2922.0,0.5380109416415496,1033.0,1034.0,1.0,0.15587540792667476,7.675671100616455
2923.0,0.5374729306999081,1033.0,1034.0,0.0,0.15558566219021214,7.676466941833496
2924.0,0.5369354577692081,1033.0,1034.0,1.0,0.1552961658143949,7.677251815795898
2925.0,0.5363985223114389,1033.0,1035.0,1.0,0.1550069191235877,7.678056955337524
2926.0,0.5358621237891275,1033.0,1034.0,3.0,0.15471792244148433,7.678848028182983
2927.0,0.5353262616653384,1033.0,1034.0,1.0,0.15442917609110585,7.679625034332275
2928.0,0.5347909354036731,1033.0,1034.0,0.0,0.15414068039479809,7.680386781692505
2929.0,0.5342561444682694,1033.0,1035.0,2.0,0.15385243567422996,7.681181907653809
2930.0,0.5337218883238012,1033.0,1035.0,1.0,0.15356444225039115,7.681982040405273
2931.0,0.5331881664354774,1033.0,1034.0,2.0,0.1532767004435901,7.6827850341796875
2932.0,0.532654978269042,1033.0,1034.0,1.0,0.1529892105734519,7.683564186096191
2933.0,0.5321223232907729,1033.0,1033.0,3.0,0.15270197295891635,7.684361934661865
2934.0,0.5315902009674821,1033.0,1033.0,2.0,0.1524149879182356,7.685158014297485
2935.0,0.5310586107665146,1033.0,1033.0,0.0,0.1521282557689724,7.68604302406311
2936.0,0.5305275521557481,1033.0,1033.0,2.0,0.15184177682799782,7.6868391036987305
2937.0,0.5299970246035923,1031.0,1031.0,3.0,0.1515555514114892,7.687641859054565
2938.0,0.5294670275789888,1031.0,1031.0,3.0,0.15126957983492814,7.688447952270508
2939.0,0.5289375605514098,1031.0,1031.0,2.0,0.1509838624130984,7.689285039901733
2940.0,0.5284086229908584,1031.0,1031.0,1.0,0.1506983994600839,7.6900880336761475
2941.0,0.5278802143678676,1031.0,1031.0,1.0,0.15041319128926653,7.690889120101929
2942.0,0.5273523341534997,1031.0,1033.0,1.0,0.15012823821332416,7.6916680335998535
2943.0,0.5268249818193462,1031.0,1031.0,1.0,0.14984354054422874,7.692450046539307
2944.0,0.5262981568375269,1031.0,1031.0,0.0,0.14955909859324396,7.693241834640503
2945.0,0.5257718586806893,1030.0,1030.0,2.0,0.14927491267092322,7.694029808044434
2946.0,0.5252460868220087,1030.0,1030.0,2.0,0.148990983087108,7.694869041442871
2947.0,0.5247208407351867,1030.0,1030.0,0.0,0.1487073101509253,7.695659160614014
2948.0,0.5241961198944515,1030.0,1030.0,2.0,0.14842389417078583,7.696429014205933
2949.0,0.5236719237745571,1030.0,1030.0,0.0,0.14814073545438192,7.697221994400024
2950.0,0.5231482518507825,1030.0,1030.0,0.0,0.14785783430868554,7.6980140209198
2951.0,0.5226251035989318,1030.0,1030.0,4.0,0.14757519103994624,7.69879412651062
2952.0,0.5221024784953329,1030.0,1030.0,1.0,0.14729280595368896,7.699589967727661
2953.0,0.5215803760168375,1030.0,1030.0,0.0,0.14701067935471226,7.700371026992798
2954.0,0.5210587956408207,1030.0,1030.0,1.0,0.1467288115470862,7.701159954071045
2955.0,0.5205377368451799,1029.0,1029.0,1.0,0.14644720283415014,7.7019431591033936
2956.0,0.5200171991083348,1029.0,1029.0,0.0,0.14616585351851089,7.70278000831604
2957.0,0.5194971819092264,1029.0,1029.0,2.0,0.14588476390204055,7.703561067581177
2958.0,0.5189776847273172,1029.0,1029.0,0.0,0.1456039342858748,7.704357862472534
2959.0,0.5184587070425899,1029.0,1029.0,2.0,0.1453233649704105,7.705164194107056
2960.0,0.5179402483355473,1029.0,1029.0,2.0,0.1450430562553039,7.705933094024658
2961.0,0.5174223080872118,1029.0,1029.0,1.0,0.1447630084394685,7.706754922866821
2962.0,0.5169048857791245,1029.0,1031.0,3.0,0.14448322182107307,7.707537889480591
2963.0,0.5163879808933454,1029.0,1031.0,5.0,0.1442036966975398,7.708320140838623
2964.0,0.515871592912452,1029.0,1031.0,0.0,0.14392443336554217,7.709108114242554
2965.0,0.5153557213195396,1029.0,1032.0,5.0,0.1436454321210029,7.709892988204956
2966.0,0.51484036559822,1029.0,1032.0,1.0,0.14336669325909188,7.710677146911621
2967.0,0.5143255252326218,1029.0,1032.0,1.0,0.14308821707422448,7.711483955383301
2968.0,0.5138111997073891,1029.0,1032.0,0.0,0.14281000386005926,7.712295055389404
2969.0,0.5132973885076817,1029.0,1032.0,0.0,0.14253205390949616,7.71309494972229
2970.0,0.512784091119174,1029.0,1032.0,1.0,0.14225436751467438,7.71386981010437
2971.0,0.5122713070280548,1029.0,1031.0,1.0,0.14197694496697044,7.714660882949829
2972.0,0.5117590357210268,1029.0,1031.0,1.0,0.14169978655699636,7.715532064437866
2973.0,0.5112472766853058,1029.0,1031.0,0.0,0.14142289257459734,7.716336011886597
2974.0,0.5107360294086205,1029.0,1031.0,0.0,0.14114626330885002,7.717149972915649
2975.0,0.5102252933792119,1029.0,1032.0,2.0,0.14086989904806055,7.717933893203735
2976.0,0.5097150680858327,1029.0,1032.0,1.0,0.14059380007976247,7.718703985214233
2977.0,0.5092053530177468,1029.0,1032.0,2.0,0.1403179666907148,7.719465970993042
2978.0,0.508696147664729,1029.0,1032.0,1.0,0.14004239916690014,7.720250844955444
2979.0,0.5081874515170643,1029.0,1033.0,1.0,0.1397670977935226,7.721024990081787
2980.0,0.5076792640655473,1029.0,1033.0,0.0,0.1394920628550059,7.721800088882446
2981.0,0.5071715848014817,1029.0,1033.0,1.0,0.13921729463499136,7.722581148147583
2982.0,0.5066644132166802,1029.0,1033.0,0.0,0.13894279341633603,7.723378896713257
2983.0,0.5061577488034635,1029.0,1033.0,0.0,0.13866855948111081,7.7241599559783936
2984.0,0.5056515910546601,1029.0,1033.0,5.0,0.1383945931105983,7.725001096725464
2985.0,0.5051459394636054,1029.0,1033.0,2.0,0.13812089458529087,7.7258100509643555
2986.0,0.5046407935241418,1029.0,1033.0,3.0,0.1378474641848889,7.726616859436035
2987.0,0.5041361527306176,1029.0,1033.0,1.0,0.13757430218829886,7.727432012557983
2988.0,0.503632016577887,1029.0,1033.0,3.0,0.13730140887363113,7.728237152099609
2989.0,0.5031283845613091,1029.0,1033.0,1.0,0.13702878451819817,7.729056119918823
2990.0,0.5026252561767478,1029.0,1033.0,1.0,0.13675642939851274,7.729855060577393
2991.0,0.5021226309205711,1029.0,1032.0,3.0,0.1364843437902859,7.730664968490601
2992.0,0.5016205082896505,1029.0,1032.0,0.0,0.13621252796842492,7.731477975845337
2993.0,0.5011188877813609,1029.0,1033.0,2.0,0.13594098220703163,7.73227596282959
2994.0,0.5006177688935796,1029.0,1033.0,0.0,0.13566970677940032,7.733072996139526
2995.0,0.500117151124686,1029.0,1032.0,1.0,0.13539870195801593,7.7338690757751465
2996.0,0.49961703397356133,1029.0,1033.0,2.0,0.1351279680145521,7.734652042388916
2997.0,0.4991174169395878,1029.0,1033.0,2.0,0.13485750521986925,7.735444068908691
2998.0,0.4986182995226482,1029.0,1035.0,4.0,0.13458731384401268,7.736259937286377
2999.0,0.49811968122312555,1029.0,1035.0,1.0,0.1343173941562109,7.737069129943848
3000.0,0.4976215615419024,1029.0,1035.0,3.0,0.13404774642487324,7.737880229949951
3001.0,0.4971239399803605,1029.0,1035.0,1.0,0.1337783709175886,7.73868203163147
3002.0,0.4966268160403801,1029.0,1034.0,2.0,0.13350926790112286,7.739492893218994
3003.0,0.4961301892243397,1029.0,1034.0,0.0,0.1332404376414177,7.740304946899414
3004.0,0.49563405903511537,1029.0,1033.0,3.0,0.13297188040358823,7.741065979003906
3005.0,0.49513842497608024,1029.0,1033.0,0.0,0.13270359645192123,7.74183201789856
3006.0,0.4946432865511042,1029.0,1033.0,0.0,0.13243558604987352,7.742616891860962
3007.0,0.4941486432645531,1029.0,1033.0,1.0,0.13216784946006974,7.743388891220093
3008.0,0.4936544946212885,1029.0,1033.0,0.0,0.1319003869443007,7.744184970855713
3009.0,0.4931608401266672,1029.0,1033.0,2.0,0.13163319876352148,7.744956970214844
3010.0,0.49266767928654054,1029.0,1033.0,1.0,0.13136628517784957,7.745755910873413
3011.0,0.492175011607254,1029.0,1033.0,2.0,0.13109964644656308,7.746546030044556
3012.0,0.49168283659564677,1029.0,1033.0,2.0,0.1308332828280987,7.747354030609131
3013.0,0.4911911537590511,1029.0,1033.0,2.0,0.13056719458005012,7.748141765594482
3014.0,0.49069996260529203,1029.0,1033.0,0.0,0.13030138195916594,7.748993158340454
3015.0,0.4902092626426867,1029.0,1034.0,1.0,0.1300358452213481,7.749819993972778
3016.0,0.489719053380044,1029.0,1034.0,1.0,0.1297705846216498,7.750594139099121
3017.0,0.489229334326664,1029.0,1034.0,1.0,0.1295056004142738,7.751368999481201
3018.0,0.48874010499233733,1029.0,1034.0,0.0,0.12924089285257062,7.75215482711792
3019.0,0.488251364887345,1029.0,1033.0,2.0,0.12897646218903663,7.7529401779174805
3020.0,0.48776311352245766,1029.0,1032.0,1.0,0.1287123086753123,7.7537291049957275
3021.0,0.4872753504089352,1029.0,1032.0,1.0,0.1284484325621803,7.754537105560303
3022.0,0.4867880750585263,1029.0,1032.0,1.0,0.12818483409956394,7.755530118942261
3023.0,0.48630128698346775,1029.0,1032.0,0.0,0.12792151353652503,7.756443977355957
3024.0,0.4858149856964843,1029.0,1032.0,0.0,0.12765847112126233,7.757242918014526
3025.0,0.4853291707107878,1029.0,1032.0,1.0,0.12739570710110962,7.757998943328857
3026.0,0.484843841540077,1029.0,1032.0,0.0,0.1271332217225339,7.75876784324646
3027.0,0.4843589976985369,1029.0,1032.0,0.0,0.12687101523113395,7.759552001953125
3028.0,0.48387463870083836,1029.0,1032.0,0.0,0.12660908787163788,7.760342121124268
3029.0,0.4833907640621375,1029.0,1032.0,1.0,0.12634743988790198,7.761227130889893
3030.0,0.48290737329807537,1029.0,1032.0,2.0,0.12608607152290863,7.7620689868927
3031.0,0.4824244659247773,1029.0,1032.0,1.0,0.1258249830187646,7.762862920761108
3032.0,0.4819420414588525,1029.0,1032.0,0.0,0.12556417461669936,7.7636590003967285
3033.0,0.48146009941739365,1029.0,1032.0,0.0,0.1253036465570631,7.764480113983154
3034.0,0.48097863931797624,1029.0,1032.0,0.0,0.1250433990793253,7.765300035476685
3035.0,0.4804976606786583,1029.0,1033.0,3.0,0.12478343242207264,7.766119003295898
3036.0,0.48001716301797964,1029.0,1033.0,0.0,0.12452374682300756,7.766966104507446
3037.0,0.47953714585496166,1029.0,1033.0,0.0,0.12426434251894627,7.767823934555054
3038.0,0.4790576087091067,1029.0,1033.0,0.0,0.12400521974581719,7.768607139587402
3039.0,0.4785785511003976,1029.0,1033.0,0.0,0.12374637873865908,7.769400119781494
3040.0,0.4780999725492972,1029.0,1033.0,0.0,0.12348781973161942,7.7701780796051025
3041.0,0.47762187257674793,1029.0,1033.0,2.0,0.12322954295795263,7.770993947982788
3042.0,0.47714425070417116,1029.0,1032.0,3.0,0.12297154865001834,7.771795034408569
3043.0,0.476667106453467,1029.0,1031.0,1.0,0.12271383703927978,7.7725989818573
3044.0,0.47619043934701355,1029.0,1031.0,1.0,0.12245640835630192,7.77344012260437
3045.0,0.47571424890766656,1029.0,1031.0,0.0,0.12219926283074975,7.774224042892456
3046.0,0.47523853465875887,1029.0,1031.0,1.0,0.1219424006913868,7.775002956390381
3047.0,0.4747632961241001,1029.0,1031.0,0.0,0.12168582216607328,7.775821208953857
3048.0,0.474288532827976,1028.0,1029.0,3.0,0.12142952748176436,7.77660608291626
3049.0,0.473814244295148,1028.0,1028.0,2.0,0.12117351686450852,7.777423858642578
3050.0,0.47334043005085286,1028.0,1028.0,2.0,0.12091779053944597,7.778259992599487
3051.0,0.472867089620802,1028.0,1030.0,1.0,0.12066234873080689,7.779062986373901
3052.0,0.4723942225311812,1028.0,1030.0,0.0,0.1204071916619097,7.7798521518707275
3053.0,0.47192182830865,1028.0,1029.0,1.0,0.12015231955515938,7.780645847320557
3054.0,0.47144990648034135,1028.0,1029.0,1.0,0.11989773263204602,7.781450986862183
3055.0,0.470978456573861,1028.0,1029.0,0.0,0.119643431113143,7.7822630405426025
3056.0,0.47050747811728716,1028.0,1029.0,2.0,0.1193894152181052,7.783134937286377
3057.0,0.4700369706391699,1028.0,1029.0,2.0,0.11913568516566772,7.783920049667358
3058.0,0.4695669336685307,1028.0,1030.0,2.0,0.11888224117364393,7.7847020626068115
3059.0,0.4690973667348622,1028.0,1030.0,0.0,0.1186290834589239,7.785486936569214
3060.0,0.46862826936812735,1028.0,1030.0,2.0,0.11837621223747277,7.786272048950195
3061.0,0.46815964109875924,1028.0,1030.0,0.0,0.1181236277243293,7.787060976028442
3062.0,0.4676914814576605,1028.0,1030.0,0.0,0.11787133013360389,7.787842035293579
3063.0,0.46722378997620284,1028.0,1030.0,0.0,0.1176193196784774,7.7885918617248535
3064.0,0.46675656618622663,1028.0,1030.0,0.0,0.1173675965711991,7.78937292098999
3065.0,0.4662898096200404,1028.0,1031.0,1.0,0.11711616102308536,7.790150880813599
3066.0,0.46582351981042036,1028.0,1031.0,1.0,0.116865013244518,7.790923118591309
3067.0,0.46535769629060997,1028.0,1031.0,0.0,0.11661415344494262,7.791749000549316
3068.0,0.46489233859431933,1028.0,1031.0,0.0,0.11636358183286695,7.792547941207886
3069.0,0.464427446255725,1028.0,1031.0,0.0,0.1161132986158595,7.7933509349823
3070.0,0.4639630188094693,1028.0,1031.0,0.0,0.11586330400054769,7.79414701461792
3071.0,0.4634990557906598,1028.0,1031.0,0.0,0.11561359819261653,7.794924020767212
3072.0,0.4630355567348691,1028.0,1031.0,0.0,0.11536418139680692,7.795753002166748
3073.0,0.46257252117813424,1028.0,1029.0,1.0,0.11511505381691405,7.796526908874512
3074.0,0.4621099486569561,1028.0,1029.0,0.0,0.11486621565578593,7.797312021255493
3075.0,0.4616478387082991,1028.0,1029.0,0.0,0.1146176671153218,7.798093795776367
3076.0,0.46118619086959084,1028.0,1029.0,0.0,0.11436940839647056,7.798923015594482
3077.0,0.46072500467872124,1028.0,1029.0,0.0,0.11412143969922924,7.799769878387451
3078.0,0.46026427967404254,1026.0,1027.0,2.0,0.11387376122264155,7.800572872161865
3079.0,0.4598040153943685,1026.0,1026.0,1.0,0.11362637316479608,7.801368236541748
3080.0,0.45934421137897413,1026.0,1026.0,0.0,0.11337927572282523,7.802184104919434
3081.0,0.45888486716759513,1026.0,1026.0,0.0,0.11313246909290314,7.802969932556152
3082.0,0.4584259823004275,1026.0,1026.0,1.0,0.11288595347024463,7.8037269115448
3083.0,0.4579675563181271,1026.0,1026.0,0.0,0.11263972904910352,7.804527997970581
3084.0,0.45750958876180897,1026.0,1026.0,1.0,0.11239379602277103,7.805309057235718
3085.0,0.4570520791730472,1026.0,1026.0,2.0,0.11214815458357437,7.806100130081177
3086.0,0.4565950270938741,1026.0,1026.0,0.0,0.11190280492287531,7.806957960128784
3087.0,0.45613843206678023,1026.0,1026.0,1.0,0.11165774723106855,7.807750940322876
3088.0,0.45568229363471346,1026.0,1026.0,0.0,0.11141298169758042,7.808511018753052
3089.0,0.4552266113410787,1025.0,1025.0,1.0,0.11116850851086718,7.809289932250977
3090.0,0.45477138472973766,1025.0,1025.0,0.0,0.11092432785841384,7.810079097747803
3091.0,0.45431661334500795,1025.0,1025.0,0.0,0.11068043992673234,7.810878038406372
3092.0,0.45386229673166295,1025.0,1025.0,0.0,0.11043684490136035,7.811677932739258
3093.0,0.4534084344349313,1025.0,1025.0,0.0,0.11019354296685975,7.812469005584717
3094.0,0.45295502600049636,1025.0,1025.0,1.0,0.10995053430681521,7.813236951828003
3095.0,0.45250207097449585,1025.0,1025.0,1.0,0.10970781910383264,7.8140130043029785
3096.0,0.4520495689035214,1025.0,1025.0,0.0,0.10946539753953792,7.81482195854187
3097.0,0.45159751933461784,1025.0,1025.0,0.0,0.10922326979457529,7.81563401222229
3098.0,0.45114592181528324,1025.0,1025.0,0.0,0.10898143604860609,7.816481113433838
3099.0,0.45069477589346796,1025.0,1025.0,0.0,0.1087398964803072,7.817263841629028
3100.0,0.45024408111757447,1025.0,1026.0,1.0,0.1084986512673698,7.818019866943359
3101.0,0.44979383703645687,1025.0,1026.0,0.0,0.10825770058649774,7.818800926208496
3102.0,0.4493440431994204,1025.0,1026.0,0.0,0.1080170446134063,7.819595098495483
3103.0,0.448894699156221,1025.0,1026.0,0.0,0.10777668352282088,7.820363998413086
3104.0,0.4484458044570648,1025.0,1026.0,2.0,0.10753661748847536,7.821112871170044
3105.0,0.4479973586526077,1025.0,1026.0,0.0,0.10729684668311083,7.821870803833008
3106.0,0.4475493612939551,1025.0,1025.0,1.0,0.10705737127847438,7.822649002075195
3107.0,0.4471018119326612,1025.0,1025.0,1.0,0.10681819144531743,7.823405981063843
3108.0,0.44665471012072855,1025.0,1025.0,1.0,0.10657930735339466,7.824173212051392
3109.0,0.4462080554106078,1025.0,1025.0,0.0,0.10634071917146236,7.824934959411621
3110.0,0.4457618473551972,1025.0,1025.0,1.0,0.10610242706727739,7.825719118118286
3111.0,0.445316085507842,1025.0,1025.0,1.0,0.10586443120759559,7.8264970779418945
3112.0,0.44487076942233417,1025.0,1026.0,1.0,0.10562673175817062,7.827266216278076
3113.0,0.4444258986529118,1025.0,1028.0,1.0,0.10538932888375248,7.828058958053589
3114.0,0.4439814727542589,1025.0,1028.0,0.0,0.10515222274808626,7.828840017318726
3115.0,0.44353749128150466,1025.0,1028.0,0.0,0.1049154135139108,7.829622030258179
3116.0,0.44309395379022315,1025.0,1028.0,0.0,0.1046789013429574,7.830413103103638
3117.0,0.44265085983643293,1025.0,1028.0,0.0,0.10444268639594853,7.831212043762207
3118.0,0.4422082089765965,1025.0,1029.0,2.0,0.1042067688325965,7.831992149353027
3119.0,0.4417660007676199,1025.0,1029.0,0.0,0.10397114881160206,7.83278489112854
3120.0,0.4413242347668523,1025.0,1029.0,0.0,0.10373582649065335,7.833571195602417
3121.0,0.44088291053208545,1025.0,1028.0,2.0,0.10350080202642449,7.834356069564819
3122.0,0.4404420276215534,1025.0,1028.0,1.0,0.10326607557457422,7.835133075714111
3123.0,0.4400015855939318,1025.0,1028.0,0.0,0.10303164728974472,7.835949182510376
3124.0,0.4395615840083379,1025.0,1028.0,1.0,0.10279751732556051,7.836745977401733
3125.0,0.43912202242432957,1025.0,1030.0,3.0,0.10256368583462688,7.8375420570373535
3126.0,0.4386829004019052,1025.0,1030.0,0.0,0.10233015296852878,7.838338136672974
3127.0,0.43824421750150333,1025.0,1030.0,0.0,0.1020969188778297,7.8391289710998535
3128.0,0.43780597328400184,1025.0,1030.0,1.0,0.10186398371207031,7.839932918548584
3129.0,0.4373681673107178,1025.0,1030.0,0.0,0.10163134761976725,7.840717077255249
3130.0,0.4369307991434071,1025.0,1030.0,0.0,0.10139901074841183,7.84150505065918
3131.0,0.4364938683442637,1025.0,1030.0,1.0,0.10116697324446901,7.842344045639038
3132.0,0.4360573744759194,1025.0,1029.0,1.0,0.10093523525337604,7.843175888061523
3133.0,0.4356213171014435,1025.0,1029.0,2.0,0.10070379691954129,7.843994855880737
3134.0,0.435185695784342,1025.0,1029.0,0.0,0.10047265838634309,7.844917058944702
3135.0,0.4347505100885577,1025.0,1029.0,0.0,0.10024181979612849,7.845715045928955
3136.0,0.43431575957846913,1025.0,1029.0,1.0,0.1000112812902122,7.846544981002808
3137.0,0.43388144381889066,1025.0,1029.0,2.0,0.09978104300887515,7.847329139709473
3138.0,0.43344756237507176,1025.0,1029.0,1.0,0.09955110509136371,7.848120927810669
3139.0,0.4330141148126967,1025.0,1029.0,0.0,0.0993214676758881,7.848924875259399
3140.0,0.43258110069788397,1025.0,1029.0,0.0,0.09909213089962164,7.849730014801025
3141.0,0.4321485195971861,1025.0,1031.0,1.0,0.09886309489869936,7.850562810897827
3142.0,0.4317163710775889,1025.0,1031.0,0.0,0.09863435980821693,7.85135293006897
3143.0,0.43128465470651134,1025.0,1031.0,1.0,0.09840592576222944,7.852165937423706
3144.0,0.43085337005180485,1025.0,1031.0,0.0,0.09817779289375045,7.853034973144531
3145.0,0.430422516681753,1025.0,1031.0,0.0,0.09794996133475072,7.853859186172485
3146.0,0.4299920941650713,1025.0,1031.0,0.0,0.09772243121615715,7.854655981063843
3147.0,0.4295621020709062,1025.0,1031.0,2.0,0.09749520266785179,7.855440855026245
3148.0,0.4291325399688353,1025.0,1031.0,0.0,0.0972682758186705,7.8562681674957275
3149.0,0.4287034074288665,1025.0,1029.0,1.0,0.09704165079640206,7.857090950012207
3150.0,0.42827470402143764,1025.0,1029.0,0.0,0.096815327727787,7.8578808307647705
3151.0,0.4278464293174162,1025.0,1029.0,0.0,0.09658930673851651,7.858669996261597
3152.0,0.42741858288809875,1025.0,1029.0,1.0,0.0963635879532315,7.859421968460083
3153.0,0.42699116430521067,1025.0,1027.0,1.0,0.09613817149552145,7.860184192657471
3154.0,0.42656417314090544,1025.0,1027.0,0.0,0.09591305748792317,7.860949993133545
3155.0,0.42613760896776454,1025.0,1027.0,1.0,0.09568824605192018,7.861726999282837
3156.0,0.4257114713587968,1025.0,1027.0,1.0,0.09546373730794123,7.862515926361084
3157.0,0.425285759887438,1025.0,1027.0,0.0,0.09523953137535965,7.863281965255737
3158.0,0.42486047412755057,1025.0,1027.0,0.0,0.09501562837249192,7.864053964614868
3159.0,0.424435613653423,1025.0,1027.0,0.0,0.09479202841659705,7.864829063415527
3160.0,0.4240111780397696,1025.0,1027.0,0.0,0.0945687316238753,7.86558198928833
3161.0,0.42358716686172987,1025.0,1027.0,0.0,0.09434573810946735,7.8663671016693115
3162.0,0.4231635796948681,1025.0,1027.0,2.0,0.09412304798745308,7.867172956466675
3163.0,0.42274041611517327,1025.0,1027.0,0.0,0.09390066137085089,7.867975950241089
3164.0,0.4223176756990581,1025.0,1027.0,0.0,0.0936785783716164,7.868779182434082
3165.0,0.42189535802335904,1025.0,1027.0,0.0,0.0934567991006418,7.869675159454346
3166.0,0.4214734626653357,1025.0,1027.0,1.0,0.09323532366775454,7.870464086532593
3167.0,0.42105198920267034,1025.0,1027.0,0.0,0.09301415218171667,7.871263027191162
3168.0,0.42063093721346767,1025.0,1028.0,2.0,0.09279328475022376,7.872034072875977
3169.0,0.4202103062762542,1025.0,1028.0,0.0,0.09257272147990386,7.872825860977173
3170.0,0.41979009596997796,1025.0,1028.0,1.0,0.09235246247631676,7.873586893081665
3171.0,0.419370305874008,1025.0,1028.0,1.0,0.09213250784395294,7.874370098114014
3172.0,0.41895093556813395,1025.0,1029.0,1.0,0.09191285768623268,7.875141859054565
3173.0,0.4185319846325658,1025.0,1029.0,0.0,0.09169351210550515,7.875907897949219
3174.0,0.41811345264793326,1025.0,1030.0,2.0,0.0914744712030475,7.876696825027466
3175.0,0.41769533919528534,1025.0,1030.0,1.0,0.09125573507906398,7.877466917037964
3176.0,0.41727764385609006,1025.0,1030.0,0.0,0.09103730383268493,7.878237962722778
3177.0,0.416860366212234,1025.0,1030.0,0.0,0.09081917756196613,7.879000902175903
3178.0,0.41644350584602174,1025.0,1030.0,1.0,0.09060135636388776,7.879859924316406
3179.0,0.4160270623401757,1025.0,1031.0,3.0,0.09038384033435347,7.880670070648193
3180.0,0.41561103527783555,1025.0,1031.0,0.0,0.0901666295681898,7.881464958190918
3181.0,0.41519542424255773,1025.0,1031.0,1.0,0.089949724159145,7.88228702545166
3182.0,0.41478022881831517,1025.0,1031.0,1.0,0.08973312419988834,7.88313889503479
3183.0,0.41436544858949687,1025.0,1032.0,2.0,0.08951682978200937,7.883928060531616
3184.0,0.4139510831409074,1025.0,1031.0,1.0,0.0893008409960169,7.8847270011901855
3185.0,0.4135371320577665,1025.0,1029.0,1.0,0.0890851579313383,7.885585069656372
3186.0,0.4131235949257087,1025.0,1029.0,0.0,0.08886978067631864,7.8863818645477295
3187.0,0.412710471330783,1025.0,1029.0,1.0,0.08865470931821991,7.887170791625977
3188.0,0.4122977608594522,1025.0,1029.0,2.0,0.08843994394322026,7.887970209121704
3189.0,0.41188546309859275,1025.0,1029.0,0.0,0.0882254846364131,7.888759136199951
3190.0,0.41147357763549414,1025.0,1028.0,2.0,0.08801133148180641,7.8895649909973145
3191.0,0.41106210405785865,1025.0,1028.0,2.0,0.08779748456232203,7.890390157699585
3192.0,0.4106510419538008,1025.0,1028.0,0.0,0.08758394395979464,7.891171216964722
3193.0,0.410240390911847,1025.0,1028.0,2.0,0.08737070975497131,7.89209508895874
3194.0,0.40983015052093513,1025.0,1028.0,0.0,0.08715778202751058,7.892890930175781
3195.0,0.4094203203704142,1025.0,1028.0,1.0,0.08694516085598171,7.893654108047485
3196.0,0.4090109000500438,1025.0,1028.0,0.0,0.08673284631786407,7.894454002380371
3197.0,0.4086018891499938,1025.0,1028.0,0.0,0.08652083848954628,7.89524507522583
3198.0,0.4081932872608438,1025.0,1028.0,3.0,0.08630913744632555,7.896017074584961
3199.0,0.407785093973583,1025.0,1030.0,1.0,0.08609774326240702,7.896807909011841
3200.0,0.4073773088796094,1025.0,1030.0,1.0,0.08588665601090291,7.897598028182983
3201.0,0.40696993157072975,1025.0,1030.0,1.0,0.08567587576383202,7.898381233215332
3202.0,0.406562961639159,1025.0,1029.0,1.0,0.08546540259211903,7.899158000946045
3203.0,0.40615639867751985,1025.0,1029.0,1.0,0.08525523656559354,7.899991035461426
3204.0,0.4057502422788423,1025.0,1029.0,0.0,0.08504537775298981,7.900760889053345
3205.0,0.4053444920365635,1025.0,1029.0,2.0,0.0848358262219458,7.901531934738159
3206.0,0.4049391475445269,1025.0,1029.0,1.0,0.08462658203900268,7.902317047119141
3207.0,0.4045342083969824,1025.0,1029.0,1.0,0.08441764526960402,7.90313196182251
3208.0,0.4041296741885854,1025.0,1029.0,1.0,0.08420901597809542,7.903936147689819
3209.0,0.40372554451439685,1025.0,1029.0,1.0,0.08400069422772363,7.904760837554932
3210.0,0.40332181896988245,1025.0,1027.0,1.0,0.08379268008063606,7.905551910400391
3211.0,0.40291849715091255,1025.0,1027.0,1.0,0.08358497359788014,7.906375885009766
3212.0,0.40251557865376164,1025.0,1027.0,1.0,0.08337757483940274,7.907170057296753
3213.0,0.40211306307510786,1025.0,1026.0,2.0,0.08317048386404949,7.907963991165161
3214.0,0.4017109500120328,1025.0,1026.0,0.0,0.08296370072956442,7.908746004104614
3215.0,0.40130923906202076,1025.0,1025.0,1.0,0.08275722549258907,7.909548997879028
3216.0,0.40090792982295875,1025.0,1025.0,0.0,0.08255105820866207,7.9103310108184814
3217.0,0.4005070218931358,1025.0,1025.0,0.0,0.08234519893221877,7.911224842071533
3218.0,0.40010651487124266,1025.0,1025.0,0.0,0.08213964771659035,7.912018060684204
3219.0,0.3997064083563714,1025.0,1025.0,0.0,0.08193440461400346,7.9127960205078125
3220.0,0.39930670194801504,1025.0,1025.0,2.0,0.08172946967557977,7.913581132888794
3221.0,0.39890739524606705,1025.0,1025.0,0.0,0.08152484295133522,7.91436505317688
3222.0,0.398508487850821,1025.0,1026.0,2.0,0.08132052449017968,7.915125131607056
3223.0,0.39810997936297016,1025.0,1026.0,0.0,0.08111651433991637,7.91590690612793
3224.0,0.3977118693836072,1025.0,1026.0,0.0,0.08091281254724142,7.916696071624756
3225.0,0.3973141575142236,1025.0,1026.0,0.0,0.08070941915774325,7.917463064193726
3226.0,0.3969168433567094,1025.0,1026.0,0.0,0.08050633421590225,7.918225049972534
3227.0,0.3965199265133527,1025.0,1026.0,1.0,0.08030355776509018,7.919006109237671
3228.0,0.39612340658683937,1025.0,1026.0,0.0,0.08010108984756978,7.919773101806641
3229.0,0.3957272831802525,1025.0,1026.0,0.0,0.07989893050449431,7.920557022094727
3230.0,0.39533155589707225,1025.0,1026.0,0.0,0.07969707977590697,7.92140007019043
3231.0,0.3949362243411752,1025.0,1026.0,0.0,0.07949553770074075,7.9221930503845215
3232.0,0.39454128811683403,1025.0,1026.0,1.0,0.07929430431681767,7.9229819774627686
3233.0,0.3941467468287172,1025.0,1026.0,1.0,0.07909337966084858,7.923777103424072
3234.0,0.3937526000818885,1025.0,1026.0,0.0,0.0788927637684326,7.924582004547119
3235.0,0.3933588474818066,1025.0,1026.0,0.0,0.0786924566740569,7.92536997795105
3236.0,0.3929654886343248,1025.0,1026.0,0.0,0.07849245841109609,7.926172971725464
3237.0,0.39257252314569047,1025.0,1027.0,1.0,0.07829276901181202,7.92694616317749
3238.0,0.3921799506225448,1025.0,1027.0,0.0,0.0780933885073533,7.927796125411987
3239.0,0.3917877706719223,1025.0,1027.0,0.0,0.07789431692775492,7.928598165512085
3240.0,0.39139598290125033,1025.0,1027.0,0.0,0.07769555430193788,7.929383039474487
3241.0,0.39100458691834905,1025.0,1027.0,0.0,0.07749710065770903,7.930275917053223
3242.0,0.3906135823314307,1025.0,1028.0,1.0,0.07729895602176037,7.931123971939087
3243.0,0.39022296874909923,1025.0,1028.0,0.0,0.07710112041966914,7.931877851486206
3244.0,0.38983274578035015,1025.0,1028.0,1.0,0.07690359387589712,7.932653188705444
3245.0,0.3894429130345698,1025.0,1028.0,2.0,0.07670637641379051,7.933422803878784
3246.0,0.38905347012153524,1025.0,1028.0,1.0,0.0765094680555796,7.934199094772339
3247.0,0.3886644166514137,1025.0,1028.0,2.0,0.07631286882237844,7.93500018119812
3248.0,0.3882757522347623,1025.0,1028.0,2.0,0.07611657873418454,7.935795068740845
3249.0,0.3878874764825275,1025.0,1028.0,0.0,0.07592059780987873,7.936664819717407
3250.0,0.387499589006045,1025.0,1028.0,0.0,0.07572492606722458,7.937487840652466
3251.0,0.38711208941703895,1025.0,1028.0,1.0,0.07552956352286855,7.938282012939453
3252.0,0.3867249773276219,1025.0,1028.0,1.0,0.07533451019233932,7.939077854156494
3253.0,0.3863382523502943,1025.0,1028.0,1.0,0.07513976609004785,7.939878940582275
3254.0,0.385951914097944,1025.0,1028.0,2.0,0.07494533122928704,7.940716028213501
3255.0,0.38556596218384603,1025.0,1028.0,0.0,0.07475120562223145,7.941524982452393
3256.0,0.38518039622166217,1025.0,1028.0,0.0,0.07455738927993714,7.942366123199463
3257.0,0.3847952158254405,1025.0,1027.0,1.0,0.07436388221234153,7.943156003952026
3258.0,0.38441042060961506,1025.0,1027.0,0.0,0.07417068442826301,7.943920850753784
3259.0,0.38402601018900545,1025.0,1027.0,0.0,0.07397779593540094,7.944706201553345
3260.0,0.38364198417881645,1025.0,1026.0,1.0,0.07378521674033536,7.945482969284058
3261.0,0.3832583421946376,1025.0,1026.0,2.0,0.07359294684852691,7.946253061294556
3262.0,0.38287508385244295,1025.0,1026.0,0.0,0.0734009862643165,7.947029113769531
3263.0,0.3824922087685905,1025.0,1026.0,0.0,0.07320933499092538,7.947810173034668
3264.0,0.38210971655982195,1025.0,1026.0,0.0,0.07301799303045481,7.948568105697632
3265.0,0.3817276068432621,1025.0,1025.0,2.0,0.07282696038388599,7.94934606552124
3266.0,0.3813458792364189,1025.0,1025.0,1.0,0.07263623705107998,7.950099945068359
3267.0,0.38096453335718244,1025.0,1025.0,1.0,0.0724458230307775,7.950879096984863
3268.0,0.38058356882382527,1025.0,1025.0,0.0,0.0722557183205989,7.951704978942871
3269.0,0.38020298525500146,1025.0,1025.0,2.0,0.07206592291704401,7.952547788619995
3270.0,0.3798227822697465,1025.0,1025.0,0.0,0.07187643681549206,7.953334093093872
3271.0,0.37944295948747675,1025.0,1025.0,1.0,0.07168726001020159,7.954140901565552
3272.0,0.37906351652798925,1025.0,1025.0,1.0,0.07149839249431038,7.954933166503906
3273.0,0.37868445301146125,1025.0,1025.0,2.0,0.07130983425983548,7.955724000930786
3274.0,0.3783057685584498,1025.0,1025.0,0.0,0.07112158529767298,7.956539869308472
3275.0,0.3779274627898913,1025.0,1025.0,1.0,0.07093364559759814,7.95733904838562
3276.0,0.3775495353271014,1025.0,1025.0,0.0,0.07074601514826527,7.958197116851807
3277.0,0.3771719857917743,1025.0,1025.0,1.0,0.07055869393720766,7.958961009979248
3278.0,0.3767948138059825,1025.0,1025.0,0.0,0.07037168195083766,7.959722995758057
3279.0,0.37641801899217653,1025.0,1025.0,0.0,0.07018497917444667,7.960483074188232
3280.0,0.37604160097318434,1025.0,1025.0,0.0,0.06999858559220505,7.961252927780151
3281.0,0.37566555937221113,1025.0,1025.0,0.0,0.0698125011871622,7.962019920349121
3282.0,0.37528989381283895,1025.0,1025.0,1.0,0.06962672594124664,7.962785005569458
3283.0,0.3749146039190261,1025.0,1025.0,0.0,0.06944125983526586,7.963540077209473
3284.0,0.37453968931510706,1025.0,1025.0,1.0,0.06925610284890657,7.964314937591553
3285.0,0.37416514962579195,1025.0,1025.0,0.0,0.06907125496073464,7.965084075927734
3286.0,0.37379098447616615,1025.0,1025.0,0.0,0.06888671614819514,7.965841054916382
3287.0,0.37341719349169,1025.0,1025.0,0.0,0.06870248638761246,7.966598987579346
3288.0,0.3730437762981983,1025.0,1025.0,0.0,0.06851856565419039,7.967358112335205
3289.0,0.3726707325219001,1025.0,1025.0,2.0,0.06833495392201214,7.968108177185059
3290.0,0.3722980617893782,1025.0,1025.0,0.0,0.06815165116404058,7.9688568115234375
3291.0,0.3719257637275888,1025.0,1026.0,2.0,0.06796865735211816,7.969660043716431
3292.0,0.3715538379638612,1025.0,1026.0,1.0,0.0677859724569672,7.9704368114471436
3293.0,0.3711822841258974,1025.0,1026.0,0.0,0.06760359644818986,7.971226930618286
3294.0,0.37081110184177146,1025.0,1026.0,1.0,0.0674215292942684,7.972013235092163
3295.0,0.3704402907399297,1025.0,1026.0,0.0,0.06723977096256524,7.972806930541992
3296.0,0.3700698504491898,1025.0,1026.0,0.0,0.06705832141932322,7.973645925521851
3297.0,0.3696997805987406,1025.0,1026.0,1.0,0.06687718062966563,7.97442889213562
3298.0,0.36933008081814184,1025.0,1026.0,1.0,0.06669634855759647,7.975191116333008
3299.0,0.3689607507373237,1025.0,1026.0,1.0,0.06651582516600062,7.9759650230407715
3300.0,0.36859178998658637,1025.0,1026.0,1.0,0.06633561041664397,7.976738214492798
3301.0,0.36822319819659977,1025.0,1026.0,1.0,0.06615570427017373,7.9775261878967285
3302.0,0.36785497499840314,1025.0,1026.0,0.0,0.06597610668611859,7.9783289432525635
3303.0,0.3674871200234047,1025.0,1026.0,1.0,0.06579681762288889,7.979101896286011
3304.0,0.36711963290338134,1025.0,1026.0,0.0,0.065617837037777,7.9798829555511475
3305.0,0.366752513270478,1025.0,1027.0,1.0,0.0654391648869573,7.980658054351807
3306.0,0.3663857607572075,1025.0,1027.0,1.0,0.0652608011254867,7.981446981430054
3307.0,0.3660193749964503,1025.0,1027.0,1.0,0.06508274570730473,7.98232889175415
3308.0,0.36565335562145385,1025.0,1027.0,0.0,0.0649049985852339,7.983245849609375
3309.0,0.3652877022658324,1025.0,1027.0,1.0,0.06472755971097995,7.984050035476685
3310.0,0.36492241456356656,1025.0,1027.0,0.0,0.06455042903513211,7.984897136688232
3311.0,0.364557492149003,1025.0,1026.0,1.0,0.06437360650716344,7.985707998275757
3312.0,0.36419293465685404,1025.0,1026.0,1.0,0.06419709207543108,7.986507177352905
3313.0,0.3638287417221972,1025.0,1025.0,1.0,0.06402088568717663,7.987311840057373
3314.0,0.363464912980475,1025.0,1025.0,1.0,0.06384498728852644,7.988108158111572
3315.0,0.36310144806749456,1025.0,1025.0,0.0,0.063669396824492,7.988900899887085
3316.0,0.36273834661942705,1025.0,1025.0,0.0,0.06349411423897018,7.989664077758789
3317.0,0.3623756082728076,1025.0,1025.0,0.0,0.06331913947474367,7.990458011627197
3318.0,0.36201323266453483,1025.0,1025.0,0.0,0.06314447247348137,7.991250038146973
3319.0,0.3616512194318703,1025.0,1025.0,1.0,0.06297011317573861,7.992121934890747
3320.0,0.3612895682124384,1025.0,1026.0,1.0,0.0627960615209578,7.992920160293579
3321.0,0.36092827864422594,1025.0,1025.0,1.0,0.06262231744746849,7.993728160858154
3322.0,0.36056735036558174,1025.0,1026.0,1.0,0.062448880892488144,7.99452805519104
3323.0,0.36020678301521614,1025.0,1026.0,1.0,0.0622757517921222,7.995347023010254
3324.0,0.3598465762322009,1025.0,1026.0,2.0,0.06210293008136469,7.996149063110352
3325.0,0.3594867296559687,1025.0,1026.0,0.0,0.06193041569409876,7.996937990188599
3326.0,0.3591272429263127,1025.0,1026.0,0.0,0.06175820856309686,7.997777938842773
3327.0,0.3587681156833864,1025.0,1026.0,3.0,0.06158630862002135,7.998572111129761
3328.0,0.35840934756770304,1025.0,1026.0,0.0,0.06141471579542499,7.999349117279053
3329.0,0.35805093822013534,1025.0,1026.0,1.0,0.061243430018751314,8.000144004821777
3330.0,0.35769288728191523,1025.0,1026.0,0.0,0.0610724512183352,8.000946044921875
3331.0,0.3573351943946333,1025.0,1026.0,1.0,0.06090177932140328,8.001735925674438
3332.0,0.35697785920023867,1025.0,1026.0,0.0,0.06073141425407453,8.002575874328613
3333.0,0.3566208813410384,1025.0,1026.0,0.0,0.06056135594136072,8.003363847732544
3334.0,0.3562642604596974,1025.0,1026.0,0.0,0.06039160430716692,8.004143953323364
3335.0,0.3559079961992377,1025.0,1026.0,2.0,0.06022215927429213,8.00496792793274
3336.0,0.35555208820303846,1025.0,1026.0,2.0,0.060053020764429706,8.00578784942627
3337.0,0.3551965361148354,1025.0,1026.0,0.0,0.05988418869816793,8.006583213806152
3338.0,0.3548413395787206,1025.0,1026.0,0.0,0.059715662994990655,8.007368087768555
3339.0,0.35448649823914186,1025.0,1026.0,0.0,0.05954744357327778,8.008158922195435
3340.0,0.3541320117409027,1025.0,1026.0,1.0,0.05937953035030586,8.00893497467041
3341.0,0.3537778797291618,1025.0,1026.0,0.0,0.05921192324224877,8.00973391532898
3342.0,0.3534241018494326,1025.0,1026.0,1.0,0.05904462216417814,8.010528087615967
3343.0,0.3530706777475832,1025.0,1026.0,2.0,0.05887762703006415,8.011368036270142
3344.0,0.3527176070698356,1025.0,1026.0,1.0,0.058710937752775964,8.012141942977905
3345.0,0.3523648894627658,1025.0,1026.0,1.0,0.05854455424408251,8.012964010238647
3346.0,0.352012524573303,1025.0,1026.0,0.0,0.05837847641465308,8.0137619972229
3347.0,0.3516605120487297,1025.0,1026.0,2.0,0.05821270417405797,8.01454496383667
3348.0,0.351308851536681,1025.0,1026.0,0.0,0.05804723743076902,8.015367984771729
3349.0,0.35095754268514434,1025.0,1026.0,1.0,0.05788207609216053,8.016175985336304
3350.0,0.3506065851424592,1025.0,1026.0,0.0,0.057717220064509654,8.01695203781128
3351.0,0.3502559785573167,1025.0,1026.0,0.0,0.05755266925299741,8.017749071121216
3352.0,0.3499057225787594,1025.0,1026.0,1.0,0.05738842356170904,8.018531084060669
3353.0,0.34955581685618065,1025.0,1026.0,0.0,0.057224482893634944,8.019459962844849
3354.0,0.34920626103932445,1025.0,1026.0,1.0,0.05706084715067135,8.02034306526184
3355.0,0.3488570547782851,1025.0,1026.0,1.0,0.05689751623362096,8.021178007125854
3356.0,0.34850819772350683,1025.0,1026.0,0.0,0.05673449004219382,8.02195692062378
3357.0,0.3481596895257833,1025.0,1026.0,0.0,0.05657176847500792,8.022748947143555
3358.0,0.3478115298362575,1025.0,1026.0,1.0,0.056409351429590096,8.023561000823975
3359.0,0.34746371830642125,1025.0,1026.0,0.0,0.05624723880237666,8.024346828460693
3360.0,0.34711625458811485,1025.0,1026.0,1.0,0.05608543048871431,8.02528691291809
3361.0,0.34676913833352674,1025.0,1026.0,0.0,0.05592392638286076,8.026072025299072
3362.0,0.3464223691951932,1025.0,1026.0,0.0,0.05576272637798567,8.026854038238525
3363.0,0.346075946825998,1025.0,1026.0,0.0,0.05560183036617145,8.02764081954956
3364.0,0.345729870879172,1025.0,1027.0,1.0,0.055441238238413924,8.028417110443115
3365.0,0.34538414100829284,1025.0,1027.0,0.0,0.055280949884623336,8.02916407585144
3366.0,0.3450387568672845,1025.0,1027.0,0.0,0.0551209651936251,8.02993106842041
3367.0,0.3446937181104172,1025.0,1027.0,1.0,0.054961284053160635,8.030694961547852
3368.0,0.3443490243923068,1025.0,1027.0,1.0,0.054801906349888296,8.031464099884033
3369.0,0.3440046753679145,1025.0,1027.0,0.0,0.05464283196938408,8.032219886779785
3370.0,0.3436606706925466,1025.0,1027.0,1.0,0.05448406079614266,8.033054113388062
3371.0,0.34331701002185405,1025.0,1027.0,1.0,0.054325592713578265,8.033821105957031
3372.0,0.34297369301183217,1025.0,1027.0,1.0,0.05416742760402541,8.034611940383911
3373.0,0.34263071931882033,1025.0,1027.0,2.0,0.05400956534873998,8.035392045974731
3374.0,0.3422880885995015,1025.0,1028.0,3.0,0.05385200582790008,8.036166906356812
3375.0,0.341945800510902,1025.0,1028.0,1.0,0.05369474892060693,8.036926031112671
3376.0,0.3416038547103911,1025.0,1028.0,1.0,0.05353779450488583,8.03768801689148
3377.0,0.34126225085568074,1025.0,1029.0,3.0,0.05338114245768707,8.038453102111816
3378.0,0.34092098860482506,1025.0,1027.0,5.0,0.05322479265488697,8.039221048355103
3379.0,0.34058006761622023,1025.0,1027.0,1.0,0.05306874497128869,8.040004014968872
3380.0,0.340239487548604,1025.0,1027.0,1.0,0.052912999280623374,8.040803909301758
3381.0,0.3398992480610554,1025.0,1027.0,2.0,0.05275755545555105,8.041574001312256
3382.0,0.3395593488129944,1025.0,1029.0,2.0,0.05260241336766156,8.042327165603638
3383.0,0.3392197894641814,1025.0,1029.0,0.0,0.05244757288747569,8.043106079101562
3384.0,0.33888056967471725,1025.0,1029.0,0.0,0.05229303388444608,8.043901920318604
3385.0,0.3385416891050425,1025.0,1029.0,0.0,0.052138796226958294,8.044720888137817
3386.0,0.3382031474159375,1025.0,1029.0,1.0,0.05198485978233188,8.045506000518799
3387.0,0.33786494426852154,1025.0,1029.0,3.0,0.05183122441682132,8.046276807785034
3388.0,0.337527079324253,1025.0,1029.0,0.0,0.05167788999561717,8.047084093093872
3389.0,0.33718955224492875,1025.0,1029.0,1.0,0.051524856382847074,8.047928810119629
3390.0,0.3368523626926838,1025.0,1029.0,4.0,0.051372123441576864,8.048733949661255
3391.0,0.3365155103299911,1025.0,1029.0,1.0,0.051219691033811576,8.049569129943848
3392.0,0.3361789948196611,1025.0,1029.0,0.0,0.05106755902049667,8.050389051437378
3393.0,0.3358428158248415,1025.0,1029.0,0.0,0.050915727261519,8.051203966140747
3394.0,0.33550697300901666,1025.0,1029.0,1.0,0.05076419561570796,8.052026987075806
3395.0,0.33517146603600767,1025.0,1030.0,1.0,0.050612963940836656,8.052874088287354
3396.0,0.33483629456997166,1025.0,1030.0,3.0,0.05046203209362293,8.053663969039917
3397.0,0.3345014582754017,1025.0,1030.0,2.0,0.050311399929730646,8.054460048675537
3398.0,0.33416695681712627,1025.0,1030.0,1.0,0.05016106730377071,8.055253982543945
3399.0,0.3338327898603091,1025.0,1030.0,1.0,0.05001103406930232,8.056044101715088
3400.0,0.3334989570704488,1025.0,1028.0,1.0,0.04986130007883401,8.056845903396606
3401.0,0.33316545811337833,1025.0,1028.0,1.0,0.04971186518382504,8.057669878005981
3402.0,0.3328322926552649,1025.0,1028.0,4.0,0.04956272923468635,8.058541774749756
3403.0,0.3324994603626097,1025.0,1028.0,0.0,0.04941389208078191,8.059322834014893
3404.0,0.33216696090224707,1025.0,1028.0,0.0,0.049265353570429854,8.060119152069092
3405.0,0.3318347939413448,1025.0,1028.0,2.0,0.049117113550903736,8.060909032821655
3406.0,0.33150295914740346,1025.0,1028.0,1.0,0.04896917186843377,8.061752796173096
3407.0,0.33117145618825605,1025.0,1028.0,2.0,0.048821528368208016,8.062584161758423
3408.0,0.3308402847320678,1025.0,1028.0,1.0,0.04867418289437362,8.063385963439941
3409.0,0.3305094444473357,1025.0,1028.0,1.0,0.048527135290038194,8.064167022705078
3410.0,0.33017893500288836,1025.0,1028.0,0.0,0.04838038539727089,8.064976930618286
3411.0,0.3298487560678855,1025.0,1028.0,1.0,0.0482339330571039,8.065806865692139
3412.0,0.3295189073118176,1025.0,1028.0,0.0,0.048087778109533456,8.066595792770386
3413.0,0.3291893884045058,1025.0,1028.0,0.0,0.04794192039352143,8.067384243011475
3414.0,0.3288601990161013,1025.0,1028.0,1.0,0.04779635974699644,8.068180084228516
3415.0,0.3285313388170852,1025.0,1028.0,0.0,0.047651096006855166,8.068973779678345
3416.0,0.3282028074782681,1025.0,1028.0,2.0,0.04750612900896383,8.069833993911743
3417.0,0.3278746046707898,1025.0,1027.0,2.0,0.04736145858815939,8.070593118667603
3418.0,0.32754673006611906,1025.0,1027.0,0.0,0.04721708457825092,8.071353912353516
3419.0,0.32721918333605293,1025.0,1027.0,1.0,0.04707300681202089,8.072127103805542
3420.0,0.3268919641527169,1025.0,1027.0,0.0,0.0469292251212267,8.072909832000732
3421.0,0.3265650721885642,1025.0,1027.0,0.0,0.04678573933660196,8.073739051818848
3422.0,0.3262385071163756,1025.0,1027.0,1.0,0.04664254928785777,8.074546098709106
3423.0,0.3259122686092592,1025.0,1027.0,1.0,0.0464996548036843,8.07534122467041
3424.0,0.3255863563406499,1025.0,1026.0,2.0,0.04635705571175205,8.076122999191284
3425.0,0.32526076998430925,1025.0,1026.0,0.0,0.04621475183871333,8.076909065246582
3426.0,0.32493550921432496,1025.0,1026.0,0.0,0.04607274301020369,8.07772707939148
3427.0,0.32461057370511065,1025.0,1026.0,2.0,0.045931029050843224,8.078505992889404
3428.0,0.32428596313140556,1025.0,1026.0,0.0,0.04578960978423819,8.079294919967651
3429.0,0.3239616771682742,1025.0,1026.0,1.0,0.04564848503298234,8.080102920532227
3430.0,0.3236377154911059,1025.0,1026.0,0.0,0.04550765461865842,8.080885171890259
3431.0,0.3233140777756148,1025.0,1026.0,0.0,0.04536711836183959,8.0816969871521
3432.0,0.3229907636978392,1025.0,1026.0,0.0,0.04522687608209101,8.082489967346191
3433.0,0.32266777293414134,1025.0,1026.0,1.0,0.04508692759797123,8.083254098892212
3434.0,0.3223451051612072,1025.0,1026.0,2.0,0.044947272727033666,8.084098815917969
3435.0,0.32202276005604596,1025.0,1026.0,3.0,0.04480791128582825,8.084930896759033
3436.0,0.3217007372959899,1025.0,1026.0,0.0,0.04466884308990273,8.085744857788086
3437.0,0.32137903655869393,1025.0,1026.0,0.0,0.04453006795380443,8.0865318775177
3438.0,0.3210576575221352,1025.0,1026.0,0.0,0.04439158569108157,8.087341070175171
3439.0,0.32073659986461306,1025.0,1026.0,0.0,0.044253396114284985,8.088121891021729
3440.0,0.32041586326474847,1025.0,1026.0,0.0,0.044115499034969564,8.088908195495605
3441.0,0.3200954474014837,1025.0,1026.0,0.0,0.04397789426369582,8.089731931686401
3442.0,0.31977535195408224,1025.0,1026.0,1.0,0.04384058161003153,8.090564012527466
3443.0,0.31945557660212814,1025.0,1026.0,1.0,0.04370356088255328,8.091403007507324
3444.0,0.319136121025526,1025.0,1026.0,1.0,0.04356683188884805,8.092210054397583
3445.0,0.3188169849045005,1025.0,1026.0,0.0,0.04343039443551478,8.093014001846313
3446.0,0.318498167919596,1025.0,1026.0,0.0,0.043294248328166064,8.0937979221344
3447.0,0.3181796697516764,1025.0,1026.0,0.0,0.043158393371429696,8.094596862792969
3448.0,0.3178614900819247,1025.0,1026.0,0.0,0.04302282936895034,8.095386028289795
3449.0,0.31754362859184276,1025.0,1026.0,1.0,0.042887556123391124,8.096154928207397
3450.0,0.31722608496325094,1025.0,1026.0,1.0,0.04275257343643536,8.096924066543579
3451.0,0.3169088588782877,1025.0,1026.0,1.0,0.042617881108788086,8.097712993621826
3452.0,0.3165919500194094,1025.0,1026.0,1.0,0.04248347894017785,8.09850287437439
3453.0,0.31627535806938994,1025.0,1026.0,1.0,0.04234936672935833,8.099309206008911
3454.0,0.31595908271132056,1025.0,1028.0,3.0,0.04221554427411,8.100106000900269
3455.0,0.31564312362860925,1025.0,1028.0,0.0,0.04208201137124186,8.100888967514038
3456.0,0.31532748050498066,1025.0,1028.0,0.0,0.041948767816593145,8.101667165756226
3457.0,0.31501215302447566,1025.0,1028.0,1.0,0.041815813405034916,8.10246205329895
3458.0,0.3146971408714512,1025.0,1029.0,2.0,0.04168314793047202,8.10326600074768
3459.0,0.3143824437305797,1025.0,1029.0,0.0,0.04155077118584459,8.104059934616089
3460.0,0.31406806128684917,1025.0,1029.0,0.0,0.041418682963129914,8.104860067367554
3461.0,0.3137539932255623,1025.0,1029.0,2.0,0.04128688305334408,8.105659008026123
3462.0,0.3134402392323367,1025.0,1028.0,5.0,0.041155371246543865,8.106464147567749
3463.0,0.31312679899310436,1025.0,1028.0,2.0,0.0410241473318284,8.107264995574951
3464.0,0.31281367219411127,1025.0,1028.0,4.0,0.040893211097341,8.108056783676147
3465.0,0.31250085852191717,1025.0,1028.0,1.0,0.04076256233027091,8.108853101730347
3466.0,0.31218835766339526,1025.0,1027.0,3.0,0.0406322008168551,8.109634160995483
3467.0,0.31187616930573187,1025.0,1027.0,2.0,0.0405021263423801,8.110430002212524
3468.0,0.31156429313642614,1025.0,1027.0,0.0,0.04037233869118384,8.111217975616455
3469.0,0.3112527288432897,1025.0,1027.0,0.0,0.04024283764665732,8.112033128738403
3470.0,0.3109414761144464,1025.0,1027.0,1.0,0.04011362299124668,8.11282205581665
3471.0,0.31063053463833196,1025.0,1027.0,0.0,0.0399846945064548,8.11378002166748
3472.0,0.31031990410369364,1025.0,1027.0,0.0,0.039856051972843295,8.114818811416626
3473.0,0.31000958419958996,1025.0,1027.0,3.0,0.03972769517003434,8.11562991142273
3474.0,0.3096995746153904,1025.0,1027.0,2.0,0.03959962387671251,8.116429090499878
3475.0,0.309389875040775,1025.0,1027.0,1.0,0.03947183787062667,8.117210865020752
3476.0,0.3090804851657342,1025.0,1027.0,1.0,0.039344336928591885,8.118072032928467
3477.0,0.30877140468056846,1025.0,1027.0,0.0,0.03921712082649123,8.118871212005615
3478.0,0.3084626332758879,1025.0,1027.0,2.0,0.03909018933927786,8.119828939437866
3479.0,0.308154170642612,1025.0,1027.0,2.0,0.038963542240976715,8.120605945587158
3480.0,0.3078460164719694,1025.0,1027.0,3.0,0.03883717930468653,8.121379852294922
3481.0,0.3075381704554974,1025.0,1027.0,1.0,0.03871110030258185,8.122159957885742
3482.0,0.30723063228504194,1025.0,1027.0,0.0,0.038585305005914804,8.122941017150879
3483.0,0.3069234016527569,1025.0,1027.0,0.0,0.0384597931850172,8.123798131942749
3484.0,0.3066164782511041,1025.0,1027.0,0.0,0.038334564609302325,8.124603986740112
3485.0,0.306309861772853,1025.0,1027.0,0.0,0.0382096190472671,8.125409126281738
3486.0,0.30600355191108014,1025.0,1027.0,2.0,0.03808495626649386,8.12619400024414
3487.0,0.30569754835916907,1025.0,1027.0,0.0,0.03796057603365248,8.127017974853516
3488.0,0.3053918508108099,1025.0,1027.0,1.0,0.03783647811450225,8.127820014953613
3489.0,0.3050864589599991,1025.0,1027.0,0.0,0.03771266227389401,8.128610134124756
3490.0,0.3047813725010391,1025.0,1027.0,0.0,0.037589128275771995,8.129392862319946
3491.0,0.30447659112853803,1025.0,1027.0,2.0,0.03746587588317597,8.130186080932617
3492.0,0.3041721145374095,1025.0,1028.0,2.0,0.03734290485824321,8.130961894989014
3493.0,0.3038679424228721,1025.0,1028.0,1.0,0.037220214962210556,8.131752967834473
3494.0,0.3035640744804492,1025.0,1028.0,0.0,0.037097805955416424,8.132547855377197
3495.0,0.30326051040596874,1025.0,1027.0,4.0,0.03697567759730286,8.133348941802979
3496.0,0.3029572498955628,1025.0,1027.0,1.0,0.036853829646417625,8.134162902832031
3497.0,0.30265429264566723,1025.0,1027.0,1.0,0.03673226186041626,8.134942054748535
3498.0,0.3023516383530216,1025.0,1027.0,0.0,0.03661097399606409,8.135754108428955
3499.0,0.3020492867146686,1025.0,1027.0,0.0,0.03648996580923844,8.136574983596802
3500.0,0.3017472374279539,1025.0,1027.0,1.0,0.036369237054930594,8.137346029281616
3501.0,0.30144549019052597,1025.0,1028.0,1.0,0.03624878748724799,8.138142108917236
3502.0,0.30114404470033546,1025.0,1028.0,1.0,0.03612861685941627,8.138916015625
3503.0,0.3008429006556351,1025.0,1028.0,0.0,0.03600872492378145,8.139747142791748
3504.0,0.3005420577549795,1025.0,1028.0,2.0,0.035889111431812,8.140537977218628
3505.0,0.3002415156972245,1025.0,1027.0,1.0,0.035769776134101,8.141330003738403
3506.0,0.2999412741815273,1025.0,1027.0,0.0,0.03565071878036824,8.142138004302979
3507.0,0.29964133290734574,1025.0,1027.0,2.0,0.0355319391194625,8.142927885055542
3508.0,0.2993416915744384,1025.0,1027.0,2.0,0.03541343689936356,8.143732070922852
3509.0,0.299042349882864,1025.0,1027.0,0.0,0.03529521186718444,8.144638061523438
3510.0,0.2987433075329811,1025.0,1027.0,0.0,0.03517726376917353,8.145437955856323
3511.0,0.29844456422544813,1025.0,1027.0,1.0,0.035059592350716866,8.146245956420898
3512.0,0.2981461196612227,1025.0,1027.0,1.0,0.03494219735634022,8.147007942199707
3513.0,0.29784797354156145,1025.0,1027.0,1.0,0.03482507852971138,8.147808074951172
3514.0,0.2975501255680199,1025.0,1027.0,0.0,0.0347082356136423,8.148597002029419
3515.0,0.29725257544245187,1025.0,1027.0,1.0,0.03459166835009135,8.149378776550293
3516.0,0.29695532286700943,1025.0,1027.0,1.0,0.03447537648016553,8.150152921676636
3517.0,0.29665836754414243,1025.0,1027.0,1.0,0.03435935974412268,8.150954008102417
3518.0,0.29636170917659826,1025.0,1027.0,1.0,0.034243617881373804,8.151737928390503
3519.0,0.2960653474674217,1025.0,1027.0,2.0,0.034128150630485216,8.152602910995483
3520.0,0.2957692821199543,1025.0,1028.0,1.0,0.034012957729180865,8.153396129608154
3521.0,0.29547351283783435,1025.0,1028.0,2.0,0.03389803891434454,8.154201984405518
3522.0,0.29517803932499653,1025.0,1028.0,0.0,0.03378339392202223,8.154986143112183
3523.0,0.29488286128567154,1025.0,1028.0,0.0,0.03366902248742431,8.155795097351074
3524.0,0.2945879784243859,1025.0,1028.0,4.0,0.03355492434492793,8.156656980514526
3525.0,0.2942933904459615,1025.0,1028.0,2.0,0.033441099228079196,8.157512903213501
3526.0,0.2939990970555155,1025.0,1028.0,0.0,0.03332754686959559,8.158306121826172
3527.0,0.29370509795846,1025.0,1028.0,0.0,0.033214267001368224,8.159095048904419
3528.0,0.29341139286050155,1025.0,1028.0,0.0,0.03310125935446413,8.159868955612183
3529.0,0.29311798146764106,1025.0,1028.0,0.0,0.03298852365912865,8.160653829574585
3530.0,0.2928248634861734,1025.0,1028.0,2.0,0.032876059644787764,8.16143798828125
3531.0,0.29253203862268723,1025.0,1028.0,2.0,0.03276386704005035,8.162216901779175
3532.0,0.29223950658406456,1025.0,1028.0,0.0,0.032651945572710686,8.163059949874878
3533.0,0.2919472670774805,1025.0,1028.0,0.0,0.032540294969750694,8.163863182067871
3534.0,0.291655319810403,1025.0,1028.0,0.0,0.0324289149573423,8.164665937423706
3535.0,0.2913636644905926,1025.0,1028.0,0.0,0.0323178052608499,8.165464162826538
3536.0,0.29107230082610197,1025.0,1028.0,0.0,0.032206965604832674,8.166307210922241
3537.0,0.2907812285252759,1025.0,1028.0,1.0,0.03209639571304698,8.167102098464966
3538.0,0.2904904472967506,1025.0,1028.0,0.0,0.031986095308448766,8.167862176895142
3539.0,0.2901999568494539,1025.0,1028.0,1.0,0.03187606411319598,8.168641090393066
3540.0,0.2899097568926044,1025.0,1028.0,3.0,0.03176630184865094,8.16942811012268
3541.0,0.2896198471357118,1025.0,1028.0,0.0,0.03165680823538286,8.170206069946289
3542.0,0.2893302272885761,1025.0,1028.0,1.0,0.03154758299317011,8.170968055725098
3543.0,0.28904089706128755,1025.0,1028.0,0.0,0.03143862584100285,8.17172884941101
3544.0,0.2887518561642263,1025.0,1028.0,1.0,0.03132993649708526,8.172505855560303
3545.0,0.28846310430806205,1025.0,1028.0,0.0,0.031221514678838172,8.173293828964233
3546.0,0.28817464120375397,1025.0,1028.0,0.0,0.031113360102901416,8.17406702041626
3547.0,0.28788646656255024,1025.0,1028.0,0.0,0.03100547248513637,8.174842834472656
3548.0,0.2875985800959877,1025.0,1028.0,0.0,0.030897851540628338,8.175657033920288
3549.0,0.28731098151589174,1025.0,1028.0,1.0,0.030790496983689054,8.17644715309143
3550.0,0.28702367053437583,1025.0,1028.0,0.0,0.030683408527859224,8.177247047424316
3551.0,0.2867366468638414,1025.0,1028.0,3.0,0.030576585885910966,8.178042888641357
3552.0,0.2864499102169776,1025.0,1027.0,2.0,0.030470028769850353,8.178813934326172
3553.0,0.2861634603067606,1025.0,1027.0,1.0,0.030363736890919864,8.179610013961792
3554.0,0.28587729684645385,1025.0,1027.0,0.0,0.030257709959600948,8.180408239364624
3555.0,0.2855914195496074,1025.0,1027.0,0.0,0.030151947685616486,8.181209802627563
3556.0,0.2853058281300578,1025.0,1027.0,0.0,0.030046449777933422,8.182008028030396
3557.0,0.2850205223019277,1025.0,1027.0,1.0,0.02994121594476518,8.182809829711914
3558.0,0.28473550177962575,1025.0,1027.0,0.0,0.029836245893574295,8.183596134185791
3559.0,0.28445076627784616,1025.0,1027.0,0.0,0.029731539331074947,8.18438982963562
3560.0,0.2841663155115683,1025.0,1027.0,0.0,0.029627095963235435,8.185197114944458
3561.0,0.2838821491960567,1025.0,1027.0,0.0,0.02952291549528089,8.1859769821167
3562.0,0.28359826704686064,1025.0,1027.0,0.0,0.029418997631695705,8.186760902404785
3563.0,0.28331466877981376,1025.0,1027.0,0.0,0.02931534207622619,8.187588930130005
3564.0,0.283031354111034,1025.0,1027.0,0.0,0.02921194853188316,8.188374042510986
3565.0,0.28274832275692297,1025.0,1027.0,0.0,0.02910881670094447,8.189169883728027
3566.0,0.28246557443416603,1025.0,1027.0,0.0,0.029005946284957618,8.189957857131958
3567.0,0.28218310885973186,1025.0,1027.0,0.0,0.028903336984742463,8.190768003463745
3568.0,0.2819009257508721,1025.0,1027.0,0.0,0.028800988500393677,8.191613912582397
3569.0,0.28161902482512124,1025.0,1027.0,1.0,0.028698900531283458,8.192430973052979
3570.0,0.28133740580029615,1025.0,1027.0,0.0,0.028597072776064162,8.19324803352356
3571.0,0.2810560683944959,1025.0,1027.0,0.0,0.028495504932670862,8.194063901901245
3572.0,0.28077501232610136,1025.0,1027.0,1.0,0.028394196698324024,8.194872856140137
3573.0,0.28049423731377526,1025.0,1027.0,1.0,0.028293147769532182,8.195682048797607
3574.0,0.28021374307646146,1025.0,1027.0,1.0,0.02819235784209456,8.196485996246338
3575.0,0.279933529333385,1025.0,1027.0,1.0,0.028091826611103727,8.197252988815308
3576.0,0.27965359580405164,1025.0,1027.0,0.0,0.02799155377094828,8.198039054870605
3577.0,0.27937394220824757,1025.0,1027.0,0.0,0.027891539015315454,8.198832988739014
3578.0,0.27909456826603934,1025.0,1027.0,0.0,0.027791782037193884,8.199635028839111
3579.0,0.2788154736977733,1025.0,1027.0,0.0,0.027692282528876223,8.200440883636475
3580.0,0.27853665822407553,1025.0,1027.0,1.0,0.027593040181961865,8.201246976852417
3581.0,0.27825812156585145,1025.0,1027.0,1.0,0.027494054687359642,8.202044010162354
3582.0,0.2779798634442856,1025.0,1027.0,0.0,0.027395325735290497,8.202861785888672
3583.0,0.2777018835808413,1025.0,1027.0,1.0,0.02729685301529021,8.203675031661987
3584.0,0.27742418169726046,1025.0,1027.0,1.0,0.02719863621621213,8.204457998275757
3585.0,0.2771467575155632,1025.0,1027.0,1.0,0.027100675026229846,8.20524287223816
3586.0,0.27686961075804767,1025.0,1027.0,0.0,0.027002969132839953,8.206237077713013
3587.0,0.2765927411472896,1025.0,1026.0,1.0,0.026905518222864782,8.207144975662231
3588.0,0.2763161484061423,1025.0,1026.0,0.0,0.02680832198245513,8.208044052124023
3589.0,0.2760398322577362,1025.0,1026.0,1.0,0.026711380097093007,8.208830118179321
3590.0,0.2757637924254785,1025.0,1026.0,0.0,0.026614692251594373,8.209623098373413
3591.0,0.275488028633053,1025.0,1026.0,0.0,0.026518258130111893,8.210446834564209
3592.0,0.27521254060441996,1025.0,1026.0,0.0,0.02642207741613777,8.211345911026001
3593.0,0.27493732806381554,1025.0,1026.0,0.0,0.026326149792506377,8.212178945541382
3594.0,0.2746623907357517,1025.0,1026.0,1.0,0.026230474941397165,8.212991952896118
3595.0,0.27438772834501596,1025.0,1026.0,2.0,0.02613505254433737,8.213795900344849
3596.0,0.2741133406166709,1025.0,1026.0,0.0,0.026039882282204812,8.214591979980469
3597.0,0.27383922727605425,1025.0,1026.0,2.0,0.025944963835230695,8.21540904045105
3598.0,0.2735653880487782,1025.0,1026.0,2.0,0.02585029688300241,8.216248989105225
3599.0,0.27329182266072943,1025.0,1026.0,0.0,0.02575588110446628,8.217072010040283
3600.0,0.2730185308380687,1025.0,1026.0,0.0,0.025661716177930463,8.217837810516357
3601.0,0.27274551230723065,1025.0,1026.0,0.0,0.0255678017810677,8.21862006187439
3602.0,0.27247276679492344,1025.0,1026.0,0.0,0.025474137590918162,8.219402074813843
3603.0,0.2722002940281285,1025.0,1026.0,1.0,0.025380723283892227,8.220207929611206
3604.0,0.2719280937341004,1025.0,1026.0,1.0,0.0252875585357734,8.221005916595459
3605.0,0.27165616564036627,1025.0,1026.0,2.0,0.02519464302172106,8.221800088882446
3606.0,0.2713845094747259,1025.0,1026.0,2.0,0.025101976416273375,8.222573041915894
3607.0,0.2711131249652512,1025.0,1026.0,1.0,0.025009558393350066,8.223398923873901
3608.0,0.27084201184028595,1025.0,1026.0,0.0,0.024917388626255327,8.22420597076416
3609.0,0.27057116982844565,1025.0,1026.0,2.0,0.024825466787680665,8.225012063980103
3610.0,0.2703005986586172,1025.0,1026.0,0.0,0.02473379254970776,8.225813150405884
3611.0,0.2700302980599586,1025.0,1026.0,2.0,0.024642365583811325,8.226627826690674
3612.0,0.26976026776189865,1025.0,1026.0,0.0,0.02455118556086198,8.227502822875977
3613.0,0.2694905074941368,1025.0,1026.0,2.0,0.02446025215112915,8.228295087814331
3614.0,0.26922101698664264,1025.0,1026.0,0.0,0.024369565024283918,8.229067087173462
3615.0,0.268951795969656,1025.0,1026.0,1.0,0.024279123849401944,8.229856014251709
3616.0,0.2686828441736864,1025.0,1026.0,0.0,0.024188928294966314,8.230635166168213
3617.0,0.2684141613295127,1025.0,1026.0,1.0,0.02409897802887051,8.231472969055176
3618.0,0.2681457471681832,1025.0,1026.0,0.0,0.02400927271842125,8.232290029525757
3619.0,0.267877601421015,1025.0,1026.0,0.0,0.02391981203034143,8.233176946640015
3620.0,0.267609723819594,1025.0,1026.0,1.0,0.023830595630773,8.233972072601318
3621.0,0.2673421140957744,1025.0,1026.0,1.0,0.023741623185279913,8.2347731590271
3622.0,0.2670747719816786,1025.0,1026.0,0.0,0.023652894358851064,8.235556840896606
3623.0,0.26680769720969694,1025.0,1026.0,1.0,0.023564408815903215,8.236417055130005
3624.0,0.2665408895124872,1025.0,1026.0,0.0,0.023476166220283833,8.237226963043213
3625.0,0.2662743486229747,1025.0,1026.0,0.0,0.023388166235274198,8.238006114959717
3626.0,0.26600807427435175,1025.0,1026.0,1.0,0.02330040852359218,8.238805055618286
3627.0,0.2657420662000774,1025.0,1026.0,2.0,0.02321289274739529,8.239597082138062
3628.0,0.26547632413387734,1025.0,1026.0,0.0,0.023125618568283587,8.240381956100464
3629.0,0.26521084780974347,1025.0,1026.0,1.0,0.023038585647302646,8.241190910339355
3630.0,0.26494563696193374,1025.0,1026.0,2.0,0.022951793644946518,8.241965055465698
3631.0,0.2646806913249718,1025.0,1026.0,0.0,0.022865242221160667,8.242761135101318
3632.0,0.26441601063364684,1025.0,1026.0,1.0,0.022778931035345035,8.243543148040771
3633.0,0.2641515946230132,1025.0,1026.0,1.0,0.02269285974635687,8.244367837905884
3634.0,0.2638874430283902,1025.0,1026.0,0.0,0.02260702801251382,8.245162963867188
3635.0,0.26362355558536177,1025.0,1026.0,0.0,0.022521435491596863,8.245970964431763
3636.0,0.2633599320297764,1025.0,1026.0,1.0,0.022436081840853335,8.246782064437866
3637.0,0.2630965720977467,1025.0,1026.0,1.0,0.02235096671699986,8.247590065002441
3638.0,0.26283347552564895,1025.0,1026.0,0.0,0.02226608977622537,8.248417139053345
3639.0,0.2625706420501233,1025.0,1026.0,1.0,0.02218145067419413,8.249213933944702
3640.0,0.2623080714080732,1025.0,1026.0,0.0,0.02209704906604873,8.250008821487427
3641.0,0.2620457633366651,1025.0,1026.0,0.0,0.022012884606413062,8.250822067260742
3642.0,0.26178371757332847,1025.0,1026.0,0.0,0.021928956949395374,8.25161600112915
3643.0,0.2615219338557551,1025.0,1027.0,1.0,0.02184526574859126,8.252399921417236
3644.0,0.26126041192189936,1025.0,1027.0,0.0,0.0217618106570867,8.253199815750122
3645.0,0.26099915150997743,1025.0,1027.0,2.0,0.021678591327461028,8.254004955291748
3646.0,0.2607381523584675,1025.0,1027.0,1.0,0.02159560741179006,8.254791021347046
3647.0,0.26047741420610904,1025.0,1027.0,1.0,0.021512858561649018,8.255589008331299
3648.0,0.26021693679190294,1025.0,1027.0,0.0,0.021430344428115623,8.25640606880188
3649.0,0.25995671985511104,1025.0,1027.0,1.0,0.021348064661773126,8.257346153259277
3650.0,0.2596967631352559,1025.0,1027.0,5.0,0.02126601891271335,8.258146047592163
3651.0,0.25943706637212066,1025.0,1027.0,1.0,0.02118420683053975,8.258942127227783
3652.0,0.25917762930574856,1025.0,1027.0,3.0,0.02110262806437042,8.259700059890747
3653.0,0.2589184516764428,1025.0,1027.0,2.0,0.021021282262841164,8.260488986968994
3654.0,0.25865953322476637,1025.0,1027.0,1.0,0.020940169074108624,8.261290073394775
3655.0,0.2584008736915416,1025.0,1027.0,3.0,0.020859288145853187,8.262063980102539
3656.0,0.25814247281785,1025.0,1027.0,1.0,0.02077863912528222,8.262832880020142
3657.0,0.25788433034503216,1025.0,1027.0,0.0,0.020698221659133022,8.263605117797852
3658.0,0.25762644601468715,1025.0,1027.0,1.0,0.02061803539367594,8.264384984970093
3659.0,0.25736881956867247,1025.0,1027.0,2.0,0.02053807997471741,8.265168905258179
3660.0,0.2571114507491038,1025.0,1027.0,3.0,0.020458355047603096,8.265990972518921
3661.0,0.2568543392983547,1025.0,1027.0,1.0,0.020378860257220906,8.266834020614624
3662.0,0.2565974849590564,1025.0,1027.0,1.0,0.02029959524800411,8.267673969268799
3663.0,0.25634088747409733,1025.0,1027.0,1.0,0.020220559663934417,8.268476009368896
3664.0,0.2560845465866232,1025.0,1027.0,0.0,0.02014175314854506,8.269286870956421
3665.0,0.2558284620400366,1025.0,1027.0,1.0,0.020063175344923936,8.270100116729736
3666.0,0.2555726335779966,1025.0,1027.0,0.0,0.019984825895716617,8.270896911621094
3667.0,0.2553170609444186,1025.0,1027.0,1.0,0.01990670444312952,8.271672010421753
3668.0,0.2550617438834742,1025.0,1027.0,2.0,0.019828810628932984,8.272483110427856
3669.0,0.25480668213959073,1025.0,1027.0,1.0,0.019751144094464372,8.27327585220337
3670.0,0.25455187545745117,1025.0,1027.0,1.0,0.019673704480631188,8.274065017700195
3671.0,0.2542973235819937,1025.0,1027.0,0.0,0.019596491427914177,8.27485179901123
3672.0,0.2540430262584117,1025.0,1027.0,0.0,0.019519504576370448,8.275629997253418
3673.0,0.25378898323215326,1025.0,1027.0,0.0,0.019442743565636612,8.27640986442566
3674.0,0.2535351942489211,1025.0,1027.0,0.0,0.019366208034931862,8.277239084243774
3675.0,0.2532816590546722,1025.0,1027.0,0.0,0.0192898976230611,8.278048038482666
3676.0,0.2530283773956175,1025.0,1027.0,2.0,0.019213811968418076,8.278861045837402
3677.0,0.2527753490182219,1025.0,1027.0,3.0,0.019137950708988546,8.279659032821655
3678.0,0.25252257366920366,1025.0,1027.0,0.0,0.019062313482353314,8.280462980270386
3679.0,0.25227005109553446,1025.0,1027.0,0.0,0.01898689992569147,8.281296968460083
3680.0,0.25201778104443895,1025.0,1027.0,0.0,0.018911709675783452,8.282073974609375
3681.0,0.2517657632633945,1025.0,1027.0,0.0,0.018836742369014184,8.282860040664673
3682.0,0.2515139975001311,1025.0,1027.0,2.0,0.018761997641376274,8.283634901046753
3683.0,0.251262483502631,1025.0,1027.0,1.0,0.0186874751284731,8.284425973892212
3684.0,0.2510112210191283,1025.0,1027.0,1.0,0.01861317446552197,8.28521990776062
3685.0,0.2507602097981092,1025.0,1027.0,0.0,0.018539095287357293,8.286032915115356
3686.0,0.2505094495883111,1025.0,1027.0,2.0,0.018465237228433688,8.286842823028564
3687.0,0.2502589401387228,1025.0,1027.0,3.0,0.01839159992282913,8.287654876708984
3688.0,0.25000868119858405,1025.0,1027.0,0.0,0.018318183004248166,8.288437128067017
3689.0,0.24975867251738545,1025.0,1027.0,1.0,0.018244986106025016,8.289223909378052
3690.0,0.24950891384486806,1025.0,1027.0,3.0,0.018172008861126764,8.290112972259521
3691.0,0.2492594049310232,1025.0,1027.0,0.0,0.018099250902156454,8.290885925292969
3692.0,0.24901014552609216,1025.0,1027.0,0.0,0.018026711861356303,8.291687965393066
3693.0,0.24876113538056607,1025.0,1027.0,0.0,0.01795439137061091,8.292472124099731
3694.0,0.24851237424518552,1025.0,1027.0,0.0,0.017882289061450316,8.293274879455566
3695.0,0.24826386187094032,1025.0,1027.0,0.0,0.0178104045650532,8.29404592514038
3696.0,0.2480155980090694,1025.0,1027.0,0.0,0.017738737512250122,8.29483699798584
3697.0,0.2477675824110603,1025.0,1027.0,2.0,0.017667287533526622,8.29561996459961
3698.0,0.24751981482864924,1025.0,1027.0,1.0,0.017596054259026394,8.296402931213379
3699.0,0.2472722950138206,1025.0,1027.0,1.0,0.017525037318554468,8.297178030014038
3700.0,0.24702502271880677,1025.0,1028.0,4.0,0.017454236341580436,8.29794692993164
3701.0,0.24677799769608796,1025.0,1028.0,1.0,0.017383650957241543,8.2987220287323
3702.0,0.24653121969839187,1025.0,1028.0,1.0,0.017313280794345912,8.299520015716553
3703.0,0.24628468847869348,1025.0,1028.0,0.0,0.01724312548137571,8.300348997116089
3704.0,0.24603840379021477,1025.0,1028.0,1.0,0.01717318464649038,8.30114483833313
3705.0,0.24579236538642454,1025.0,1027.0,2.0,0.017103457917529714,8.301944017410278
3706.0,0.2455465730210381,1025.0,1026.0,1.0,0.01703394492201717,8.30271291732788
3707.0,0.24530102644801707,1025.0,1026.0,2.0,0.016964645287162922,8.303498029708862
3708.0,0.24505572542156906,1025.0,1026.0,1.0,0.016895558639867168,8.304271936416626
3709.0,0.24481066969614748,1025.0,1026.0,1.0,0.016826684606723222,8.305041074752808
3710.0,0.24456585902645134,1025.0,1026.0,0.0,0.016758022814020786,8.305827856063843
3711.0,0.24432129316742487,1025.0,1026.0,0.0,0.016689572887749034,8.30658483505249
3712.0,0.24407697187425745,1025.0,1026.0,2.0,0.016621334453599926,8.307353973388672
3713.0,0.2438328949023832,1025.0,1026.0,1.0,0.01655330713697131,8.308120965957642
3714.0,0.24358906200748082,1025.0,1026.0,0.0,0.01648549056297015,8.308893918991089
3715.0,0.24334547294547335,1025.0,1026.0,1.0,0.016417884356415693,8.309674978256226
3716.0,0.24310212747252788,1025.0,1026.0,3.0,0.0163504881418427,8.310478925704956
3717.0,0.24285902534505535,1025.0,1026.0,1.0,0.01628330154350464,8.311394214630127
3718.0,0.2426161663197103,1025.0,1026.0,1.0,0.016216324185376826,8.312173128128052
3719.0,0.2423735501533906,1025.0,1026.0,1.0,0.016149555691159685,8.312933921813965
3720.0,0.2421311766032372,1025.0,1026.0,0.0,0.016082995684281915,8.313709020614624
3721.0,0.24188904542663398,1025.0,1027.0,1.0,0.016016643787903722,8.314481019973755
3722.0,0.24164715638120735,1025.0,1027.0,0.0,0.01595049962491995,8.315234184265137
3723.0,0.24140550922482615,1025.0,1027.0,1.0,0.015884562817963334,8.315985918045044
3724.0,0.24116410371560132,1025.0,1027.0,2.0,0.015818832989407693,8.316739797592163
3725.0,0.2409229396118857,1025.0,1027.0,0.0,0.015753309761371116,8.317501068115234
3726.0,0.24068201667227382,1025.0,1027.0,0.0,0.015687992755719173,8.318270921707153
3727.0,0.24044133465560155,1025.0,1027.0,2.0,0.015622881594068128,8.319016933441162
3728.0,0.24020089332094596,1025.0,1027.0,1.0,0.015557975897788092,8.319778203964233
3729.0,0.23996069242762502,1025.0,1027.0,0.0,0.015493275288006276,8.320547819137573
3730.0,0.2397207317351974,1025.0,1027.0,0.0,0.01542877938561017,8.321393013000488
3731.0,0.2394810110034622,1025.0,1027.0,1.0,0.015364487811250768,8.32217812538147
3732.0,0.23924152999245873,1025.0,1027.0,1.0,0.015300400185345711,8.322986125946045
3733.0,0.23900228846246627,1025.0,1027.0,2.0,0.01523651612808257,8.323802947998047
3734.0,0.2387632861740038,1025.0,1027.0,1.0,0.015172835259421986,8.324601888656616
3735.0,0.2385245228878298,1025.0,1027.0,1.0,0.0151093571991009,8.325428009033203
3736.0,0.23828599836494196,1025.0,1027.0,1.0,0.015046081566635745,8.326289892196655
3737.0,0.238047712366577,1025.0,1027.0,1.0,0.014983007981325654,8.327064037322998
3738.0,0.23780966465421044,1025.0,1027.0,0.0,0.014920136062255661,8.327831029891968
3739.0,0.23757185498955624,1025.0,1027.0,1.0,0.01485746542829991,8.328582048416138
3740.0,0.2373342831345667,1025.0,1027.0,1.0,0.014794995698124844,8.329347848892212
3741.0,0.23709694885143212,1025.0,1027.0,2.0,0.014732726490192397,8.330103158950806
3742.0,0.2368598519025807,1025.0,1027.0,0.0,0.014670657422763227,8.330924034118652
3743.0,0.2366229920506781,1025.0,1027.0,0.0,0.014608788113899889,8.331737995147705
3744.0,0.23638636905862742,1025.0,1027.0,0.0,0.014547118181470068,8.332556009292603
3745.0,0.2361499826895688,1025.0,1027.0,1.0,0.01448564724314972,8.333443880081177
3746.0,0.23591383270687924,1025.0,1027.0,0.0,0.01442437491642632,8.334223985671997
3747.0,0.23567791887417236,1025.0,1027.0,1.0,0.014363300818602072,8.335009098052979
3748.0,0.2354422409552982,1025.0,1027.0,0.0,0.014302424566797067,8.335782051086426
3749.0,0.2352067987143429,1025.0,1028.0,6.0,0.014241745777952484,8.336560010910034
3750.0,0.23497159191562858,1025.0,1028.0,0.0,0.01418126406883382,8.337324142456055
3751.0,0.23473662032371295,1025.0,1028.0,0.0,0.014120979056034048,8.338091135025024
3752.0,0.23450188370338923,1025.0,1028.0,0.0,0.014060890355976846,8.33883285522461
3753.0,0.23426738181968584,1025.0,1028.0,0.0,0.01400099758491978,8.339606046676636
3754.0,0.23403311443786615,1025.0,1028.0,3.0,0.013941300358957487,8.340383052825928
3755.0,0.23379908132342828,1025.0,1028.0,0.0,0.013881798294024866,8.341264963150024
3756.0,0.23356528224210485,1025.0,1028.0,1.0,0.013822491005900288,8.342046022415161
3757.0,0.23333171695986274,1025.0,1028.0,2.0,0.013763378110208793,8.342845916748047
3758.0,0.23309838524290288,1025.0,1028.0,6.0,0.013704459222425245,8.343608140945435
3759.0,0.23286528685765998,1025.0,1028.0,0.0,0.013645733957877536,8.344389915466309
3760.0,0.23263242157080233,1025.0,1028.0,2.0,0.013587201931749796,8.345156908035278
3761.0,0.23239978914923154,1025.0,1028.0,0.0,0.01352886275908556,8.34590196609497
3762.0,0.2321673893600823,1025.0,1028.0,2.0,0.013470716054790933,8.34666919708252
3763.0,0.23193522197072222,1025.0,1028.0,1.0,0.013412761433637834,8.347430944442749
3764.0,0.23170328674875149,1025.0,1028.0,0.0,0.01335499851026711,8.348198890686035
3765.0,0.23147158346200272,1025.0,1028.0,1.0,0.013297426899191757,8.348955869674683
3766.0,0.2312401118785407,1025.0,1028.0,1.0,0.013240046214800096,8.349721908569336
3767.0,0.23100887176666218,1025.0,1028.0,0.0,0.01318285607135896,8.350486993789673
3768.0,0.23077786289489552,1025.0,1028.0,2.0,0.01312585608301681,8.351341009140015
3769.0,0.23054708503200064,1025.0,1028.0,1.0,0.013069045863807006,8.35214900970459
3770.0,0.23031653794696863,1025.0,1028.0,0.0,0.013012425027650907,8.352973222732544
3771.0,0.23008622140902166,1025.0,1028.0,0.0,0.012955993188361084,8.353768110275269
3772.0,0.22985613518761264,1025.0,1027.0,2.0,0.01289974995964447,8.354560136795044
3773.0,0.22962627905242503,1025.0,1027.0,0.0,0.012843694955105543,8.355339050292969
3774.0,0.2293966527733726,1025.0,1027.0,2.0,0.012787827788249453,8.356147050857544
3775.0,0.2291672561205992,1025.0,1027.0,1.0,0.012732148072485244,8.356949090957642
3776.0,0.2289380888644786,1025.0,1027.0,1.0,0.012676655421129009,8.357744932174683
3777.0,0.22870915077561413,1025.0,1027.0,1.0,0.012621349447406992,8.358535051345825
3778.0,0.22848044162483852,1025.0,1027.0,3.0,0.01256622976445883,8.359349966049194
3779.0,0.22825196118321367,1025.0,1027.0,1.0,0.012511295985340619,8.36013913154602
3780.0,0.22802370922203047,1025.0,1027.0,2.0,0.012456547723028188,8.360972166061401
3781.0,0.22779568551280843,1025.0,1027.0,1.0,0.012401984590420136,8.361748933792114
3782.0,0.22756788982729562,1025.0,1027.0,1.0,0.012347606200341045,8.362531185150146
3783.0,0.2273403219374683,1025.0,1026.0,1.0,0.0122934121655446,8.363341093063354
3784.0,0.22711298161553084,1025.0,1026.0,1.0,0.012239402098716807,8.364131212234497
3785.0,0.2268858686339153,1025.0,1026.0,1.0,0.012185575612479,8.364920854568481
3786.0,0.22665898276528137,1025.0,1026.0,0.0,0.012131932319391145,8.365739107131958
3787.0,0.2264323237825161,1025.0,1026.0,0.0,0.012078471831954844,8.366622924804688
3788.0,0.22620589145873357,1025.0,1026.0,1.0,0.012025193762616553,8.367415189743042
3789.0,0.22597968556727482,1025.0,1026.0,2.0,0.01197209772377069,8.368196964263916
3790.0,0.22575370588170754,1025.0,1026.0,1.0,0.01191918332776278,8.368977069854736
3791.0,0.22552795217582583,1025.0,1026.0,0.0,0.011866450186892547,8.3697669506073
3792.0,0.22530242422365002,1025.0,1026.0,2.0,0.011813897913417106,8.37053108215332
3793.0,0.22507712179942638,1025.0,1026.0,0.0,0.01176152611955401,8.371308088302612
3794.0,0.22485204467762696,1025.0,1026.0,0.0,0.01170933441748446,8.37208890914917
3795.0,0.22462719263294934,1025.0,1026.0,0.0,0.011657322419356327,8.372862100601196
3796.0,0.2244025654403164,1025.0,1026.0,0.0,0.011605489737287361,8.373634099960327
3797.0,0.22417816287487607,1025.0,1026.0,0.0,0.011553835983368234,8.374425888061523
3798.0,0.2239539847120012,1025.0,1026.0,1.0,0.011502360769665704,8.375233173370361
3799.0,0.2237300307272892,1025.0,1026.0,0.0,0.011451063708225679,8.376037836074829
3800.0,0.2235063006965619,1025.0,1026.0,0.0,0.011399944411076363,8.376827955245972
3801.0,0.22328279439586535,1025.0,1026.0,0.0,0.0113490024902313,8.37764596939087
3802.0,0.22305951160146947,1025.0,1026.0,1.0,0.011298237557692539,8.378473043441772
3803.0,0.222836452089868,1025.0,1026.0,0.0,0.011247649225453703,8.379276037216187
3804.0,0.22261361563777812,1025.0,1026.0,1.0,0.011197237105503058,8.380056858062744
3805.0,0.22239100202214035,1025.0,1026.0,0.0,0.011147000809826649,8.380831956863403
3806.0,0.2221686110201182,1025.0,1026.0,1.0,0.011096939950411338,8.381587028503418
3807.0,0.22194644240909808,1025.0,1026.0,0.0,0.011047054139247921,8.382383823394775
3808.0,0.22172449596668897,1025.0,1026.0,0.0,0.010997342988334198,8.383166074752808
3809.0,0.22150277147072228,1025.0,1026.0,1.0,0.010947806109678045,8.383931875228882
3810.0,0.22128126869925155,1025.0,1026.0,0.0,0.010898443115300492,8.384696006774902
3811.0,0.2210599874305523,1025.0,1026.0,0.0,0.010849253617238807,8.385453224182129
3812.0,0.22083892744312175,1025.0,1026.0,2.0,0.010800237227549504,8.38621997833252
3813.0,0.22061808851567863,1025.0,1026.0,2.0,0.010751393558311497,8.386996030807495
3814.0,0.22039747042716296,1025.0,1026.0,0.0,0.010702722221629095,8.38783597946167
3815.0,0.2201770729567358,1025.0,1026.0,3.0,0.010654222829635044,8.388617038726807
3816.0,0.21995689588377906,1025.0,1026.0,0.0,0.010605894994493641,8.389421939849854
3817.0,0.21973693898789529,1025.0,1026.0,1.0,0.010557738328403746,8.390228033065796
3818.0,0.2195172020489074,1025.0,1026.0,1.0,0.010509752443601824,8.391026020050049
3819.0,0.2192976848468585,1025.0,1026.0,1.0,0.01046193695236497,8.391818046569824
3820.0,0.21907838716201164,1025.0,1026.0,0.0,0.010414291467014003,8.39263391494751
3821.0,0.21885930877484963,1025.0,1026.0,2.0,0.010366815599916437,8.39348316192627
3822.0,0.21864044946607478,1025.0,1026.0,2.0,0.010319508963489547,8.394279956817627
3823.0,0.2184218090166087,1025.0,1026.0,0.0,0.010272371170203371,8.39505386352539
3824.0,0.2182033872075921,1025.0,1026.0,0.0,0.010225401832583768,8.395834922790527
3825.0,0.2179851838203845,1025.0,1026.0,0.0,0.010178600563215375,8.396581888198853
3826.0,0.21776719863656413,1025.0,1026.0,0.0,0.01013196697474468,8.397330045700073
3827.0,0.21754943143792757,1025.0,1026.0,0.0,0.010085500679882996,8.39818286895752
3828.0,0.21733188200648965,1025.0,1025.0,3.0,0.010039201291409464,8.39896821975708
3829.0,0.21711455012448316,1025.0,1025.0,0.0,0.009993068422174097,8.399764060974121
3830.0,0.21689743557435867,1025.0,1025.0,1.0,0.009947101685100697,8.400515794754028
3831.0,0.21668053813878432,1025.0,1025.0,0.0,0.009901300693189941,8.401295900344849
3832.0,0.21646385760064554,1025.0,1025.0,0.0,0.009855665059522295,8.40210485458374
3833.0,0.21624739374304489,1025.0,1025.0,0.0,0.009810194397261,8.402891159057617
3834.0,0.21603114634930184,1025.0,1025.0,1.0,0.009764888319655128,8.403652906417847
3835.0,0.21581511520295255,1025.0,1025.0,0.0,0.009719746440042452,8.4044189453125
3836.0,0.21559930008774958,1025.0,1025.0,1.0,0.009674768371852495,8.405212879180908
3837.0,0.21538370078766184,1025.0,1025.0,0.0,0.009629953728609456,8.406007051467896
3838.0,0.21516831708687417,1025.0,1025.0,0.0,0.009585302123935177,8.406805038452148
3839.0,0.2149531487697873,1025.0,1025.0,0.0,0.009540813171552098,8.407658100128174
3840.0,0.2147381956210175,1025.0,1025.0,0.0,0.009496486485286228,8.408501148223877
3841.0,0.2145234574253965,1025.0,1025.0,2.0,0.009452321679070053,8.409266948699951
3842.0,0.2143089339679711,1025.0,1025.0,0.0,0.009408318366945521,8.410034894943237
3843.0,0.21409462503400312,1025.0,1025.0,0.0,0.009364476163066937,8.410809993743896
3844.0,0.21388053040896912,1025.0,1025.0,1.0,0.009320794681703944,8.411574125289917
3845.0,0.21366664987856016,1025.0,1025.0,0.0,0.009277273537244385,8.412333965301514
3846.0,0.2134529832286816,1025.0,1025.0,0.0,0.009233912344197296,8.413094997406006
3847.0,0.21323953024545292,1025.0,1025.0,0.0,0.009190710717195781,8.41386103630066
3848.0,0.21302629071520746,1025.0,1025.0,0.0,0.009147668270999906,8.414636135101318
3849.0,0.21281326442449225,1025.0,1025.0,0.0,0.009104784620499684,8.41545295715332
3850.0,0.21260045116006776,1025.0,1025.0,1.0,0.00906205938071787,8.416254997253418
3851.0,0.2123878507089077,1025.0,1025.0,0.0,0.009019492166812951,8.417059898376465
3852.0,0.2121754628581988,1025.0,1025.0,0.0,0.008977082594081988,8.417855024337769
3853.0,0.2119632873953406,1025.0,1025.0,0.0,0.00893483027796352,8.41862678527832
3854.0,0.21175132410794525,1025.0,1025.0,0.0,0.008892734834040437,8.419441938400269
3855.0,0.2115395727838373,1025.0,1025.0,0.0,0.008850795878042864,8.420237064361572
3856.0,0.21132803321105348,1025.0,1025.0,1.0,0.008809013025851015,8.421083927154541
3857.0,0.21111670517784242,1025.0,1025.0,1.0,0.008767385893498077,8.421851873397827
3858.0,0.21090558847266458,1025.0,1025.0,1.0,0.008725914097173082,8.42261004447937
3859.0,0.2106946828841919,1025.0,1025.0,0.0,0.008684597253223698,8.423364877700806
3860.0,0.2104839882013077,1025.0,1025.0,1.0,0.00864343497815917,8.424130201339722
3861.0,0.2102735042131064,1025.0,1025.0,1.0,0.008602426888653097,8.424912929534912
3862.0,0.2100632307088933,1025.0,1025.0,0.0,0.008561572601546276,8.425686120986938
3863.0,0.2098531674781844,1025.0,1025.0,0.0,0.008520871733849567,8.426449060440063
3864.0,0.2096433143107062,1025.0,1025.0,0.0,0.008480323902746684,8.427211999893188
3865.0,0.2094336709963955,1025.0,1025.0,0.0,0.008439928725597038,8.427964925765991
3866.0,0.2092242373253991,1025.0,1025.0,0.0,0.008399685819938552,8.428709983825684
3867.0,0.20901501308807371,1025.0,1025.0,0.0,0.00835959480349045,8.429589033126831
3868.0,0.20880599807498565,1025.0,1025.0,1.0,0.008319655294156075,8.4303719997406
3869.0,0.20859719207691066,1025.0,1025.0,0.0,0.00827986691002569,8.43116021156311
3870.0,0.20838859488483374,1025.0,1025.0,2.0,0.008240229269379276,8.431946992874146
3871.0,0.2081802062899489,1025.0,1025.0,1.0,0.008200741990689283,8.432758092880249
3872.0,0.20797202608365895,1025.0,1025.0,0.0,0.008161404692623452,8.433573007583618
3873.0,0.20776405405757528,1025.0,1025.0,2.0,0.008122216994047563,8.434340000152588
3874.0,0.20755629000351772,1025.0,1025.0,0.0,0.008083178514028224,8.435122013092041
3875.0,0.2073487337135142,1025.0,1025.0,0.0,0.008044288871835595,8.435893058776855
3876.0,0.2071413849798007,1025.0,1025.0,1.0,0.008005547686946182,8.436668872833252
3877.0,0.2069342435948209,1025.0,1025.0,2.0,0.007966954579045567,8.437443971633911
3878.0,0.20672730935122607,1025.0,1025.0,2.0,0.00792850916803116,8.438225984573364
3879.0,0.20652058204187485,1025.0,1025.0,0.0,0.00789021107401493,8.438982963562012
3880.0,0.20631406145983297,1025.0,1025.0,1.0,0.007852059917326147,8.439874172210693
3881.0,0.20610774739837315,1025.0,1025.0,0.0,0.007814055318514078,8.440653085708618
3882.0,0.20590163965097477,1025.0,1025.0,0.0,0.007776196898350736,8.441464900970459
3883.0,0.2056957380113238,1025.0,1025.0,1.0,0.0077384842778335785,8.442262172698975
3884.0,0.20549004227331247,1025.0,1025.0,1.0,0.007700917078188215,8.44306492805481
3885.0,0.20528455223103914,1025.0,1025.0,2.0,0.0076634949208711015,8.443849086761475
3886.0,0.2050792676788081,1025.0,1025.0,0.0,0.007626217427572236,8.444640159606934
3887.0,0.20487418841112928,1025.0,1025.0,1.0,0.007589084220217855,8.445436000823975
3888.0,0.20466931422271814,1025.0,1025.0,0.0,0.007552094920973074,8.4462411403656
3889.0,0.20446464490849542,1025.0,1025.0,0.0,0.007515249152244628,8.447021007537842
3890.0,0.20426018026358692,1025.0,1025.0,1.0,0.0074785465366834555,8.447848081588745
3891.0,0.20405592008332332,1025.0,1025.0,0.0,0.007441986697187437,8.448641061782837
3892.0,0.20385186416324,1025.0,1025.0,1.0,0.007405569256903979,8.449434995651245
3893.0,0.20364801229907675,1025.0,1025.0,0.0,0.007369293839232713,8.450220108032227
3894.0,0.20344436428677767,1025.0,1025.0,3.0,0.007333160067828095,8.451022863388062
3895.0,0.2032409199224909,1025.0,1025.0,0.0,0.007297167566602073,8.451822996139526
3896.0,0.20303767900256842,1025.0,1025.0,0.0,0.007261315959726675,8.452622890472412
3897.0,0.20283464132356585,1025.0,1025.0,0.0,0.00722560487163666,8.453423023223877
3898.0,0.2026318066822423,1025.0,1025.0,0.0,0.007190033927032118,8.454226970672607
3899.0,0.20242917487556006,1025.0,1025.0,0.0,0.007154602750881059,8.455015897750854
3900.0,0.2022267457006845,1025.0,1025.0,0.0,0.0071193109684220286,8.455810785293579
3901.0,0.2020245189549838,1025.0,1025.0,0.0,0.0070841582051667,8.456598997116089
3902.0,0.20182249443602882,1025.0,1025.0,1.0,0.007049144086902455,8.457395076751709
3903.0,0.20162067194159278,1025.0,1025.0,0.0,0.007014268239694948,8.458184003829956
3904.0,0.20141905126965118,1025.0,1025.0,0.0,0.006979530289890687,8.458979845046997
3905.0,0.20121763221838151,1025.0,1025.0,0.0,0.006944929864119585,8.459789037704468
3906.0,0.20101641458616312,1025.0,1025.0,0.0,0.00691046658929754,8.460569858551025
3907.0,0.20081539817157695,1025.0,1025.0,0.0,0.006876140092628957,8.461416006088257
3908.0,0.20061458277340538,1025.0,1025.0,1.0,0.006841950001609286,8.462197065353394
3909.0,0.20041396819063198,1025.0,1025.0,0.0,0.006807895944027576,8.463013887405396
3910.0,0.20021355422244136,1025.0,1025.0,0.0,0.006773977547968995,8.463800191879272
3911.0,0.2000133406682189,1025.0,1025.0,1.0,0.006740194441817332,8.464595079421997
3912.0,0.1998133273275507,1025.0,1025.0,0.0,0.006706546254257523,8.465373039245605
3913.0,0.19961351400022315,1025.0,1025.0,0.0,0.006673032614278152,8.466140985488892
3914.0,0.19941390048622293,1025.0,1025.0,1.0,0.006639653151173951,8.466910123825073
3915.0,0.1992144865857367,1025.0,1025.0,1.0,0.006606407494548276,8.467682123184204
3916.0,0.19901527209915096,1025.0,1025.0,0.0,0.006573295274315597,8.468448162078857
3917.0,0.1988162568270518,1025.0,1025.0,0.0,0.006540316120703979,8.469307899475098
3918.0,0.19861744057022476,1025.0,1025.0,1.0,0.006507469664257531,8.470081090927124
3919.0,0.19841882312965453,1025.0,1025.0,0.0,0.006474755535838863,8.470939874649048
3920.0,0.19822040430652488,1025.0,1025.0,0.0,0.00644217336663156,8.471712112426758
3921.0,0.19802218390221835,1025.0,1025.0,3.0,0.006409722788142611,8.472465991973877
3922.0,0.19782416171831613,1025.0,1025.0,1.0,0.006377403432204836,8.473267078399658
3923.0,0.1976263375565978,1025.0,1025.0,1.0,0.006345214930979323,8.474058151245117
3924.0,0.1974287112190412,1025.0,1025.0,1.0,0.006313156916957844,8.47490906715393
3925.0,0.19723128250782218,1025.0,1025.0,0.0,0.006281229022965282,8.475781917572021
3926.0,0.19703405122531437,1025.0,1025.0,0.0,0.006249430882162001,8.476575136184692
3927.0,0.19683701717408905,1025.0,1025.0,0.0,0.006217762128046273,8.477527141571045
3928.0,0.19664018015691495,1025.0,1025.0,0.0,0.0061862223944566565,8.478330850601196
3929.0,0.19644353997675804,1025.0,1025.0,1.0,0.006154811315574375,8.479106903076172
3930.0,0.1962470964367813,1025.0,1025.0,0.0,0.006123528525925693,8.479874849319458
3931.0,0.1960508493403445,1025.0,1025.0,0.0,0.006092373660384267,8.480634927749634
3932.0,0.19585479849100415,1025.0,1025.0,0.0,0.006061346354173531,8.481463193893433
3933.0,0.19565894369251316,1025.0,1025.0,1.0,0.006030446242869011,8.482256889343262
3934.0,0.19546328474882066,1025.0,1025.0,0.0,0.0059996729624006845,8.483092069625854
3935.0,0.19526782146407184,1025.0,1025.0,0.0,0.005969026149055304,8.483914136886597
3936.0,0.19507255364260778,1025.0,1025.0,1.0,0.005938505439478738,8.48468804359436
3937.0,0.1948774810889652,1025.0,1025.0,0.0,0.005908110470678262,8.485485792160034
3938.0,0.19468260360787623,1025.0,1025.0,0.0,0.005877840880024878,8.486294984817505
3939.0,0.19448792100426834,1025.0,1025.0,1.0,0.0058476963052556214,8.48706316947937
3940.0,0.19429343308326408,1025.0,1025.0,1.0,0.005817676384475839,8.48785400390625
3941.0,0.1940991396501808,1025.0,1025.0,0.0,0.0057877807561614765,8.488633871078491
3942.0,0.19390504051053062,1025.0,1025.0,0.0,0.00575800905916136,8.489474058151245
3943.0,0.19371113547002008,1025.0,1025.0,0.0,0.0057283609326994524,8.490269899368286
3944.0,0.19351742433455008,1025.0,1025.0,2.0,0.005698836016377109,8.49107313156128
3945.0,0.19332390691021553,1025.0,1025.0,0.0,0.005669433950175338,8.491865873336792
3946.0,0.19313058300330532,1025.0,1025.0,0.0,0.005640154374457033,8.492680072784424
3947.0,0.19293745242030202,1025.0,1025.0,1.0,0.00561099692996921,8.493458986282349
3948.0,0.19274451496788172,1025.0,1025.0,0.0,0.005581961257845227,8.494264841079712
3949.0,0.19255177045291386,1025.0,1025.0,1.0,0.005553046999607006,8.495062112808228
3950.0,0.19235921868246095,1025.0,1025.0,0.0,0.005524253797167233,8.495870113372803
3951.0,0.19216685946377848,1025.0,1025.0,0.0,0.005495581292831566,8.496660947799683
3952.0,0.1919746926043147,1025.0,1025.0,0.0,0.005467029129300803,8.497481107711792
3953.0,0.1917827179117104,1025.0,1025.0,0.0,0.005438596949673097,8.498274087905884
3954.0,0.1915909351937987,1025.0,1025.0,1.0,0.005410284397446099,8.499048948287964
3955.0,0.1913993442586049,1025.0,1025.0,0.0,0.005382091116519135,8.499842882156372
3956.0,0.19120794491434628,1025.0,1025.0,0.0,0.005354016751195357,8.500652074813843
3957.0,0.19101673696943194,1025.0,1025.0,1.0,0.005326060946183907,8.501460075378418
3958.0,0.1908257202324625,1025.0,1025.0,0.0,0.005298223346602017,8.502248048782349
3959.0,0.19063489451223004,1025.0,1025.0,0.0,0.005270503597977181,8.50304913520813
3960.0,0.1904442596177178,1025.0,1025.0,0.0,0.005242901346249245,8.503842115402222
3961.0,0.19025381535810007,1025.0,1025.0,0.0,0.005215416237772527,8.504639148712158
3962.0,0.19006356154274198,1025.0,1025.0,0.0,0.0051880479193179285,8.505435943603516
3963.0,0.18987349798119924,1025.0,1025.0,0.0,0.005160796038075023,8.506224870681763
3964.0,0.18968362448321804,1025.0,1025.0,0.0,0.005133660241654128,8.507014036178589
3965.0,0.18949394085873483,1025.0,1025.0,1.0,0.005106640178088402,8.507845878601074
3966.0,0.1893044469178761,1025.0,1025.0,0.0,0.005079735495835902,8.50870394706726
3967.0,0.18911514247095823,1025.0,1025.0,0.0,0.005052945843781638,8.509483098983765
3968.0,0.18892602732848726,1025.0,1025.0,0.0,0.0050262708712396215,8.510267972946167
3969.0,0.18873710130115878,1025.0,1025.0,0.0,0.0049997102279549215,8.511117935180664
3970.0,0.18854836419985763,1025.0,1025.0,2.0,0.0049732635641056835,8.511957168579102
3971.0,0.18835981583565778,1025.0,1025.0,0.0,0.004946930530305144,8.512753009796143
3972.0,0.18817145601982213,1025.0,1025.0,0.0,0.004920710777603654,8.513545989990234
3973.0,0.1879832845638023,1025.0,1025.0,0.0,0.004894603957490689,8.514339923858643
3974.0,0.18779530127923852,1025.0,1025.0,0.0,0.004868609721896832,8.515115976333618
3975.0,0.18760750597795928,1025.0,1025.0,1.0,0.004842727723195757,8.515913963317871
3976.0,0.18741989847198132,1025.0,1025.0,0.0,0.004816957614206229,8.516770124435425
3977.0,0.18723247857350933,1025.0,1025.0,0.0,0.00479129904819404,8.517544984817505
3978.0,0.18704524609493584,1025.0,1025.0,2.0,0.004765751678873986,8.518333911895752
3979.0,0.1868582008488409,1025.0,1025.0,0.0,0.0047403151604118125,8.519130945205688
3980.0,0.18667134264799204,1025.0,1025.0,0.0,0.0047149891474261635,8.51990294456482
3981.0,0.18648467130534405,1025.0,1025.0,0.0,0.00468977329499049,8.520732879638672
3982.0,0.18629818663403871,1025.0,1025.0,0.0,0.004664667258634991,8.521492004394531
3983.0,0.18611188844740467,1025.0,1025.0,0.0,0.00463967069434852,8.522276878356934
3984.0,0.18592577655895726,1025.0,1025.0,0.0,0.004614783258580478,8.523080110549927
3985.0,0.1857398507823983,1025.0,1025.0,1.0,0.004590004608242732,8.523851156234741
3986.0,0.1855541109316159,1025.0,1025.0,0.0,0.00456533440071147,8.524653196334839
3987.0,0.18536855682068426,1025.0,1025.0,0.0,0.004540772293829089,8.525438070297241
3988.0,0.18518318826386357,1025.0,1025.0,0.0,0.004516317945906074,8.526230096817017
3989.0,0.18499800507559971,1025.0,1025.0,1.0,0.004491971015722829,8.52707314491272
3990.0,0.18481300707052412,1025.0,1025.0,1.0,0.004467731162531527,8.527883052825928
3991.0,0.1846281940634536,1025.0,1025.0,1.0,0.004443598046057978,8.528650999069214
3992.0,0.18444356586939015,1025.0,1025.0,2.0,0.004419571326503405,8.52946400642395
3993.0,0.18425912230352076,1025.0,1025.0,0.0,0.00439565066454632,8.530253171920776
3994.0,0.18407486318121724,1025.0,1025.0,2.0,0.00437183572134428,8.531045913696289
3995.0,0.183890788318036,1025.0,1025.0,0.0,0.004348126158535721,8.531862020492554
3996.0,0.18370689752971797,1025.0,1025.0,2.0,0.0043245216382417385,8.532655000686646
3997.0,0.18352319063218825,1025.0,1025.0,1.0,0.004301021823067864,8.533444881439209
3998.0,0.18333966744155605,1025.0,1025.0,1.0,0.004277626376105831,8.534222841262817
3999.0,0.1831563277741145,1025.0,1025.0,1.0,0.004254334960935352,8.535003900527954
4000.0,0.1829731714463404,1025.0,1025.0,0.0,0.00423114724162585,8.535799026489258
4001.0,0.18279019827489407,1025.0,1025.0,0.0,0.004208062882738224,8.536588191986084
4002.0,0.18260740807661918,1025.0,1025.0,0.0,0.004185081549326548,8.537392854690552
4003.0,0.18242480066854255,1025.0,1025.0,2.0,0.004162202906939835,8.538154125213623
4004.0,0.182242375867874,1025.0,1025.0,1.0,0.004139426621623709,8.53895092010498
4005.0,0.18206013349200614,1025.0,1025.0,0.0,0.004116752359922149,8.539738893508911
4006.0,0.18187807335851414,1025.0,1025.0,0.0,0.004094179788879137,8.540530920028687
4007.0,0.18169619528515563,1025.0,1025.0,1.0,0.004071708576040387,8.541391849517822
4008.0,0.18151449908987047,1025.0,1025.0,0.0,0.004049338389454979,8.54220700263977
4009.0,0.1813329845907806,1025.0,1025.0,0.0,0.0040270688976770585,8.543009996414185
4010.0,0.18115165160618982,1025.0,1025.0,2.0,0.004004899769767469,8.543816089630127
4011.0,0.18097049995458364,1025.0,1025.0,0.0,0.0039828306752954,8.544675827026367
4012.0,0.18078952945462906,1025.0,1025.0,0.0,0.0039608612843400285,8.545489072799683
4013.0,0.18060873992517443,1025.0,1025.0,1.0,0.003938991267492137,8.546293020248413
4014.0,0.18042813118524925,1025.0,1025.0,0.0,0.003917220295855741,8.54709506034851
4015.0,0.180247703054064,1025.0,1025.0,1.0,0.00389554804104968,8.547906160354614
4016.0,0.18006745535100996,1025.0,1025.0,3.0,0.003873974175209227,8.548683166503906
4017.0,0.17988738789565895,1025.0,1025.0,1.0,0.0038524983709876527,8.549475908279419
4018.0,0.1797075005077633,1025.0,1025.0,0.0,0.0038311203015578324,8.550270080566406
4019.0,0.17952779300725552,1025.0,1025.0,1.0,0.0038098396406137905,8.551061153411865
4020.0,0.17934826521424826,1025.0,1025.0,1.0,0.0037886560623722667,8.551856994628906
4021.0,0.17916891694903403,1025.0,1025.0,0.0,0.0037675692415742586,8.552696943283081
4022.0,0.178989748032085,1025.0,1025.0,1.0,0.003746578853486553,8.553493022918701
4023.0,0.1788107582840529,1025.0,1025.0,1.0,0.003725684573903263,8.554314136505127
4024.0,0.17863194752576886,1025.0,1025.0,0.0,0.003704886079147344,8.55510401725769
4025.0,0.1784533155782431,1025.0,1025.0,0.0,0.0036841830460720907,8.555874109268188
4026.0,0.17827486226266484,1025.0,1025.0,0.0,0.003663575152062648,8.556653022766113
4027.0,0.17809658740040218,1025.0,1025.0,1.0,0.003643062075037487,8.557453870773315
4028.0,0.1779184908130018,1025.0,1025.0,0.0,0.0036226434934498873,8.55824589729309
4029.0,0.1777405723221888,1025.0,1025.0,1.0,0.0036023190862893976,8.55925989151001
4030.0,0.1775628317498666,1025.0,1025.0,0.0,0.0035820885330833047,8.560120105743408
4031.0,0.17738526891811673,1025.0,1025.0,1.0,0.0035619515138980745,8.561043977737427
4032.0,0.17720788364919862,1025.0,1025.0,1.0,0.003541907709340788,8.561838865280151
4033.0,0.17703067576554943,1025.0,1025.0,1.0,0.003521956800560561,8.562663078308105
4034.0,0.17685364508978388,1025.0,1025.0,0.0,0.003502098469249983,8.563446044921875
4035.0,0.1766767914446941,1025.0,1025.0,1.0,0.0034823323976465046,8.56421685218811
4036.0,0.17650011465324938,1025.0,1025.0,1.0,0.0034626582685338384,8.564990043640137
4037.0,0.17632361453859613,1025.0,1025.0,1.0,0.0034430757652433503,8.5657479763031
4038.0,0.17614729092405754,1025.0,1025.0,1.0,0.0034235845716554443,8.566515922546387
4039.0,0.1759711436331335,1025.0,1025.0,0.0,0.0034041843722009035,8.567285060882568
4040.0,0.17579517248950036,1025.0,1025.0,2.0,0.003384874851862277,8.56803297996521
4041.0,0.17561937731701086,1025.0,1025.0,0.0,0.003365655696175205,8.56882095336914
4042.0,0.17544375793969386,1025.0,1025.0,0.0,0.0033465265912297733,8.569602012634277
4043.0,0.17526831418175418,1025.0,1025.0,0.0,0.003327487223671817,8.570361852645874
4044.0,0.17509304586757243,1025.0,1025.0,1.0,0.003308537280704264,8.571144104003906
4045.0,0.17491795282170486,1025.0,1025.0,0.0,0.003289676450088418,8.571917057037354
4046.0,0.17474303486888315,1025.0,1025.0,0.0,0.0032709044201452747,8.572764873504639
4047.0,0.17456829183401426,1025.0,1025.0,1.0,0.003252220879756788,8.573559045791626
4048.0,0.17439372354218025,1025.0,1025.0,0.0,0.0032336255183671634,8.5743408203125
4049.0,0.17421932981863805,1025.0,1025.0,0.0,0.0032151180259841184,8.575179100036621
4050.0,0.1740451104888194,1025.0,1025.0,1.0,0.0031966980931801303,8.575958013534546
4051.0,0.17387106537833058,1025.0,1025.0,2.0,0.0031783654110936923,8.576734066009521
4052.0,0.17369719431295225,1025.0,1025.0,0.0,0.0031601196714305516,8.57749891281128
4053.0,0.1735234971186393,1025.0,1025.0,1.0,0.0031419605664649184,8.57825493812561
4054.0,0.17334997362152066,1025.0,1025.0,1.0,0.0031238877890406953,8.579064130783081
4055.0,0.17317662364789912,1025.0,1025.0,2.0,0.003105901032572684,8.579841136932373
4056.0,0.17300344702425122,1025.0,1025.0,1.0,0.0030879999910477696,8.580597162246704
4057.0,0.17283044357722696,1025.0,1025.0,0.0,0.003070184359026112,8.581346035003662
4058.0,0.17265761313364975,1025.0,1025.0,1.0,0.003052453831642323,8.582111120223999
4059.0,0.1724849555205161,1025.0,1025.0,0.0,0.0030348081046066224,8.582876920700073
4060.0,0.17231247056499557,1025.0,1025.0,1.0,0.0030172468742060018,8.583636045455933
4061.0,0.1721401580944306,1025.0,1025.0,1.0,0.0029997698373053624,8.584414005279541
4062.0,0.17196801793633615,1025.0,1025.0,0.0,0.002982376691348653,8.58521294593811
4063.0,0.1717960499183998,1025.0,1025.0,1.0,0.0029650671343599898,8.586034059524536
4064.0,0.1716242538684814,1025.0,1025.0,1.0,0.002947840864944773,8.586836099624634
4065.0,0.1714526296146129,1025.0,1025.0,0.0,0.0029306975822907906,8.587627172470093
4066.0,0.17128117698499828,1025.0,1025.0,0.0,0.0029136369861693105,8.588429927825928
4067.0,0.17110989580801328,1025.0,1025.0,0.0,0.0028966587769361637,8.589250802993774
4068.0,0.17093878591220527,1025.0,1025.0,0.0,0.0028797626555328174,8.590054035186768
4069.0,0.17076784712629306,1025.0,1025.0,0.0,0.002862948323487435,8.590850830078125
4070.0,0.17059707927916676,1025.0,1025.0,0.0,0.0028462154829159377,8.591635942459106
4071.0,0.1704264821998876,1025.0,1025.0,0.0,0.0028295638365230355,8.592420816421509
4072.0,0.1702560557176877,1025.0,1025.0,1.0,0.0028129930876032664,8.593225002288818
4073.0,0.17008579966197002,1025.0,1025.0,0.0,0.0027965029400420145,8.594003915786743
4074.0,0.16991571386230805,1025.0,1025.0,1.0,0.0027800930983165285,8.59478497505188
4075.0,0.16974579814844576,1025.0,1025.0,1.0,0.0027637632674969146,8.59558892250061
4076.0,0.16957605235029732,1025.0,1025.0,0.0,0.0027475131532471325,8.59636902809143
4077.0,0.16940647629794703,1025.0,1025.0,1.0,0.0027313424618259745,8.597144842147827
4078.0,0.16923706982164907,1025.0,1025.0,0.0,0.002715250900088044,8.597923994064331
4079.0,0.16906783275182743,1025.0,1025.0,1.0,0.0026992381754847067,8.59873104095459
4080.0,0.1688987649190756,1025.0,1025.0,1.0,0.002683303996065046,8.599528074264526
4081.0,0.16872986615415653,1025.0,1025.0,3.0,0.002667448070476804,8.600330114364624
4082.0,0.16856113628800237,1025.0,1025.0,0.0,0.0026516701079673075,8.601089000701904
4083.0,0.16839257515171438,1025.0,1025.0,0.0,0.002635969818384396,8.601951122283936
4084.0,0.16822418257656266,1025.0,1025.0,1.0,0.002620346912177321,8.602751016616821
4085.0,0.1680559583939861,1025.0,1025.0,0.0,0.002604801100397661,8.60352110862732
4086.0,0.16788790243559212,1025.0,1025.0,0.0,0.002589332094700192,8.604298114776611
4087.0,0.16772001453315652,1025.0,1025.0,1.0,0.0025739396073437837,8.605087995529175
4088.0,0.16755229451862336,1025.0,1025.0,1.0,0.0025586233511922588,8.60588812828064
4089.0,0.16738474222410474,1025.0,1025.0,0.0,0.0025433830397152573,8.60672378540039
4090.0,0.16721735748188063,1025.0,1025.0,0.0,0.0025282183869890862,8.607519149780273
4091.0,0.16705014012439875,1025.0,1025.0,0.0,0.0025131291076975503,8.608307123184204
4092.0,0.16688308998427437,1025.0,1025.0,1.0,0.0024981149171327895,8.60905909538269
4093.0,0.1667162068942901,1025.0,1025.0,0.0,0.0024831755311960956,8.609822034835815
4094.0,0.1665494906873958,1025.0,1025.0,0.0,0.0024683106663987175,8.610603094100952
4095.0,0.1663829411967084,1025.0,1025.0,0.0,0.002453520039862662,8.611373901367188
4096.0,0.1662165582555117,1025.0,1025.0,0.0,0.0024388033693214842,8.612144947052002
4097.0,0.1660503416972562,1025.0,1025.0,0.0,0.0024241603731210543,8.612915992736816
4098.0,0.16588429135555893,1025.0,1025.0,0.0,0.002409590770220348,8.613700866699219
4099.0,0.16571840706420338,1025.0,1025.0,1.0,0.0023950942801921793,8.614466905593872
4100.0,0.16555268865713918,1025.0,1025.0,0.0,0.002380670623223962,8.615252017974854
4101.0,0.16538713596848204,1025.0,1025.0,1.0,0.002366319520118445,8.616045951843262
4102.0,0.16522174883251356,1025.0,1025.0,1.0,0.0023520406922944385,8.61686110496521
4103.0,0.16505652708368104,1025.0,1025.0,0.0,0.0023378338617875377,8.617660999298096
4104.0,0.16489147055659736,1025.0,1025.0,0.0,0.002323698751250816,8.618463039398193
4105.0,0.16472657908604077,1025.0,1025.0,0.0,0.002309635083955537,8.619247913360596
4106.0,0.16456185250695474,1025.0,1025.0,2.0,0.002295642583791833,8.620029926300049
4107.0,0.16439729065444778,1025.0,1025.0,2.0,0.002281720975269385,8.62082314491272
4108.0,0.16423289336379332,1025.0,1025.0,0.0,0.0022678699835180917,8.62160325050354
4109.0,0.16406866047042953,1025.0,1025.0,0.0,0.0022540893342887208,8.622375965118408
4110.0,0.16390459180995912,1025.0,1025.0,1.0,0.002240378753953563,8.623172998428345
4111.0,0.16374068721814916,1025.0,1025.0,0.0,0.0022267379695070626,8.623968124389648
4112.0,0.16357694653093102,1025.0,1025.0,0.0,0.0022131667085664476,8.624763011932373
4113.0,0.1634133695844001,1025.0,1025.0,0.0,0.002199664699372346,8.625555038452148
4114.0,0.1632499562148157,1025.0,1025.0,0.0,0.0021862316707893974,8.626368045806885
4115.0,0.1630867062586009,1025.0,1025.0,0.0,0.0021728673523068415,8.627181768417358
4116.0,0.16292361955234227,1025.0,1025.0,0.0,0.0021595714740391047,8.627978086471558
4117.0,0.16276069593278994,1025.0,1025.0,0.0,0.0021463437667263927,8.628750801086426
4118.0,0.16259793523685714,1025.0,1025.0,0.0,0.0021331839617352343,8.629548072814941
4119.0,0.1624353373016203,1025.0,1025.0,1.0,0.00212009179105906,8.630360841751099
4120.0,0.16227290196431868,1025.0,1025.0,1.0,0.002107066987318731,8.631172895431519
4121.0,0.16211062906235435,1025.0,1025.0,0.0,0.002094109283763088,8.6319739818573
4122.0,0.161948518433292,1025.0,1025.0,0.0,0.0020812184142694804,8.632755041122437
4123.0,0.1617865699148587,1025.0,1025.0,1.0,0.00206839411334427,8.633546113967896
4124.0,0.16162478334494385,1025.0,1025.0,0.0,0.0020556361161233497,8.634345054626465
4125.0,0.1614631585615989,1025.0,1025.0,0.0,0.0020429441583726385,8.635133028030396
4126.0,0.1613016954030373,1025.0,1025.0,2.0,0.0020303179764885686,8.635934114456177
4127.0,0.16114039370763425,1025.0,1025.0,1.0,0.0020177573074985637,8.63675594329834
4128.0,0.16097925331392662,1025.0,1025.0,1.0,0.002005261889061506,8.637517213821411
4129.0,0.1608182740606127,1025.0,1025.0,0.0,0.001992831459468192,8.638309955596924
4130.0,0.16065745578655208,1025.0,1025.0,0.0,0.0019804657576417838,8.639102935791016
4131.0,0.16049679833076552,1025.0,1025.0,2.0,0.001968164523138251,8.639896154403687
4132.0,0.16033630153243475,1025.0,1025.0,1.0,0.001955927496146791,8.64073395729065
4133.0,0.16017596523090233,1025.0,1025.0,0.0,0.001943754417490253,8.641624927520752
4134.0,0.16001578926567142,1025.0,1025.0,0.0,0.0019316450286255464,8.642423152923584
4135.0,0.15985577347640575,1025.0,1025.0,0.0,0.0019195990716440391,8.643195867538452
4136.0,0.15969591770292935,1025.0,1025.0,2.0,0.0019076162892719467,8.643981218338013
4137.0,0.15953622178522642,1025.0,1025.0,1.0,0.0018956964248707131,8.64477014541626
4138.0,0.1593766855634412,1025.0,1025.0,0.0,0.0018838392224373808,8.645545959472656
4139.0,0.15921730887787777,1025.0,1025.0,0.0,0.0018720444266049517,8.646307229995728
4140.0,0.1590580915689999,1025.0,1025.0,1.0,0.0018603117826427318,8.647170782089233
4141.0,0.1588990334774309,1025.0,1025.0,0.0,0.0018486410364566817,8.648043155670166
4142.0,0.15874013444395346,1025.0,1025.0,0.0,0.0018370319345897403,8.648838996887207
4143.0,0.15858139430950952,1025.0,1025.0,1.0,0.0018254842242221504,8.649633169174194
4144.0,0.1584228129152,1025.0,1025.0,2.0,0.0018139976531717675,8.650426864624023
4145.0,0.1582643901022848,1025.0,1025.0,1.0,0.0018025719698943647,8.651230096817017
4146.0,0.15810612571218252,1025.0,1025.0,1.0,0.0017912069234839267,8.651993989944458
4147.0,0.15794801958647034,1025.0,1025.0,0.0,0.0017799022636729226,8.652776002883911
4148.0,0.15779007156688388,1025.0,1025.0,0.0,0.001768657740832594,8.653563976287842
4149.0,0.157632281495317,1025.0,1025.0,1.0,0.0017574731059732097,8.654366970062256
4150.0,0.15747464921382168,1025.0,1025.0,0.0,0.001746348110744324,8.655153036117554
4151.0,0.15731717456460786,1025.0,1025.0,1.0,0.0017352825074350182,8.655938148498535
4152.0,0.15715985739004326,1025.0,1025.0,0.0,0.0017242760489741362,8.656769037246704
4153.0,0.15700269753265322,1025.0,1025.0,1.0,0.001713328488930515,8.657549858093262
4154.0,0.15684569483512056,1025.0,1025.0,1.0,0.0017024395815131946,8.658381223678589
4155.0,0.15668884914028544,1025.0,1025.0,0.0,0.0016916090815716303,8.659160852432251
4156.0,0.15653216029114517,1025.0,1025.0,0.0,0.0016808367445958854,8.659941911697388
4157.0,0.156375628130854,1025.0,1025.0,1.0,0.0016701223267168233,8.660738945007324
4158.0,0.15621925250272314,1025.0,1025.0,1.0,0.0016594655847062812,8.661547183990479
4159.0,0.15606303325022042,1025.0,1025.0,0.0,0.001648866275977247,8.662326097488403
4160.0,0.1559069702169702,1025.0,1025.0,1.0,0.0016383241585840108,8.663100004196167
4161.0,0.15575106324675322,1025.0,1025.0,0.0,0.0016278389912223168,8.663878917694092
4162.0,0.15559531218350647,1025.0,1025.0,1.0,0.0016174105332295097,8.664659023284912
4163.0,0.15543971687132296,1025.0,1025.0,0.0,0.0016070385445846628,8.665436029434204
4164.0,0.15528427715445164,1025.0,1025.0,2.0,0.0015967227859086989,8.66622018814087
4165.0,0.1551289928772972,1025.0,1025.0,0.0,0.001586463018464506,8.666992902755737
4166.0,0.15497386388441992,1025.0,1025.0,0.0,0.001576259004157039,8.66776704788208
4167.0,0.1548188900205355,1025.0,1025.0,2.0,0.0015661105055334162,8.668564081192017
4168.0,0.15466407113051497,1025.0,1025.0,0.0,0.0015560172857830052,8.669419050216675
4169.0,0.15450940705938446,1025.0,1025.0,0.0,0.0015459791087374958,8.670224905014038
4170.0,0.15435489765232507,1025.0,1025.0,1.0,0.0015359957388709725,8.67102599143982
4171.0,0.15420054275467274,1025.0,1025.0,1.0,0.001526066941299963,8.671811819076538
4172.0,0.15404634221191807,1025.0,1025.0,0.0,0.0015161924817835017,8.672595977783203
4173.0,0.15389229586970615,1025.0,1025.0,0.0,0.0015063721267231512,8.673394918441772
4174.0,0.15373840357383645,1025.0,1025.0,0.0,0.0014966056431630467,8.674273014068604
4175.0,0.15358466517026262,1025.0,1025.0,0.0,0.0014868927987899134,8.675042152404785
4176.0,0.15343108050509235,1025.0,1025.0,0.0,0.0014772333619330726,8.675817012786865
4177.0,0.15327764942458727,1025.0,1025.0,0.0,0.001467627101564456,8.676580905914307
4178.0,0.1531243717751627,1025.0,1025.0,0.0,0.0014580737872985923,8.677350044250488
4179.0,0.15297124740338752,1025.0,1025.0,0.0,0.0014485731893925902,8.67811894416809
4180.0,0.15281827615598415,1025.0,1025.0,0.0,0.0014391250787461258,8.678858041763306
4181.0,0.15266545787982816,1025.0,1025.0,1.0,0.0014297292269013946,8.679704904556274
4182.0,0.15251279242194832,1025.0,1025.0,0.0,0.0014203854060430856,8.680479049682617
4183.0,0.15236027962952636,1025.0,1025.0,0.0,0.001411093388998318,8.68125295639038
4184.0,0.15220791934989683,1025.0,1025.0,0.0,0.0014018529492365887,8.682049036026001
4185.0,0.15205571143054694,1025.0,1025.0,0.0,0.0013926638608697023,8.682852983474731
4186.0,0.1519036557191164,1025.0,1025.0,0.0,0.0013835258986516913,8.683717966079712
4187.0,0.15175175206339728,1025.0,1025.0,0.0,0.001374438837978732,8.684478998184204
4188.0,0.1516000003113339,1025.0,1025.0,0.0,0.0013654024548890554,8.685274839401245
4189.0,0.15144840031102255,1025.0,1025.0,1.0,0.0013564165260628305,8.686033010482788
4190.0,0.15129695191071152,1025.0,1025.0,0.0,0.0013474808288220644,8.68678903579712
4191.0,0.1511456549588008,1025.0,1025.0,1.0,0.001338595141130477,8.687554836273193
4192.0,0.150994509303842,1025.0,1025.0,1.0,0.0013297592415933677,8.688345909118652
4193.0,0.15084351479453817,1025.0,1025.0,0.0,0.0013209729094574801,8.689141988754272
4194.0,0.15069267127974362,1025.0,1025.0,1.0,0.001312235924610855,8.689948081970215
4195.0,0.15054197860846388,1025.0,1025.0,0.0,0.0013035480675826752,8.690765142440796
4196.0,0.1503914366298554,1025.0,1025.0,0.0,0.001294909119543098,8.691545963287354
4197.0,0.15024104519322556,1025.0,1025.0,0.0,0.0012863188623030853,8.69234013557434
4198.0,0.15009080414803233,1025.0,1025.0,0.0,0.0012777770783142202,8.693130016326904
4199.0,0.14994071334388429,1025.0,1025.0,0.0,0.0012692835506685166,8.693912982940674
4200.0,0.14979077263054041,1025.0,1025.0,0.0,0.0012608380630982259,8.694760084152222
4201.0,0.14964098185790986,1025.0,1025.0,0.0,0.001252440399975618,8.695525884628296
4202.0,0.14949134087605195,1025.0,1025.0,0.0,0.0012440903463127805,8.69629192352295
4203.0,0.1493418495351759,1025.0,1025.0,0.0,0.0012357876877613823,8.697057008743286
4204.0,0.1491925076856407,1025.0,1025.0,0.0,0.0012275322106124489,8.697826147079468
4205.0,0.14904331517795508,1025.0,1025.0,0.0,0.0012193237017961195,8.698587894439697
4206.0,0.14889427186277712,1025.0,1025.0,0.0,0.0012111619488813933,8.69935393333435
4207.0,0.14874537759091436,1025.0,1025.0,0.0,0.0012030467400758796,8.70012092590332
4208.0,0.14859663221332345,1025.0,1025.0,1.0,0.0011949778642255258,8.70088505744934
4209.0,0.14844803558111014,1025.0,1025.0,0.0,0.0011869551108143485,8.701653003692627
4210.0,0.14829958754552902,1025.0,1025.0,0.0,0.0011789782699641442,8.70244312286377
4211.0,0.1481512879579835,1025.0,1025.0,0.0,0.001171047132434206,8.703212022781372
4212.0,0.14800313667002551,1025.0,1025.0,0.0,0.00116316148962102,8.703994035720825
4213.0,0.1478551335333555,1025.0,1025.0,0.0,0.0011553211335579622,8.704845190048218
4214.0,0.14770727839982215,1025.0,1025.0,0.0,0.0011475258569149766,8.70563793182373
4215.0,0.14755957112142232,1025.0,1025.0,0.0,0.0011397754529982604,8.70643401145935
4216.0,0.1474120115503009,1025.0,1025.0,0.0,0.0011320697157499266,8.707303047180176
4217.0,0.1472645995387506,1025.0,1025.0,1.0,0.0011244084397476666,8.70809817314148
4218.0,0.14711733493921184,1025.0,1025.0,0.0,0.0011167914202044014,8.708872079849243
4219.0,0.14697021760427262,1025.0,1025.0,0.0,0.0011092184529679294,8.709655046463013
4220.0,0.14682324738666835,1025.0,1025.0,1.0,0.0011016893345205613,8.710425853729248
4221.0,0.1466764241392817,1025.0,1025.0,0.0,0.0010942038619787449,8.71121597290039
4222.0,0.1465297477151424,1025.0,1025.0,1.0,0.00108676183309269,8.712011098861694
4223.0,0.14638321796742726,1025.0,1025.0,0.0,0.001079363046245981,8.71279501914978
4224.0,0.14623683474945984,1025.0,1025.0,0.0,0.0010720073004551803,8.713548183441162
4225.0,0.14609059791471038,1025.0,1025.0,0.0,0.0010646943953694253,8.71437406539917
4226.0,0.14594450731679567,1025.0,1025.0,0.0,0.0010574241312700185,8.715154886245728
4227.0,0.14579856280947887,1025.0,1025.0,0.0,0.0010501963090700055,8.715954065322876
4228.0,0.1456527642466694,1025.0,1025.0,0.0,0.0010430107303137572,8.716792821884155
4229.0,0.14550711148242274,1025.0,1025.0,0.0,0.0010358671971765253,8.71757698059082
4230.0,0.1453616043709403,1025.0,1025.0,0.0,0.0010287655124640053,8.718353986740112
4231.0,0.14521624276656936,1025.0,1025.0,1.0,0.0010217054796118875,8.719111919403076
4232.0,0.1450710265238028,1025.0,1025.0,0.0,0.0010146869026853996,8.719888925552368
4233.0,0.144925955497279,1025.0,1025.0,0.0,0.001007709586378842,8.720649003982544
4234.0,0.1447810295417817,1025.0,1025.0,1.0,0.001000773336015112,8.721443176269531
4235.0,0.14463624851223994,1025.0,1025.0,1.0,0.0009938779575452308,8.722211837768555
4236.0,0.1444916122637277,1025.0,1025.0,1.0,0.0009870232575478477,8.722989797592163
4237.0,0.14434712065146396,1025.0,1025.0,1.0,0.0009802090432287523,8.723757982254028
4238.0,0.14420277353081248,1025.0,1025.0,0.0,0.0009734351224203685,8.724612951278687
4239.0,0.14405857075728168,1025.0,1025.0,0.0,0.0009667013035812469,8.725409030914307
4240.0,0.1439145121865244,1025.0,1025.0,1.0,0.0009600073957955425,8.726197004318237
4241.0,0.14377059767433786,1025.0,1025.0,0.0,0.0009533532087724962,8.726977109909058
4242.0,0.14362682707666352,1025.0,1025.0,0.0,0.0009467385528459016,8.727768898010254
4243.0,0.14348320024958686,1025.0,1025.0,0.0,0.000940163238973561,8.728554964065552
4244.0,0.14333971704933726,1025.0,1025.0,0.0,0.0009336270787367448,8.729361057281494
4245.0,0.14319637733228793,1025.0,1025.0,1.0,0.0009271298843396353,8.730151891708374
4246.0,0.14305318095495564,1025.0,1025.0,1.0,0.000920671468608762,8.731034994125366
4247.0,0.1429101277740007,1025.0,1025.0,0.0,0.0009142516449924411,8.73180079460144
4248.0,0.14276721764622669,1025.0,1025.0,1.0,0.0009078702275601928,8.732553005218506
4249.0,0.14262445042858046,1025.0,1025.0,0.0,0.0009015270310021643,8.733301162719727
4250.0,0.14248182597815187,1025.0,1025.0,0.0,0.0008952218706285346,8.734065055847168
4251.0,0.14233934415217372,1025.0,1025.0,0.0,0.0008889545623689248,8.734920024871826
4252.0,0.14219700480802155,1025.0,1025.0,1.0,0.000882724922771786,8.735737800598145
4253.0,0.14205480780321353,1025.0,1025.0,1.0,0.0008765327690037958,8.736531972885132
4254.0,0.1419127529954103,1025.0,1025.0,0.0,0.0008703779188492371,8.737448930740356
4255.0,0.1417708402424149,1025.0,1025.0,0.0,0.0008642601907093749,8.738286972045898
4256.0,0.14162906940217249,1025.0,1025.0,0.0,0.0008581794036018217,8.739068984985352
4257.0,0.1414874403327703,1025.0,1025.0,0.0,0.0008521353771599031,8.739832878112793
4258.0,0.14134595289243754,1025.0,1025.0,1.0,0.0008461279316320116,8.740620136260986
4259.0,0.1412046069395451,1025.0,1025.0,0.0,0.0008401568878809516,8.741397142410278
4260.0,0.14106340233260556,1025.0,1025.0,0.0,0.0008342220673832831,8.742238998413086
4261.0,0.14092233893027295,1025.0,1025.0,1.0,0.0008283232922286553,8.743019104003906
4262.0,0.1407814165913427,1025.0,1025.0,0.0,0.0008224603851191359,8.743796110153198
4263.0,0.14064063517475134,1025.0,1025.0,0.0,0.0008166331693685279,8.744683980941772
4264.0,0.1404999945395766,1025.0,1025.0,0.0,0.0008108414689016907,8.745471000671387
4265.0,0.14035949454503702,1025.0,1025.0,0.0,0.000805085108253839,8.746262073516846
4266.0,0.14021913505049197,1025.0,1025.0,1.0,0.0007993639125698516,8.747053146362305
4267.0,0.14007891591544147,1025.0,1025.0,1.0,0.0007936777076035644,8.747826099395752
4268.0,0.13993883699952603,1025.0,1025.0,0.0,0.0007880263197170532,8.74861192703247
4269.0,0.1397988981625265,1025.0,1025.0,0.0,0.0007824095758799218,8.749383926391602
4270.0,0.13965909926436398,1025.0,1025.0,0.0,0.000776827303668575,8.750164985656738
4271.0,0.13951944016509962,1025.0,1025.0,0.0,0.0007712793312654838,8.75093698501587
4272.0,0.13937992072493452,1025.0,1025.0,0.0,0.0007657654874584534,8.751724004745483
4273.0,0.13924054080420958,1025.0,1025.0,0.0,0.0007602856016398753,8.752504825592041
4274.0,0.13910130026340536,1025.0,1025.0,0.0,0.0007548395038059776,8.753281116485596
4275.0,0.13896219896314196,1025.0,1025.0,0.0,0.00074942702455607,8.75406289100647
4276.0,0.13882323676417882,1025.0,1025.0,0.0,0.0007440479950917796,8.754884004592896
4277.0,0.13868441352741465,1025.0,1025.0,0.0,0.0007387022472162804,8.755686044692993
4278.0,0.13854572911388724,1025.0,1025.0,0.0,0.0007333896133335203,8.756479978561401
4279.0,0.13840718338477334,1025.0,1025.0,0.0,0.0007281099264474393,8.757242918014526
4280.0,0.13826877620138855,1025.0,1025.0,1.0,0.0007228630201611797,8.758038997650146
4281.0,0.13813050742518718,1025.0,1025.0,0.0,0.0007176487286762971,8.75885009765625
4282.0,0.13799237691776198,1025.0,1025.0,0.0,0.0007124668867919544,8.759644985198975
4283.0,0.13785438454084423,1025.0,1025.0,0.0,0.000707317329904122,8.760456085205078
4284.0,0.1377165301563034,1025.0,1025.0,0.0,0.0007021998940047612,8.761321067810059
4285.0,0.1375788136261471,1025.0,1025.0,2.0,0.0006971144156810109,8.762081146240234
4286.0,0.13744123481252096,1025.0,1025.0,0.0,0.00069206073211436,8.762856006622314
4287.0,0.13730379357770844,1025.0,1025.0,1.0,0.0006870386810798203,8.763620853424072
4288.0,0.13716648978413074,1025.0,1025.0,0.0,0.0006820481009450929,8.764410972595215
4289.0,0.1370293232943466,1025.0,1025.0,0.0,0.0006770888306697219,8.76518988609314
4290.0,0.13689229397105226,1025.0,1025.0,0.0,0.0006721607098042528,8.765946865081787
4291.0,0.13675540167708122,1025.0,1025.0,0.0,0.0006672635784893768,8.766716003417969
4292.0,0.13661864627540415,1025.0,1025.0,0.0,0.0006623972774550732,8.767476081848145
4293.0,0.13648202762912875,1025.0,1025.0,0.0,0.0006575616480197461,8.768277168273926
4294.0,0.1363455456014996,1025.0,1025.0,0.0,0.0006527565320893532,8.769094944000244
4295.0,0.13620920005589812,1025.0,1025.0,0.0,0.0006479817721565336,8.769876956939697
4296.0,0.13607299085584224,1025.0,1025.0,0.0,0.0006432372112997232,8.770681858062744
4297.0,0.1359369178649864,1025.0,1025.0,0.0,0.0006385226931822707,8.771482944488525
4298.0,0.13580098094712142,1025.0,1025.0,0.0,0.0006338380620515454,8.772275924682617
4299.0,0.1356651799661743,1025.0,1025.0,0.0,0.0006291831627380388,8.773054122924805
4300.0,0.13552951478620812,1025.0,1025.0,2.0,0.0006245578406544637,8.773838996887207
4301.0,0.1353939852714219,1025.0,1025.0,0.0,0.0006199619417948465,8.774657011032104
4302.0,0.13525859128615048,1025.0,1025.0,1.0,0.0006153953127336097,8.775532007217407
4303.0,0.13512333269486432,1025.0,1025.0,1.0,0.000610857800624658,8.776311159133911
4304.0,0.13498820936216946,1025.0,1025.0,1.0,0.0006063492532004518,8.77706503868103
4305.0,0.1348532211528073,1025.0,1025.0,1.0,0.0006018695187710771,8.777822971343994
4306.0,0.13471836793165448,1025.0,1025.0,1.0,0.0005974184462233123,8.778595924377441
4307.0,0.13458364956372282,1025.0,1025.0,0.0,0.0005929958850196898,8.779416799545288
4308.0,0.1344490659141591,1025.0,1025.0,0.0,0.000588601685197547,8.780197858810425
4309.0,0.13431461684824492,1025.0,1025.0,1.0,0.0005842356973680817,8.78100299835205
4310.0,0.13418030223139668,1025.0,1025.0,2.0,0.0005798977727153922,8.781821012496948
4311.0,0.1340461219291653,1025.0,1025.0,0.0,0.0005755877629955204,8.782637119293213
4312.0,0.13391207580723613,1025.0,1025.0,1.0,0.0005713055205354841,8.783459901809692
4313.0,0.1337781637314289,1025.0,1025.0,0.0,0.00056705089823231,8.784251928329468
4314.0,0.13364438556769748,1025.0,1025.0,1.0,0.0005628237495520571,8.785025119781494
4315.0,0.13351074118212977,1025.0,1025.0,0.0,0.0005586239285288343,8.78577995300293
4316.0,0.13337723044094765,1025.0,1025.0,0.0,0.0005544512897638227,8.786542892456055
4317.0,0.13324385321050672,1025.0,1025.0,0.0,0.0005503056884242776,8.78732705116272
4318.0,0.1331106093572962,1025.0,1025.0,1.0,0.00054618698024254,8.788104057312012
4319.0,0.1329774987479389,1025.0,1025.0,1.0,0.000542095021515034,8.788860082626343
4320.0,0.13284452124919097,1025.0,1025.0,0.0,0.0005380296691012676,8.789709091186523
4321.0,0.13271167672794176,1025.0,1025.0,1.0,0.0005339907804228182,8.79050612449646
4322.0,0.13257896505121383,1025.0,1025.0,0.0,0.000529978213462324,8.791332006454468
4323.0,0.1324463860861626,1025.0,1025.0,1.0,0.0005259918267624631,8.792103052139282
4324.0,0.13231393970007643,1025.0,1025.0,0.0,0.000522031479424935,8.792894124984741
4325.0,0.13218162576037637,1025.0,1025.0,1.0,0.0005180970311094302,8.793669939041138
4326.0,0.132049444134616,1025.0,1025.0,1.0,0.0005141883420325991,8.79446291923523
4327.0,0.1319173946904814,1025.0,1025.0,1.0,0.000510305272967019,8.795236825942993
4328.0,0.1317854772957909,1025.0,1025.0,0.0,0.0005064476852401496,8.796009063720703
4329.0,0.13165369181849512,1025.0,1025.0,0.0,0.0005026154407332932,8.796763896942139
4330.0,0.13152203812667662,1025.0,1025.0,0.0,0.0004988084018805414,8.797560214996338
4331.0,0.13139051608854996,1025.0,1025.0,0.0,0.0004950264316677248,8.79832410812378
4332.0,0.13125912557246142,1025.0,1025.0,0.0,0.0004912693936313526,8.799095153808594
4333.0,0.13112786644688895,1025.0,1025.0,0.0,0.00048753715185755286,8.799845933914185
4334.0,0.13099673858044206,1025.0,1025.0,0.0,0.0004838295709810061,8.800609111785889
4335.0,0.13086574184186162,1025.0,1025.0,0.0,0.00048014651618387427,8.801376104354858
4336.0,0.13073487610001974,1025.0,1025.0,0.0,0.00047648785319472596,8.80215311050415
4337.0,0.13060414122391972,1025.0,1025.0,0.0,0.0004728534482874602,8.802922010421753
4338.0,0.1304735370826958,1025.0,1025.0,0.0,0.00046924316828022097,8.803688049316406
4339.0,0.1303430635456131,1025.0,1025.0,0.0,0.0004656568805343119,8.804463863372803
4340.0,0.13021272048206747,1025.0,1025.0,0.0,0.0004620944529531063,8.805227041244507
4341.0,0.1300825077615854,1025.0,1025.0,1.0,0.000458555753980951,8.805997133255005
4342.0,0.1299524252538238,1025.0,1025.0,1.0,0.00045504065260206953,8.806792974472046
4343.0,0.12982247282856998,1025.0,1025.0,1.0,0.0004515490183394577,8.807567834854126
4344.0,0.1296926503557414,1025.0,1025.0,0.0,0.0004480807212537792,8.808341979980469
4345.0,0.12956295770538567,1025.0,1025.0,0.0,0.0004446356319422554,8.809138059616089
4346.0,0.12943339474768029,1025.0,1025.0,1.0,0.00044121362153754905,8.809937953948975
4347.0,0.1293039613529326,1025.0,1025.0,0.0,0.0004378145617066496,8.810790061950684
4348.0,0.12917465739157966,1025.0,1025.0,1.0,0.00043443832464975054,8.81157112121582
4349.0,0.1290454827341881,1025.0,1025.0,2.0,0.000431084783099125,8.812342166900635
4350.0,0.1289164372514539,1025.0,1025.0,0.0,0.00042775381031799614,8.813106060028076
4351.0,0.12878752081420244,1025.0,1025.0,0.0,0.00042444528009940463,8.813864946365356
4352.0,0.12865873329338823,1025.0,1025.0,0.0,0.0004211590667650753,8.814637899398804
4353.0,0.12853007456009483,1025.0,1025.0,1.0,0.0004178950451642748,8.815423965454102
4354.0,0.12840154448553473,1025.0,1025.0,1.0,0.0004146530906726716,8.8162100315094
4355.0,0.1282731429410492,1025.0,1025.0,0.0,0.00041143307919118627,8.817046165466309
4356.0,0.12814486979810813,1025.0,1025.0,0.0,0.00040823488714484445,8.817811012268066
4357.0,0.12801672492831,1025.0,1025.0,1.0,0.00040505839148162367,8.818591117858887
4358.0,0.1278887082033817,1025.0,1025.0,0.0,0.0004019034696712951,8.819372177124023
4359.0,0.1277608194951783,1025.0,1025.0,1.0,0.0003987699997042654,8.82013201713562
4360.0,0.12763305867568314,1025.0,1025.0,1.0,0.00039565786009041284,8.82097315788269
4361.0,0.12750542561700745,1025.0,1025.0,1.0,0.0003925669298579207,8.821768045425415
4362.0,0.12737792019139044,1025.0,1025.0,0.0,0.0003894970885521091,8.822566986083984
4363.0,0.12725054227119906,1025.0,1025.0,0.0,0.0003864482162342618,8.823355913162231
4364.0,0.12712329172892786,1025.0,1025.0,0.0,0.0003834201934804485,8.824227094650269
4365.0,0.12699616843719894,1025.0,1025.0,0.0,0.0003804129013803488,8.825035095214844
4366.0,0.12686917226876174,1025.0,1025.0,0.0,0.0003774262215360686,8.825816869735718
4367.0,0.12674230309649298,1025.0,1025.0,1.0,0.00037446003606095486,8.826605081558228
4368.0,0.12661556079339648,1025.0,1025.0,1.0,0.0003715142275784082,8.82738995552063
4369.0,0.12648894523260307,1025.0,1025.0,1.0,0.0003685886792206924,8.828174829483032
4370.0,0.12636245628737047,1025.0,1025.0,0.0,0.0003656832746277396,8.828964948654175
4371.0,0.1262360938310831,1025.0,1025.0,0.0,0.00036279789794595386,8.829739093780518
4372.0,0.12610985773725203,1025.0,1025.0,1.0,0.0003599324338270106,8.83054804801941
4373.0,0.12598374787951477,1025.0,1025.0,1.0,0.0003570867674266555,8.831373929977417
4374.0,0.12585776413163527,1025.0,1025.0,0.0,0.00035426078440349936,8.832179069519043
4375.0,0.12573190636750364,1025.0,1025.0,0.0,0.000351454370917809,8.832973957061768
4376.0,0.12560617446113614,1025.0,1025.0,0.0,0.00034866741363029656,8.833858013153076
4377.0,0.125480568286675,1025.0,1025.0,1.0,0.0003458997997009071,8.834648847579956
4378.0,0.12535508771838832,1025.0,1025.0,0.0,0.00034315141678760197,8.83542513847351
4379.0,0.12522973263066994,1025.0,1025.0,0.0,0.0003404221530451409,8.836184978485107
4380.0,0.12510450289803926,1025.0,1025.0,0.0,0.00033771189712385847,8.836956024169922
4381.0,0.12497939839514122,1025.0,1025.0,1.0,0.00033502053816844487,8.837710857391357
4382.0,0.12485441899674607,1025.0,1025.0,0.0,0.0003323479658167139,8.838463068008423
4383.0,0.12472956457774932,1025.0,1025.0,0.0,0.00032969407019837983,8.839235782623291
4384.0,0.12460483501317157,1025.0,1025.0,1.0,0.0003270587419338215,8.840002059936523
4385.0,0.1244802301781584,1025.0,1025.0,0.0,0.0003244418721328534,8.840803146362305
4386.0,0.12435574994798024,1025.0,1025.0,0.0,0.00032184335239348477,8.841613054275513
4387.0,0.12423139419803225,1025.0,1025.0,0.0,0.0003192630748006859,8.842404842376709
4388.0,0.12410716280383421,1025.0,1025.0,0.0,0.0003167009319251457,8.843195915222168
4389.0,0.12398305564103038,1025.0,1025.0,2.0,0.00031415681682202826,8.843990087509155
4390.0,0.12385907258538935,1025.0,1025.0,1.0,0.00031163062302972863,8.844820022583008
4391.0,0.12373521351280396,1025.0,1025.0,0.0,0.0003091222445686265,8.845628023147583
4392.0,0.12361147829929116,1025.0,1025.0,1.0,0.0003066315759398352,8.846426010131836
4393.0,0.12348786682099187,1025.0,1025.0,0.0,0.0003041585121239507,8.847212076187134
4394.0,0.12336437895417088,1025.0,1025.0,0.0,0.0003017029485798,8.848002910614014
4395.0,0.1232410145752167,1025.0,1025.0,0.0,0.0002992647812431822,8.848798036575317
4396.0,0.12311777356064149,1025.0,1025.0,2.0,0.0002968439065256153,8.849628925323486
4397.0,0.12299465578708085,1025.0,1025.0,1.0,0.00029444022131307126,8.850440979003906
4398.0,0.12287166113129377,1025.0,1025.0,0.0,0.0002920536229647189,8.851210117340088
4399.0,0.12274878947016248,1025.0,1025.0,2.0,0.0002896840093116585,8.851989984512329
4400.0,0.12262604068069231,1025.0,1025.0,1.0,0.0002873312786556582,8.852760076522827
4401.0,0.12250341464001162,1025.0,1025.0,0.0,0.000284995329767883,8.853549003601074
4402.0,0.1223809112253716,1025.0,1025.0,0.0,0.00028267606188763113,8.854341983795166
4403.0,0.12225853031414623,1025.0,1025.0,0.0,0.00028037337472105865,8.85515809059143
4404.0,0.12213627178383209,1025.0,1025.0,1.0,0.00027808716843991034,8.855949878692627
4405.0,0.12201413551204826,1025.0,1025.0,0.0,0.00027581734368024255,8.856740951538086
4406.0,0.12189212137653621,1025.0,1025.0,1.0,0.0002735638015411508,8.857529878616333
4407.0,0.12177022925515968,1025.0,1025.0,2.0,0.0002713264435834887,8.858328104019165
4408.0,0.12164845902590452,1025.0,1025.0,0.0,0.0002691051718285911,8.859139919281006
4409.0,0.12152681056687861,1025.0,1025.0,0.0,0.00026689988875699386,8.859946012496948
4410.0,0.12140528375631174,1025.0,1025.0,1.0,0.00026471049730714927,8.860841035842896
4411.0,0.12128387847255542,1025.0,1025.0,0.0,0.00026253690087414455,8.861621141433716
4412.0,0.12116259459408286,1025.0,1025.0,1.0,0.00026037900330841575,8.86239504814148
4413.0,0.12104143199948879,1025.0,1025.0,2.0,0.00025823670891446095,8.863171815872192
4414.0,0.1209203905674893,1025.0,1025.0,1.0,0.0002561099224495525,8.863999128341675
4415.0,0.1207994701769218,1025.0,1025.0,0.0,0.00025399854912244735,8.864812135696411
4416.0,0.12067867070674489,1025.0,1025.0,0.0,0.0002519024945920978,8.865645170211792
4417.0,0.12055799203603815,1025.0,1025.0,0.0,0.000249821664966357,8.8664231300354
4418.0,0.1204374340440021,1025.0,1025.0,2.0,0.00024775596680068617,8.867183923721313
4419.0,0.12031699660995811,1025.0,1025.0,0.0,0.0002457053070968627,8.867939949035645
4420.0,0.12019667961334815,1025.0,1025.0,1.0,0.00024366959330168023,8.868701934814453
4421.0,0.1200764829337348,1025.0,1025.0,0.0,0.00024164873330565504,8.869457960128784
4422.0,0.11995640645080106,1025.0,1025.0,0.0,0.0002396426354417264,8.870218992233276
4423.0,0.11983645004435026,1025.0,1025.0,1.0,0.00023765120848395714,8.871006965637207
4424.0,0.11971661359430591,1025.0,1025.0,0.0,0.00023567436164623483,8.871768236160278
4425.0,0.1195968969807116,1025.0,1025.0,0.0,0.00023371200458096813,8.872530937194824
4426.0,0.11947730008373089,1025.0,1025.0,1.0,0.00023176404737778653,8.873296976089478
4427.0,0.11935782278364716,1025.0,1025.0,0.0,0.00022983040056223633,8.874123096466064
4428.0,0.11923846496086352,1025.0,1025.0,1.0,0.00022791097509447555,8.874960899353027
4429.0,0.11911922649590265,1025.0,1025.0,0.0,0.00022600568236796968,8.875756025314331
4430.0,0.11900010726940674,1025.0,1025.0,2.0,0.00022411443420818558,8.876516819000244
4431.0,0.11888110716213733,1025.0,1025.0,0.0,0.0002222371428712844,8.877299070358276
4432.0,0.11876222605497519,1025.0,1025.0,0.0,0.00022037372104281204,8.87811803817749
4433.0,0.11864346382892021,1025.0,1025.0,0.0,0.00021852408183639448,8.878880977630615
4434.0,0.1185248203650913,1025.0,1025.0,0.0,0.000216688138792424,8.879650115966797
4435.0,0.1184062955447262,1025.0,1025.0,0.0,0.00021486580587675252,8.88040804862976
4436.0,0.11828788924918147,1025.0,1025.0,1.0,0.00021305699747937927,8.881166934967041
4437.0,0.11816960135993229,1025.0,1025.0,2.0,0.00021126162841313923,8.881935834884644
4438.0,0.11805143175857236,1025.0,1025.0,1.0,0.00020947961391239205,8.882694959640503
4439.0,0.11793338032681379,1025.0,1025.0,2.0,0.0002077108696317086,8.883466005325317
4440.0,0.11781544694648698,1025.0,1025.0,0.0,0.00020595531164455737,8.88423776626587
4441.0,0.11769763149954049,1025.0,1025.0,1.0,0.0002042128564419922,8.885010004043579
4442.0,0.11757993386804094,1025.0,1025.0,0.0,0.00020248342093133598,8.885830879211426
4443.0,0.1174623539341729,1025.0,1025.0,0.0,0.00020076692243486822,8.886637210845947
4444.0,0.11734489158023872,1025.0,1025.0,0.0,0.00019906327868850714,8.88742208480835
4445.0,0.11722754668865848,1025.0,1025.0,1.0,0.00019737240784049626,8.888215065002441
4446.0,0.11711031914196982,1025.0,1025.0,0.0,0.00019569422845008746,8.889009952545166
4447.0,0.11699320882282785,1025.0,1025.0,1.0,0.00019402865948622426,8.889840841293335
4448.0,0.11687621561400502,1025.0,1025.0,0.0,0.00019237562032622596,8.890634059906006
4449.0,0.11675933939839102,1025.0,1025.0,0.0,0.00019073503075446924,8.891512870788574
4450.0,0.11664258005899263,1025.0,1025.0,2.0,0.00018910681096107287,8.892284870147705
4451.0,0.11652593747893364,1025.0,1025.0,1.0,0.00018749088154057804,8.893054962158203
4452.0,0.1164094115414547,1025.0,1025.0,1.0,0.00018588716349063193,8.893826961517334
4453.0,0.11629300212991325,1025.0,1025.0,0.0,0.00018429557821066968,8.89459490776062
4454.0,0.11617670912778334,1025.0,1025.0,0.0,0.00018271604750059572,8.895364999771118
4455.0,0.11606053241865556,1025.0,1025.0,0.0,0.00018114849355946663,8.896198987960815
4456.0,0.11594447188623691,1025.0,1025.0,0.0,0.00017959283898417113,8.896984815597534
4457.0,0.11582852741435068,1025.0,1025.0,0.0,0.0001780490067681136,8.897751092910767
4458.0,0.11571269888693633,1025.0,1025.0,1.0,0.00017651692029989468,8.89851713180542
4459.0,0.1155969861880494,1025.0,1025.0,0.0,0.00017499650336199235,8.899281024932861
4460.0,0.11548138920186135,1025.0,1025.0,1.0,0.00017348768012944511,8.900069952011108
4461.0,0.11536590781265949,1025.0,1025.0,1.0,0.00017199037516853275,8.900856971740723
4462.0,0.11525054190484682,1025.0,1025.0,2.0,0.0001705045134354574,8.901648998260498
4463.0,0.11513529136294197,1025.0,1025.0,0.0,0.00016903002027502696,8.902436017990112
4464.0,0.11502015607157903,1025.0,1025.0,1.0,0.00016756682141933645,8.90324592590332
4465.0,0.11490513591550745,1025.0,1025.0,0.0,0.00016611484298644923,8.904024839401245
4466.0,0.11479023077959194,1025.0,1025.0,3.0,0.00016467401147908086,8.904819011688232
4467.0,0.11467544054881235,1025.0,1025.0,2.0,0.00016324425378328087,8.905611991882324
4468.0,0.11456076510826353,1025.0,1025.0,0.0,0.00016182549716711606,8.906422138214111
4469.0,0.11444620434315526,1025.0,1025.0,1.0,0.00016041766927935304,8.907220125198364
4470.0,0.1143317581388121,1025.0,1025.0,2.0,0.00015902069814814228,8.908017873764038
4471.0,0.1142174263806733,1025.0,1025.0,0.0,0.0001576345121797016,8.908814907073975
4472.0,0.11410320895429263,1025.0,1025.0,0.0,0.00015625904015700013,8.909610986709595
4473.0,0.11398910574533834,1025.0,1025.0,0.0,0.00015489421123844333,8.91047716140747
4474.0,0.113875116639593,1025.0,1025.0,1.0,0.0001535399549565569,8.911272048950195
4475.0,0.11376124152295342,1025.0,1025.0,0.0,0.00015219620121667413,8.91205883026123
4476.0,0.11364748028143046,1025.0,1025.0,2.0,0.00015086288029561964,8.912835836410522
4477.0,0.11353383280114902,1025.0,1025.0,1.0,0.00014953992284039643,8.913623094558716
4478.0,0.11342029896834788,1025.0,1025.0,1.0,0.00014822725986687418,8.914396047592163
4479.0,0.11330687866937952,1025.0,1025.0,0.0,0.0001469248227584742,8.915146112442017
4480.0,0.11319357179071014,1025.0,1025.0,0.0,0.00014563254326485905,8.915913105010986
4481.0,0.11308037821891943,1025.0,1025.0,2.0,0.0001443503535006215,8.916666984558105
4482.0,0.11296729784070052,1025.0,1025.0,0.0,0.00014307818594397234,8.917448043823242
4483.0,0.11285433054285982,1025.0,1025.0,0.0,0.0001418159734354311,8.918223857879639
4484.0,0.11274147621231695,1025.0,1025.0,2.0,0.00014056364917651703,8.918997049331665
4485.0,0.11262873473610463,1025.0,1025.0,1.0,0.00013932114672843935,8.91981291770935
4486.0,0.11251610600136852,1025.0,1025.0,2.0,0.00013808840001079036,8.920604944229126
4487.0,0.11240358989536715,1025.0,1025.0,0.0,0.00013686534330023802,8.921406984329224
4488.0,0.11229118630547179,1025.0,1025.0,0.0,0.0001356519112292186,8.92219090461731
4489.0,0.11217889511916632,1025.0,1025.0,0.0,0.00013444803878463188,8.922988176345825
4490.0,0.11206671622404715,1025.0,1025.0,0.0,0.00013325366130653656,8.923821210861206
4491.0,0.1119546495078231,1025.0,1025.0,0.0,0.00013206871448684615,8.924646854400635
4492.0,0.11184269485831529,1025.0,1025.0,1.0,0.00013089313436802526,8.925446033477783
4493.0,0.11173085216345698,1025.0,1025.0,1.0,0.0001297268573417889,8.926213026046753
4494.0,0.11161912131129352,1025.0,1025.0,2.0,0.00012856982014779973,8.926982879638672
4495.0,0.11150750218998223,1025.0,1025.0,3.0,0.0001274219598723691,8.92777705192566
4496.0,0.11139599468779225,1025.0,1025.0,0.0,0.00012628321394715747,8.92856502532959
4497.0,0.11128459869310446,1025.0,1025.0,2.0,0.00012515352014787567,8.929328918457031
4498.0,0.11117331409441136,1025.0,1025.0,1.0,0.00012403281659298864,8.930105924606323
4499.0,0.11106214078031695,1025.0,1025.0,0.0,0.00012292104174241856,8.930867910385132
4500.0,0.11095107863953664,1025.0,1025.0,0.0,0.0001218181343962503,8.931653022766113
4501.0,0.1108401275608971,1025.0,1025.0,1.0,0.00012072403369343714,8.932429075241089
4502.0,0.11072928743333621,1025.0,1025.0,0.0,0.00011963867911050841,8.93320894241333
4503.0,0.11061855814590288,1025.0,1025.0,1.0,0.00011856201046027743,8.933984994888306
4504.0,0.11050793958775698,1025.0,1025.0,1.0,0.00011749396789055175,8.934784173965454
4505.0,0.11039743164816923,1025.0,1025.0,0.0,0.00011643449188284263,8.935570001602173
4506.0,0.11028703421652106,1025.0,1025.0,2.0,0.0001153835232510786,8.93637204170227
4507.0,0.11017674718230454,1025.0,1025.0,0.0,0.00011434100314031737,8.93716311454773
4508.0,0.11006657043512223,1025.0,1025.0,1.0,0.0001133068730254612,8.937944889068604
4509.0,0.10995650386468711,1025.0,1025.0,0.0,0.00011228107470997238,8.938745975494385
4510.0,0.10984654736082243,1025.0,1025.0,2.0,0.0001112635503245901,8.939574003219604
4511.0,0.10973670081346161,1025.0,1025.0,0.0,0.0001102542423260496,8.940346956253052
4512.0,0.10962696411264815,1025.0,1025.0,0.0,0.00010925309349580096,8.941144227981567
4513.0,0.1095173371485355,1025.0,1025.0,0.0,0.00010826004693873161,8.941930055618286
4514.0,0.10940781981138696,1025.0,1025.0,2.0,0.00010727504608188769,8.94273591041565
4515.0,0.10929841199157557,1025.0,1025.0,1.0,0.000106298034673199,8.943526983261108
4516.0,0.109189113579584,1025.0,1025.0,0.0,0.00010532895678020391,8.94434404373169
4517.0,0.10907992446600441,1025.0,1025.0,2.0,0.00010436775678877696,8.945112943649292
4518.0,0.10897084454153841,1025.0,1025.0,2.0,0.00010341437940185657,8.94586706161499
4519.0,0.10886187369699687,1025.0,1025.0,1.0,0.00010246876963817547,8.946637153625488
4520.0,0.10875301182329988,1025.0,1025.0,0.0,0.00010153087283099224,8.947416067123413
4521.0,0.10864425881147659,1025.0,1025.0,0.0,0.00010060063462682445,8.948188066482544
4522.0,0.10853561455266511,1025.0,1025.0,1.0,9.967800098418314e-05,8.948955059051514
4523.0,0.10842707893811245,1025.0,1025.0,0.0,9.876291817230903e-05,8.94975996017456
4524.0,0.10831865185917433,1025.0,1025.0,0.0,9.785533276991067e-05,8.95058798789978
4525.0,0.10821033320731516,1025.0,1025.0,0.0,9.69551916639038e-05,8.9513680934906
4526.0,0.10810212287410784,1025.0,1025.0,0.0,9.606244204815252e-05,8.95213508605957
4527.0,0.10799402075123372,1025.0,1025.0,0.0,9.517703142221254e-05,8.952914953231812
4528.0,0.10788602673048249,1025.0,1025.0,0.0,9.429890759007518e-05,8.953670024871826
4529.0,0.10777814070375201,1025.0,1025.0,0.0,9.342801865891438e-05,8.954469919204712
4530.0,0.10767036256304825,1025.0,1025.0,0.0,9.256431303783379e-05,8.955268859863281
4531.0,0.1075626922004852,1025.0,1025.0,1.0,9.170773943661782e-05,8.956060886383057
4532.0,0.10745512950828472,1025.0,1025.0,1.0,9.085824686448246e-05,8.956865072250366
4533.0,0.10734767437877643,1025.0,1025.0,1.0,9.00157846288284e-05,8.957653999328613
4534.0,0.10724032670439765,1025.0,1025.0,1.0,8.918030233399751e-05,8.958518981933594
4535.0,0.10713308637769325,1025.0,1025.0,1.0,8.835174988002863e-05,8.959297180175781
4536.0,0.10702595329131556,1025.0,1025.0,0.0,8.753007746141754e-05,8.960083961486816
4537.0,0.10691892733802424,1025.0,1025.0,1.0,8.671523556587671e-05,8.960906982421875
4538.0,0.10681200841068622,1025.0,1025.0,1.0,8.590717497309923e-05,8.961699962615967
4539.0,0.10670519640227553,1025.0,1025.0,2.0,8.51058467535227e-05,8.962472915649414
4540.0,0.10659849120587325,1025.0,1025.0,0.0,8.431120226709575e-05,8.963235139846802
4541.0,0.10649189271466739,1025.0,1025.0,0.0,8.352319316204744e-05,8.964034080505371
4542.0,0.10638540082195272,1025.0,1025.0,1.0,8.274177137365667e-05,8.964820146560669
4543.0,0.10627901542113076,1025.0,1025.0,1.0,8.196688912302562e-05,8.965614795684814
4544.0,0.10617273640570962,1025.0,1025.0,0.0,8.119849891585373e-05,8.966417074203491
4545.0,0.1060665636693039,1025.0,1025.0,2.0,8.043655354121464e-05,8.967199087142944
4546.0,0.1059604971056346,1025.0,1025.0,0.0,7.968100607033464e-05,8.968025922775269
4547.0,0.10585453660852896,1025.0,1025.0,2.0,7.893180985537306e-05,8.968831062316895
4548.0,0.10574868207192044,1025.0,1025.0,0.0,7.818891852820573e-05,8.969663143157959
4549.0,0.10564293338984852,1025.0,1025.0,1.0,7.745228599920924e-05,8.97042989730835
4550.0,0.10553729045645867,1025.0,1025.0,0.0,7.672186645604786e-05,8.971209049224854
4551.0,0.10543175316600222,1025.0,1025.0,0.0,7.599761436246364e-05,8.971986055374146
4552.0,0.10532632141283621,1025.0,1025.0,1.0,7.527948445706631e-05,8.972774982452393
4553.0,0.10522099509142338,1025.0,1025.0,0.0,7.456743175212779e-05,8.973550796508789
4554.0,0.10511577409633195,1025.0,1025.0,0.0,7.386141153237718e-05,8.97432804107666
4555.0,0.10501065832223562,1025.0,1025.0,2.0,7.316137935379923e-05,8.975104093551636
4556.0,0.10490564766391339,1025.0,1025.0,0.0,7.246729104243356e-05,8.975879907608032
4557.0,0.10480074201624948,1025.0,1025.0,2.0,7.177910269317782e-05,8.976642847061157
4558.0,0.10469594127423322,1025.0,1025.0,0.0,7.109677066859121e-05,8.977426052093506
4559.0,0.104591245332959,1025.0,1025.0,0.0,7.042025159770283e-05,8.978233814239502
4560.0,0.10448665408762603,1025.0,1025.0,0.0,6.974950237481879e-05,8.979021072387695
4561.0,0.1043821674335384,1025.0,1025.0,0.0,6.908448015833551e-05,8.979800939559937
4562.0,0.10427778526610486,1025.0,1025.0,0.0,6.842514236955196e-05,8.980589866638184
4563.0,0.10417350748083876,1025.0,1025.0,0.0,6.777144669148674e-05,8.981378078460693
4564.0,0.10406933397335792,1025.0,1025.0,0.0,6.712335106769573e-05,8.982165098190308
4565.0,0.10396526463938456,1025.0,1025.0,0.0,6.648081370109336e-05,8.982954025268555
4566.0,0.10386129937474517,1025.0,1025.0,3.0,6.584379305277517e-05,8.983745098114014
4567.0,0.10375743807537043,1025.0,1025.0,0.0,6.521224784084419e-05,8.98453688621521
4568.0,0.10365368063729506,1025.0,1025.0,1.0,6.458613703923788e-05,8.985332012176514
4569.0,0.10355002695665777,1025.0,1025.0,2.0,6.396541987655911e-05,8.98612904548645
4570.0,0.10344647692970112,1025.0,1025.0,0.0,6.335005583490862e-05,8.986893892288208
4571.0,0.10334303045277142,1025.0,1025.0,1.0,6.274000464872064e-05,8.987664937973022
4572.0,0.10323968742231865,1025.0,1025.0,1.0,6.213522630359984e-05,8.9884512424469
4573.0,0.10313644773489633,1025.0,1025.0,1.0,6.153568103516255e-05,8.989248037338257
4574.0,0.10303331128716144,1025.0,1025.0,0.0,6.094132932787838e-05,8.99004077911377
4575.0,0.10293027797587427,1025.0,1025.0,0.0,6.035213191391608e-05,8.990855932235718
4576.0,0.10282734769789839,1025.0,1025.0,0.0,5.976804977199071e-05,8.991739988327026
4577.0,0.1027245203502005,1025.0,1025.0,1.0,5.9189044126214596e-05,8.99249792098999
4578.0,0.10262179582985029,1025.0,1025.0,0.0,5.861507644494915e-05,8.993285894393921
4579.0,0.10251917403402044,1025.0,1025.0,1.0,5.80461084396609e-05,8.994147062301636
4580.0,0.10241665485998643,1025.0,1025.0,0.0,5.748210206377899e-05,8.99491000175476
4581.0,0.10231423820512645,1025.0,1025.0,0.0,5.692301951155604e-05,8.995714902877808
4582.0,0.10221192396692132,1025.0,1025.0,0.0,5.636882321693075e-05,8.996485948562622
4583.0,0.1021097120429544,1025.0,1025.0,1.0,5.581947585239408e-05,8.997266054153442
4584.0,0.10200760233091144,1025.0,1025.0,1.0,5.527494032785704e-05,8.99804401397705
4585.0,0.10190559472858053,1025.0,1025.0,0.0,5.473517978952208e-05,8.998808860778809
4586.0,0.10180368913385195,1025.0,1025.0,0.0,5.4200157618756456e-05,8.99956202507019
4587.0,0.10170188544471809,1025.0,1025.0,0.0,5.3669837430968677e-05,9.000312805175781
4588.0,0.10160018355927337,1025.0,1025.0,1.0,5.314418307448711e-05,9.001163005828857
4589.0,0.1014985833757141,1025.0,1025.0,1.0,5.262315862944189e-05,9.001965045928955
