step,temperature,best_hpwl,current_hpwl,accepted_moves,boltzmann_prob,elapsed_time_sec
1.0,10.0,22.0,22.0,85.0,0.9048374180359595,1.6927719116210938e-05
2.0,9.99,22.0,26.0,78.0,0.9047468482529377,0.0003566741943359375
3.0,9.98001,22.0,27.0,89.0,0.9046561968886792,0.000659942626953125
4.0,9.97002999,22.0,28.0,79.0,0.9045654638787952,0.0009758472442626953
5.0,9.96005996001,22.0,23.0,83.0,0.9044746491588648,0.0012807846069335938
6.0,9.95009990004999,22.0,25.0,85.0,0.904383752664434,0.0015816688537597656
7.0,9.940149800149939,22.0,29.0,81.0,0.9042927743310167,0.0018918514251708984
8.0,9.93020965034979,22.0,23.0,90.0,0.9042017140940946,0.0021767616271972656
9.0,9.92027944069944,22.0,23.0,79.0,0.9041105718891163,0.0025069713592529297
10.0,9.910359161258741,22.0,30.0,89.0,0.9040193476514986,0.0028057098388671875
11.0,9.900448802097483,22.0,28.0,87.0,0.9039280413166257,0.0031108856201171875
12.0,9.890548353295385,22.0,22.0,84.0,0.9038366528198497,0.0034246444702148438
13.0,9.88065780494209,22.0,28.0,77.0,0.9037451820964901,0.0037276744842529297
14.0,9.870777147137147,22.0,26.0,88.0,0.9036536290818343,0.0040318965911865234
15.0,9.86090636999001,22.0,26.0,92.0,0.9035619937111373,0.004343748092651367
16.0,9.85104546362002,22.0,25.0,81.0,0.9034702759196221,0.004654884338378906
17.0,9.8411944181564,22.0,27.0,88.0,0.9033784756424792,0.0049588680267333984
18.0,9.831353223738244,22.0,22.0,89.0,0.9032865928148672,0.005280733108520508
19.0,9.821521870514506,22.0,24.0,86.0,0.9031946273719123,0.005597829818725586
20.0,9.81170034864399,22.0,22.0,86.0,0.9031025792487087,0.0059146881103515625
21.0,9.801888648295346,22.0,24.0,78.0,0.9030104483803185,0.006247758865356445
22.0,9.79208675964705,22.0,24.0,79.0,0.9029182347017718,0.0065326690673828125
23.0,9.782294672887403,22.0,23.0,84.0,0.9028259381480663,0.006827592849731445
24.0,9.772512378214515,22.0,26.0,81.0,0.9027335586541682,0.0071408748626708984
25.0,9.7627398658363,22.0,23.0,87.0,0.9026410961550111,0.007431745529174805
26.0,9.752977125970464,22.0,25.0,85.0,0.9025485505854971,0.007750749588012695
27.0,9.743224148844494,22.0,25.0,86.0,0.9024559218804963,0.008064031600952148
28.0,9.73348092469565,22.0,29.0,75.0,0.9023632099748465,0.00837087631225586
29.0,9.723747443770954,22.0,27.0,88.0,0.902270414803354,0.008662700653076172
30.0,9.714023696327184,22.0,25.0,83.0,0.9021775363007932,0.008983612060546875
31.0,9.704309672630856,22.0,23.0,88.0,0.9020845744019065,0.009285926818847656
32.0,9.694605362958225,22.0,23.0,87.0,0.9019915290414043,0.009590625762939453
33.0,9.684910757595267,22.0,29.0,90.0,0.9018984001539658,0.009907960891723633
34.0,9.675225846837671,22.0,24.0,84.0,0.9018051876742379,0.010222673416137695
35.0,9.665550620990834,22.0,22.0,90.0,0.901711891536836,0.010537862777709961
36.0,9.655885070369843,22.0,25.0,84.0,0.9016185116763438,0.010852813720703125
37.0,9.646229185299473,22.0,28.0,75.0,0.901525048027313,0.011160850524902344
38.0,9.636582956114173,22.0,29.0,83.0,0.9014315005242642,0.011434555053710938
39.0,9.62694637315806,22.0,25.0,81.0,0.9013378691016861,0.011734724044799805
40.0,9.617319426784901,22.0,28.0,79.0,0.9012441536940357,0.012030839920043945
41.0,9.607702107358117,22.0,24.0,75.0,0.9011503542357384,0.012376785278320312
42.0,9.598094405250759,22.0,24.0,79.0,0.9010564706611884,0.01275181770324707
43.0,9.588496310845509,22.0,25.0,82.0,0.9009625029047481,0.01305389404296875
44.0,9.578907814534663,22.0,28.0,85.0,0.9008684509007485,0.013361930847167969
45.0,9.569328906720129,22.0,24.0,83.0,0.9007743145834891,0.013666629791259766
46.0,9.55975957781341,22.0,23.0,75.0,0.9006800938872381,0.0139617919921875
47.0,9.550199818235596,22.0,26.0,93.0,0.9005857887462322,0.014236927032470703
48.0,9.54064961841736,22.0,23.0,79.0,0.9004913990946766,0.01454782485961914
49.0,9.531108968798943,22.0,24.0,92.0,0.9003969248667455,0.014847993850708008
50.0,9.521577859830144,22.0,23.0,83.0,0.9003023659965814,0.015157699584960938
51.0,9.512056281970313,22.0,25.0,85.0,0.900207722418296,0.015455007553100586
52.0,9.502544225688343,22.0,26.0,86.0,0.9001129940659692,0.015758752822875977
53.0,9.493041681462655,22.0,30.0,73.0,0.9000181808736503,0.016080856323242188
54.0,9.483548639781192,22.0,24.0,83.0,0.8999232827753565,0.01636981964111328
55.0,9.47406509114141,22.0,24.0,72.0,0.8998282997050749,0.01666259765625
56.0,9.464591026050268,22.0,25.0,76.0,0.8997332315967607,0.016940832138061523
57.0,9.455126435024217,22.0,25.0,83.0,0.8996380783843384,0.017225980758666992
58.0,9.445671308589192,22.0,25.0,86.0,0.8995428400017011,0.017526626586914062
59.0,9.436225637280604,22.0,25.0,82.0,0.8994475163827113,0.01781177520751953
60.0,9.426789411643323,22.0,24.0,78.0,0.8993521074612001,0.0181119441986084
61.0,9.41736262223168,22.0,22.0,74.0,0.8992566131709677,0.01840376853942871
62.0,9.407945259609448,22.0,29.0,78.0,0.8991610334457835,0.01867961883544922
63.0,9.39853731434984,22.0,23.0,87.0,0.8990653682193858,0.01898479461669922
64.0,9.38913877703549,22.0,23.0,86.0,0.8989696174254821,0.01929759979248047
65.0,9.379749638258454,22.0,29.0,85.0,0.8988737809977492,0.019597768783569336
66.0,9.370369888620196,22.0,23.0,83.0,0.8987778588698327,0.01990675926208496
67.0,9.360999518731576,22.0,25.0,85.0,0.8986818509753478,0.02019786834716797
68.0,9.351638519212845,22.0,24.0,78.0,0.8985857572478786,0.020486831665039062
69.0,9.342286880693631,22.0,25.0,89.0,0.8984895776209788,0.020819902420043945
70.0,9.332944593812938,22.0,26.0,71.0,0.8983933120281711,0.0211179256439209
71.0,9.323611649219124,22.0,26.0,84.0,0.8982969604029476,0.021405935287475586
72.0,9.314288037569906,22.0,26.0,77.0,0.89820052267877,0.021712779998779297
73.0,9.304973749532335,22.0,24.0,75.0,0.8981039987890691,0.021988868713378906
74.0,9.295668775782802,22.0,24.0,81.0,0.8980073886672453,0.022261619567871094
75.0,9.28637310700702,22.0,25.0,77.0,0.8979106922466684,0.022545814514160156
76.0,9.277086733900012,22.0,22.0,78.0,0.8978139094606776,0.02281498908996582
77.0,9.267809647166112,22.0,24.0,85.0,0.897717040242582,0.023096799850463867
78.0,9.258541837518946,22.0,23.0,84.0,0.8976200845256598,0.023416757583618164
79.0,9.249283295681426,22.0,28.0,77.0,0.8975230422431588,0.02371382713317871
80.0,9.240034012385745,22.0,25.0,84.0,0.897425913328297,0.024004697799682617
81.0,9.23079397837336,22.0,25.0,81.0,0.8973286977142614,0.024315834045410156
82.0,9.221563184394986,22.0,24.0,70.0,0.897231395334209,0.024611711502075195
83.0,9.21234162121059,22.0,22.0,75.0,0.8971340061212666,0.02487778663635254
84.0,9.20312927958938,22.0,24.0,83.0,0.8970365300085305,0.025265932083129883
85.0,9.19392615030979,22.0,23.0,74.0,0.8969389669290669,0.02552485466003418
86.0,9.18473222415948,22.0,25.0,80.0,0.8968413168159121,0.02577376365661621
87.0,9.17554749193532,22.0,26.0,78.0,0.8967435796020717,0.026044845581054688
88.0,9.166371944443386,22.0,23.0,75.0,0.8966457552205218,0.02632761001586914
89.0,9.157205572498942,22.0,27.0,74.0,0.8965478436042079,0.026608705520629883
90.0,9.148048366926442,22.0,25.0,72.0,0.8964498446860459,0.02688002586364746
91.0,9.138900318559516,22.0,29.0,76.0,0.8963517583989214,0.027153730392456055
92.0,9.129761418240957,22.0,23.0,83.0,0.8962535846756903,0.02747178077697754
93.0,9.120631656822717,22.0,25.0,79.0,0.8961553234491781,0.02794671058654785
94.0,9.111511025165894,22.0,25.0,77.0,0.896056974652181,0.028229713439941406
95.0,9.102399514140728,22.0,23.0,72.0,0.895958538217465,0.028534650802612305
96.0,9.093297114626587,22.0,25.0,77.0,0.895860014077766,0.0288088321685791
97.0,9.08420381751196,22.0,23.0,85.0,0.8957614021657909,0.029213905334472656
98.0,9.075119613694449,22.0,24.0,77.0,0.8956627024142161,0.029509782791137695
99.0,9.066044494080755,22.0,24.0,81.0,0.8955639147556885,0.02978372573852539
100.0,9.056978449586675,22.0,30.0,74.0,0.8954650391228255,0.03006887435913086
101.0,9.047921471137087,22.0,27.0,82.0,0.8953660754482147,0.030353784561157227
102.0,9.03887354966595,22.0,22.0,80.0,0.895267023664414,0.030653953552246094
103.0,9.029834676116284,22.0,25.0,85.0,0.8951678837039518,0.030960798263549805
104.0,9.020804841440167,22.0,24.0,76.0,0.8950686554993272,0.03125190734863281
105.0,9.011784036598728,22.0,26.0,65.0,0.8949693389830096,0.031523704528808594
106.0,9.00277225256213,22.0,25.0,83.0,0.8948699340874385,0.031768798828125
107.0,8.993769480309567,22.0,29.0,69.0,0.8947704407450249,0.032060861587524414
108.0,8.984775710829258,22.0,23.0,81.0,0.8946708588881496,0.03231072425842285
109.0,8.975790935118429,22.0,25.0,66.0,0.8945711884491643,0.03258681297302246
110.0,8.966815144183311,22.0,26.0,64.0,0.8944714293603915,0.032846689224243164
111.0,8.957848329039127,22.0,29.0,81.0,0.8943715815541243,0.03310275077819824
112.0,8.948890480710087,22.0,24.0,76.0,0.8942716449626267,0.033394813537597656
113.0,8.939941590229378,22.0,28.0,81.0,0.8941716195181333,0.03368568420410156
114.0,8.931001648639148,22.0,29.0,78.0,0.8940715051528495,0.034024953842163086
115.0,8.922070646990509,22.0,22.0,76.0,0.8939713017989519,0.03427481651306152
116.0,8.913148576343518,22.0,23.0,73.0,0.8938710093885877,0.03452801704406738
117.0,8.904235427767174,22.0,28.0,79.0,0.8937706278538751,0.03477358818054199
118.0,8.895331192339407,22.0,27.0,77.0,0.8936701571269032,0.03503990173339844
119.0,8.886435861147067,22.0,23.0,72.0,0.8935695971397325,0.03532290458679199
120.0,8.87754942528592,22.0,22.0,78.0,0.8934689478243942,0.035596609115600586
121.0,8.868671875860635,22.0,27.0,82.0,0.8933682091128906,0.03585672378540039
122.0,8.859803203984773,22.0,25.0,76.0,0.8932673809371954,0.03613877296447754
123.0,8.850943400780789,22.0,23.0,80.0,0.8931664632292532,0.03641176223754883
124.0,8.842092457380009,22.0,24.0,75.0,0.89306545592098,0.03668379783630371
125.0,8.833250364922629,22.0,23.0,74.0,0.8929643589442628,0.036946773529052734
126.0,8.824417114557706,22.0,24.0,82.0,0.8928631722309603,0.03721284866333008
127.0,8.815592697443149,22.0,24.0,70.0,0.8927618957129024,0.03749561309814453
128.0,8.806777104745706,22.0,25.0,67.0,0.8926605293218901,0.03774380683898926
129.0,8.79797032764096,22.0,29.0,68.0,0.892559072989696,0.03797578811645508
130.0,8.78917235731332,22.0,23.0,87.0,0.8924575266480642,0.038243770599365234
131.0,8.780383184956007,22.0,23.0,71.0,0.8923558902287104,0.03853273391723633
132.0,8.771602801771051,22.0,28.0,75.0,0.8922541636633216,0.03879880905151367
133.0,8.76283119896928,22.0,24.0,75.0,0.8921523468835563,0.03904986381530762
134.0,8.75406836777031,22.0,30.0,78.0,0.892050439821045,0.03931760787963867
135.0,8.74531429940254,22.0,23.0,63.0,0.8919484424073897,0.03957080841064453
136.0,8.736568985103139,22.0,26.0,79.0,0.8918463545741638,0.039808034896850586
137.0,8.727832416118035,22.0,22.0,79.0,0.891744176252913,0.04007768630981445
138.0,8.719104583701917,22.0,24.0,69.0,0.8916419073751543,0.04035687446594238
139.0,8.710385479118214,22.0,28.0,66.0,0.8915395478723765,0.040617942810058594
140.0,8.701675093639096,22.0,24.0,68.0,0.8914370976760408,0.04087471961975098
141.0,8.692973418545456,22.0,25.0,79.0,0.8913345567175798,0.04112386703491211
142.0,8.68428044512691,22.0,24.0,72.0,0.8912319249283982,0.041403770446777344
143.0,8.675596164681783,22.0,25.0,74.0,0.8911292022398727,0.04166579246520996
144.0,8.666920568517101,22.0,23.0,71.0,0.891026388583352,0.0419316291809082
145.0,8.658253647948584,22.0,28.0,75.0,0.8909234838901571,0.0421907901763916
146.0,8.649595394300635,22.0,25.0,69.0,0.8908204880915807,0.042447805404663086
147.0,8.640945798906333,22.0,27.0,73.0,0.890717401118888,0.04269695281982422
148.0,8.632304853107428,22.0,23.0,72.0,0.8906142229033163,0.042952775955200195
149.0,8.623672548254321,22.0,24.0,69.0,0.890510953376075,0.04320883750915527
150.0,8.615048875706067,22.0,27.0,74.0,0.890407592468346,0.0434567928314209
151.0,8.606433826830362,22.0,25.0,73.0,0.8903041401112836,0.043710947036743164
152.0,8.59782739300353,22.0,28.0,80.0,0.890200596236014,0.04399895668029785
153.0,8.589229565610527,22.0,23.0,75.0,0.8900969607736364,0.04428577423095703
154.0,8.580640336044917,22.0,26.0,72.0,0.8899932336552221,0.044556617736816406
155.0,8.572059695708871,22.0,29.0,67.0,0.8898894148118152,0.04482269287109375
156.0,8.563487636013162,22.0,24.0,68.0,0.8897855041744318,0.045073747634887695
157.0,8.554924148377149,22.0,23.0,80.0,0.8896815016740613,0.045337677001953125
158.0,8.546369224228771,22.0,25.0,78.0,0.8895774072416653,0.04563474655151367
159.0,8.537822855004542,22.0,27.0,77.0,0.8894732208081781,0.04593777656555176
160.0,8.529285032149538,22.0,29.0,69.0,0.889368942304507,0.04621696472167969
161.0,8.520755747117388,22.0,25.0,75.0,0.8892645716615317,0.046472787857055664
162.0,8.51223499137027,22.0,23.0,81.0,0.8891601088101049,0.046736717224121094
163.0,8.5037227563789,22.0,23.0,69.0,0.8890555536810523,0.04701590538024902
164.0,8.495219033622522,22.0,22.0,71.0,0.8889509062051723,0.047273874282836914
165.0,8.486723814588899,22.0,23.0,68.0,0.8888461663132362,0.047515869140625
166.0,8.47823709077431,22.0,23.0,67.0,0.8887413339359888,0.04775094985961914
167.0,8.469758853683537,22.0,25.0,66.0,0.8886364090041471,0.04798483848571777
168.0,8.461289094829853,22.0,25.0,75.0,0.888531391448402,0.0482177734375
169.0,8.452827805735023,22.0,24.0,68.0,0.888426281199417,0.048486948013305664
170.0,8.444374977929288,22.0,24.0,71.0,0.8883210781878291,0.04875683784484863
171.0,8.435930602951359,22.0,26.0,64.0,0.8882157823442485,0.049019813537597656
172.0,8.427494672348407,22.0,27.0,76.0,0.8881103935992584,0.04928278923034668
173.0,8.419067177676059,22.0,27.0,68.0,0.8880049118834156,0.04954075813293457
174.0,8.410648110498382,22.0,23.0,66.0,0.8878993371272501,0.04980301856994629
175.0,8.402237462387884,22.0,25.0,78.0,0.8877936692612655,0.0500638484954834
176.0,8.393835224925496,22.0,25.0,70.0,0.8876879082159387,0.05032968521118164
177.0,8.38544138970057,22.0,24.0,67.0,0.8875820539217203,0.05059194564819336
178.0,8.37705594831087,22.0,30.0,73.0,0.8874761063090342,0.05085492134094238
179.0,8.36867889236256,22.0,26.0,73.0,0.8873700653082781,0.05112576484680176
180.0,8.360310213470198,22.0,25.0,76.0,0.8872639308498232,0.051384687423706055
181.0,8.351949903256727,22.0,24.0,75.0,0.8871577028640146,0.051654815673828125
182.0,8.34359795335347,22.0,23.0,64.0,0.8870513812811711,0.05194497108459473
183.0,8.335254355400117,22.0,25.0,72.0,0.8869449660315851,0.05221676826477051
184.0,8.326919101044718,22.0,25.0,72.0,0.8868384570455231,0.05249476432800293
185.0,8.318592181943673,22.0,23.0,60.0,0.8867318542532254,0.05277872085571289
186.0,8.31027358976173,22.0,23.0,67.0,0.8866251575849061,0.0530397891998291
187.0,8.301963316171967,22.0,29.0,76.0,0.8865183669707536,0.053296804428100586
188.0,8.293661352855796,22.0,23.0,75.0,0.88641148234093,0.05356788635253906
189.0,8.285367691502941,22.0,23.0,76.0,0.8863045036255719,0.053859710693359375
190.0,8.277082323811438,22.0,27.0,71.0,0.8861974307547895,0.05411577224731445
191.0,8.268805241487627,22.0,25.0,70.0,0.8860902636586678,0.054376840591430664
192.0,8.26053643624614,22.0,23.0,73.0,0.8859830022672656,0.0546417236328125
193.0,8.252275899809893,22.0,25.0,76.0,0.885875646510616,0.05490589141845703
194.0,8.244023623910083,22.0,29.0,70.0,0.8857681963187267,0.055165767669677734
195.0,8.235779600286174,22.0,26.0,74.0,0.8856606516215798,0.05540585517883301
196.0,8.227543820685888,22.0,23.0,67.0,0.8855530123491315,0.05565690994262695
197.0,8.219316276865202,22.0,26.0,60.0,0.8854452784313127,0.05591392517089844
198.0,8.211096960588337,22.0,26.0,76.0,0.8853374497980291,0.05614590644836426
199.0,8.202885863627749,22.0,23.0,65.0,0.8852295263791604,0.05640578269958496
200.0,8.19468297776412,22.0,23.0,69.0,0.8851215081045615,0.05666685104370117
201.0,8.186488294786356,22.0,29.0,59.0,0.8850133949040616,0.05691695213317871
202.0,8.17830180649157,22.0,25.0,59.0,0.884905186707465,0.05713987350463867
203.0,8.170123504685078,22.0,23.0,82.0,0.8847968834445505,0.057382822036743164
204.0,8.161953381180393,22.0,23.0,72.0,0.884688485045072,0.057660818099975586
205.0,8.153791427799213,22.0,25.0,60.0,0.8845799914387582,0.05792379379272461
206.0,8.145637636371413,22.0,23.0,65.0,0.8844714025553125,0.058145761489868164
207.0,8.137491998735042,22.0,24.0,73.0,0.8843627183244138,0.05838179588317871
208.0,8.129354506736307,22.0,22.0,65.0,0.8842539386757158,0.05864572525024414
209.0,8.12122515222957,22.0,23.0,63.0,0.8841450635388471,0.058888912200927734
210.0,8.11310392707734,22.0,25.0,73.0,0.8840360928434119,0.05912661552429199
211.0,8.104990823150263,22.0,24.0,66.0,0.8839270265189894,0.05938887596130371
212.0,8.096885832327112,22.0,22.0,69.0,0.8838178644951338,0.05964493751525879
213.0,8.088788946494786,22.0,24.0,68.0,0.8837086067013753,0.05992293357849121
214.0,8.080700157548291,22.0,24.0,67.0,0.8835992530672188,0.06019186973571777
215.0,8.072619457390743,22.0,26.0,62.0,0.8834898035221451,0.060446977615356445
216.0,8.064546837933353,22.0,23.0,68.0,0.8833802579956102,0.06067776679992676
217.0,8.056482291095419,22.0,23.0,74.0,0.8832706164170457,0.06093883514404297
218.0,8.048425808804323,22.0,24.0,66.0,0.8831608787158589,0.06120562553405762
219.0,8.04037738299552,22.0,22.0,70.0,0.8830510448214328,0.061453819274902344
220.0,8.032337005612524,22.0,23.0,59.0,0.8829411146631259,0.06171679496765137
221.0,8.024304668606911,22.0,23.0,74.0,0.8828310881702724,0.061963796615600586
222.0,8.016280363938304,22.0,23.0,67.0,0.8827209652721828,0.06222391128540039
223.0,8.008264083574366,22.0,29.0,62.0,0.8826107458981428,0.062483787536621094
224.0,8.000255819490791,22.0,28.0,66.0,0.8825004299774145,0.06271886825561523
225.0,7.9922555636713,22.0,23.0,63.0,0.882390017439236,0.06295990943908691
226.0,7.984263308107629,22.0,26.0,56.0,0.882279508212821,0.06319594383239746
227.0,7.976279044799521,22.0,25.0,64.0,0.8821689022273597,0.06341361999511719
228.0,7.968302765754721,22.0,29.0,66.0,0.8820581994120181,0.06366276741027832
229.0,7.960334462988967,22.0,24.0,72.0,0.881947399695939,0.06391072273254395
230.0,7.952374128525978,22.0,23.0,62.0,0.8818365030082409,0.06418585777282715
231.0,7.944421754397452,22.0,29.0,77.0,0.8817255092780187,0.06441879272460938
232.0,7.936477332643054,22.0,23.0,77.0,0.8816144184343438,0.06469082832336426
233.0,7.928540855310412,22.0,25.0,60.0,0.8815032304062641,0.06496262550354004
234.0,7.920612314455101,22.0,24.0,65.0,0.8813919451228037,0.06522393226623535
235.0,7.912691702140646,22.0,28.0,68.0,0.8812805625129636,0.06545281410217285
236.0,7.904779010438505,22.0,23.0,65.0,0.8811690825057211,0.06570291519165039
237.0,7.896874231428066,22.0,25.0,69.0,0.8810575050300303,0.06596684455871582
238.0,7.888977357196638,22.0,23.0,63.0,0.880945830014822,0.06622576713562012
239.0,7.881088379839442,22.0,24.0,66.0,0.8808340573890038,0.0664677619934082
240.0,7.873207291459602,22.0,27.0,64.0,0.8807221870814601,0.0666968822479248
241.0,7.8653340841681425,22.0,28.0,69.0,0.8806102190210521,0.06694293022155762
242.0,7.857468750083974,22.0,25.0,66.0,0.8804981531366182,0.06718969345092773
243.0,7.849611281333891,22.0,30.0,59.0,0.8803859893569734,0.06744575500488281
244.0,7.8417616700525565,22.0,22.0,62.0,0.8802737276109104,0.06767797470092773
245.0,7.833919908382504,22.0,24.0,75.0,0.8801613678271982,0.0679166316986084
246.0,7.826085988474122,22.0,25.0,65.0,0.8800489099345837,0.0681757926940918
247.0,7.818259902485648,22.0,25.0,63.0,0.8799363538617908,0.06841874122619629
248.0,7.810441642583163,22.0,23.0,67.0,0.8798236995375206,0.06866669654846191
249.0,7.80263120094058,22.0,23.0,51.0,0.8797109468904515,0.06892585754394531
250.0,7.794828569739639,22.0,29.0,68.0,0.8795980958492395,0.06915879249572754
251.0,7.7870337411699,22.0,24.0,57.0,0.8794851463425183,0.06940388679504395
252.0,7.7792467074287295,22.0,22.0,61.0,0.8793720982988986,0.06963372230529785
253.0,7.771467460721301,22.0,25.0,60.0,0.8792589516469691,0.06990265846252441
254.0,7.763695993260579,22.0,25.0,60.0,0.879145706315296,0.0701446533203125
255.0,7.755932297267318,22.0,22.0,63.0,0.8790323622324234,0.07038068771362305
256.0,7.748176364970051,22.0,24.0,68.0,0.8789189193268729,0.0706338882446289
257.0,7.7404281886050805,22.0,22.0,66.0,0.8788053775271443,0.07085800170898438
258.0,7.732687760416476,22.0,24.0,62.0,0.878691736761715,0.07108259201049805
259.0,7.724955072656059,22.0,22.0,66.0,0.8785779969590405,0.07130765914916992
260.0,7.717230117583403,22.0,23.0,58.0,0.8784641580475543,0.07154178619384766
261.0,7.70951288746582,22.0,22.0,70.0,0.8783502199556681,0.07176089286804199
262.0,7.701803374578354,22.0,25.0,56.0,0.8782361826117716,0.07200074195861816
263.0,7.694101571203776,22.0,25.0,67.0,0.8781220459442328,0.07222676277160645
264.0,7.686407469632572,22.0,22.0,62.0,0.8780078098813981,0.07245492935180664
265.0,7.678721062162939,22.0,25.0,62.0,0.877893474351592,0.07269787788391113
266.0,7.671042341100776,22.0,28.0,63.0,0.8777790392831175,0.0729217529296875
267.0,7.663371298759675,22.0,26.0,69.0,0.8776645046042563,0.07314896583557129
268.0,7.655707927460916,22.0,27.0,67.0,0.8775498702432681,0.0733797550201416
269.0,7.648052219533454,22.0,27.0,65.0,0.8774351361283919,0.07363080978393555
270.0,7.640404167313921,22.0,22.0,56.0,0.8773203021878447,0.07384872436523438
271.0,7.632763763146607,22.0,26.0,56.0,0.8772053683498227,0.07406377792358398
272.0,7.62513099938346,22.0,27.0,68.0,0.8770903345425005,0.07427668571472168
273.0,7.617505868384076,22.0,23.0,58.0,0.876975200694032,0.07453083992004395
274.0,7.609888362515692,22.0,29.0,65.0,0.8768599667325496,0.07475471496582031
275.0,7.602278474153176,22.0,28.0,69.0,0.876744632586165,0.07499861717224121
276.0,7.594676195679023,22.0,26.0,64.0,0.8766291981829686,0.0752418041229248
277.0,7.587081519483344,22.0,29.0,58.0,0.8765136634510302,0.0754859447479248
278.0,7.57949443796386,22.0,22.0,62.0,0.8763980283183987,0.07572293281555176
279.0,7.571914943525896,22.0,29.0,57.0,0.8762822927131023,0.07595276832580566
280.0,7.56434302858237,22.0,25.0,61.0,0.8761664565631484,0.07618093490600586
281.0,7.5567786855537875,22.0,27.0,69.0,0.8760505197965237,0.07645082473754883
282.0,7.549221906868234,22.0,27.0,59.0,0.8759344823411945,0.07670783996582031
283.0,7.541672684961366,22.0,30.0,64.0,0.8758183441251067,0.07694792747497559
284.0,7.534131012276404,22.0,22.0,61.0,0.8757021050761855,0.07721781730651855
285.0,7.526596881264128,22.0,25.0,68.0,0.8755857651223358,0.07743477821350098
286.0,7.519070284382864,22.0,27.0,66.0,0.8754693241914424,0.07767391204833984
287.0,7.511551214098481,22.0,30.0,64.0,0.8753527822113697,0.07790374755859375
288.0,7.504039662884383,22.0,29.0,62.0,0.875236139109962,0.07812190055847168
289.0,7.496535623221498,22.0,22.0,66.0,0.8751193948150435,0.07834386825561523
290.0,7.489039087598276,22.0,23.0,60.0,0.8750025492544182,0.07857179641723633
291.0,7.481550048510678,22.0,30.0,56.0,0.8748856023558705,0.07879185676574707
292.0,7.474068498462167,22.0,23.0,59.0,0.8747685540471647,0.0790247917175293
293.0,7.466594429963704,22.0,22.0,58.0,0.8746514042560453,0.0792388916015625
294.0,7.4591278355337405,22.0,25.0,56.0,0.8745341529102368,0.07946968078613281
295.0,7.451668707698206,22.0,22.0,63.0,0.8744167999374446,0.07968688011169434
296.0,7.444217038990508,22.0,24.0,60.0,0.8742993452653539,0.07991290092468262
297.0,7.436772821951517,22.0,25.0,66.0,0.8741817888216307,0.08016061782836914
298.0,7.4293360491295655,22.0,27.0,55.0,0.8740641305339213,0.08039283752441406
299.0,7.4219067130804355,22.0,26.0,55.0,0.8739463703298528,0.08060860633850098
300.0,7.414484806367355,22.0,27.0,56.0,0.8738285081370328,0.0808420181274414
301.0,7.407070321560988,22.0,25.0,61.0,0.8737105438830498,0.08105587959289551
302.0,7.399663251239427,22.0,25.0,57.0,0.8735924774954729,0.0812838077545166
303.0,7.392263587988188,22.0,26.0,65.0,0.8734743089018521,0.08153486251831055
304.0,7.3848713244001996,22.0,23.0,64.0,0.8733560380297185,0.08177685737609863
305.0,7.377486453075799,22.0,29.0,49.0,0.8732376648065842,0.08200287818908691
306.0,7.370108966622723,22.0,23.0,69.0,0.873119189159942,0.08221578598022461
307.0,7.3627388576561,22.0,24.0,57.0,0.8730006110172663,0.08246278762817383
308.0,7.355376118798444,22.0,22.0,54.0,0.8728819303060127,0.08267068862915039
309.0,7.348020742679645,22.0,23.0,51.0,0.8727631469536178,0.08288002014160156
310.0,7.340672721936965,22.0,28.0,55.0,0.8726442608874998,0.08313393592834473
311.0,7.333332049215028,22.0,24.0,62.0,0.8725252720350581,0.08337569236755371
312.0,7.325998717165813,22.0,29.0,64.0,0.8724061803236741,0.08363080024719238
313.0,7.3186727184486475,22.0,25.0,59.0,0.8722869856807103,0.08390569686889648
314.0,7.311354045730199,22.0,30.0,58.0,0.8721676880335109,0.08415985107421875
315.0,7.304042691684469,22.0,23.0,61.0,0.872048287309402,0.08438301086425781
316.0,7.296738648992784,22.0,28.0,61.0,0.8719287834356915,0.08460879325866699
317.0,7.2894419103437915,22.0,28.0,56.0,0.871809176339669,0.08483672142028809
318.0,7.2821524684334475,22.0,23.0,53.0,0.8716894659486064,0.0850517749786377
319.0,7.274870315965014,22.0,30.0,64.0,0.8715696521897571,0.08526182174682617
320.0,7.267595445649049,22.0,23.0,54.0,0.871449734990357,0.0854957103729248
321.0,7.2603278502034,22.0,27.0,68.0,0.8713297142776241,0.08571863174438477
322.0,7.253067522353197,22.0,27.0,65.0,0.8712095899787584,0.08595085144042969
323.0,7.245814454830843,22.0,25.0,59.0,0.8710893620209426,0.0861976146697998
324.0,7.2385686403760126,22.0,26.0,68.0,0.8709690303313413,0.08642578125
325.0,7.231330071735637,22.0,26.0,50.0,0.8708485948371021,0.08665585517883301
326.0,7.2240987416639015,22.0,25.0,62.0,0.8707280554653548,0.0868837833404541
327.0,7.216874642922238,22.0,22.0,62.0,0.8706074121432119,0.08711481094360352
328.0,7.209657768279316,22.0,23.0,48.0,0.8704866647977685,0.08737373352050781
329.0,7.202448110511036,22.0,23.0,55.0,0.8703658133561026,0.08758282661437988
330.0,7.195245662400525,22.0,30.0,54.0,0.8702448577452752,0.08780694007873535
331.0,7.1880504167381245,22.0,24.0,59.0,0.8701237978923296,0.08803081512451172
332.0,7.180862366321386,22.0,24.0,53.0,0.8700026337242928,0.08824968338012695
333.0,7.1736815039550645,22.0,28.0,63.0,0.8698813651681745,0.0884559154510498
334.0,7.166507822451109,22.0,23.0,52.0,0.8697599921509674,0.08867573738098145
335.0,7.159341314628658,22.0,28.0,61.0,0.869638514599648,0.08889603614807129
336.0,7.152181973314029,22.0,29.0,57.0,0.8695169324411754,0.0891106128692627
337.0,7.145029791340715,22.0,30.0,56.0,0.8693952456024927,0.08934569358825684
338.0,7.137884761549374,22.0,22.0,65.0,0.8692734540105259,0.0895686149597168
339.0,7.130746876787825,22.0,23.0,65.0,0.8691515575921849,0.08980464935302734
340.0,7.123616129911037,22.0,24.0,67.0,0.8690295562743631,0.09004592895507812
341.0,7.116492513781126,22.0,25.0,56.0,0.8689074499839374,0.09028768539428711
342.0,7.109376021267345,22.0,28.0,52.0,0.868785238647769,0.09049582481384277
343.0,7.102266645246078,22.0,27.0,65.0,0.8686629221927022,0.09070897102355957
344.0,7.095164378600832,22.0,27.0,56.0,0.8685405005455659,0.09095287322998047
345.0,7.088069214222231,22.0,29.0,56.0,0.8684179736331726,0.09117960929870605
346.0,7.080981145008009,22.0,30.0,53.0,0.868295341382319,0.09139084815979004
347.0,7.073900163863001,22.0,25.0,51.0,0.8681726037197859,0.09159493446350098
348.0,7.066826263699138,22.0,24.0,60.0,0.8680497605723383,0.09180283546447754
349.0,7.059759437435439,22.0,24.0,62.0,0.8679268118667258,0.0920267105102539
350.0,7.052699677998003,22.0,25.0,53.0,0.8678037575296822,0.0922548770904541
351.0,7.045646978320005,22.0,24.0,59.0,0.8676805974879256,0.09246587753295898
352.0,7.038601331341685,22.0,27.0,60.0,0.8675573316681588,0.09268879890441895
353.0,7.031562730010343,22.0,24.0,56.0,0.8674339599970696,0.09290075302124023
354.0,7.024531167280332,22.0,23.0,53.0,0.8673104824013299,0.09311795234680176
355.0,7.017506636113052,22.0,24.0,50.0,0.8671868988075968,0.09334182739257812
356.0,7.010489129476939,22.0,25.0,58.0,0.8670632091425121,0.09354186058044434
357.0,7.0034786403474625,22.0,26.0,56.0,0.8669394133327027,0.09376263618469238
358.0,6.996475161707115,22.0,25.0,50.0,0.8668155113047805,0.09397292137145996
359.0,6.989478686545407,22.0,25.0,58.0,0.8666915029853425,0.09418392181396484
360.0,6.982489207858862,22.0,30.0,63.0,0.8665673883009708,0.09440779685974121
361.0,6.975506718651003,22.0,25.0,49.0,0.866443167178233,0.09463191032409668
362.0,6.968531211932352,22.0,23.0,56.0,0.866318839543682,0.09485077857971191
363.0,6.961562680720419,22.0,23.0,55.0,0.8661944053238562,0.0950627326965332
364.0,6.954601118039699,22.0,24.0,53.0,0.8660698644452793,0.09526777267456055
365.0,6.947646516921659,22.0,24.0,56.0,0.865945216834461,0.09548377990722656
366.0,6.940698870404737,22.0,23.0,58.0,0.8658204624178963,0.09571266174316406
367.0,6.933758171534333,22.0,25.0,56.0,0.8656956011220663,0.09594082832336426
368.0,6.926824413362798,22.0,23.0,51.0,0.8655706328734379,0.09615588188171387
369.0,6.919897588949436,22.0,30.0,54.0,0.865445557598464,0.09636092185974121
370.0,6.912977691360486,22.0,23.0,58.0,0.8653203752235832,0.09655976295471191
371.0,6.906064713669125,22.0,24.0,56.0,0.8651950856752207,0.09677481651306152
372.0,6.899158648955456,22.0,24.0,56.0,0.8650696888797877,0.09698176383972168
373.0,6.892259490306501,22.0,24.0,59.0,0.8649441847636817,0.09719276428222656
374.0,6.885367230816195,22.0,30.0,50.0,0.8648185732532866,0.09742379188537598
375.0,6.878481863585379,22.0,23.0,54.0,0.8646928542749727,0.09761571884155273
376.0,6.871603381721794,22.0,29.0,57.0,0.8645670277550969,0.09782290458679199
377.0,6.864731778340072,22.0,24.0,64.0,0.8644410936200027,0.09802985191345215
378.0,6.857867046561732,22.0,22.0,49.0,0.8643150517960204,0.0982515811920166
379.0,6.85100917951517,22.0,27.0,50.0,0.8641889022094671,0.09843778610229492
380.0,6.844158170335655,22.0,28.0,66.0,0.8640626447866468,0.09864187240600586
381.0,6.8373140121653195,22.0,27.0,51.0,0.8639362794538505,0.09886956214904785
382.0,6.830476698153154,22.0,27.0,60.0,0.8638098061373563,0.09908294677734375
383.0,6.823646221455001,22.0,28.0,53.0,0.8636832247634291,0.09929180145263672
384.0,6.816822575233546,22.0,27.0,46.0,0.8635565352583215,0.0994880199432373
385.0,6.810005752658313,22.0,25.0,60.0,0.8634297375482735,0.0996847152709961
386.0,6.803195746905654,22.0,23.0,53.0,0.8633028315595119,0.09989571571350098
387.0,6.796392551158749,22.0,23.0,60.0,0.8631758172182517,0.10009884834289551
388.0,6.78959615860759,22.0,24.0,59.0,0.863048694450695,0.10031795501708984
389.0,6.782806562448982,22.0,23.0,53.0,0.862921463183032,0.10053372383117676
390.0,6.776023755886533,22.0,22.0,55.0,0.8627941233414402,0.10073971748352051
391.0,6.769247732130647,22.0,24.0,58.0,0.8626666748520856,0.10094976425170898
392.0,6.762478484398516,22.0,28.0,57.0,0.8625391176411215,0.10117578506469727
393.0,6.755716005914117,22.0,27.0,58.0,0.8624114516346896,0.10138177871704102
394.0,6.748960289908203,22.0,25.0,51.0,0.8622836767589196,0.10160470008850098
395.0,6.742211329618295,22.0,22.0,50.0,0.8621557929399297,0.10180091857910156
396.0,6.735469118288676,22.0,22.0,43.0,0.862027800103826,0.10200190544128418
397.0,6.728733649170387,22.0,25.0,54.0,0.8618996981767034,0.10219860076904297
398.0,6.722004915521216,22.0,23.0,57.0,0.8617714870846449,0.1024026870727539
399.0,6.715282910605695,22.0,24.0,51.0,0.8616431667537224,0.10261869430541992
400.0,6.708567627695089,22.0,24.0,52.0,0.8615147371099965,0.10282278060913086
401.0,6.701859060067394,22.0,24.0,62.0,0.8613861980795162,0.1030278205871582
402.0,6.695157201007327,22.0,23.0,54.0,0.8612575495883198,0.10326385498046875
403.0,6.68846204380632,22.0,26.0,57.0,0.8611287915624342,0.1034698486328125
404.0,6.6817735817625135,22.0,22.0,62.0,0.8609999239278756,0.10368776321411133
405.0,6.675091808180751,22.0,28.0,60.0,0.8608709466106492,0.10398483276367188
406.0,6.66841671637257,22.0,28.0,61.0,0.8607418595367494,0.10419464111328125
407.0,6.661748299656197,22.0,22.0,46.0,0.8606126626321602,0.10440874099731445
408.0,6.655086551356541,22.0,29.0,51.0,0.8604833558228546,0.10460281372070312
409.0,6.648431464805184,22.0,22.0,56.0,0.8603539390347954,0.10479474067687988
410.0,6.641783033340379,22.0,25.0,45.0,0.860224412193935,0.10500788688659668
411.0,6.635141250307038,22.0,25.0,45.0,0.8600947752262152,0.10519671440124512
412.0,6.628506109056731,22.0,25.0,55.0,0.859965028057568,0.10538601875305176
413.0,6.6218776029476745,22.0,24.0,57.0,0.8598351706139151,0.10558581352233887
414.0,6.615255725344727,22.0,23.0,51.0,0.859705202821168,0.10578465461730957
415.0,6.608640469619382,22.0,25.0,60.0,0.8595751246052287,0.10598182678222656
416.0,6.602031829149762,22.0,29.0,57.0,0.8594449358919888,0.10618758201599121
417.0,6.595429797320612,22.0,23.0,56.0,0.8593146366073308,0.10638284683227539
418.0,6.588834367523292,22.0,23.0,43.0,0.859184226677127,0.10657787322998047
419.0,6.582245533155769,22.0,22.0,52.0,0.8590537060272405,0.10675787925720215
420.0,6.575663287622613,22.0,28.0,49.0,0.8589230745835249,0.10695195198059082
421.0,6.5690876243349905,22.0,24.0,60.0,0.8587923322718244,0.1071469783782959
422.0,6.562518536710655,22.0,26.0,60.0,0.8586614790179738,0.10735368728637695
423.0,6.555956018173944,22.0,23.0,56.0,0.858530514747799,0.10757184028625488
424.0,6.549400062155771,22.0,23.0,59.0,0.8583994393871167,0.10777497291564941
425.0,6.542850662093615,22.0,28.0,47.0,0.8582682528617347,0.10797882080078125
426.0,6.536307811431522,22.0,27.0,52.0,0.8581369550974518,0.10816574096679688
427.0,6.529771503620091,22.0,22.0,51.0,0.8580055460200582,0.1083526611328125
428.0,6.523241732116471,22.0,23.0,55.0,0.8578740255553353,0.10852670669555664
429.0,6.5167184903843545,22.0,25.0,52.0,0.8577423936290561,0.1087338924407959
430.0,6.51020177189397,22.0,27.0,57.0,0.8576106501669849,0.1089327335357666
431.0,6.5036915701220765,22.0,23.0,57.0,0.8574787950948777,0.10913467407226562
432.0,6.497187878551954,22.0,24.0,47.0,0.8573468283384823,0.10935401916503906
433.0,6.490690690673402,22.0,24.0,55.0,0.8572147498235382,0.10952877998352051
434.0,6.484199999982729,22.0,25.0,66.0,0.857082559475777,0.1097259521484375
435.0,6.477715799982746,22.0,30.0,54.0,0.8569502572209222,0.10998177528381348
436.0,6.471238084182763,22.0,24.0,44.0,0.8568178429846894,0.11020278930664062
437.0,6.46476684609858,22.0,23.0,56.0,0.8566853166927865,0.11037969589233398
438.0,6.458302079252481,22.0,24.0,53.0,0.8565526782709136,0.11059093475341797
439.0,6.451843777173228,22.0,23.0,49.0,0.8564199276447634,0.11079883575439453
440.0,6.4453919333960545,22.0,23.0,55.0,0.8562870647400209,0.11099863052368164
441.0,6.438946541462658,22.0,25.0,48.0,0.8561540894823639,0.11118578910827637
442.0,6.432507594921196,22.0,26.0,45.0,0.8560210017974631,0.11138081550598145
443.0,6.426075087326275,22.0,23.0,48.0,0.8558878016109814,0.11156201362609863
444.0,6.419649012238949,22.0,25.0,60.0,0.8557544888485753,0.11175990104675293
445.0,6.41322936322671,22.0,24.0,52.0,0.855621063435894,0.1119687557220459
446.0,6.406816133863484,22.0,25.0,43.0,0.8554875252985799,0.11216998100280762
447.0,6.40040931772962,22.0,27.0,55.0,0.8553538743622685,0.11234569549560547
448.0,6.394008908411891,22.0,24.0,40.0,0.855220110552589,0.11255288124084473
449.0,6.387614899503479,22.0,27.0,49.0,0.8550862337951637,0.11272883415222168
450.0,6.381227284603975,22.0,24.0,55.0,0.8549522440156084,0.11290979385375977
451.0,6.374846057319371,22.0,23.0,46.0,0.854818141139533,0.11310577392578125
452.0,6.368471211262052,22.0,23.0,47.0,0.8546839250925408,0.11330270767211914
453.0,6.36210274005079,22.0,30.0,59.0,0.8545495958002288,0.11352181434631348
454.0,6.355740637310739,22.0,22.0,52.0,0.8544151531881884,0.11374974250793457
455.0,6.3493848966734285,22.0,26.0,56.0,0.8542805971820048,0.11398458480834961
456.0,6.343035511776755,22.0,23.0,54.0,0.8541459277072573,0.11419272422790527
457.0,6.336692476264978,22.0,25.0,58.0,0.8540111446895198,0.11437487602233887
458.0,6.330355783788713,22.0,22.0,49.0,0.8538762480543601,0.11458992958068848
459.0,6.324025428004925,22.0,23.0,46.0,0.8537412377273411,0.11477088928222656
460.0,6.31770140257692,22.0,28.0,48.0,0.8536061136340197,0.11494565010070801
461.0,6.311383701174343,22.0,24.0,57.0,0.853470875699948,0.11514067649841309
462.0,6.305072317473169,22.0,25.0,49.0,0.8533355238506724,0.11534595489501953
463.0,6.2987672451556955,22.0,28.0,52.0,0.8532000580117345,0.11552572250366211
464.0,6.29246847791054,22.0,26.0,56.0,0.8530644781086711,0.11571192741394043
465.0,6.286176009432629,22.0,29.0,49.0,0.8529287840670139,0.11590576171875
466.0,6.279889833423196,22.0,22.0,57.0,0.8527929758122896,0.11609292030334473
467.0,6.273609943589773,22.0,28.0,51.0,0.8526570532700208,0.11629486083984375
468.0,6.267336333646183,22.0,27.0,56.0,0.8525210163657251,0.11649465560913086
469.0,6.261068997312536,22.0,23.0,45.0,0.8523848650249158,0.11670279502868652
470.0,6.254807928315224,22.0,25.0,45.0,0.8522485991731021,0.11687564849853516
471.0,6.248553120386909,22.0,25.0,61.0,0.8521122187357885,0.11709070205688477
472.0,6.242304567266522,22.0,23.0,45.0,0.8519757236384757,0.11729788780212402
473.0,6.236062262699255,22.0,27.0,47.0,0.8518391138066604,0.11748671531677246
474.0,6.229826200436555,22.0,24.0,50.0,0.8517023891658354,0.11767387390136719
475.0,6.223596374236119,22.0,24.0,46.0,0.8515655496414894,0.11787176132202148
476.0,6.217372777861883,22.0,25.0,56.0,0.851428595159108,0.11809086799621582
477.0,6.21115540508402,22.0,28.0,47.0,0.8512915256441727,0.11830472946166992
478.0,6.204944249678936,22.0,25.0,53.0,0.8511543410221618,0.11849284172058105
479.0,6.198739305429258,22.0,23.0,44.0,0.8510170412185503,0.11868071556091309
480.0,6.192540566123828,22.0,24.0,53.0,0.8508796261588097,0.11887168884277344
481.0,6.186348025557704,22.0,26.0,53.0,0.8507420957684088,0.11907100677490234
482.0,6.180161677532147,22.0,24.0,54.0,0.850604449972813,0.11927390098571777
483.0,6.1739815158546145,22.0,27.0,50.0,0.850466688697485,0.11947393417358398
484.0,6.16780753433876,22.0,22.0,54.0,0.8503288118678847,0.11965584754943848
485.0,6.161639726804421,22.0,27.0,36.0,0.8501908194094692,0.11984777450561523
486.0,6.155478087077617,22.0,26.0,52.0,0.8500527112476931,0.12000060081481934
487.0,6.149322608990539,22.0,28.0,56.0,0.8499144873080088,0.1202077865600586
488.0,6.143173286381548,22.0,22.0,48.0,0.8497761475158659,0.12040090560913086
489.0,6.137030113095166,22.0,24.0,51.0,0.8496376917967122,0.12058687210083008
490.0,6.130893082982071,22.0,23.0,44.0,0.8494991200759933,0.12077593803405762
491.0,6.124762189899089,22.0,25.0,51.0,0.8493604322791526,0.12095069885253906
492.0,6.1186374277091895,22.0,24.0,47.0,0.8492216283316317,0.12114477157592773
493.0,6.11251879028148,22.0,25.0,54.0,0.8490827081588705,0.12137079238891602
494.0,6.106406271491198,22.0,22.0,48.0,0.8489436716863075,0.12156391143798828
495.0,6.100299865219707,22.0,22.0,44.0,0.8488045188393791,0.12174367904663086
496.0,6.094199565354487,22.0,25.0,44.0,0.8486652495435208,0.12191581726074219
497.0,6.088105365789133,22.0,22.0,42.0,0.8485258637241665,0.12208795547485352
498.0,6.082017260423344,22.0,23.0,50.0,0.8483863613067489,0.1222689151763916
499.0,6.07593524316292,22.0,24.0,46.0,0.8482467422167,0.12244772911071777
500.0,6.069859307919757,22.0,24.0,46.0,0.8481070063794504,0.1226348876953125
501.0,6.063789448611837,22.0,25.0,44.0,0.8479671537204301,0.12281274795532227
502.0,6.057725659163226,22.0,26.0,55.0,0.8478271841650682,0.12300968170166016
503.0,6.051667933504063,22.0,22.0,47.0,0.8476870976387935,0.12320685386657715
504.0,6.045616265570558,22.0,25.0,44.0,0.847546894067034,0.12338566780090332
505.0,6.039570649304988,22.0,25.0,45.0,0.8474065733752174,0.12356376647949219
506.0,6.033531078655683,22.0,23.0,49.0,0.8472661354887715,0.12374567985534668
507.0,6.027497547577027,22.0,23.0,48.0,0.8471255803331235,0.12397074699401855
508.0,6.02147005002945,22.0,28.0,47.0,0.8469849078337007,0.12415790557861328
509.0,6.01544857997942,22.0,23.0,43.0,0.8468441179159308,0.1243746280670166
510.0,6.009433131399441,22.0,25.0,49.0,0.8467032105052414,0.12459373474121094
511.0,6.003423698268041,22.0,26.0,45.0,0.8465621855270606,0.12479281425476074
512.0,5.997420274569773,22.0,22.0,47.0,0.8464210429068169,0.1249687671661377
513.0,5.9914228542952035,22.0,27.0,51.0,0.8462797825699393,0.12514567375183105
514.0,5.985431431440908,22.0,25.0,47.0,0.8461384044418577,0.12534093856811523
515.0,5.979446000009467,22.0,22.0,46.0,0.8459969084480029,0.12552571296691895
516.0,5.973466554009458,22.0,24.0,49.0,0.8458552945138063,0.12569499015808105
517.0,5.967493087455448,22.0,23.0,51.0,0.8457135625647005,0.12588286399841309
518.0,5.961525594367993,22.0,24.0,42.0,0.8455717125261195,0.1260678768157959
519.0,5.955564068773625,22.0,24.0,53.0,0.8454297443234985,0.12624168395996094
520.0,5.949608504704851,22.0,23.0,51.0,0.8452876578822739,0.12644195556640625
521.0,5.943658896200146,22.0,22.0,45.0,0.845145453127884,0.1266648769378662
522.0,5.937715237303946,22.0,24.0,47.0,0.8450031299857688,0.12690281867980957
523.0,5.931777522066642,22.0,22.0,51.0,0.8448606883813695,0.12708473205566406
524.0,5.925845744544575,22.0,28.0,49.0,0.8447181282401299,0.12728571891784668
525.0,5.91991989880003,22.0,25.0,41.0,0.8445754494874957,0.1274707317352295
526.0,5.91399997890123,22.0,27.0,48.0,0.8444326520489146,0.12766480445861816
527.0,5.908085978922329,22.0,23.0,52.0,0.8442897358498366,0.12784981727600098
528.0,5.902177892943406,22.0,29.0,38.0,0.8441467008157142,0.12806177139282227
529.0,5.8962757150504626,22.0,23.0,50.0,0.8440035468720025,0.1282498836517334
530.0,5.890379439335412,22.0,26.0,50.0,0.8438602739441593,0.1284317970275879
531.0,5.884489059896077,22.0,23.0,47.0,0.843716881957645,0.12861967086791992
532.0,5.878604570836181,22.0,24.0,52.0,0.843573370837923,0.12878680229187012
533.0,5.872725966265345,22.0,24.0,42.0,0.8434297405104599,0.12897086143493652
534.0,5.86685324029908,22.0,23.0,44.0,0.8432859909007252,0.12913894653320312
535.0,5.860986387058781,22.0,23.0,51.0,0.8431421219341919,0.12931466102600098
536.0,5.855125400671723,22.0,23.0,50.0,0.8429981335363365,0.1295018196105957
537.0,5.849270275271051,22.0,24.0,46.0,0.8428540256326386,0.1296827793121338
538.0,5.84342100499578,22.0,25.0,42.0,0.842709798148582,0.1298677921295166
539.0,5.837577583990784,22.0,25.0,47.0,0.8425654510096542,0.13002490997314453
540.0,5.831740006406793,22.0,27.0,43.0,0.8424209841413463,0.13019490242004395
541.0,5.825908266400386,22.0,24.0,43.0,0.8422763974691538,0.1303708553314209
542.0,5.820082358133986,22.0,25.0,48.0,0.8421316909185765,0.13054585456848145
543.0,5.814262275775852,22.0,23.0,51.0,0.841986864415118,0.13072776794433594
544.0,5.808448013500076,22.0,24.0,48.0,0.8418419178842869,0.13090991973876953
545.0,5.802639565486576,22.0,27.0,51.0,0.8416968512515959,0.13108301162719727
546.0,5.796836925921089,22.0,24.0,46.0,0.8415516644425627,0.13126397132873535
547.0,5.791040088995168,22.0,23.0,47.0,0.8414063573827099,0.13144969940185547
548.0,5.785249048906173,22.0,25.0,49.0,0.8412609299975649,0.13162589073181152
549.0,5.779463799857266,22.0,22.0,48.0,0.84111538221266,0.13180971145629883
550.0,5.773684336057409,22.0,25.0,44.0,0.8409697139535334,0.13199162483215332
551.0,5.767910651721351,22.0,23.0,43.0,0.8408239251457278,0.13216590881347656
552.0,5.7621427410696295,22.0,23.0,40.0,0.8406780157147921,0.13233590126037598
553.0,5.75638059832856,22.0,27.0,41.0,0.8405319855862803,0.1325087547302246
554.0,5.750624217730231,22.0,22.0,42.0,0.8403858346857526,0.13268685340881348
555.0,5.7448735935125015,22.0,24.0,38.0,0.8402395629387746,0.1328427791595459
556.0,5.739128719918989,22.0,29.0,49.0,0.8400931702709183,0.13300180435180664
557.0,5.73338959119907,22.0,26.0,39.0,0.8399466566077619,0.13316988945007324
558.0,5.7276562016078705,22.0,25.0,52.0,0.8398000218748894,0.1333167552947998
559.0,5.7219285454062625,22.0,30.0,41.0,0.8396532659978918,0.13350462913513184
560.0,5.716206616860856,22.0,23.0,44.0,0.8395063889023662,0.13366389274597168
561.0,5.710490410243995,22.0,22.0,38.0,0.8393593905139165,0.1338796615600586
562.0,5.704779919833752,22.0,25.0,45.0,0.8392122707581536,0.13405799865722656
563.0,5.699075139913918,22.0,22.0,33.0,0.8390650295606952,0.1342477798461914
564.0,5.693376064774005,22.0,24.0,48.0,0.8389176668471661,0.13441991806030273
565.0,5.687682688709231,22.0,24.0,45.0,0.8387701825431982,0.13461971282958984
566.0,5.6819950060205215,22.0,24.0,45.0,0.8386225765744311,0.13480496406555176
567.0,5.676313011014501,22.0,25.0,41.0,0.8384748488665114,0.13498377799987793
568.0,5.670636698003486,22.0,29.0,46.0,0.8383269993450937,0.13515877723693848
569.0,5.664966061305483,22.0,23.0,51.0,0.8381790279358404,0.13532686233520508
570.0,5.659301095244178,22.0,22.0,35.0,0.8380309345644215,0.1355128288269043
571.0,5.653641794148934,22.0,23.0,39.0,0.8378827191565152,0.13566970825195312
572.0,5.647988152354785,22.0,22.0,40.0,0.8377343816378079,0.13585996627807617
573.0,5.642340164202429,22.0,22.0,40.0,0.8375859219339943,0.13602471351623535
574.0,5.636697824038227,22.0,23.0,45.0,0.8374373399707774,0.1361846923828125
575.0,5.631061126214188,22.0,30.0,50.0,0.837288635673869,0.13635873794555664
576.0,5.625430065087974,22.0,22.0,45.0,0.8371398089689897,0.1365368366241455
577.0,5.619804635022886,22.0,28.0,42.0,0.8369908597818684,0.1367177963256836
578.0,5.614184830387863,22.0,23.0,38.0,0.8368417880382437,0.13688397407531738
579.0,5.608570645557475,22.0,24.0,44.0,0.836692593663863,0.13706183433532715
580.0,5.602962074911918,22.0,26.0,44.0,0.8365432765844828,0.13722491264343262
581.0,5.597359112837006,22.0,23.0,43.0,0.8363938367258695,0.13741183280944824
582.0,5.591761753724169,22.0,24.0,40.0,0.8362442740137986,0.13757681846618652
583.0,5.586169991970445,22.0,28.0,41.0,0.8360945883740557,0.13774681091308594
584.0,5.5805838219784745,22.0,24.0,39.0,0.8359447797324359,0.13791370391845703
585.0,5.575003238156496,22.0,24.0,44.0,0.8357948480147444,0.13807082176208496
586.0,5.569428234918339,22.0,24.0,40.0,0.8356447931467965,0.13825082778930664
587.0,5.563858806683421,22.0,24.0,40.0,0.835494615054418,0.13840889930725098
588.0,5.558294947876738,22.0,23.0,44.0,0.8353443136634447,0.1385667324066162
589.0,5.5527366529288615,22.0,25.0,47.0,0.8351938888997233,0.13875365257263184
590.0,5.547183916275933,22.0,23.0,41.0,0.835043340689111,0.1389179229736328
591.0,5.541636732359657,22.0,23.0,41.0,0.8348926689574759,0.13911867141723633
592.0,5.536095095627298,22.0,24.0,46.0,0.834741873630697,0.13927578926086426
593.0,5.53055900053167,22.0,24.0,43.0,0.8345909546346645,0.13944768905639648
594.0,5.525028441531139,22.0,23.0,35.0,0.8344399118952799,0.13962078094482422
595.0,5.519503413089607,22.0,25.0,45.0,0.834288745338456,0.13976192474365234
596.0,5.513983909676518,22.0,25.0,46.0,0.8341374548901171,0.1399397850036621
597.0,5.508469925766841,22.0,23.0,41.0,0.8339860404761996,0.14011287689208984
598.0,5.502961455841074,22.0,22.0,37.0,0.8338345020226512,0.14028286933898926
599.0,5.497458494385233,22.0,27.0,39.0,0.8336828394554319,0.14043378829956055
600.0,5.4919610358908475,22.0,23.0,47.0,0.8335310527005138,0.14059686660766602
601.0,5.4864690748549565,22.0,27.0,44.0,0.833379141683881,0.1407637596130371
602.0,5.480982605780102,22.0,22.0,36.0,0.8332271063315307,0.14093899726867676
603.0,5.475501623174321,22.0,23.0,49.0,0.8330749465694719,0.14108800888061523
604.0,5.470026121551147,22.0,23.0,35.0,0.8329226623237267,0.14126896858215332
605.0,5.464556095429596,22.0,23.0,37.0,0.8327702535203302,0.14142274856567383
606.0,5.459091539334167,22.0,23.0,43.0,0.8326177200853302,0.14158892631530762
607.0,5.453632447794832,22.0,25.0,40.0,0.8324650619447876,0.14174962043762207
608.0,5.448178815347037,22.0,22.0,38.0,0.8323122790247772,0.14190268516540527
609.0,5.4427306365316905,22.0,23.0,46.0,0.8321593712513866,0.14207077026367188
610.0,5.437287905895158,22.0,24.0,41.0,0.8320063385507173,0.14225172996520996
611.0,5.431850617989263,22.0,26.0,37.0,0.8318531808488845,0.1424088478088379
612.0,5.426418767371274,22.0,29.0,43.0,0.8316998980720174,0.14255785942077637
613.0,5.420992348603903,22.0,29.0,41.0,0.8315464901462591,0.1427159309387207
614.0,5.415571356255299,22.0,22.0,42.0,0.831392956997767,0.1428987979888916
615.0,5.410155784899044,22.0,23.0,34.0,0.8312392985527128,0.1430826187133789
616.0,5.404745629114145,22.0,25.0,42.0,0.8310855147372829,0.14328289031982422
617.0,5.3993408834850305,22.0,29.0,42.0,0.8309316054776779,0.14345598220825195
618.0,5.393941542601546,22.0,27.0,45.0,0.8307775707001136,0.14362764358520508
619.0,5.388547601058944,22.0,24.0,40.0,0.8306234103308208,0.1438007354736328
620.0,5.383159053457885,22.0,23.0,39.0,0.830469124296045,0.14397382736206055
621.0,5.377775894404428,22.0,22.0,39.0,0.8303147125220475,0.14412975311279297
622.0,5.372398118510024,22.0,23.0,45.0,0.8301601749351045,0.14429879188537598
623.0,5.3670257203915135,22.0,26.0,45.0,0.8300055114615081,0.14447689056396484
624.0,5.361658694671122,22.0,24.0,49.0,0.829850722027566,0.14465570449829102
625.0,5.356297035976451,22.0,23.0,43.0,0.829695806559602,0.1448369026184082
626.0,5.350940738940475,22.0,22.0,43.0,0.8295407649839552,0.14499878883361816
627.0,5.345589798201535,22.0,22.0,47.0,0.8293855972269819,0.14514875411987305
628.0,5.340244208403333,22.0,25.0,37.0,0.829230303215054,0.14531683921813965
629.0,5.33490396419493,22.0,23.0,34.0,0.8290748828745602,0.1454787254333496
630.0,5.329569060230735,22.0,25.0,39.0,0.8289193361319057,0.14565372467041016
631.0,5.324239491170505,22.0,29.0,45.0,0.8287636629135127,0.14583873748779297
632.0,5.318915251679334,22.0,26.0,36.0,0.8286078631458199,0.14600777626037598
633.0,5.313596336427654,22.0,22.0,42.0,0.8284519367552838,0.14615678787231445
634.0,5.308282740091227,22.0,23.0,41.0,0.8282958836683776,0.14632558822631836
635.0,5.3029744573511355,22.0,27.0,38.0,0.8281397038115922,0.14647865295410156
636.0,5.297671482893785,22.0,23.0,39.0,0.827983397111436,0.14662981033325195
637.0,5.292373811410891,22.0,27.0,44.0,0.8278269634944352,0.1467907428741455
638.0,5.28708143759948,22.0,24.0,43.0,0.8276704028871337,0.14696502685546875
639.0,5.28179435616188,22.0,23.0,45.0,0.8275137152160936,0.1471250057220459
640.0,5.276512561805718,22.0,24.0,37.0,0.8273569004078953,0.1472949981689453
641.0,5.271236049243912,22.0,26.0,42.0,0.8271999583891374,0.1474437713623047
642.0,5.265964813194668,22.0,22.0,44.0,0.8270428890864373,0.14760661125183105
643.0,5.260698848381474,22.0,30.0,44.0,0.8268856924264306,0.14776396751403809
644.0,5.255438149533092,22.0,27.0,37.0,0.8267283683357723,0.14792871475219727
645.0,5.25018271138356,22.0,23.0,49.0,0.826570916741136,0.14808392524719238
646.0,5.244932528672176,22.0,22.0,36.0,0.8264133375692146,0.1482548713684082
647.0,5.239687596143503,22.0,22.0,35.0,0.8262556307467205,0.14840173721313477
648.0,5.23444790854736,22.0,23.0,45.0,0.8260977962003853,0.1485447883605957
649.0,5.229213460638813,22.0,25.0,49.0,0.8259398338569605,0.14871478080749512
650.0,5.2239842471781746,22.0,25.0,40.0,0.8257817436432171,0.14888572692871094
651.0,5.218760262930997,22.0,26.0,36.0,0.8256235254859465,0.14904379844665527
652.0,5.213541502668066,22.0,26.0,39.0,0.8254651793119598,0.14921975135803223
653.0,5.208327961165398,22.0,25.0,38.0,0.8253067050480889,0.1493849754333496
654.0,5.203119633204232,22.0,26.0,42.0,0.8251481026211855,0.14954590797424316
655.0,5.197916513571028,22.0,24.0,39.0,0.8249893719581226,0.14970874786376953
656.0,5.192718597057457,22.0,24.0,46.0,0.8248305129857936,0.14988493919372559
657.0,5.1875258784603995,22.0,22.0,45.0,0.8246715256311128,0.15005278587341309
658.0,5.182338352581939,22.0,23.0,36.0,0.8245124098210159,0.15023183822631836
659.0,5.177156014229357,22.0,25.0,32.0,0.8243531654824596,0.15040278434753418
660.0,5.171978858215128,22.0,23.0,45.0,0.8241937925424223,0.1505568027496338
661.0,5.166806879356913,22.0,23.0,42.0,0.8240342909279038,0.1507258415222168
662.0,5.161640072477556,22.0,26.0,43.0,0.8238746605659258,0.15089178085327148
663.0,5.156478432405078,22.0,27.0,46.0,0.8237149013835319,0.1510627269744873
664.0,5.151321953972673,22.0,23.0,36.0,0.8235550133077878,0.15122675895690918
665.0,5.1461706320187,22.0,24.0,35.0,0.8233949962657814,0.15137577056884766
666.0,5.141024461386682,22.0,23.0,37.0,0.8232348501846233,0.1515347957611084
667.0,5.135883436925295,22.0,23.0,37.0,0.8230745749914463,0.1517038345336914
668.0,5.130747553488369,22.0,25.0,41.0,0.8229141706134064,0.15186262130737305
669.0,5.125616805934881,22.0,25.0,40.0,0.8227536369776822,0.15203189849853516
670.0,5.120491189128946,22.0,24.0,32.0,0.8225929740114757,0.15218281745910645
671.0,5.115370697939817,22.0,28.0,46.0,0.8224321816420119,0.15234088897705078
672.0,5.110255327241877,22.0,24.0,42.0,0.8222712597965395,0.15250682830810547
673.0,5.1051450719146345,22.0,22.0,43.0,0.8221102084023306,0.1526627540588379
674.0,5.10003992684272,22.0,24.0,31.0,0.8219490273866812,0.1528468132019043
675.0,5.094939886915877,22.0,24.0,39.0,0.8217877166769113,0.15300369262695312
676.0,5.089844947028961,22.0,25.0,33.0,0.821626276200365,0.15317177772521973
677.0,5.084755102081933,22.0,25.0,29.0,0.8214647058844106,0.15332579612731934
678.0,5.07967034697985,22.0,24.0,31.0,0.8213030056564408,0.15347886085510254
679.0,5.07459067663287,22.0,22.0,41.0,0.8211411754438732,0.1536238193511963
680.0,5.069516085956238,22.0,23.0,38.0,0.8209792151741502,0.15378880500793457
681.0,5.064446569870282,22.0,24.0,37.0,0.820817124774739,0.15393376350402832
682.0,5.059382123300412,22.0,25.0,50.0,0.8206549041731319,0.15408897399902344
683.0,5.054322741177112,22.0,25.0,34.0,0.8204925532968467,0.15425586700439453
684.0,5.049268418435934,22.0,22.0,42.0,0.8203300720734267,0.15441370010375977
685.0,5.044219150017499,22.0,24.0,36.0,0.8201674604304408,0.1545727252960205
686.0,5.039174930867482,22.0,22.0,34.0,0.8200047182954837,0.15472674369812012
687.0,5.034135755936615,22.0,27.0,44.0,0.8198418455961762,0.1548748016357422
688.0,5.029101620180678,22.0,22.0,38.0,0.8196788422601653,0.15504074096679688
689.0,5.024072518560497,22.0,22.0,33.0,0.8195157082151243,0.15519380569458008
690.0,5.0190484460419365,22.0,22.0,41.0,0.8193524433887532,0.15533685684204102
691.0,5.014029397595895,22.0,25.0,40.0,0.8191890477087787,0.15549278259277344
692.0,5.009015368198299,22.0,25.0,46.0,0.8190255211029539,0.1556549072265625
693.0,5.004006352830101,22.0,26.0,32.0,0.8188618634990597,0.155808687210083
694.0,4.999002346477271,22.0,23.0,40.0,0.8186980748249039,0.15595579147338867
695.0,4.994003344130793,22.0,24.0,31.0,0.8185341550083215,0.15611481666564941
696.0,4.989009340786662,22.0,25.0,32.0,0.8183701039771756,0.1562507152557373
697.0,4.984020331445875,22.0,30.0,31.0,0.8182059216593567,0.1564188003540039
698.0,4.979036311114429,22.0,24.0,39.0,0.8180416079827835,0.15656280517578125
699.0,4.9740572748033145,22.0,25.0,34.0,0.8178771628754025,0.15670466423034668
700.0,4.969083217528511,22.0,25.0,40.0,0.8177125862651888,0.15685582160949707
701.0,4.964114134310982,22.0,22.0,33.0,0.8175478780801461,0.1570146083831787
702.0,4.959150020176671,22.0,23.0,39.0,0.8173830382483063,0.15715789794921875
703.0,4.954190870156494,22.0,26.0,43.0,0.8172180666977304,0.15734195709228516
704.0,4.949236679286337,22.0,25.0,42.0,0.8170529633565088,0.15753388404846191
705.0,4.944287442607051,22.0,24.0,41.0,0.8168877281527603,0.15768766403198242
706.0,4.939343155164444,22.0,24.0,32.0,0.816722361014634,0.15785479545593262
707.0,4.93440381200928,22.0,23.0,43.0,0.8165568618703078,0.15800762176513672
708.0,4.929469408197271,22.0,22.0,36.0,0.8163912306479898,0.15816664695739746
709.0,4.924539938789073,22.0,30.0,32.0,0.8162254672759178,0.15833187103271484
710.0,4.919615398850285,22.0,22.0,34.0,0.8160595716823599,0.1584796905517578
711.0,4.914695783451434,22.0,24.0,27.0,0.8158935437956143,0.15861773490905762
712.0,4.909781087667983,22.0,23.0,37.0,0.8157273835440099,0.15874099731445312
713.0,4.904871306580315,22.0,24.0,33.0,0.815561090855906,0.15889883041381836
714.0,4.899966435273734,22.0,23.0,34.0,0.815394665659693,0.1590428352355957
715.0,4.89506646883846,22.0,25.0,43.0,0.8152281078837922,0.15919899940490723
716.0,4.890171402369622,22.0,24.0,37.0,0.8150614174566562,0.15937376022338867
717.0,4.885281230967252,22.0,26.0,41.0,0.8148945943067687,0.15951275825500488
718.0,4.880395949736285,22.0,23.0,40.0,0.8147276383626454,0.15967369079589844
719.0,4.875515553786549,22.0,23.0,37.0,0.8145605495528334,0.15983176231384277
720.0,4.870640038232763,22.0,22.0,35.0,0.814393327805912,0.1599726676940918
721.0,4.86576939819453,22.0,24.0,35.0,0.8142259730504927,0.16013169288635254
722.0,4.860903628796335,22.0,23.0,39.0,0.8140584852152188,0.1602776050567627
723.0,4.856042725167539,22.0,25.0,30.0,0.8138908642287669,0.16042494773864746
724.0,4.851186682442371,22.0,26.0,36.0,0.8137231100198457,0.1605687141418457
725.0,4.846335495759929,22.0,23.0,44.0,0.8135552225171967,0.16070771217346191
726.0,4.841489160264169,22.0,22.0,34.0,0.8133872016495952,0.160874605178833
727.0,4.836647671103905,22.0,22.0,27.0,0.8132190473458489,0.16103076934814453
728.0,4.8318110234328016,22.0,24.0,30.0,0.8130507595347994,0.16118192672729492
729.0,4.826979212409369,22.0,24.0,34.0,0.8128823381453221,0.16132378578186035
730.0,4.8221522331969595,22.0,22.0,41.0,0.8127137831063258,0.16147089004516602
731.0,4.817330080963763,22.0,22.0,29.0,0.8125450943467534,0.16162586212158203
732.0,4.812512750882799,22.0,23.0,35.0,0.8123762717955822,0.16176176071166992
733.0,4.8077002381319165,22.0,24.0,42.0,0.8122073153818238,0.1619126796722412
734.0,4.802892537893785,22.0,23.0,24.0,0.8120382250345244,0.16205883026123047
735.0,4.7980896453558906,22.0,22.0,39.0,0.8118690006827648,0.16216397285461426
736.0,4.7932915557105344,22.0,25.0,33.0,0.811699642255661,0.1623218059539795
737.0,4.788498264154824,22.0,25.0,33.0,0.8115301496823641,0.1625206470489502
738.0,4.783709765890669,22.0,23.0,40.0,0.8113605228920605,0.1626596450805664
739.0,4.778926056124779,22.0,22.0,31.0,0.8111907618139721,0.1628098487854004
740.0,4.774147130068654,22.0,22.0,27.0,0.8110208663773565,0.16294074058532715
741.0,4.769372982938585,22.0,23.0,32.0,0.8108508365115074,0.16308188438415527
742.0,4.764603609955647,22.0,25.0,36.0,0.8106806721457543,0.1632077693939209
743.0,4.7598390063456915,22.0,22.0,31.0,0.8105103732094635,0.16334891319274902
744.0,4.755079167339345,22.0,22.0,40.0,0.8103399396320374,0.16347861289978027
745.0,4.750324088172006,22.0,26.0,33.0,0.8101693713429153,0.16362881660461426
746.0,4.745573764083834,22.0,25.0,35.0,0.8099986682715732,0.16376876831054688
747.0,4.74082819031975,22.0,28.0,38.0,0.8098278303475244,0.1639249324798584
748.0,4.73608736212943,22.0,24.0,39.0,0.8096568575003191,0.1640608310699463
749.0,4.7313512747673006,22.0,22.0,37.0,0.8094857496595457,0.16421771049499512
750.0,4.7266199234925335,22.0,24.0,38.0,0.8093145067548295,0.16435885429382324
751.0,4.721893303569041,22.0,25.0,36.0,0.8091431287158343,0.1645069122314453
752.0,4.717171410265472,22.0,29.0,29.0,0.8089716154722614,0.16465282440185547
753.0,4.712454238855206,22.0,29.0,34.0,0.8087999669538506,0.16480374336242676
754.0,4.707741784616351,22.0,24.0,37.0,0.8086281830903804,0.16495680809020996
755.0,4.703034042831734,22.0,23.0,37.0,0.8084562638116678,0.1650838851928711
756.0,4.6983310087889025,22.0,23.0,42.0,0.8082842090475684,0.16522598266601562
757.0,4.693632677780114,22.0,23.0,38.0,0.8081120187279772,0.16538071632385254
758.0,4.688939045102334,22.0,22.0,34.0,0.8079396927828284,0.16552090644836426
759.0,4.684250106057232,22.0,30.0,30.0,0.8077672311420954,0.1656646728515625
760.0,4.679565855951175,22.0,22.0,27.0,0.8075946337357915,0.16579771041870117
761.0,4.674886290095224,22.0,26.0,30.0,0.8074219004939699,0.16593384742736816
762.0,4.670211403805129,22.0,25.0,33.0,0.8072490313467235,0.16608476638793945
763.0,4.6655411924013235,22.0,25.0,28.0,0.807076026224186,0.16622281074523926
764.0,4.660875651208922,22.0,25.0,32.0,0.8069028850565311,0.1663649082183838
765.0,4.6562147755577135,22.0,24.0,34.0,0.8067296077739733,0.16651082038879395
766.0,4.6515585607821555,22.0,24.0,36.0,0.806556194306768,0.16664385795593262
767.0,4.646907002221373,22.0,25.0,37.0,0.8063826445852117,0.1667788028717041
768.0,4.642260095219152,22.0,26.0,37.0,0.806208958539642,0.16691994667053223
769.0,4.637617835123933,22.0,27.0,40.0,0.8060351361004381,0.16705894470214844
770.0,4.632980217288809,22.0,24.0,26.0,0.8058611771980209,0.1672048568725586
771.0,4.62834723707152,22.0,22.0,36.0,0.8056870817628531,0.1673417091369629
772.0,4.623718889834449,22.0,25.0,34.0,0.8055128497254394,0.16748476028442383
773.0,4.619095170944615,22.0,24.0,30.0,0.805338481016327,0.16762685775756836
774.0,4.61447607577367,22.0,24.0,35.0,0.8051639755661053,0.16776490211486816
775.0,4.609861599697896,22.0,24.0,27.0,0.8049893333054068,0.16790080070495605
776.0,4.6052517380981985,22.0,22.0,33.0,0.8048145541649064,0.16803264617919922
777.0,4.6006464863601,22.0,23.0,28.0,0.8046396380753226,0.1681687831878662
778.0,4.59604583987374,22.0,22.0,29.0,0.8044645849674168,0.16829586029052734
779.0,4.591449794033866,22.0,24.0,33.0,0.8042893947719941,0.16842865943908691
780.0,4.5868583442398325,22.0,22.0,31.0,0.8041140674199034,0.1685628890991211
781.0,4.582271485895593,22.0,25.0,33.0,0.8039386028420374,0.16870403289794922
782.0,4.5776892144096974,22.0,22.0,36.0,0.8037630009693331,0.1688528060913086
783.0,4.573111525195288,22.0,22.0,34.0,0.8035872617327716,0.16899776458740234
784.0,4.568538413670093,22.0,22.0,26.0,0.8034113850633786,0.1691427230834961
785.0,4.563969875256423,22.0,25.0,36.0,0.8032353708922249,0.16926884651184082
786.0,4.559405905381166,22.0,24.0,37.0,0.8030592191504259,0.16939687728881836
787.0,4.554846499475786,22.0,29.0,44.0,0.8028829297691422,0.16954874992370605
788.0,4.55029165297631,22.0,23.0,35.0,0.8027065026795801,0.16969966888427734
789.0,4.5457413613233335,22.0,25.0,31.0,0.8025299378129913,0.16983389854431152
790.0,4.54119561996201,22.0,25.0,38.0,0.8023532351006732,0.1699526309967041
791.0,4.536654424342048,22.0,22.0,34.0,0.8021763944739695,0.17008590698242188
792.0,4.532117769917706,22.0,23.0,32.0,0.8019994158642698,0.17021489143371582
793.0,4.527585652147788,22.0,30.0,32.0,0.8018222992030106,0.1703476905822754
794.0,4.523058066495641,22.0,22.0,36.0,0.8016450444216746,0.1704850196838379
795.0,4.518535008429145,22.0,23.0,28.0,0.8014676514517918,0.17061376571655273
796.0,4.514016473420716,22.0,22.0,41.0,0.8012901202249387,0.1707446575164795
797.0,4.5095024569472955,22.0,23.0,36.0,0.8011124506727398,0.17089486122131348
798.0,4.504992954490348,22.0,23.0,24.0,0.8009346427268668,0.17103886604309082
799.0,4.500487961535858,22.0,25.0,35.0,0.8007566963190389,0.17116689682006836
800.0,4.4959874735743215,22.0,24.0,39.0,0.8005786113810235,0.17130088806152344
801.0,4.491491486100747,22.0,23.0,41.0,0.8004003878446363,0.17144083976745605
802.0,4.486999994614647,22.0,24.0,33.0,0.8002220256417409,0.17157363891601562
803.0,4.482512994620032,22.0,23.0,34.0,0.8000435247042502,0.1717078685760498
804.0,4.478030481625412,22.0,23.0,29.0,0.7998648849641251,0.1718297004699707
805.0,4.473552451143787,22.0,28.0,34.0,0.799686106353376,0.17196083068847656
806.0,4.4690788986926435,22.0,22.0,26.0,0.7995071888040626,0.17209291458129883
807.0,4.464609819793951,22.0,24.0,33.0,0.7993281322482938,0.17222976684570312
808.0,4.460145209974157,22.0,24.0,26.0,0.7991489366182282,0.17241978645324707
809.0,4.455685064764183,22.0,22.0,28.0,0.7989696018460746,0.17255282402038574
810.0,4.451229379699419,22.0,29.0,37.0,0.7987901278640914,0.17268085479736328
811.0,4.4467781503197195,22.0,25.0,37.0,0.7986105146045878,0.17282891273498535
812.0,4.4423313721693996,22.0,25.0,40.0,0.7984307619999232,0.1729717254638672
813.0,4.43788904079723,22.0,23.0,36.0,0.7982508699825082,0.1731257438659668
814.0,4.433451151756432,22.0,25.0,34.0,0.7980708384848038,0.17327570915222168
815.0,4.429017700604676,22.0,22.0,26.0,0.7978906674393227,0.173414945602417
816.0,4.424588682904071,22.0,22.0,35.0,0.7977103567786289,0.1735527515411377
817.0,4.420164094221167,22.0,22.0,27.0,0.7975299064353378,0.17369771003723145
818.0,4.415743930126945,22.0,23.0,38.0,0.797349316342117,0.17385482788085938
819.0,4.411328186196818,22.0,23.0,30.0,0.7971685864316861,0.17400884628295898
820.0,4.4069168580106215,22.0,23.0,32.0,0.7969877166368169,0.17415499687194824
821.0,4.402509941152611,22.0,25.0,33.0,0.7968067068903338,0.17428374290466309
822.0,4.398107431211459,22.0,24.0,37.0,0.7966255571251141,0.1744217872619629
823.0,4.393709323780247,22.0,25.0,35.0,0.7964442672740877,0.17457795143127441
824.0,4.389315614456467,22.0,23.0,31.0,0.7962628372702382,0.1747117042541504
825.0,4.384926298842011,22.0,24.0,32.0,0.7960812670466023,0.17485976219177246
826.0,4.380541372543169,22.0,23.0,28.0,0.7958995565362704,0.1749858856201172
827.0,4.376160831170625,22.0,25.0,34.0,0.7957177056723869,0.1751108169555664
828.0,4.371784670339455,22.0,22.0,31.0,0.7955357143881503,0.1752629280090332
829.0,4.367412885669116,22.0,24.0,33.0,0.7953535826168132,0.1754298210144043
830.0,4.363045472783447,22.0,22.0,28.0,0.7951713102916831,0.1755657196044922
831.0,4.358682427310663,22.0,26.0,25.0,0.7949888973461219,0.1757068634033203
832.0,4.354323744883352,22.0,27.0,30.0,0.7948063437135469,0.17582488059997559
833.0,4.349969421138469,22.0,24.0,25.0,0.7946236493274303,0.17595767974853516
834.0,4.34561945171733,22.0,29.0,33.0,0.7944408141213001,0.17608976364135742
835.0,4.341273832265613,22.0,28.0,28.0,0.7942578380287397,0.17624187469482422
836.0,4.336932558433348,22.0,24.0,31.0,0.7940747209833886,0.17643070220947266
837.0,4.332595625874914,22.0,24.0,34.0,0.7938914629189423,0.17658591270446777
838.0,4.3282630302490395,22.0,24.0,29.0,0.7937080637691528,0.1767256259918213
839.0,4.32393476721879,22.0,23.0,26.0,0.7935245234678286,0.17684292793273926
840.0,4.319610832451572,22.0,22.0,29.0,0.7933408419488354,0.17698264122009277
841.0,4.31529122161912,22.0,23.0,25.0,0.7931570191460953,0.17713260650634766
842.0,4.3109759303975,22.0,30.0,34.0,0.7929730549935882,0.17726898193359375
843.0,4.306664954467103,22.0,23.0,28.0,0.7927889494253516,0.17741799354553223
844.0,4.302358289512636,22.0,23.0,29.0,0.7926047023754803,0.17754864692687988
845.0,4.298055931223123,22.0,27.0,36.0,0.7924203137781276,0.17768502235412598
846.0,4.2937578752919,22.0,29.0,38.0,0.7922357835675047,0.17781972885131836
847.0,4.289464117416608,22.0,23.0,22.0,0.7920511116778813,0.1779637336730957
848.0,4.285174653299191,22.0,26.0,27.0,0.7918662980435859,0.17807483673095703
849.0,4.280889478645892,22.0,25.0,29.0,0.7916813425990059,0.17819595336914062
850.0,4.276608589167246,22.0,25.0,26.0,0.7914962452785878,0.17831873893737793
851.0,4.272331980578079,22.0,22.0,31.0,0.7913110060168375,0.17843890190124512
852.0,4.2680596485975,22.0,28.0,26.0,0.7911256247483205,0.178574800491333
853.0,4.263791588948902,22.0,23.0,28.0,0.7909401014076622,0.17870068550109863
854.0,4.2595277973599535,22.0,23.0,31.0,0.7907544359295484,0.1788318157196045
855.0,4.255268269562594,22.0,22.0,30.0,0.7905686282487246,0.17898273468017578
856.0,4.251013001293031,22.0,30.0,29.0,0.7903826782999974,0.17911672592163086
857.0,4.246761988291738,22.0,25.0,36.0,0.790196586018234,0.17922282218933105
858.0,4.242515226303446,22.0,24.0,29.0,0.7900103513383625,0.1793689727783203
859.0,4.238272711077143,22.0,23.0,29.0,0.7898239741953728,0.1794896125793457
860.0,4.234034438366066,22.0,26.0,31.0,0.7896374545243156,0.1796247959136963
861.0,4.2298004039277,22.0,23.0,29.0,0.7894507922603039,0.1797487735748291
862.0,4.225570603523773,22.0,24.0,34.0,0.7892639873385124,0.17989301681518555
863.0,4.221345032920249,22.0,25.0,35.0,0.7890770396941784,0.1800227165222168
864.0,4.217123687887329,22.0,25.0,33.0,0.7888899492626011,0.180161714553833
865.0,4.212906564199442,22.0,22.0,30.0,0.7887027159791431,0.18029069900512695
866.0,4.2086936576352425,22.0,24.0,29.0,0.7885153397792293,0.18042588233947754
867.0,4.204484963977607,22.0,23.0,30.0,0.788327820598348,0.18056869506835938
868.0,4.200280479013629,22.0,23.0,29.0,0.7881401583720514,0.18069672584533691
869.0,4.196080198534616,22.0,23.0,27.0,0.7879523530359548,0.18082976341247559
870.0,4.191884118336081,22.0,23.0,26.0,0.7877644045257376,0.1809537410736084
871.0,4.187692234217745,22.0,25.0,29.0,0.7875763127771434,0.18108582496643066
872.0,4.1835045419835275,22.0,22.0,27.0,0.7873880777259801,0.181229829788208
873.0,4.179321037441544,22.0,23.0,35.0,0.7871996993081204,0.18136382102966309
874.0,4.175141716404102,22.0,24.0,28.0,0.7870111774595019,0.18150091171264648
875.0,4.170966574687698,22.0,25.0,36.0,0.7868225121161271,0.18161988258361816
876.0,4.16679560811301,22.0,25.0,26.0,0.7866337032140639,0.18176794052124023
877.0,4.162628812504897,22.0,24.0,26.0,0.7864447506894463,0.1818997859954834
878.0,4.158466183692392,22.0,24.0,34.0,0.7862556544784735,0.18202757835388184
879.0,4.1543077175087,22.0,22.0,24.0,0.7860664145174113,0.1821599006652832
880.0,4.150153409791191,22.0,28.0,29.0,0.7858770307425915,0.18229198455810547
881.0,4.146003256381399,22.0,25.0,35.0,0.7856875030904129,0.18242478370666504
882.0,4.141857253125018,22.0,22.0,28.0,0.7854978314973406,0.18256378173828125
883.0,4.137715395871893,22.0,22.0,34.0,0.7853080158999075,0.18269586563110352
884.0,4.133577680476021,22.0,23.0,27.0,0.7851180562347133,0.18282485008239746
885.0,4.129444102795545,22.0,23.0,21.0,0.7849279524384254,0.1829838752746582
886.0,4.12531465869275,22.0,23.0,30.0,0.7847377044477791,0.1831057071685791
887.0,4.121189344034057,22.0,25.0,30.0,0.7845473121995777,0.18323183059692383
888.0,4.117068154690022,22.0,23.0,32.0,0.7843567756306933,0.18336176872253418
889.0,4.1129510865353325,22.0,24.0,30.0,0.7841660946780658,0.18349385261535645
890.0,4.1088381354487975,22.0,23.0,32.0,0.7839752692787044,0.18362689018249512
891.0,4.104729297313349,22.0,25.0,24.0,0.7837842993696874,0.18376564979553223
892.0,4.100624568016036,22.0,24.0,23.0,0.7835931848881624,0.18388676643371582
893.0,4.09652394344802,22.0,23.0,36.0,0.7834019257713465,0.18400073051452637
894.0,4.092427419504571,22.0,25.0,30.0,0.7832105219565266,0.18415164947509766
895.0,4.088334992085067,22.0,23.0,31.0,0.7830189733810601,0.1842787265777588
896.0,4.084246657092982,22.0,25.0,25.0,0.7828272799823739,0.18441295623779297
897.0,4.080162410435889,22.0,28.0,28.0,0.7826354416979664,0.18454980850219727
898.0,4.076082248025453,22.0,26.0,29.0,0.7824434584654063,0.1846935749053955
899.0,4.072006165777427,22.0,25.0,27.0,0.7822513302223336,0.18483686447143555
900.0,4.06793415961165,22.0,24.0,34.0,0.7820590569064597,0.18495798110961914
901.0,4.063866225452038,22.0,22.0,27.0,0.7818666384555673,0.18509793281555176
902.0,4.059802359226587,22.0,25.0,25.0,0.7816740748075114,0.18522191047668457
903.0,4.05574255686736,22.0,22.0,28.0,0.7814813659002187,0.18533563613891602
904.0,4.051686814310492,22.0,23.0,28.0,0.7812885116716886,0.18544793128967285
905.0,4.047635127496181,22.0,25.0,28.0,0.781095512059993,0.18558168411254883
906.0,4.043587492368685,22.0,22.0,25.0,0.7809023670032765,0.18570280075073242
907.0,4.039543904876316,22.0,27.0,31.0,0.7807090764397573,0.18582773208618164
908.0,4.03550436097144,22.0,25.0,32.0,0.7805156403077267,0.18595099449157715
909.0,4.031468856610468,22.0,30.0,31.0,0.7803220585455495,0.1860816478729248
910.0,4.027437387753857,22.0,23.0,25.0,0.7801283310916646,0.18619871139526367
911.0,4.023409950366103,22.0,29.0,27.0,0.7799344578845852,0.18633484840393066
912.0,4.019386540415737,22.0,29.0,32.0,0.7797404388628987,0.1864488124847412
913.0,4.015367153875321,22.0,24.0,31.0,0.7795462739652673,0.18657684326171875
914.0,4.011351786721446,22.0,23.0,29.0,0.7793519631304282,0.1867198944091797
915.0,4.007340434934724,22.0,30.0,29.0,0.7791575062971937,0.18687677383422852
916.0,4.003333094499789,22.0,26.0,31.0,0.7789629034044516,0.18702960014343262
917.0,3.999329761405289,22.0,26.0,27.0,0.7787681543911654,0.18713760375976562
918.0,3.995330431643884,22.0,23.0,26.0,0.7785732591963747,0.18724870681762695
919.0,3.9913351012122398,22.0,23.0,30.0,0.778378217759195,0.18736982345581055
920.0,3.9873437661110276,22.0,24.0,30.0,0.778183030018819,0.1874985694885254
921.0,3.9833564223449165,22.0,22.0,28.0,0.7779876959145156,0.18762969970703125
922.0,3.9793730659225717,22.0,22.0,31.0,0.7777922153856307,0.18775081634521484
923.0,3.975393692856649,22.0,23.0,24.0,0.7775965883715881,0.1878798007965088
924.0,3.9714182991637923,22.0,28.0,22.0,0.7774008148118884,0.18798470497131348
925.0,3.9674468808646286,22.0,25.0,28.0,0.7772048946461105,0.18809175491333008
926.0,3.963479433983764,22.0,29.0,33.0,0.7770088278139113,0.18821287155151367
927.0,3.9595159545497802,22.0,22.0,25.0,0.7768126142550261,0.18833279609680176
928.0,3.9555564385952304,22.0,28.0,29.0,0.7766162539092688,0.18844962120056152
929.0,3.9516008821566353,22.0,25.0,28.0,0.776419746716532,0.18857669830322266
930.0,3.9476492812744786,22.0,23.0,27.0,0.7762230926167877,0.18870091438293457
931.0,3.943701631993204,22.0,23.0,30.0,0.7760262915500872,0.18881893157958984
932.0,3.9397579303612105,22.0,24.0,30.0,0.7758293434565614,0.18894076347351074
933.0,3.9358181724308494,22.0,23.0,31.0,0.7756322482764214,0.18906068801879883
934.0,3.9318823542584185,22.0,24.0,23.0,0.7754350059499584,0.18918466567993164
935.0,3.9279504719041602,22.0,26.0,27.0,0.7752376164175441,0.18930578231811523
936.0,3.924022521432256,22.0,25.0,35.0,0.7750400796196307,0.1894228458404541
937.0,3.9200984989108236,22.0,23.0,24.0,0.7748423954967518,0.1895606517791748
938.0,3.916178400411913,22.0,27.0,26.0,0.7746445639895223,0.1896817684173584
939.0,3.912262222011501,22.0,25.0,28.0,0.7744465850386383,0.18979263305664062
940.0,3.9083499597894895,22.0,26.0,27.0,0.7742484585848779,0.18990063667297363
941.0,3.9044416098297,22.0,22.0,22.0,0.7740501845691016,0.19002771377563477
942.0,3.9005371682198704,22.0,25.0,29.0,0.7738517629322519,0.19014477729797363
943.0,3.8966366310516505,22.0,24.0,24.0,0.773653193615354,0.19027280807495117
944.0,3.892739994420599,22.0,25.0,22.0,0.7734544765595162,0.19038963317871094
945.0,3.8888472544261785,22.0,22.0,23.0,0.7732556117059297,0.190504789352417
946.0,3.8849584071717524,22.0,25.0,33.0,0.7730565989958696,0.1906118392944336
947.0,3.881073448764581,22.0,27.0,20.0,0.7728574383706944,0.1907336711883545
948.0,3.877192375315816,22.0,24.0,22.0,0.7726581297718467,0.1908578872680664
949.0,3.8733151829405004,22.0,25.0,27.0,0.7724586731408533,0.19097280502319336
950.0,3.8694418677575597,22.0,24.0,32.0,0.7722590684193255,0.19109463691711426
951.0,3.8655724258898023,22.0,24.0,25.0,0.7720593155489598,0.1912388801574707
952.0,3.8617068534639127,22.0,27.0,28.0,0.7718594144715375,0.19136381149291992
953.0,3.857845146610449,22.0,23.0,23.0,0.7716593651289254,0.1914827823638916
954.0,3.8539873014638384,22.0,23.0,32.0,0.7714591674630757,0.1916029453277588
955.0,3.8501333141623744,22.0,25.0,26.0,0.771258821416027,0.19173884391784668
956.0,3.846283180848212,22.0,23.0,21.0,0.7710583269299036,0.19186878204345703
957.0,3.8424368976673637,22.0,22.0,26.0,0.7708576839469167,0.19197869300842285
958.0,3.8385944607696962,22.0,25.0,21.0,0.7706568924093641,0.1920948028564453
959.0,3.8347558663089267,22.0,23.0,27.0,0.7704559522596305,0.19222283363342285
960.0,3.8309211104426177,22.0,25.0,28.0,0.7702548634401881,0.19236373901367188
961.0,3.827090189332175,22.0,22.0,33.0,0.7700536258935967,0.19247889518737793
962.0,3.8232630991428427,22.0,22.0,24.0,0.769852239562504,0.19260168075561523
963.0,3.8194398360436996,22.0,22.0,32.0,0.7696507043896458,0.19273662567138672
964.0,3.815620396207656,22.0,24.0,25.0,0.7694490203178461,0.1928727626800537
965.0,3.8118047758114484,22.0,24.0,21.0,0.7692471872900181,0.1929948329925537
966.0,3.807992971035637,22.0,26.0,31.0,0.7690452052491635,0.1930990219116211
967.0,3.804184978064601,22.0,23.0,27.0,0.7688430741383737,0.19322776794433594
968.0,3.8003807930865365,22.0,23.0,30.0,0.7686407939008295,0.19334197044372559
969.0,3.79658041229345,22.0,28.0,22.0,0.7684383644798014,0.19346165657043457
970.0,3.792783831881157,22.0,22.0,31.0,0.7682357858186503,0.19359993934631348
971.0,3.788991048049276,22.0,24.0,26.0,0.7680330578608272,0.19373178482055664
972.0,3.785202057001227,22.0,23.0,22.0,0.7678301805498741,0.19384193420410156
973.0,3.7814168549442257,22.0,26.0,31.0,0.7676271538294236,0.19396567344665527
974.0,3.7776354380892814,22.0,27.0,24.0,0.7674239776431999,0.19411277770996094
975.0,3.773857802651192,22.0,25.0,31.0,0.7672206519350186,0.19423174858093262
976.0,3.770083944848541,22.0,22.0,25.0,0.7670171766487873,0.19435477256774902
977.0,3.766313860903692,22.0,23.0,27.0,0.7668135517285053,0.1944746971130371
978.0,3.7625475470427885,22.0,23.0,31.0,0.7666097771182648,0.19459199905395508
979.0,3.7587849994957456,22.0,24.0,26.0,0.7664058527622503,0.19470787048339844
980.0,3.75502621449625,22.0,25.0,32.0,0.7662017786047395,0.19483184814453125
981.0,3.7512711882817538,22.0,25.0,19.0,0.765997554590103,0.19494986534118652
982.0,3.747519917093472,22.0,24.0,27.0,0.7657931806628057,0.19505882263183594
983.0,3.7437723971763783,22.0,25.0,23.0,0.7655886567674053,0.1951758861541748
984.0,3.740028624779202,22.0,26.0,26.0,0.7653839828485546,0.19529294967651367
985.0,3.7362885961544228,22.0,22.0,22.0,0.7651791588510001,0.19542765617370605
986.0,3.7325523075582683,22.0,26.0,24.0,0.7649741847195834,0.19553685188293457
987.0,3.72881975525071,22.0,26.0,28.0,0.764769060399241,0.19565176963806152
988.0,3.7250909354954596,22.0,23.0,31.0,0.7645637858350046,0.19580483436584473
989.0,3.721365844559964,22.0,23.0,30.0,0.7643583609720014,0.1959238052368164
990.0,3.717644478715404,22.0,24.0,31.0,0.7641527857554548,0.1960608959197998
991.0,3.713926834236689,22.0,22.0,26.0,0.7639470601306838,0.1961679458618164
992.0,3.710212907402452,22.0,27.0,28.0,0.7637411840431043,0.1962738037109375
993.0,3.70650269449505,22.0,23.0,27.0,0.7635351574382289,0.19638681411743164
994.0,3.7027961918005547,22.0,27.0,25.0,0.7633289802616668,0.19649887084960938
995.0,3.699093395608754,22.0,23.0,30.0,0.7631226524591253,0.19661378860473633
996.0,3.6953943022131455,22.0,27.0,26.0,0.7629161739764084,0.19672775268554688
997.0,3.6916989079109324,22.0,25.0,27.0,0.7627095447594187,0.19683265686035156
998.0,3.6880072090030214,22.0,22.0,23.0,0.7625027647541565,0.19694972038269043
999.0,3.6843192017940183,22.0,25.0,27.0,0.762295833906721,0.19705486297607422
1000.0,3.680634882592224,22.0,24.0,26.0,0.7620887521633101,0.19717097282409668
1001.0,3.6769542477096318,22.0,24.0,28.0,0.7618815194702204,0.19728899002075195
1002.0,3.673277293461922,22.0,23.0,24.0,0.7616741357738485,0.19739866256713867
1003.0,3.66960401616846,22.0,28.0,30.0,0.7614666010206901,0.1975107192993164
1004.0,3.6659344121522914,22.0,23.0,27.0,0.7612589151573413,0.19763469696044922
1005.0,3.662268477740139,22.0,23.0,27.0,0.7610510781304982,0.19774675369262695
1006.0,3.6586062092623988,22.0,22.0,17.0,0.7608430898869576,0.19785284996032715
1007.0,3.6549476030531363,22.0,22.0,22.0,0.7606349503736171,0.19796085357666016
1008.0,3.6512926554500833,22.0,23.0,24.0,0.7604266595374753,0.19806790351867676
1009.0,3.647641362794633,22.0,25.0,20.0,0.7602182173256327,0.19817662239074707
1010.0,3.6439937214318383,22.0,25.0,23.0,0.7600096236852911,0.19827985763549805
1011.0,3.6403497277104067,22.0,23.0,22.0,0.7598008785637548,0.19839882850646973
1012.0,3.6367093779826964,22.0,23.0,32.0,0.7595919819084298,0.19849491119384766
1013.0,3.6330726686047137,22.0,27.0,22.0,0.7593829336668255,0.19861769676208496
1014.0,3.629439595936109,22.0,23.0,31.0,0.7591737337865537,0.19870901107788086
1015.0,3.625810156340173,22.0,24.0,17.0,0.7589643822153299,0.19882488250732422
1016.0,3.6221843461838326,22.0,24.0,24.0,0.7587548789009727,0.19892477989196777
1017.0,3.618562161837649,22.0,24.0,29.0,0.7585452237914049,0.19904065132141113
1018.0,3.614943599675811,22.0,24.0,18.0,0.7583354168346533,0.1991569995880127
1019.0,3.611328656076135,22.0,24.0,27.0,0.7581254579788493,0.19925785064697266
1020.0,3.607717327420059,22.0,22.0,27.0,0.7579153471722291,0.19937467575073242
1021.0,3.604109610092639,22.0,25.0,21.0,0.7577050843631336,0.19948983192443848
1022.0,3.600505500482546,22.0,24.0,24.0,0.7574946695000094,0.19960665702819824
1023.0,3.5969049949820637,22.0,23.0,19.0,0.757284102531409,0.19971370697021484
1024.0,3.5933080899870817,22.0,22.0,21.0,0.7570733834059904,0.1998295783996582
1025.0,3.5897147818970945,22.0,22.0,25.0,0.756862512072518,0.19992971420288086
1026.0,3.5861250671151974,22.0,24.0,24.0,0.7566514884798631,0.2000420093536377
1027.0,3.582538942048082,22.0,22.0,25.0,0.7564403125770036,0.20016264915466309
1028.0,3.578956403106034,22.0,24.0,19.0,0.7562289843130248,0.200272798538208
1029.0,3.575377446702928,22.0,22.0,24.0,0.7560175036371193,0.20037579536437988
1030.0,3.571802069256225,22.0,23.0,26.0,0.7558058704985877,0.20049071311950684
1031.0,3.568230267186969,22.0,22.0,26.0,0.7555940848468388,0.20060086250305176
1032.0,3.5646620369197817,22.0,22.0,21.0,0.7553821466313895,0.2007129192352295
1033.0,3.561097374882862,22.0,26.0,30.0,0.7551700558018658,0.2008068561553955
1034.0,3.557536277507979,22.0,23.0,27.0,0.7549578123080026,0.20092177391052246
1035.0,3.553978741230471,22.0,25.0,22.0,0.7547454160996443,0.20102667808532715
1036.0,3.5504247624892407,22.0,22.0,24.0,0.7545328671267446,0.20113682746887207
1037.0,3.5468743377267513,22.0,24.0,25.0,0.7543201653393677,0.20125579833984375
1038.0,3.5433274633890246,22.0,22.0,21.0,0.7541073106876879,0.2014007568359375
1039.0,3.5397841359256357,22.0,24.0,25.0,0.7538943031219898,0.20150089263916016
1040.0,3.53624435178971,22.0,25.0,22.0,0.7536811425926693,0.2016298770904541
1041.0,3.5327081074379203,22.0,25.0,24.0,0.7534678290502335,0.20172476768493652
1042.0,3.5291753993304824,22.0,22.0,22.0,0.7532543624453006,0.2018449306488037
1043.0,3.525646223931152,22.0,24.0,25.0,0.7530407427286014,0.20193982124328613
1044.0,3.522120577707221,22.0,22.0,23.0,0.7528269698509784,0.20204973220825195
1045.0,3.5185984571295137,22.0,22.0,26.0,0.7526130437633864,0.20215392112731934
1046.0,3.5150798586723844,22.0,23.0,24.0,0.7523989644168936,0.20225882530212402
1047.0,3.511564778813712,22.0,30.0,23.0,0.7521847317626807,0.20236968994140625
1048.0,3.5080532140348986,22.0,23.0,29.0,0.7519703457520422,0.202467679977417
1049.0,3.5045451608208635,22.0,23.0,21.0,0.7517558063363861,0.2025768756866455
1050.0,3.5010406156600427,22.0,25.0,16.0,0.7515411134672347,0.20267391204833984
1051.0,3.4975395750443825,22.0,24.0,24.0,0.7513262670962245,0.2027597427368164
1052.0,3.494042035469338,22.0,28.0,25.0,0.7511112671751068,0.20286965370178223
1053.0,3.490547993433869,22.0,23.0,16.0,0.7508961136557478,0.20297479629516602
1054.0,3.487057445440435,22.0,25.0,26.0,0.7506808064901291,0.2030787467956543
1055.0,3.483570387994994,22.0,24.0,25.0,0.7504653456303477,0.20318388938903809
1056.0,3.480086817606999,22.0,24.0,28.0,0.7502497310286171,0.20330595970153809
1057.0,3.476606730789392,22.0,24.0,22.0,0.7500339626372665,0.20341181755065918
1058.0,3.4731301240586028,22.0,25.0,29.0,0.749818040408742,0.2035069465637207
1059.0,3.469656993934544,22.0,24.0,30.0,0.7496019642956067,0.2036266326904297
1060.0,3.4661873369406093,22.0,24.0,19.0,0.7493857342505404,0.2037639617919922
1061.0,3.4627211496036687,22.0,23.0,23.0,0.7491693502263412,0.20387983322143555
1062.0,3.459258428454065,22.0,30.0,16.0,0.7489528121759246,0.2039937973022461
1063.0,3.4557991700256108,22.0,24.0,17.0,0.7487361200523244,0.20408082008361816
1064.0,3.4523433708555853,22.0,24.0,25.0,0.7485192738086928,0.20418167114257812
1065.0,3.4488910274847298,22.0,23.0,25.0,0.7483022733983012,0.2043018341064453
1066.0,3.445442136457245,22.0,22.0,21.0,0.7480851187745398,0.20440673828125
1067.0,3.4419966943207876,22.0,28.0,23.0,0.7478678098909183,0.20452880859375
1068.0,3.4385546976264667,22.0,27.0,23.0,0.7476503467010664,0.20463895797729492
1069.0,3.43511614292884,22.0,24.0,14.0,0.747432729158734,0.2047276496887207
1070.0,3.4316810267859115,22.0,22.0,29.0,0.7472149572177912,0.20483183860778809
1071.0,3.4282493457591254,22.0,24.0,19.0,0.7469970308322288,0.20494389533996582
1072.0,3.4248210964133663,22.0,25.0,26.0,0.7467789499561591,0.2050466537475586
1073.0,3.421396275316953,22.0,24.0,19.0,0.7465607145438156,0.20515990257263184
1074.0,3.417974879041636,22.0,24.0,27.0,0.7463423245495534,0.20525383949279785
1075.0,3.4145569041625943,22.0,23.0,33.0,0.74612377992785,0.20535969734191895
1076.0,3.4111423472584317,22.0,23.0,17.0,0.745905080633305,0.20547771453857422
1077.0,3.4077312049111734,22.0,23.0,25.0,0.7456862266206411,0.20557284355163574
1078.0,3.4043234737062624,22.0,24.0,22.0,0.7454672178447036,0.20568394660949707
1079.0,3.400919150232556,22.0,23.0,19.0,0.7452480542604615,0.20581889152526855
1080.0,3.3975182310823238,22.0,24.0,27.0,0.7450287358230075,0.2059168815612793
1081.0,3.3941207128512416,22.0,26.0,28.0,0.7448092624875584,0.20603275299072266
1082.0,3.3907265921383902,22.0,22.0,25.0,0.744589634209455,0.20620965957641602
1083.0,3.3873358655462518,22.0,27.0,29.0,0.7443698509441632,0.20632386207580566
1084.0,3.3839485296807057,22.0,23.0,27.0,0.7441499126472737,0.20643186569213867
1085.0,3.380564581151025,22.0,28.0,17.0,0.7439298192745029,0.2065427303314209
1086.0,3.377184016569874,22.0,24.0,28.0,0.7437095707816923,0.20665597915649414
1087.0,3.373806832553304,22.0,23.0,14.0,0.74348916712481,0.20676565170288086
1088.0,3.3704330257207507,22.0,25.0,23.0,0.7432686082599501,0.20686578750610352
1089.0,3.3670625926950297,22.0,24.0,22.0,0.7430478941433336,0.2069706916809082
1090.0,3.363695530102335,22.0,23.0,26.0,0.7428270247313085,0.20706677436828613
1091.0,3.3603318345722326,22.0,23.0,23.0,0.7426059999803498,0.20717883110046387
1092.0,3.3569715027376605,22.0,23.0,23.0,0.7423848198470608,0.2072908878326416
1093.0,3.353614531234923,22.0,25.0,24.0,0.7421634842881722,0.20738792419433594
1094.0,3.350260916703688,22.0,22.0,20.0,0.7419419932605436,0.2075028419494629
1095.0,3.3469106557869845,22.0,25.0,28.0,0.7417203467211626,0.20760774612426758
1096.0,3.3435637451311977,22.0,24.0,23.0,0.7414985446271466,0.20772480964660645
1097.0,3.3402201813860666,22.0,28.0,21.0,0.7412765869357419,0.20781779289245605
1098.0,3.3368799612046804,22.0,30.0,25.0,0.7410544736043245,0.2079157829284668
1099.0,3.3335430812434756,22.0,24.0,21.0,0.7408322045904006,0.2080225944519043
1100.0,3.330209538162232,22.0,23.0,23.0,0.7406097798516065,0.2081317901611328
1101.0,3.3268793286240697,22.0,27.0,24.0,0.7403871993457095,0.2082347869873047
1102.0,3.3235524492954456,22.0,24.0,26.0,0.7401644630306078,0.20834779739379883
1103.0,3.32022889684615,22.0,23.0,23.0,0.7399415708643309,0.20845389366149902
1104.0,3.3169086679493036,22.0,23.0,25.0,0.7397185228050401,0.20854973793029785
1105.0,3.3135917592813544,22.0,28.0,22.0,0.7394953188110288,0.20865488052368164
1106.0,3.310278167522073,22.0,23.0,17.0,0.7392719588407226,0.20874476432800293
1107.0,3.3069678893545507,22.0,28.0,19.0,0.7390484428526799,0.20882773399353027
1108.0,3.303660921465196,22.0,29.0,25.0,0.7388247708055924,0.20891284942626953
1109.0,3.3003572605437306,22.0,24.0,23.0,0.7386009426582849,0.20902776718139648
1110.0,3.297056903283187,22.0,24.0,19.0,0.7383769583697161,0.2091357707977295
1111.0,3.2937598463799036,22.0,22.0,25.0,0.7381528178989787,0.20923495292663574
1112.0,3.290466086533524,22.0,22.0,22.0,0.7379285212053,0.2093486785888672
1113.0,3.28717562044699,22.0,22.0,26.0,0.7377040682480417,0.20946788787841797
1114.0,3.2838884448265433,22.0,23.0,24.0,0.737479458986701,0.20957183837890625
1115.0,3.2806045563817166,22.0,25.0,20.0,0.7372546933809104,0.20966386795043945
1116.0,3.277323951825335,22.0,23.0,24.0,0.7370297713904383,0.20975685119628906
1117.0,3.27404662787351,22.0,25.0,23.0,0.7368046929751891,0.20986175537109375
1118.0,3.2707725812456365,22.0,22.0,19.0,0.7365794580952036,0.20996785163879395
1119.0,3.2675018086643908,22.0,24.0,20.0,0.7363540667106597,0.21007895469665527
1120.0,3.2642343068557262,22.0,23.0,29.0,0.7361285187818722,0.21018075942993164
1121.0,3.2609700725488704,22.0,22.0,18.0,0.7359028142692937,0.2102818489074707
1122.0,3.2577091024763214,22.0,23.0,20.0,0.7356769531335144,0.2103867530822754
1123.0,3.254451393373845,22.0,27.0,24.0,0.735450935335263,0.21048188209533691
1124.0,3.251196941980471,22.0,23.0,26.0,0.7352247608354062,0.21058368682861328
1125.0,3.2479457450384905,22.0,24.0,22.0,0.7349984295949503,0.21069693565368652
1126.0,3.2446977992934523,22.0,27.0,22.0,0.7347719415750403,0.21080493927001953
1127.0,3.2414531014941588,22.0,24.0,24.0,0.7345452967369612,0.2109067440032959
1128.0,3.2382116483926646,22.0,24.0,19.0,0.7343184950421376,0.21100187301635742
1129.0,3.234973436744272,22.0,25.0,23.0,0.7340915364521345,0.2110888957977295
1130.0,3.231738463307528,22.0,26.0,29.0,0.7338644209286579,0.21119284629821777
1131.0,3.2285067248442205,22.0,24.0,19.0,0.733637148433554,0.21130657196044922
1132.0,3.225278218119376,22.0,24.0,19.0,0.7334097189288111,0.2113935947418213
1133.0,3.222052939901257,22.0,22.0,22.0,0.7331821323765588,0.21147680282592773
1134.0,3.2188308869613556,22.0,24.0,22.0,0.7329543887390689,0.21158576011657715
1135.0,3.215612056074394,22.0,22.0,20.0,0.7327264879787553,0.21167778968811035
1136.0,3.21239644401832,22.0,25.0,29.0,0.732498430058175,0.21177172660827637
1137.0,3.2091840475743014,22.0,25.0,21.0,0.7322702149400279,0.2118837833404541
1138.0,3.2059748635267273,22.0,27.0,23.0,0.7320418425871573,0.21197795867919922
1139.0,3.2027688886632006,22.0,23.0,21.0,0.7318133129625505,0.2120678424835205
1140.0,3.1995661197745373,22.0,23.0,17.0,0.7315846260293386,0.21215367317199707
1141.0,3.1963665536547627,22.0,23.0,21.0,0.7313557817507976,0.21225380897521973
1142.0,3.193170187101108,22.0,23.0,22.0,0.731126780090348,0.21235895156860352
1143.0,3.1899770169140065,22.0,28.0,21.0,0.7308976210115558,0.21246886253356934
1144.0,3.1867870398970926,22.0,22.0,20.0,0.7306683044781321,0.21257281303405762
1145.0,3.1836002528571954,22.0,24.0,20.0,0.7304388304539347,0.21266579627990723
1146.0,3.1804166526043383,22.0,22.0,21.0,0.7302091989029668,0.21278071403503418
1147.0,3.177236235951734,22.0,23.0,16.0,0.7299794097893787,0.2128767967224121
1148.0,3.174058999715782,22.0,23.0,15.0,0.7297494630774677,0.21296477317810059
1149.0,3.1708849407160664,22.0,24.0,23.0,0.7295193587316782,0.21306490898132324
1150.0,3.1677140557753503,22.0,24.0,19.0,0.7292890967166024,0.21316194534301758
1151.0,3.164546341719575,22.0,24.0,26.0,0.7290586769969807,0.2132568359375
1152.0,3.1613817953778556,22.0,24.0,21.0,0.7288280995377016,0.21335983276367188
1153.0,3.1582204135824776,22.0,22.0,22.0,0.7285973643038026,0.21346163749694824
1154.0,3.155062193168895,22.0,24.0,20.0,0.7283664712604703,0.21355867385864258
1155.0,3.1519071309757263,22.0,25.0,19.0,0.7281354203730406,0.21365785598754883
1156.0,3.1487552238447507,22.0,23.0,6.0,0.7279042116069994,0.21376276016235352
1157.0,3.145606468620906,22.0,24.0,20.0,0.7276728449279827,0.2138378620147705
1158.0,3.142460862152285,22.0,27.0,26.0,0.7274413203017772,0.2139415740966797
1159.0,3.1393184012901325,22.0,24.0,19.0,0.7272096376943203,0.21404385566711426
1160.0,3.1361790828888423,22.0,23.0,20.0,0.7269777970717011,0.21413183212280273
1161.0,3.1330429038059533,22.0,29.0,21.0,0.7267457984001596,0.21422791481018066
1162.0,3.1299098609021474,22.0,23.0,23.0,0.7265136416460886,0.2143256664276123
1163.0,3.1267799510412453,22.0,24.0,16.0,0.7262813267760327,0.21441268920898438
1164.0,3.1236531710902042,22.0,23.0,22.0,0.7260488537566895,0.21451592445373535
1165.0,3.120529517919114,22.0,23.0,20.0,0.7258162225549095,0.21460986137390137
1166.0,3.117408988401195,22.0,25.0,24.0,0.7255834331376968,0.2147226333618164
1167.0,3.1142915794127934,22.0,22.0,21.0,0.7253504854722093,0.2148277759552002
1168.0,3.1111772878333808,22.0,25.0,21.0,0.7251173795257589,0.2149198055267334
1169.0,3.1080661105455474,22.0,24.0,21.0,0.7248841152658123,0.21502065658569336
1170.0,3.104958044435002,22.0,24.0,21.0,0.7246506926599909,0.2151188850402832
1171.0,3.101853086390567,22.0,24.0,27.0,0.7244171116760715,0.21521687507629395
1172.0,3.0987512333041765,22.0,23.0,17.0,0.7241833722819864,0.2153186798095703
1173.0,3.0956524820708724,22.0,24.0,24.0,0.7239494744458238,0.21541285514831543
1174.0,3.0925568295888017,22.0,26.0,20.0,0.7237154181358287,0.2155137062072754
1175.0,3.089464272759213,22.0,23.0,28.0,0.7234812033204023,0.21560978889465332
1176.0,3.086374808486454,22.0,27.0,25.0,0.7232468299681034,0.21572089195251465
1177.0,3.0832884336779673,22.0,24.0,20.0,0.7230122980476478,0.21586179733276367
1178.0,3.0802051452442893,22.0,22.0,25.0,0.7227776075279093,0.2159559726715088
1179.0,3.0771249400990452,22.0,22.0,23.0,0.7225427583779201,0.21606969833374023
1180.0,3.0740478151589463,22.0,25.0,20.0,0.7223077505668708,0.21617674827575684
1181.0,3.0709737673437876,22.0,23.0,16.0,0.7220725840641108,0.21627187728881836
1182.0,3.067902793576444,22.0,25.0,20.0,0.721837258839149,0.21635675430297852
1183.0,3.0648348907828673,22.0,25.0,23.0,0.7216017748616537,0.2164459228515625
1184.0,3.0617700558920844,22.0,25.0,24.0,0.7213661321014537,0.2165367603302002
1185.0,3.0587082858361923,22.0,24.0,23.0,0.721130330528538,0.21663379669189453
1186.0,3.0556495775503563,22.0,25.0,22.0,0.7208943701130562,0.21672677993774414
1187.0,3.052593927972806,22.0,27.0,21.0,0.7206582508253191,0.2168269157409668
1188.0,3.049541334044833,22.0,24.0,22.0,0.7204219726357993,0.2169196605682373
1189.0,3.046491792710788,22.0,22.0,16.0,0.7201855355151311,0.21701478958129883
1190.0,3.0434453009180773,22.0,23.0,19.0,0.719948939434111,0.21711468696594238
1191.0,3.040401855617159,22.0,30.0,21.0,0.7197121843636981,0.21720671653747559
1192.0,3.037361453761542,22.0,27.0,20.0,0.719475270275015,0.21730279922485352
1193.0,3.0343240923077803,22.0,25.0,23.0,0.719238197139347,0.21739697456359863
1194.0,3.0312897682154727,22.0,25.0,20.0,0.7190009649281436,0.21749472618103027
1195.0,3.028258478447257,22.0,25.0,19.0,0.7187635736130183,0.21758079528808594
1196.0,3.02523021996881,22.0,24.0,23.0,0.7185260231657491,0.21767973899841309
1197.0,3.022204989748841,22.0,22.0,14.0,0.718288313558279,0.2177727222442627
1198.0,3.019182784759092,22.0,25.0,21.0,0.7180504447627161,0.21785187721252441
1199.0,3.016163601974333,22.0,27.0,19.0,0.7178124167513341,0.21795201301574707
1200.0,3.013147438372359,22.0,25.0,14.0,0.717574229496573,0.2180485725402832
1201.0,3.0101342909339865,22.0,28.0,18.0,0.7173358829710388,0.2181377410888672
1202.0,3.0071241566430524,22.0,24.0,22.0,0.7170973771475045,0.21825885772705078
1203.0,3.0041170324864095,22.0,24.0,19.0,0.7168587119989104,0.21839070320129395
1204.0,3.001112915453923,22.0,22.0,17.0,0.7166198874983638,0.21849775314331055
1205.0,2.9981118025384688,22.0,25.0,18.0,0.7163809036191404,0.21860098838806152
1206.0,2.99511369073593,22.0,24.0,14.0,0.7161417603346839,0.21868681907653809
1207.0,2.9921185770451943,22.0,25.0,19.0,0.7159024576186067,0.2187807559967041
1208.0,2.989126458468149,22.0,24.0,20.0,0.7156629954446904,0.2188868522644043
1209.0,2.986137332009681,22.0,25.0,19.0,0.7154233737868856,0.21897292137145996
1210.0,2.983151194677671,22.0,23.0,26.0,0.7151835926193132,0.21906781196594238
1211.0,2.9801680434829936,22.0,23.0,22.0,0.714943651916264,0.21916699409484863
1212.0,2.9771878754395105,22.0,27.0,21.0,0.714703551652199,0.21927094459533691
1213.0,2.974210687564071,22.0,23.0,19.0,0.7144632918017509,0.21936488151550293
1214.0,2.971236476876507,22.0,23.0,19.0,0.7142228723397233,0.21945667266845703
1215.0,2.9682652403996306,22.0,27.0,17.0,0.7139822932410912,0.2195577621459961
1216.0,2.965296975159231,22.0,22.0,17.0,0.7137415544810022,0.21964478492736816
1217.0,2.962331678184072,22.0,23.0,15.0,0.713500656034776,0.2197268009185791
1218.0,2.9593693465058877,22.0,25.0,12.0,0.7132595978779053,0.21980857849121094
1219.0,2.9564099771593817,22.0,23.0,10.0,0.713018379986056,0.21990180015563965
1220.0,2.953453567182222,22.0,27.0,19.0,0.7127770023350675,0.21998286247253418
1221.0,2.95050011361504,22.0,23.0,15.0,0.7125354649009533,0.22007465362548828
1222.0,2.9475496135014247,22.0,23.0,14.0,0.7122937676599013,0.2201700210571289
1223.0,2.944602063887923,22.0,23.0,23.0,0.7120519105882741,0.2202608585357666
1224.0,2.941657461824035,22.0,25.0,14.0,0.7118098936626094,0.22035574913024902
1225.0,2.9387158043622112,22.0,23.0,21.0,0.7115677168596204,0.22043776512145996
1226.0,2.935777088557849,22.0,24.0,16.0,0.7113253801561963,0.22051477432250977
1227.0,2.932841311469291,22.0,27.0,19.0,0.7110828835294025,0.22059965133666992
1228.0,2.9299084701578217,22.0,22.0,16.0,0.7108402269564813,0.220686674118042
1229.0,2.926978561687664,22.0,25.0,20.0,0.7105974104148519,0.22075867652893066
1230.0,2.9240515831259764,22.0,25.0,17.0,0.710354433882111,0.2208409309387207
1231.0,2.9211275315428504,22.0,22.0,15.0,0.7101112973360328,0.2209177017211914
1232.0,2.9182064040113076,22.0,23.0,16.0,0.7098680007545705,0.22101378440856934
1233.0,2.915288197607296,22.0,25.0,21.0,0.7096245441158551,0.2210996150970459
1234.0,2.912372909409689,22.0,22.0,18.0,0.7093809273981971,0.22119665145874023
1235.0,2.909460536500279,22.0,24.0,19.0,0.7091371505800864,0.22128796577453613
1236.0,2.9065510759637787,22.0,23.0,18.0,0.7088932136401923,0.2213897705078125
1237.0,2.903644524887815,22.0,28.0,13.0,0.7086491165573648,0.22147083282470703
1238.0,2.900740880362927,22.0,23.0,22.0,0.708404859310634,0.22155475616455078
1239.0,2.897840139482564,22.0,25.0,11.0,0.7081604418792112,0.2216358184814453
1240.0,2.894942299343082,22.0,23.0,22.0,0.7079158642424891,0.2217106819152832
1241.0,2.892047357043739,22.0,23.0,17.0,0.7076711263800418,0.22180461883544922
1242.0,2.889155309686695,22.0,24.0,15.0,0.7074262282716258,0.22190594673156738
1243.0,2.8862661543770085,22.0,25.0,16.0,0.7071811698971803,0.2219986915588379
1244.0,2.8833798882226316,22.0,26.0,22.0,0.7069359512368268,0.22208786010742188
1245.0,2.8804965083344087,22.0,23.0,18.0,0.7066905722708708,0.22217965126037598
1246.0,2.8776160118260745,22.0,24.0,14.0,0.7064450329798011,0.22230195999145508
1247.0,2.8747383958142483,22.0,24.0,22.0,0.7061993333442905,0.22240066528320312
1248.0,2.871863657418434,22.0,22.0,16.0,0.7059534733451966,0.22249770164489746
1249.0,2.868991793761016,22.0,22.0,23.0,0.7057074529635619,0.22258687019348145
1250.0,2.8661228019672547,22.0,23.0,22.0,0.7054612721806135,0.22267961502075195
1251.0,2.8632566791652874,22.0,23.0,15.0,0.705214930977765,0.22277092933654785
1252.0,2.8603934224861223,22.0,25.0,20.0,0.7049684293366156,0.22286581993103027
1253.0,2.857533029063636,22.0,26.0,18.0,0.7047217672389511,0.22295665740966797
1254.0,2.8546754960345724,22.0,23.0,20.0,0.7044749446667441,0.22304272651672363
1255.0,2.851820820538538,22.0,26.0,19.0,0.7042279616021544,0.22312378883361816
1256.0,2.8489689997179997,22.0,25.0,20.0,0.7039808180275295,0.22321677207946777
1257.0,2.8461200307182817,22.0,23.0,17.0,0.703733513925405,0.2233138084411621
1258.0,2.8432739106875635,22.0,24.0,21.0,0.7034860492785047,0.223402738571167
1259.0,2.840430636776876,22.0,28.0,20.0,0.7032384240697416,0.2234969139099121
1260.0,2.8375902061400993,22.0,23.0,18.0,0.7029906382822174,0.22358298301696777
1261.0,2.8347526159339593,22.0,25.0,14.0,0.7027426918992241,0.2236628532409668
1262.0,2.8319178633180253,22.0,23.0,18.0,0.7024945849042431,0.22374296188354492
1263.0,2.8290859454547075,22.0,24.0,12.0,0.7022463172809466,0.22382783889770508
1264.0,2.826256859509253,22.0,24.0,22.0,0.7019978890131974,0.22391176223754883
1265.0,2.8234306026497435,22.0,23.0,24.0,0.7017493000850498,0.22399163246154785
1266.0,2.8206071720470938,22.0,27.0,18.0,0.7015005504807493,0.22408556938171387
1267.0,2.8177865648750466,22.0,24.0,22.0,0.7012516401847338,0.22415685653686523
1268.0,2.814968778310172,22.0,25.0,17.0,0.7010025691816335,0.22424077987670898
1269.0,2.8121538095318614,22.0,22.0,20.0,0.7007533374562713,0.22432470321655273
1270.0,2.8093416557223296,22.0,30.0,18.0,0.7005039449936635,0.22440195083618164
1271.0,2.806532314066607,22.0,23.0,20.0,0.7002543917790199,0.22448468208312988
1272.0,2.8037257817525405,22.0,22.0,23.0,0.7000046777977444,0.22456574440002441
1273.0,2.800922055970788,22.0,25.0,24.0,0.6997548030354352,0.22465181350708008
1274.0,2.798121133914817,22.0,22.0,21.0,0.6995047674778855,0.22473478317260742
1275.0,2.7953230127809023,22.0,24.0,17.0,0.6992545711110835,0.22482776641845703
1276.0,2.7925276897681215,22.0,22.0,22.0,0.6990042139212133,0.22490763664245605
1277.0,2.7897351620783533,22.0,24.0,18.0,0.6987536958946549,0.22499465942382812
1278.0,2.786945426916275,22.0,22.0,16.0,0.6985030170179846,0.22509288787841797
1279.0,2.7841584814893587,22.0,22.0,18.0,0.6982521772779757,0.22517085075378418
1280.0,2.7813743230078694,22.0,24.0,19.0,0.698001176661599,0.2252657413482666
1281.0,2.7785929486848615,22.0,23.0,21.0,0.6977500151560224,0.2253398895263672
1282.0,2.7758143557361765,22.0,22.0,14.0,0.6974986927486122,0.2254326343536377
1283.0,2.77303854138044,22.0,23.0,22.0,0.6972472094269332,0.22551774978637695
1284.0,2.77026550283906,22.0,23.0,23.0,0.6969955651787488,0.225600004196167
1285.0,2.7674952373362207,22.0,24.0,17.0,0.696743759992022,0.2256927490234375
1286.0,2.7647277420988843,22.0,23.0,17.0,0.6964917938549151,0.22582387924194336
1287.0,2.7619630143567853,22.0,22.0,15.0,0.6962396667557909,0.22591590881347656
1288.0,2.7592010513424285,22.0,23.0,15.0,0.6959873786832123,0.22601079940795898
1289.0,2.756441850291086,22.0,22.0,13.0,0.6957349296259434,0.22609472274780273
1290.0,2.753685408440795,22.0,23.0,13.0,0.6954823195729495,0.22620797157287598
1291.0,2.750931723032354,22.0,27.0,21.0,0.6952295485133975,0.22631502151489258
1292.0,2.7481807913093217,22.0,27.0,18.0,0.6949766164366565,0.22640275955200195
1293.0,2.7454326105180122,22.0,24.0,10.0,0.6947235233322984,0.22651386260986328
1294.0,2.742687177907494,22.0,22.0,15.0,0.6944702691900975,0.22661972045898438
1295.0,2.7399444907295867,22.0,24.0,14.0,0.6942168540000317,0.22670388221740723
1296.0,2.737204546238857,22.0,25.0,17.0,0.693963277752283,0.22680282592773438
1297.0,2.734467341692618,22.0,22.0,12.0,0.693709540437237,0.22687578201293945
1298.0,2.7317328743509255,22.0,25.0,18.0,0.6934556420454842,0.22694969177246094
1299.0,2.7290011414765747,22.0,26.0,24.0,0.6932015825678199,0.22702956199645996
1300.0,2.726272140335098,22.0,23.0,19.0,0.6929473619952451,0.22711396217346191
1301.0,2.723545868194763,22.0,24.0,19.0,0.6926929803189662,0.22719573974609375
1302.0,2.720822322326568,22.0,25.0,20.0,0.6924384375303962,0.22727298736572266
1303.0,2.7181015000042414,22.0,23.0,20.0,0.6921837336211545,0.22735881805419922
1304.0,2.7153833985042373,22.0,23.0,19.0,0.6919288685830676,0.22744393348693848
1305.0,2.712668015105733,22.0,23.0,14.0,0.6916738424081693,0.22752881050109863
1306.0,2.7099553470906272,22.0,25.0,13.0,0.6914186550887016,0.2276148796081543
1307.0,2.7072453917435366,22.0,23.0,19.0,0.6911633066171146,0.2276926040649414
1308.0,2.7045381463517932,22.0,23.0,16.0,0.6909077969860669,0.2277848720550537
1309.0,2.7018336082054413,22.0,25.0,16.0,0.6906521261884264,0.22786784172058105
1310.0,2.6991317745972356,22.0,22.0,17.0,0.6903962942172707,0.22795391082763672
1311.0,2.6964326428226384,22.0,25.0,20.0,0.690140301065887,0.22802472114562988
1312.0,2.6937362101798157,22.0,25.0,14.0,0.6898841467277729,0.2281196117401123
1313.0,2.691042473969636,22.0,25.0,20.0,0.689627831196637,0.22819089889526367
1314.0,2.6883514314956662,22.0,25.0,18.0,0.6893713544663987,0.22826600074768066
1315.0,2.6856630800641708,22.0,25.0,17.0,0.6891147165311895,0.22835183143615723
1316.0,2.6829774169841065,22.0,23.0,13.0,0.6888579173853522,0.22843480110168457
1317.0,2.680294439567122,22.0,24.0,15.0,0.6886009570234427,0.22851777076721191
1318.0,2.677614145127555,22.0,22.0,12.0,0.6883438354402294,0.22859764099121094
1319.0,2.6749365309824276,22.0,22.0,15.0,0.6880865526306938,0.22869372367858887
1320.0,2.672261594451445,22.0,25.0,18.0,0.6878291085900317,0.22876596450805664
1321.0,2.6695893328569937,22.0,23.0,23.0,0.6875715033136521,0.2288517951965332
1322.0,2.6669197435241365,22.0,24.0,17.0,0.6873137367971792,0.22893381118774414
1323.0,2.6642528237806125,22.0,23.0,16.0,0.6870558090364518,0.22901296615600586
1324.0,2.6615885709568317,22.0,24.0,21.0,0.6867977200275243,0.2290968894958496
1325.0,2.658926982385875,22.0,23.0,6.0,0.6865394697666664,0.2291886806488037
1326.0,2.656268055403489,22.0,24.0,17.0,0.6862810582503642,0.229292631149292
1327.0,2.6536117873480856,22.0,23.0,17.0,0.6860224854753207,0.2293996810913086
1328.0,2.6509581755607377,22.0,28.0,22.0,0.6857637514384557,0.2294907569885254
1329.0,2.648307217385177,22.0,23.0,16.0,0.6855048561369059,0.2295687198638916
1330.0,2.645658910167792,22.0,22.0,13.0,0.6852457995680268,0.22965669631958008
1331.0,2.643013251257624,22.0,27.0,12.0,0.6849865817293914,0.22973871231079102
1332.0,2.640370238006366,22.0,24.0,14.0,0.6847272026187917,0.22981977462768555
1333.0,2.6377298677683596,22.0,23.0,21.0,0.684467662234239,0.22990679740905762
1334.0,2.635092137900591,22.0,22.0,14.0,0.6842079605739637,0.23000192642211914
1335.0,2.6324570457626906,22.0,23.0,18.0,0.6839480976364164,0.23006796836853027
1336.0,2.629824588716928,22.0,23.0,10.0,0.683688073420268,0.23015499114990234
1337.0,2.6271947641282107,22.0,23.0,16.0,0.6834278879244103,0.23024368286132812
1338.0,2.6245675693640824,22.0,25.0,21.0,0.6831675411479563,0.23033380508422852
1339.0,2.6219430017947185,22.0,23.0,15.0,0.6829070330902404,0.23042893409729004
1340.0,2.6193210587929237,22.0,23.0,17.0,0.6826463637508193,0.23049378395080566
1341.0,2.6167017377341306,22.0,23.0,16.0,0.682385533129472,0.23058176040649414
1342.0,2.6140850359963963,22.0,23.0,16.0,0.6821245412262007,0.23065590858459473
1343.0,2.6114709509604,22.0,22.0,19.0,0.6818633880412306,0.23073983192443848
1344.0,2.6088594800094396,22.0,25.0,15.0,0.6816020735750108,0.23082780838012695
1345.0,2.6062506205294302,22.0,23.0,16.0,0.6813405978282145,0.2309119701385498
1346.0,2.603644369908901,22.0,23.0,19.0,0.6810789608017398,0.2310028076171875
1347.0,2.601040725538992,22.0,23.0,17.0,0.6808171624967092,0.2310807704925537
1348.0,2.598439684813453,22.0,22.0,10.0,0.6805552029144711,0.23116588592529297
1349.0,2.5958412451286397,22.0,23.0,8.0,0.6802930820565999,0.23125290870666504
1350.0,2.593245403883511,22.0,24.0,15.0,0.6800307999248958,0.2313218116760254
1351.0,2.5906521584796276,22.0,23.0,13.0,0.6797683565213861,0.23139381408691406
1352.0,2.588061506321148,22.0,24.0,10.0,0.6795057518483252,0.231475830078125
1353.0,2.5854734448148267,22.0,23.0,10.0,0.6792429859081948,0.2315537929534912
1354.0,2.582887971370012,22.0,27.0,14.0,0.6789800587037048,0.23164081573486328
1355.0,2.580305083398642,22.0,23.0,18.0,0.6787169702377936,0.23172378540039062
1356.0,2.5777247783152433,22.0,24.0,18.0,0.6784537205136285,0.23181390762329102
1357.0,2.575147053536928,22.0,23.0,19.0,0.6781903095346056,0.23189568519592285
1358.0,2.572571906483391,22.0,29.0,9.0,0.6779267373043513,0.23198390007019043
1359.0,2.5699993345769077,22.0,22.0,16.0,0.6776630038267216,0.2320537567138672
1360.0,2.567429335242331,22.0,28.0,25.0,0.6773991091058035,0.2321479320526123
1361.0,2.5648619059070885,22.0,22.0,20.0,0.6771350531459146,0.2322378158569336
1362.0,2.5622970440011814,22.0,22.0,17.0,0.6768708359516042,0.23231792449951172
1363.0,2.5597347469571803,22.0,25.0,17.0,0.6766064575276535,0.23240971565246582
1364.0,2.557175012210223,22.0,23.0,16.0,0.6763419178790755,0.2325136661529541
1365.0,2.5546178371980126,22.0,23.0,19.0,0.6760772170111162,0.23259282112121582
1366.0,2.5520632193608144,22.0,24.0,11.0,0.675812354929255,0.23266363143920898
1367.0,2.5495111561414534,22.0,22.0,14.0,0.6755473316392042,0.23275184631347656
1368.0,2.546961644985312,22.0,22.0,13.0,0.6752821471469106,0.23283791542053223
1369.0,2.5444146833403267,22.0,25.0,18.0,0.6750168014585554,0.23291373252868652
1370.0,2.5418702686569863,22.0,26.0,12.0,0.6747512945805542,0.2329998016357422
1371.0,2.5393283983883292,22.0,25.0,16.0,0.6744856265195582,0.23305964469909668
1372.0,2.5367890699899407,22.0,24.0,18.0,0.6742197972824545,0.23313474655151367
1373.0,2.534252280919951,22.0,22.0,13.0,0.6739538068763659,0.23320674896240234
1374.0,2.531718028639031,22.0,24.0,15.0,0.6736876553086519,0.2332768440246582
1375.0,2.529186310610392,22.0,22.0,18.0,0.6734213425869092,0.23334193229675293
1376.0,2.5266571242997813,22.0,23.0,13.0,0.6731548687189717,0.23342061042785645
1377.0,2.5241304671754814,22.0,22.0,10.0,0.6728882337129111,0.2334887981414795
1378.0,2.521606336708306,22.0,25.0,12.0,0.6726214375770375,0.23355984687805176
1379.0,2.5190847303715977,22.0,22.0,10.0,0.6723544803198999,0.2336268424987793
1380.0,2.516565645641226,22.0,24.0,13.0,0.6720873619502861,0.23370075225830078
1381.0,2.514049079995585,22.0,28.0,17.0,0.6718200824772237,0.2337789535522461
1382.0,2.511535030915589,22.0,23.0,14.0,0.6715526419099802,0.23384666442871094
1383.0,2.5090234958846733,22.0,24.0,17.0,0.6712850402580637,0.2339167594909668
1384.0,2.5065144723887887,22.0,24.0,22.0,0.6710172775312231,0.23398971557617188
1385.0,2.5040079579164,22.0,26.0,19.0,0.6707493537394484,0.23407673835754395
1386.0,2.5015039499584835,22.0,24.0,13.0,0.6704812688929717,0.2341628074645996
1387.0,2.499002446008525,22.0,24.0,14.0,0.6702130230022671,0.23422956466674805
1388.0,2.4965034435625166,22.0,23.0,11.0,0.6699446160780513,0.23430180549621582
1389.0,2.494006940118954,22.0,24.0,15.0,0.6696760481312841,0.2343769073486328
1390.0,2.491512933178835,22.0,23.0,17.0,0.6694073191731688,0.23446297645568848
1391.0,2.489021420245656,22.0,24.0,18.0,0.6691384292151524,0.23453688621520996
1392.0,2.4865323988254104,22.0,24.0,16.0,0.6688693782689266,0.23461365699768066
1393.0,2.484045866426585,22.0,22.0,20.0,0.6686001663464277,0.2346959114074707
1394.0,2.4815618205601586,22.0,23.0,13.0,0.668330793459837,0.23477458953857422
1395.0,2.4790802587395984,22.0,28.0,15.0,0.668061259621582,0.2348480224609375
1396.0,2.4766011784808586,22.0,23.0,15.0,0.6677915648443358,0.23492670059204102
1397.0,2.4741245773023777,22.0,24.0,19.0,0.667521709141018,0.2349996566772461
1398.0,2.471650452725075,22.0,25.0,20.0,0.6672516925247958,0.235076904296875
1399.0,2.46917880227235,22.0,24.0,11.0,0.666981515009083,0.23515868186950684
1400.0,2.466709623470078,22.0,30.0,14.0,0.6667111766075418,0.2352287769317627
1401.0,2.4642429138466078,22.0,28.0,18.0,0.6664406773340822,0.23530983924865723
1402.0,2.461778670932761,22.0,22.0,14.0,0.6661700172028633,0.23538684844970703
1403.0,2.4593168922618283,22.0,23.0,13.0,0.6658991962282933,0.23546600341796875
1404.0,2.4568575753695665,22.0,24.0,13.0,0.6656282144250297,0.23553180694580078
1405.0,2.454400717794197,22.0,23.0,16.0,0.6653570718079804,0.23560762405395508
1406.0,2.451946317076403,22.0,28.0,16.0,0.6650857683923034,0.23570466041564941
1407.0,2.4494943707593264,22.0,24.0,13.0,0.6648143041934078,0.23579859733581543
1408.0,2.447044876388567,22.0,23.0,16.0,0.664542679226954,0.235886812210083
1409.0,2.4445978315121786,22.0,23.0,17.0,0.664270893508854,0.2359638214111328
1410.0,2.4421532336806666,22.0,24.0,16.0,0.6639989470552724,0.2360398769378662
1411.0,2.439711080446986,22.0,24.0,10.0,0.6637268398826259,0.23612380027770996
1412.0,2.437271369366539,22.0,29.0,14.0,0.663454572007585,0.23620200157165527
1413.0,2.4348340979971725,22.0,25.0,10.0,0.6631821434470727,0.2362978458404541
1414.0,2.432399263899175,22.0,25.0,14.0,0.662909554218267,0.23635268211364746
1415.0,2.429966864635276,22.0,24.0,17.0,0.6626368043385997,0.23643970489501953
1416.0,2.427536897770641,22.0,22.0,12.0,0.6623638938257577,0.23652362823486328
1417.0,2.42510936087287,22.0,24.0,15.0,0.6620908226976829,0.23659777641296387
1418.0,2.4226842515119973,22.0,25.0,18.0,0.6618175909725732,0.236677885055542
1419.0,2.4202615672604852,22.0,23.0,17.0,0.6615441986688825,0.23676371574401855
1420.0,2.4178413056932246,22.0,24.0,7.0,0.6612706458053214,0.2368478775024414
1421.0,2.415423464387531,22.0,23.0,13.0,0.6609969324008572,0.23694491386413574
1422.0,2.4130080409231436,22.0,23.0,12.0,0.6607230584747154,0.2370307445526123
1423.0,2.4105950328822203,22.0,23.0,9.0,0.6604490240463786,0.2371048927307129
1424.0,2.408184437849338,22.0,23.0,12.0,0.6601748291355882,0.23717093467712402
1425.0,2.4057762534114886,22.0,23.0,14.0,0.6599004737623446,0.23724961280822754
1426.0,2.4033704771580773,22.0,25.0,12.0,0.6596259579469067,0.23733282089233398
1427.0,2.4009671066809193,22.0,24.0,14.0,0.659351281709794,0.23742961883544922
1428.0,2.398566139574238,22.0,22.0,14.0,0.6590764450717852,0.2375040054321289
1429.0,2.396167573434664,22.0,23.0,12.0,0.6588014480539203,0.23758268356323242
1430.0,2.393771405861229,22.0,23.0,16.0,0.6585262906775,0.23766183853149414
1431.0,2.391377634455368,22.0,23.0,16.0,0.6582509729640864,0.23774480819702148
1432.0,2.3889862568209126,22.0,24.0,19.0,0.6579754949355036,0.23783493041992188
1433.0,2.3865972705640917,22.0,24.0,19.0,0.6576998566138379,0.23791265487670898
1434.0,2.3842106732935275,22.0,22.0,17.0,0.6574240580214386,0.23799967765808105
1435.0,2.381826462620234,22.0,24.0,13.0,0.6571480991809178,0.238081693649292
1436.0,2.3794446361576136,22.0,22.0,18.0,0.6568719801151518,0.23815679550170898
1437.0,2.377065191521456,22.0,23.0,7.0,0.6565957008472806,0.2382347583770752
1438.0,2.3746881263299344,22.0,23.0,15.0,0.6563192614007088,0.23830461502075195
1439.0,2.3723134382036046,22.0,23.0,15.0,0.6560426617991063,0.23838472366333008
1440.0,2.369941124765401,22.0,24.0,17.0,0.6557659020664078,0.23845195770263672
1441.0,2.3675711836406355,22.0,25.0,15.0,0.6554889822268144,0.23852276802062988
1442.0,2.3652036124569946,22.0,26.0,13.0,0.6552119023047934,0.23859882354736328
1443.0,2.3628384088445378,22.0,22.0,13.0,0.6549346623250787,0.23865866661071777
1444.0,2.3604755704356934,22.0,25.0,14.0,0.6546572623126716,0.23873162269592285
1445.0,2.3581150948652576,22.0,24.0,18.0,0.6543797022928408,0.23881292343139648
1446.0,2.3557569797703923,22.0,22.0,14.0,0.6541019822911233,0.23888778686523438
1447.0,2.353401222790622,22.0,23.0,11.0,0.6538241023333246,0.23896479606628418
1448.0,2.351047821567831,22.0,30.0,9.0,0.6535460624455189,0.23905277252197266
1449.0,2.348696773746263,22.0,23.0,16.0,0.6532678626540503,0.23913288116455078
1450.0,2.3463480769725167,22.0,26.0,13.0,0.6529895029855326,0.23920774459838867
1451.0,2.3440017288955444,22.0,24.0,18.0,0.6527109834668494,0.23929381370544434
1452.0,2.3416577271666488,22.0,22.0,12.0,0.6524323041251558,0.2393798828125
1453.0,2.3393160694394823,22.0,23.0,12.0,0.6521534649878777,0.23945283889770508
1454.0,2.3369767533700427,22.0,24.0,13.0,0.6518744660827126,0.23953986167907715
1455.0,2.334639776616673,22.0,22.0,13.0,0.6515953074376302,0.23961186408996582
1456.0,2.332305136840056,22.0,25.0,10.0,0.6513159890808727,0.23968887329101562
1457.0,2.329972831703216,22.0,23.0,14.0,0.6510365110409553,0.23975682258605957
1458.0,2.3276428588715126,22.0,24.0,12.0,0.6507568733466667,0.2398388385772705
1459.0,2.325315216012641,22.0,23.0,16.0,0.6504770760270691,0.23990678787231445
1460.0,2.322989900796628,22.0,24.0,11.0,0.6501971191114995,0.23999285697937012
1461.0,2.3206669108958313,22.0,24.0,15.0,0.6499170026295694,0.24007081985473633
1462.0,2.3183462439849354,22.0,23.0,13.0,0.6496367266111654,0.24013686180114746
1463.0,2.3160278977409505,22.0,23.0,9.0,0.6493562910864501,0.24021673202514648
1464.0,2.3137118698432095,22.0,23.0,17.0,0.6490756960858617,0.24027776718139648
1465.0,2.3113981579733665,22.0,24.0,10.0,0.6487949416401154,0.2403578758239746
1466.0,2.309086759815393,22.0,24.0,14.0,0.6485140277802031,0.24042963981628418
1467.0,2.306777673055578,22.0,24.0,15.0,0.6482329545373942,0.24049687385559082
1468.0,2.304470895382522,22.0,22.0,14.0,0.647951721943236,0.2405686378479004
1469.0,2.30216642448714,22.0,25.0,14.0,0.6476703300295541,0.2406327724456787
1470.0,2.2998642580626525,22.0,25.0,14.0,0.6473887788284529,0.24070382118225098
1471.0,2.2975643938045898,22.0,22.0,9.0,0.6471070683723159,0.24079179763793945
1472.0,2.295266829410785,22.0,23.0,13.0,0.6468251986938065,0.24086880683898926
1473.0,2.2929715625813745,22.0,26.0,13.0,0.646543169825868,0.24094581604003906
1474.0,2.2906785910187932,22.0,27.0,11.0,0.6462609818017243,0.24100565910339355
1475.0,2.2883879124277744,22.0,23.0,12.0,0.6459786346548801,0.24107074737548828
1476.0,2.286099524515347,22.0,29.0,11.0,0.6456961284191222,0.24114990234375
1477.0,2.2838134249908313,22.0,22.0,12.0,0.6454134631285184,0.24122381210327148
1478.0,2.2815296115658406,22.0,25.0,19.0,0.6451306388174196,0.2412867546081543
1479.0,2.279248081954275,22.0,23.0,14.0,0.644847655520459,0.24136090278625488
1480.0,2.2769688338723206,22.0,25.0,14.0,0.6445645132725533,0.24143385887145996
1481.0,2.2746918650384482,22.0,22.0,11.0,0.6442812121089027,0.24150395393371582
1482.0,2.2724171731734097,22.0,24.0,11.0,0.6439977520649915,0.24157381057739258
1483.0,2.2701447560002364,22.0,28.0,10.0,0.643714133176589,0.241654634475708
1484.0,2.267874611244236,22.0,23.0,13.0,0.643430355479749,0.24171686172485352
1485.0,2.265606736632992,22.0,22.0,14.0,0.6431464190108112,0.24179673194885254
1486.0,2.263341129896359,22.0,23.0,14.0,0.6428623238064006,0.2418978214263916
1487.0,2.2610777887664626,22.0,23.0,12.0,0.6425780699034294,0.24196982383728027
1488.0,2.258816710977696,22.0,25.0,17.0,0.6422936573390958,0.24204277992248535
1489.0,2.2565578942667184,22.0,22.0,12.0,0.6420090861508859,0.24210882186889648
1490.0,2.2543013363724516,22.0,24.0,20.0,0.6417243563765731,0.24216556549072266
1491.0,2.252047035036079,22.0,24.0,6.0,0.6414394680542193,0.2422499656677246
1492.0,2.249794988001043,22.0,23.0,13.0,0.6411544212221744,0.24231886863708496
1493.0,2.2475451930130417,22.0,22.0,5.0,0.6408692159190781,0.24239587783813477
1494.0,2.2452976478200286,22.0,25.0,13.0,0.640583852183859,0.24246478080749512
1495.0,2.2430523501722086,22.0,24.0,12.0,0.6402983300557362,0.24253082275390625
1496.0,2.2408092978220364,22.0,24.0,6.0,0.6400126495742187,0.24259090423583984
1497.0,2.2385684885242143,22.0,23.0,13.0,0.6397268107791064,0.24265766143798828
1498.0,2.2363299200356903,22.0,23.0,19.0,0.6394408137104909,0.24273371696472168
1499.0,2.2340935901156547,22.0,23.0,16.0,0.639154658408755,0.24280667304992676
1500.0,2.231859496525539,22.0,22.0,12.0,0.6388683449145739,0.24287891387939453
1501.0,2.2296276370290133,22.0,23.0,16.0,0.6385818732689157,0.24294471740722656
