step,temperature,best_hpwl,current_hpwl,accepted_moves,boltzmann_prob,elapsed_time_sec
1.0,10.0,2478205.0,2478205.0,34263.0,0.9048374180359595,3.314018249511719e-05
2.0,9.99,2315675.0,2315698.0,12711.0,0.9047468482529377,28.427961111068726
3.0,9.98001,2238657.0,2238657.0,9882.0,0.9046561968886792,38.90420413017273
4.0,9.97002999,2190456.0,2190462.0,8242.0,0.9045654638787952,46.96257734298706
5.0,9.96005996001,2157942.0,2157945.0,7524.0,0.9044746491588648,53.669082164764404
6.0,9.95009990004999,2134926.0,2134989.0,6867.0,0.904383752664434,59.61155724525452
7.0,9.940149800149939,2116921.0,2116921.0,6575.0,0.9042927743310167,65.04827809333801
8.0,9.93020965034979,2099793.0,2099868.0,6221.0,0.9042017140940946,70.29400515556335
9.0,9.92027944069944,2087194.0,2087311.0,6007.0,0.9041105718891163,75.47789430618286
10.0,9.910359161258741,2076857.0,2076885.0,5981.0,0.9040193476514986,80.44435620307922
11.0,9.900448802097483,2067118.0,2067222.0,5824.0,0.9039280413166257,85.21994495391846
12.0,9.890548353295385,2059762.0,2059779.0,5586.0,0.9038366528198497,89.95438313484192
13.0,9.88065780494209,2051310.0,2051411.0,5641.0,0.9037451820964901,94.51275706291199
14.0,9.870777147137147,2043830.0,2043875.0,5425.0,0.9036536290818343,99.15770506858826
15.0,9.86090636999001,2037142.0,2037220.0,5443.0,0.9035619937111373,103.75546336174011
16.0,9.85104546362002,2032362.0,2032496.0,5343.0,0.9034702759196221,108.40190696716309
17.0,9.8411944181564,2028092.0,2028121.0,5275.0,0.9033784756424792,112.75447201728821
18.0,9.831353223738244,2020474.0,2020484.0,5219.0,0.9032865928148672,117.1097002029419
19.0,9.821521870514506,2015381.0,2015600.0,5124.0,0.9031946273719123,121.6556122303009
20.0,9.81170034864399,2013203.0,2013203.0,5113.0,0.9031025792487087,126.0446572303772
21.0,9.801888648295346,2008316.0,2008452.0,4937.0,0.9030104483803185,130.26345705986023
22.0,9.79208675964705,2006987.0,2007234.0,4949.0,0.9029182347017718,134.67155623435974
23.0,9.782294672887403,2003267.0,2003269.0,4972.0,0.9028259381480663,138.7821969985962
24.0,9.772512378214515,1999292.0,1999428.0,4840.0,0.9027335586541682,143.1013240814209
25.0,9.7627398658363,1997103.0,1997269.0,4995.0,0.9026410961550111,147.4016592502594
26.0,9.752977125970464,1995345.0,1995450.0,4855.0,0.9025485505854971,151.73025822639465
27.0,9.743224148844494,1990206.0,1990485.0,4768.0,0.9024559218804963,156.00643301010132
28.0,9.73348092469565,1988426.0,1989282.0,4799.0,0.9023632099748465,160.55369806289673
29.0,9.723747443770954,1987015.0,1987514.0,4960.0,0.902270414803354,164.71173405647278
30.0,9.714023696327184,1985189.0,1985367.0,4890.0,0.9021775363007932,168.7926630973816
31.0,9.704309672630856,1982973.0,1983180.0,4651.0,0.9020845744019065,173.0076081752777
32.0,9.694605362958225,1981131.0,1981330.0,4770.0,0.9019915290414043,177.3495490550995
33.0,9.684910757595267,1978330.0,1978597.0,4680.0,0.9018984001539658,181.56979823112488
34.0,9.675225846837671,1977372.0,1977586.0,4741.0,0.9018051876742379,185.78630137443542
35.0,9.665550620990834,1974378.0,1974378.0,4632.0,0.901711891536836,189.9901921749115
36.0,9.655885070369843,1972650.0,1972873.0,4619.0,0.9016185116763438,194.38245511054993
37.0,9.646229185299473,1971697.0,1971768.0,4679.0,0.901525048027313,198.5805492401123
38.0,9.636582956114173,1970866.0,1970983.0,4566.0,0.9014315005242642,202.6219620704651
39.0,9.62694637315806,1969003.0,1969429.0,4599.0,0.9013378691016861,206.84570121765137
40.0,9.617319426784901,1966058.0,1966227.0,4629.0,0.9012441536940357,210.9535892009735
41.0,9.607702107358117,1965076.0,1965402.0,4402.0,0.9011503542357384,215.04636025428772
42.0,9.598094405250759,1963109.0,1963262.0,4508.0,0.9010564706611884,219.01955318450928
43.0,9.588496310845509,1962451.0,1962983.0,4514.0,0.9009625029047481,223.2247440814972
44.0,9.578907814534663,1960634.0,1960815.0,4604.0,0.9008684509007485,227.24916815757751
45.0,9.569328906720129,1958232.0,1958318.0,4519.0,0.9007743145834891,231.91485333442688
46.0,9.55975957781341,1958006.0,1958507.0,4441.0,0.9006800938872381,236.82270693778992
47.0,9.550199818235596,1957009.0,1957009.0,4428.0,0.9005857887462322,240.83551216125488
48.0,9.54064961841736,1954980.0,1955782.0,4508.0,0.9004913990946766,244.95828819274902
49.0,9.531108968798943,1952634.0,1953057.0,4476.0,0.9003969248667455,249.52611112594604
50.0,9.521577859830144,1951697.0,1951865.0,4410.0,0.9003023659965814,254.1828851699829
51.0,9.512056281970313,1949832.0,1950117.0,4292.0,0.900207722418296,258.6031291484833
52.0,9.502544225688343,1949228.0,1949426.0,4299.0,0.9001129940659692,262.70321321487427
53.0,9.493041681462655,1946942.0,1946998.0,4327.0,0.9000181808736503,266.7416350841522
54.0,9.483548639781192,1944200.0,1944479.0,4167.0,0.8999232827753565,271.067095041275
55.0,9.47406509114141,1944183.0,1944877.0,4211.0,0.8998282997050749,275.5688841342926
56.0,9.464591026050268,1944183.0,1944480.0,4316.0,0.8997332315967607,279.6099581718445
57.0,9.455126435024217,1942967.0,1943226.0,4266.0,0.8996380783843384,283.60518312454224
58.0,9.445671308589192,1941383.0,1941420.0,4245.0,0.8995428400017011,287.6313133239746
59.0,9.436225637280604,1939810.0,1939866.0,4190.0,0.8994475163827113,291.70539116859436
60.0,9.426789411643323,1938650.0,1938844.0,4179.0,0.8993521074612001,295.8183512687683
61.0,9.41736262223168,1937610.0,1937653.0,4102.0,0.8992566131709677,300.05724334716797
62.0,9.407945259609448,1936869.0,1936872.0,4243.0,0.8991610334457835,304.18253231048584
63.0,9.39853731434984,1936005.0,1936307.0,4198.0,0.8990653682193858,308.07408905029297
64.0,9.38913877703549,1934625.0,1935045.0,4143.0,0.8989696174254821,312.3972113132477
65.0,9.379749638258454,1934524.0,1934969.0,4119.0,0.8988737809977492,316.6653861999512
66.0,9.370369888620196,1934524.0,1934835.0,4089.0,0.8987778588698327,320.6511061191559
67.0,9.360999518731576,1933429.0,1933828.0,4126.0,0.8986818509753478,324.48512625694275
68.0,9.351638519212845,1930817.0,1931164.0,4092.0,0.8985857572478786,328.50093626976013
69.0,9.342286880693631,1930402.0,1930636.0,4135.0,0.8984895776209788,332.5955562591553
70.0,9.332944593812938,1930027.0,1930712.0,4050.0,0.8983933120281711,336.52622413635254
71.0,9.323611649219124,1929542.0,1929820.0,4030.0,0.8982969604029476,340.59353399276733
72.0,9.314288037569906,1927890.0,1927890.0,4082.0,0.89820052267877,344.6161720752716
73.0,9.304973749532335,1926509.0,1926990.0,3968.0,0.8981039987890691,348.7193021774292
74.0,9.295668775782802,1926509.0,1927272.0,3975.0,0.8980073886672453,352.7254421710968
75.0,9.28637310700702,1925356.0,1925620.0,3989.0,0.8979106922466684,356.6926372051239
76.0,9.277086733900012,1924918.0,1925235.0,3984.0,0.8978139094606776,360.74091506004333
77.0,9.267809647166112,1924314.0,1924537.0,3869.0,0.897717040242582,365.0491552352905
78.0,9.258541837518946,1923376.0,1923568.0,3972.0,0.8976200845256598,368.9630069732666
79.0,9.249283295681426,1921939.0,1922092.0,3929.0,0.8975230422431588,372.91829204559326
80.0,9.240034012385745,1921310.0,1921474.0,3912.0,0.897425913328297,376.83644437789917
81.0,9.23079397837336,1921310.0,1921703.0,3897.0,0.8973286977142614,380.9206352233887
82.0,9.221563184394986,1920529.0,1921337.0,3928.0,0.897231395334209,384.7133560180664
83.0,9.21234162121059,1920529.0,1920956.0,3809.0,0.8971340061212666,388.75344729423523
84.0,9.20312927958938,1918684.0,1918690.0,3998.0,0.8970365300085305,392.62046909332275
85.0,9.19392615030979,1917793.0,1918231.0,3892.0,0.8969389669290669,396.5441462993622
86.0,9.18473222415948,1915997.0,1917028.0,3881.0,0.8968413168159121,400.4346213340759
87.0,9.17554749193532,1915997.0,1916655.0,3777.0,0.8967435796020717,404.4528000354767
88.0,9.166371944443386,1915006.0,1915193.0,3732.0,0.8966457552205218,408.7277822494507
89.0,9.157205572498942,1914059.0,1914564.0,3793.0,0.8965478436042079,412.8616421222687
90.0,9.148048366926442,1912672.0,1912672.0,3788.0,0.8964498446860459,416.79641914367676
91.0,9.138900318559516,1912653.0,1913743.0,3833.0,0.8963517583989214,420.9161260128021
92.0,9.129761418240957,1912653.0,1913993.0,3827.0,0.8962535846756903,424.8351082801819
93.0,9.120631656822717,1912653.0,1914622.0,3842.0,0.8961553234491781,428.7946743965149
94.0,9.111511025165894,1912653.0,1913449.0,3705.0,0.896056974652181,432.7493281364441
95.0,9.102399514140728,1912653.0,1912750.0,3734.0,0.895958538217465,436.7236831188202
96.0,9.093297114626587,1911959.0,1912392.0,3702.0,0.895860014077766,440.6645121574402
97.0,9.08420381751196,1911959.0,1912203.0,3824.0,0.8957614021657909,444.5191659927368
98.0,9.075119613694449,1911290.0,1911972.0,3854.0,0.8956627024142161,448.21717715263367
99.0,9.066044494080755,1910612.0,1910779.0,3755.0,0.8955639147556885,451.99274230003357
100.0,9.056978449586675,1909207.0,1909377.0,3671.0,0.8954650391228255,455.768639087677
101.0,9.047921471137087,1909145.0,1910075.0,3654.0,0.8953660754482147,459.59857511520386
102.0,9.03887354966595,1908204.0,1908856.0,3760.0,0.895267023664414,463.3044652938843
103.0,9.029834676116284,1907423.0,1907944.0,3673.0,0.8951678837039518,467.25104999542236
104.0,9.020804841440167,1906469.0,1906600.0,3723.0,0.8950686554993272,471.30973529815674
105.0,9.011784036598728,1905701.0,1906427.0,3692.0,0.8949693389830096,475.21723222732544
106.0,9.00277225256213,1905701.0,1906404.0,3575.0,0.8948699340874385,479.0051851272583
107.0,8.993769480309567,1905696.0,1906649.0,3560.0,0.8947704407450249,482.94474720954895
108.0,8.984775710829258,1905696.0,1906074.0,3544.0,0.8946708588881496,486.65018224716187
109.0,8.975790935118429,1905521.0,1906067.0,3622.0,0.8945711884491643,490.36945104599
110.0,8.966815144183311,1905141.0,1905587.0,3642.0,0.8944714293603915,494.07855010032654
111.0,8.957848329039127,1904852.0,1905605.0,3471.0,0.8943715815541243,497.8182110786438
112.0,8.948890480710087,1904640.0,1905036.0,3710.0,0.8942716449626267,501.5358362197876
113.0,8.939941590229378,1903773.0,1904954.0,3571.0,0.8941716195181333,505.2420392036438
114.0,8.931001648639148,1903773.0,1903937.0,3614.0,0.8940715051528495,508.89050912857056
115.0,8.922070646990509,1902827.0,1903192.0,3486.0,0.8939713017989519,512.5461041927338
116.0,8.913148576343518,1900728.0,1900843.0,3645.0,0.8938710093885877,516.4428431987762
117.0,8.904235427767174,1900355.0,1901260.0,3416.0,0.8937706278538751,520.3800640106201
118.0,8.895331192339407,1899832.0,1899977.0,3471.0,0.8936701571269032,524.2420761585236
119.0,8.886435861147067,1898730.0,1898766.0,3531.0,0.8935695971397325,528.0932443141937
120.0,8.87754942528592,1897975.0,1898559.0,3464.0,0.8934689478243942,532.1435401439667
121.0,8.868671875860635,1897975.0,1898653.0,3504.0,0.8933682091128906,535.9768121242523
122.0,8.859803203984773,1897775.0,1897779.0,3388.0,0.8932673809371954,539.6272792816162
123.0,8.850943400780789,1897134.0,1897716.0,3400.0,0.8931664632292532,543.3901700973511
124.0,8.842092457380009,1897134.0,1897626.0,3491.0,0.89306545592098,547.0647270679474
125.0,8.833250364922629,1896364.0,1896898.0,3447.0,0.8929643589442628,550.7458140850067
126.0,8.824417114557706,1894971.0,1895059.0,3486.0,0.8928631722309603,554.5053791999817
127.0,8.815592697443149,1893924.0,1893962.0,3391.0,0.8927618957129024,558.9405560493469
128.0,8.806777104745706,1892731.0,1892764.0,3404.0,0.8926605293218901,562.7152082920074
129.0,8.79797032764096,1892731.0,1893993.0,3378.0,0.892559072989696,566.4974589347839
130.0,8.78917235731332,1892731.0,1894419.0,3348.0,0.8924575266480642,570.1418871879578
131.0,8.780383184956007,1892731.0,1894076.0,3411.0,0.8923558902287104,573.8256032466888
132.0,8.771602801771051,1892731.0,1894084.0,3283.0,0.8922541636633216,577.5126032829285
133.0,8.76283119896928,1892731.0,1893780.0,3338.0,0.8921523468835563,581.289400100708
134.0,8.75406836777031,1892731.0,1894200.0,3253.0,0.892050439821045,585.1738991737366
135.0,8.74531429940254,1892731.0,1894055.0,3343.0,0.8919484424073897,588.8935861587524
136.0,8.736568985103139,1892115.0,1892149.0,3390.0,0.8918463545741638,592.4690220355988
137.0,8.727832416118035,1891822.0,1892188.0,3313.0,0.891744176252913,596.0946772098541
138.0,8.719104583701917,1891444.0,1892147.0,3289.0,0.8916419073751543,599.6854462623596
139.0,8.710385479118214,1891444.0,1893228.0,3392.0,0.8915395478723765,603.2649841308594
140.0,8.701675093639096,1890969.0,1891106.0,3378.0,0.8914370976760408,606.8110411167145
141.0,8.692973418545456,1889863.0,1890312.0,3366.0,0.8913345567175798,610.4125320911407
142.0,8.68428044512691,1889132.0,1889918.0,3239.0,0.8912319249283982,614.1006782054901
143.0,8.675596164681783,1889132.0,1889658.0,3399.0,0.8911292022398727,617.7276480197906
144.0,8.666920568517101,1888573.0,1888746.0,3223.0,0.891026388583352,621.313677072525
145.0,8.658253647948584,1888512.0,1888947.0,3225.0,0.8909234838901571,624.9022500514984
146.0,8.649595394300635,1888081.0,1888205.0,3194.0,0.8908204880915807,628.6277101039886
147.0,8.640945798906333,1888081.0,1888616.0,3206.0,0.890717401118888,632.2162129878998
148.0,8.632304853107428,1887012.0,1887383.0,3149.0,0.8906142229033163,635.7659051418304
149.0,8.623672548254321,1886954.0,1887573.0,3189.0,0.890510953376075,639.3688020706177
150.0,8.615048875706067,1886297.0,1886366.0,3167.0,0.890407592468346,642.6386351585388
151.0,8.606433826830362,1886286.0,1886318.0,3117.0,0.8903041401112836,645.8631973266602
152.0,8.59782739300353,1885406.0,1886189.0,3151.0,0.890200596236014,649.0120191574097
153.0,8.589229565610527,1885406.0,1886107.0,3276.0,0.8900969607736364,652.2287402153015
154.0,8.580640336044917,1885406.0,1885895.0,3175.0,0.8899932336552221,655.3348910808563
155.0,8.572059695708871,1885004.0,1885020.0,3152.0,0.8898894148118152,658.5074081420898
156.0,8.563487636013162,1884532.0,1884880.0,3091.0,0.8897855041744318,661.6723232269287
157.0,8.554924148377149,1884240.0,1885677.0,3068.0,0.8896815016740613,664.841527223587
158.0,8.546369224228771,1884240.0,1885857.0,3199.0,0.8895774072416653,667.976321220398
159.0,8.537822855004542,1884240.0,1885394.0,3107.0,0.8894732208081781,671.0955882072449
160.0,8.529285032149538,1884240.0,1884704.0,3181.0,0.889368942304507,674.2118983268738
161.0,8.520755747117388,1883635.0,1883863.0,3126.0,0.8892645716615317,677.3258800506592
162.0,8.51223499137027,1883629.0,1884267.0,3054.0,0.8891601088101049,680.501659154892
163.0,8.5037227563789,1883084.0,1883174.0,3199.0,0.8890555536810523,683.5995452404022
164.0,8.495219033622522,1881719.0,1881910.0,3078.0,0.8889509062051723,686.8301701545715
165.0,8.486723814588899,1881651.0,1882332.0,3116.0,0.8888461663132362,690.1103980541229
166.0,8.47823709077431,1881651.0,1881942.0,2932.0,0.8887413339359888,693.2222452163696
167.0,8.469758853683537,1881651.0,1883315.0,3064.0,0.8886364090041471,696.3973472118378
168.0,8.461289094829853,1881651.0,1883015.0,3119.0,0.888531391448402,699.4980971813202
169.0,8.452827805735023,1881056.0,1881174.0,3165.0,0.888426281199417,702.5871670246124
170.0,8.444374977929288,1880335.0,1880587.0,3029.0,0.8883210781878291,705.8053703308105
171.0,8.435930602951359,1880335.0,1880429.0,3045.0,0.8882157823442485,709.0652551651001
172.0,8.427494672348407,1879090.0,1879245.0,3013.0,0.8881103935992584,712.1444942951202
173.0,8.419067177676059,1879090.0,1879575.0,2980.0,0.8880049118834156,715.330310344696
174.0,8.410648110498382,1879090.0,1879757.0,2978.0,0.8878993371272501,718.4055440425873
175.0,8.402237462387884,1879090.0,1879819.0,3017.0,0.8877936692612655,721.4735963344574
176.0,8.393835224925496,1879090.0,1879876.0,3034.0,0.8876879082159387,724.4591333866119
177.0,8.38544138970057,1878994.0,1879254.0,2959.0,0.8875820539217203,727.4116232395172
178.0,8.37705594831087,1878946.0,1879877.0,3031.0,0.8874761063090342,730.3488972187042
179.0,8.36867889236256,1878946.0,1880203.0,2948.0,0.8873700653082781,733.2794623374939
180.0,8.360310213470198,1878946.0,1879376.0,2916.0,0.8872639308498232,736.2537422180176
181.0,8.351949903256727,1878791.0,1879063.0,2965.0,0.8871577028640146,739.1928741931915
182.0,8.34359795335347,1877904.0,1878178.0,3037.0,0.8870513812811711,742.1270582675934
183.0,8.335254355400117,1876705.0,1876772.0,2898.0,0.8869449660315851,745.146900177002
184.0,8.326919101044718,1876544.0,1876599.0,3006.0,0.8868384570455231,748.2004551887512
185.0,8.318592181943673,1875693.0,1876279.0,2928.0,0.8867318542532254,751.141608953476
186.0,8.31027358976173,1875693.0,1876959.0,2807.0,0.8866251575849061,754.1221842765808
187.0,8.301963316171967,1875693.0,1876844.0,2958.0,0.8865183669707536,757.0396420955658
188.0,8.293661352855796,1875693.0,1877087.0,3016.0,0.88641148234093,759.9714272022247
189.0,8.285367691502941,1874826.0,1874929.0,2884.0,0.8863045036255719,762.8922221660614
190.0,8.277082323811438,1874683.0,1875184.0,2806.0,0.8861974307547895,765.9097101688385
191.0,8.268805241487627,1874145.0,1874322.0,2736.0,0.8860902636586678,768.8443131446838
192.0,8.26053643624614,1873700.0,1874058.0,2868.0,0.8859830022672656,771.8137831687927
193.0,8.252275899809893,1873286.0,1873452.0,2941.0,0.885875646510616,774.7573370933533
194.0,8.244023623910083,1872881.0,1872966.0,2943.0,0.8857681963187267,777.7315702438354
195.0,8.235779600286174,1872399.0,1872410.0,2780.0,0.8856606516215798,780.6991002559662
196.0,8.227543820685888,1871361.0,1871548.0,2735.0,0.8855530123491315,783.7084732055664
197.0,8.219316276865202,1871361.0,1871749.0,2825.0,0.8854452784313127,786.7443420886993
198.0,8.211096960588337,1871361.0,1872269.0,2856.0,0.8853374497980291,789.6900012493134
199.0,8.202885863627749,1871361.0,1871745.0,2769.0,0.8852295263791604,792.6356081962585
200.0,8.19468297776412,1871339.0,1871840.0,2705.0,0.8851215081045615,795.5922780036926
201.0,8.186488294786356,1871339.0,1871785.0,2701.0,0.8850133949040616,798.5470950603485
202.0,8.17830180649157,1871097.0,1871242.0,2781.0,0.884905186707465,801.5017242431641
203.0,8.170123504685078,1870332.0,1870451.0,2745.0,0.8847968834445505,804.5049631595612
204.0,8.161953381180393,1870162.0,1870406.0,2829.0,0.884688485045072,807.5439422130585
205.0,8.153791427799213,1870157.0,1871133.0,2766.0,0.8845799914387582,810.5272891521454
206.0,8.145637636371413,1870157.0,1871133.0,2813.0,0.8844714025553125,813.4665081501007
207.0,8.137491998735042,1870157.0,1870975.0,2825.0,0.8843627183244138,816.3917181491852
208.0,8.129354506736307,1870089.0,1870244.0,2808.0,0.8842539386757158,819.3427021503448
209.0,8.12122515222957,1869610.0,1869736.0,2778.0,0.8841450635388471,822.3106272220612
210.0,8.11310392707734,1869112.0,1869149.0,2756.0,0.8840360928434119,825.2813100814819
211.0,8.104990823150263,1868205.0,1868338.0,2725.0,0.8839270265189894,828.2811961174011
212.0,8.096885832327112,1868205.0,1869150.0,2709.0,0.8838178644951338,831.3200640678406
213.0,8.088788946494786,1868202.0,1868773.0,2689.0,0.8837086067013753,834.2671999931335
214.0,8.080700157548291,1868202.0,1868423.0,2755.0,0.8835992530672188,837.2004311084747
215.0,8.072619457390743,1868202.0,1869374.0,2634.0,0.8834898035221451,840.1265580654144
216.0,8.064546837933353,1868202.0,1868901.0,2556.0,0.8833802579956102,843.0720582008362
217.0,8.056482291095419,1868002.0,1868519.0,2757.0,0.8832706164170457,845.9929642677307
218.0,8.048425808804323,1867485.0,1867561.0,2723.0,0.8831608787158589,848.9514219760895
219.0,8.04037738299552,1866698.0,1866860.0,2630.0,0.8830510448214328,851.9432141780853
220.0,8.032337005612524,1866698.0,1866955.0,2648.0,0.8829411146631259,854.964485168457
221.0,8.024304668606911,1866113.0,1866891.0,2608.0,0.8828310881702724,857.8753552436829
222.0,8.016280363938304,1866113.0,1866550.0,2612.0,0.8827209652721828,860.8674120903015
223.0,8.008264083574366,1866113.0,1866502.0,2631.0,0.8826107458981428,863.7586350440979
224.0,8.000255819490791,1865659.0,1865715.0,2714.0,0.8825004299774145,866.6583642959595
225.0,7.9922555636713,1865612.0,1866499.0,2730.0,0.882390017439236,869.6141140460968
226.0,7.984263308107629,1865398.0,1865561.0,2669.0,0.882279508212821,872.5378761291504
227.0,7.976279044799521,1864567.0,1864663.0,2685.0,0.8821689022273597,875.459132194519
228.0,7.968302765754721,1863758.0,1863965.0,2724.0,0.8820581994120181,878.4241662025452
229.0,7.960334462988967,1863370.0,1863870.0,2594.0,0.881947399695939,881.4095230102539
230.0,7.952374128525978,1863346.0,1864112.0,2647.0,0.8818365030082409,884.3225553035736
231.0,7.944421754397452,1863158.0,1863249.0,2689.0,0.8817255092780187,887.3908443450928
232.0,7.936477332643054,1862764.0,1863643.0,2536.0,0.8816144184343438,890.451333284378
233.0,7.928540855310412,1862764.0,1863185.0,2641.0,0.8815032304062641,893.4762492179871
234.0,7.920612314455101,1862714.0,1863080.0,2603.0,0.8813919451228037,896.3691530227661
235.0,7.912691702140646,1861875.0,1861958.0,2539.0,0.8812805625129636,899.2509911060333
236.0,7.904779010438505,1861666.0,1862563.0,2591.0,0.8811690825057211,902.21156001091
237.0,7.896874231428066,1861470.0,1861482.0,2503.0,0.8810575050300303,905.1088283061981
238.0,7.888977357196638,1861290.0,1862008.0,2543.0,0.880945830014822,908.0045440196991
239.0,7.881088379839442,1861290.0,1861644.0,2494.0,0.8808340573890038,910.8888721466064
240.0,7.873207291459602,1859438.0,1859450.0,2642.0,0.8807221870814601,913.7595143318176
241.0,7.8653340841681425,1859202.0,1859210.0,2493.0,0.8806102190210521,916.8230233192444
242.0,7.857468750083974,1859139.0,1859156.0,2585.0,0.8804981531366182,919.8836150169373
243.0,7.849611281333891,1858831.0,1858840.0,2430.0,0.8803859893569734,922.7159020900726
244.0,7.8417616700525565,1858666.0,1859452.0,2442.0,0.8802737276109104,925.6890392303467
245.0,7.833919908382504,1858666.0,1859414.0,2576.0,0.8801613678271982,928.5760951042175
246.0,7.826085988474122,1858666.0,1858782.0,2432.0,0.8800489099345837,931.4867601394653
247.0,7.818259902485648,1857801.0,1858050.0,2408.0,0.8799363538617908,934.3427731990814
248.0,7.810441642583163,1857801.0,1858709.0,2578.0,0.8798236995375206,937.2809331417084
249.0,7.80263120094058,1857801.0,1858003.0,2445.0,0.8797109468904515,940.1039192676544
250.0,7.794828569739639,1857801.0,1858207.0,2504.0,0.8795980958492395,942.958621263504
251.0,7.7870337411699,1857801.0,1858531.0,2421.0,0.8794851463425183,945.785177230835
252.0,7.7792467074287295,1857801.0,1858164.0,2493.0,0.8793720982988986,948.6185481548309
253.0,7.771467460721301,1857801.0,1858570.0,2471.0,0.8792589516469691,951.406476020813
254.0,7.763695993260579,1857801.0,1858478.0,2484.0,0.879145706315296,954.249516248703
255.0,7.755932297267318,1857801.0,1858720.0,2453.0,0.8790323622324234,957.0649893283844
256.0,7.748176364970051,1857801.0,1859299.0,2397.0,0.8789189193268729,959.8675720691681
257.0,7.7404281886050805,1857801.0,1858250.0,2462.0,0.8788053775271443,962.6889991760254
258.0,7.732687760416476,1857531.0,1857611.0,2461.0,0.878691736761715,965.4865882396698
259.0,7.724955072656059,1857480.0,1857609.0,2349.0,0.8785779969590405,968.3371829986572
260.0,7.717230117583403,1856473.0,1856535.0,2360.0,0.8784641580475543,971.1715972423553
261.0,7.70951288746582,1855709.0,1856179.0,2420.0,0.8783502199556681,974.058657169342
262.0,7.701803374578354,1855428.0,1855464.0,2319.0,0.8782361826117716,976.9719302654266
263.0,7.694101571203776,1854813.0,1855067.0,2390.0,0.8781220459442328,979.8053801059723
264.0,7.686407469632572,1854599.0,1854832.0,2328.0,0.8780078098813981,982.6782553195953
265.0,7.678721062162939,1854553.0,1854910.0,2308.0,0.877893474351592,985.4937500953674
266.0,7.671042341100776,1854319.0,1854577.0,2266.0,0.8777790392831175,988.2921941280365
267.0,7.663371298759675,1854122.0,1854488.0,2421.0,0.8776645046042563,991.1111652851105
268.0,7.655707927460916,1854122.0,1855051.0,2351.0,0.8775498702432681,993.9267611503601
269.0,7.648052219533454,1854122.0,1854492.0,2366.0,0.8774351361283919,996.7195720672607
270.0,7.640404167313921,1854028.0,1854405.0,2389.0,0.8773203021878447,999.4928252696991
271.0,7.632763763146607,1853889.0,1853982.0,2332.0,0.8772053683498227,1002.2846322059631
272.0,7.62513099938346,1853374.0,1853490.0,2345.0,0.8770903345425005,1005.0637772083282
273.0,7.617505868384076,1852937.0,1853271.0,2338.0,0.876975200694032,1008.207093000412
274.0,7.609888362515692,1852832.0,1852878.0,2262.0,0.8768599667325496,1011.0223281383514
275.0,7.602278474153176,1852211.0,1852431.0,2246.0,0.876744632586165,1013.7946591377258
276.0,7.594676195679023,1851984.0,1852077.0,2354.0,0.8766291981829686,1016.6230590343475
277.0,7.587081519483344,1851493.0,1852542.0,2285.0,0.8765136634510302,1019.4142332077026
278.0,7.57949443796386,1851392.0,1851432.0,2214.0,0.8763980283183987,1022.2381980419159
279.0,7.571914943525896,1851063.0,1851391.0,2223.0,0.8762822927131023,1025.0052292346954
280.0,7.56434302858237,1851029.0,1851715.0,2272.0,0.8761664565631484,1027.9984531402588
281.0,7.5567786855537875,1851029.0,1851479.0,2303.0,0.8760505197965237,1030.8880321979523
282.0,7.549221906868234,1851029.0,1851599.0,2268.0,0.8759344823411945,1033.8553471565247
283.0,7.541672684961366,1849912.0,1849993.0,2279.0,0.8758183441251067,1037.1063611507416
284.0,7.534131012276404,1849912.0,1850303.0,2185.0,0.8757021050761855,1040.23907828331
285.0,7.526596881264128,1849912.0,1850747.0,2234.0,0.8755857651223358,1043.1365661621094
286.0,7.519070284382864,1849912.0,1850029.0,2213.0,0.8754693241914424,1045.9359781742096
287.0,7.511551214098481,1849912.0,1851138.0,2219.0,0.8753527822113697,1048.6958091259003
288.0,7.504039662884383,1849912.0,1850766.0,2214.0,0.875236139109962,1051.5951511859894
289.0,7.496535623221498,1849912.0,1850465.0,2222.0,0.8751193948150435,1054.3808162212372
290.0,7.489039087598276,1849787.0,1850013.0,2253.0,0.8750025492544182,1057.32746219635
291.0,7.481550048510678,1849591.0,1849599.0,2173.0,0.8748856023558705,1060.2370421886444
292.0,7.474068498462167,1849591.0,1849982.0,2322.0,0.8747685540471647,1063.0567762851715
293.0,7.466594429963704,1849591.0,1850723.0,2285.0,0.8746514042560453,1065.8100562095642
294.0,7.4591278355337405,1849591.0,1850842.0,2210.0,0.8745341529102368,1068.5229442119598
295.0,7.451668707698206,1849591.0,1849983.0,2169.0,0.8744167999374446,1071.2367792129517
296.0,7.444217038990508,1849292.0,1849776.0,2197.0,0.8742993452653539,1073.9408650398254
297.0,7.436772821951517,1849089.0,1849240.0,2207.0,0.8741817888216307,1076.6944851875305
298.0,7.4293360491295655,1847836.0,1848268.0,2105.0,0.8740641305339213,1079.4048781394958
299.0,7.4219067130804355,1847836.0,1848258.0,2100.0,0.8739463703298528,1082.2191569805145
300.0,7.414484806367355,1847836.0,1848144.0,2218.0,0.8738285081370328,1084.9155812263489
301.0,7.407070321560988,1847596.0,1848053.0,2172.0,0.8737105438830498,1087.6241900920868
302.0,7.399663251239427,1846744.0,1846956.0,2129.0,0.8735924774954729,1090.3415863513947
303.0,7.392263587988188,1846368.0,1846497.0,2186.0,0.8734743089018521,1093.1224572658539
304.0,7.3848713244001996,1846081.0,1846452.0,2128.0,0.8733560380297185,1095.8433773517609
305.0,7.377486453075799,1845956.0,1846964.0,2121.0,0.8732376648065842,1098.56538438797
306.0,7.370108966622723,1845956.0,1846638.0,2061.0,0.873119189159942,1101.3980920314789
307.0,7.3627388576561,1845956.0,1846148.0,2108.0,0.8730006110172663,1104.410429239273
308.0,7.355376118798444,1845605.0,1846110.0,2131.0,0.8728819303060127,1107.2018790245056
309.0,7.348020742679645,1845355.0,1845355.0,2051.0,0.8727631469536178,1110.1039471626282
310.0,7.340672721936965,1845052.0,1845052.0,1964.0,0.8726442608874998,1112.9279413223267
311.0,7.333332049215028,1844731.0,1845358.0,2156.0,0.8725252720350581,1115.9036123752594
312.0,7.325998717165813,1844496.0,1844626.0,2095.0,0.8724061803236741,1118.7033061981201
313.0,7.3186727184486475,1844121.0,1844482.0,2091.0,0.8722869856807103,1121.436710357666
314.0,7.311354045730199,1844121.0,1844722.0,2028.0,0.8721676880335109,1124.2896962165833
315.0,7.304042691684469,1843794.0,1843997.0,2110.0,0.872048287309402,1127.0871560573578
316.0,7.296738648992784,1843186.0,1843406.0,2133.0,0.8719287834356915,1129.8068671226501
317.0,7.2894419103437915,1842795.0,1843204.0,2070.0,0.871809176339669,1132.5258650779724
318.0,7.2821524684334475,1842726.0,1842820.0,1989.0,0.8716894659486064,1135.2179782390594
319.0,7.274870315965014,1842688.0,1843178.0,2015.0,0.8715696521897571,1137.8960292339325
320.0,7.267595445649049,1842688.0,1843366.0,2079.0,0.871449734990357,1140.5705242156982
321.0,7.2603278502034,1842688.0,1842750.0,2080.0,0.8713297142776241,1143.2023251056671
322.0,7.253067522353197,1842415.0,1842736.0,2002.0,0.8712095899787584,1145.8408403396606
323.0,7.245814454830843,1842059.0,1842290.0,2044.0,0.8710893620209426,1148.4864342212677
324.0,7.2385686403760126,1842059.0,1842864.0,1972.0,0.8709690303313413,1151.2016081809998
325.0,7.231330071735637,1842059.0,1843038.0,1989.0,0.8708485948371021,1154.382996082306
326.0,7.2240987416639015,1842059.0,1843717.0,2095.0,0.8707280554653548,1157.5094201564789
327.0,7.216874642922238,1842059.0,1843795.0,2058.0,0.8706074121432119,1160.5332062244415
328.0,7.209657768279316,1842059.0,1843259.0,1956.0,0.8704866647977685,1163.4333760738373
329.0,7.202448110511036,1842059.0,1843795.0,1973.0,0.8703658133561026,1166.1269261837006
330.0,7.195245662400525,1842059.0,1843455.0,1995.0,0.8702448577452752,1168.8064661026
331.0,7.1880504167381245,1842018.0,1842023.0,1978.0,0.8701237978923296,1171.4827671051025
332.0,7.180862366321386,1842004.0,1842016.0,2028.0,0.8700026337242928,1174.18009018898
333.0,7.1736815039550645,1841294.0,1841356.0,2062.0,0.8698813651681745,1176.8489122390747
334.0,7.166507822451109,1840679.0,1841348.0,1977.0,0.8697599921509674,1179.5825679302216
335.0,7.159341314628658,1840634.0,1840740.0,2061.0,0.869638514599648,1182.3272790908813
336.0,7.152181973314029,1839920.0,1839977.0,1957.0,0.8695169324411754,1184.9814710617065
337.0,7.145029791340715,1839719.0,1840074.0,1974.0,0.8693952456024927,1187.7312309741974
338.0,7.137884761549374,1839007.0,1839278.0,1996.0,0.8692734540105259,1190.4266760349274
339.0,7.130746876787825,1838651.0,1838670.0,2008.0,0.8691515575921849,1193.1627671718597
340.0,7.123616129911037,1838312.0,1838641.0,1900.0,0.8690295562743631,1195.8757603168488
341.0,7.116492513781126,1838312.0,1838977.0,1962.0,0.8689074499839374,1198.5818660259247
342.0,7.109376021267345,1838165.0,1838208.0,1859.0,0.868785238647769,1201.2312080860138
343.0,7.102266645246078,1837666.0,1837771.0,2012.0,0.8686629221927022,1203.9458281993866
344.0,7.095164378600832,1837118.0,1837255.0,1968.0,0.8685405005455659,1206.757353067398
345.0,7.088069214222231,1836804.0,1836989.0,1965.0,0.8684179736331726,1209.5757231712341
346.0,7.080981145008009,1836515.0,1836989.0,1923.0,0.868295341382319,1212.2444062232971
347.0,7.073900163863001,1835929.0,1836525.0,1924.0,0.8681726037197859,1214.8979320526123
348.0,7.066826263699138,1835312.0,1835492.0,2005.0,0.8680497605723383,1217.6025710105896
349.0,7.059759437435439,1834630.0,1834804.0,1894.0,0.8679268118667258,1220.2998101711273
350.0,7.052699677998003,1834310.0,1834426.0,1858.0,0.8678037575296822,1223.0081431865692
351.0,7.045646978320005,1834223.0,1834357.0,1798.0,0.8676805974879256,1225.6807012557983
352.0,7.038601331341685,1834223.0,1834656.0,1827.0,0.8675573316681588,1228.3347053527832
353.0,7.031562730010343,1834223.0,1834266.0,1900.0,0.8674339599970696,1230.9548952579498
354.0,7.024531167280332,1834161.0,1834491.0,1783.0,0.8673104824013299,1233.576339006424
355.0,7.017506636113052,1834004.0,1834266.0,1838.0,0.8671868988075968,1236.2117612361908
356.0,7.010489129476939,1834004.0,1834324.0,1806.0,0.8670632091425121,1238.8468182086945
357.0,7.0034786403474625,1833919.0,1834256.0,1873.0,0.8669394133327027,1241.447671175003
358.0,6.996475161707115,1833656.0,1833802.0,1801.0,0.8668155113047805,1244.0614631175995
359.0,6.989478686545407,1833015.0,1833208.0,1862.0,0.8666915029853425,1246.7252690792084
360.0,6.982489207858862,1832646.0,1832666.0,1828.0,0.8665673883009708,1249.4122412204742
361.0,6.975506718651003,1832075.0,1832243.0,1782.0,0.866443167178233,1252.0689070224762
362.0,6.968531211932352,1832075.0,1833031.0,1913.0,0.866318839543682,1254.727557182312
363.0,6.961562680720419,1832075.0,1833410.0,1742.0,0.8661944053238562,1257.3310110569
364.0,6.954601118039699,1832075.0,1833742.0,1819.0,0.8660698644452793,1259.9474911689758
365.0,6.947646516921659,1832075.0,1834005.0,1901.0,0.865945216834461,1262.5566611289978
366.0,6.940698870404737,1832075.0,1833090.0,1837.0,0.8658204624178963,1265.1398441791534
367.0,6.933758171534333,1832075.0,1833085.0,1834.0,0.8656956011220663,1267.7371320724487
368.0,6.926824413362798,1832049.0,1832285.0,1833.0,0.8655706328734379,1270.337515115738
369.0,6.919897588949436,1831613.0,1831617.0,1839.0,0.865445557598464,1272.945234298706
370.0,6.912977691360486,1830986.0,1831047.0,1737.0,0.8653203752235832,1275.5899620056152
371.0,6.906064713669125,1830934.0,1831269.0,1853.0,0.8651950856752207,1278.254893064499
372.0,6.899158648955456,1830934.0,1831405.0,1762.0,0.8650696888797877,1280.8577921390533
373.0,6.892259490306501,1830930.0,1830947.0,1826.0,0.8649441847636817,1283.4481942653656
374.0,6.885367230816195,1830699.0,1830961.0,1707.0,0.8648185732532866,1286.0264492034912
375.0,6.878481863585379,1830412.0,1830474.0,1747.0,0.8646928542749727,1288.6280071735382
376.0,6.871603381721794,1830305.0,1830552.0,1800.0,0.8645670277550969,1291.2434511184692
377.0,6.864731778340072,1830081.0,1830127.0,1721.0,0.8644410936200027,1293.8254992961884
378.0,6.857867046561732,1829518.0,1829577.0,1728.0,0.8643150517960204,1296.4107179641724
379.0,6.85100917951517,1829446.0,1829791.0,1724.0,0.8641889022094671,1299.0504813194275
380.0,6.844158170335655,1829446.0,1830105.0,1815.0,0.8640626447866468,1301.6250743865967
381.0,6.8373140121653195,1829446.0,1830075.0,1767.0,0.8639362794538505,1304.1834111213684
382.0,6.830476698153154,1829446.0,1829900.0,1776.0,0.8638098061373563,1306.898677110672
383.0,6.823646221455001,1829446.0,1829514.0,1769.0,0.8636832247634291,1309.4550831317902
384.0,6.816822575233546,1829198.0,1829517.0,1725.0,0.8635565352583215,1312.0073952674866
385.0,6.810005752658313,1828722.0,1828888.0,1714.0,0.8634297375482735,1314.5915410518646
386.0,6.803195746905654,1828714.0,1828863.0,1713.0,0.8633028315595119,1317.1775691509247
387.0,6.796392551158749,1828470.0,1828807.0,1740.0,0.8631758172182517,1319.723128080368
388.0,6.78959615860759,1828470.0,1828703.0,1711.0,0.863048694450695,1322.235677242279
389.0,6.782806562448982,1828272.0,1828724.0,1754.0,0.862921463183032,1324.713257074356
390.0,6.776023755886533,1828272.0,1828453.0,1772.0,0.8627941233414402,1327.2168719768524
391.0,6.769247732130647,1827234.0,1827241.0,1740.0,0.8626666748520856,1329.671762228012
392.0,6.762478484398516,1826355.0,1826402.0,1677.0,0.8625391176411215,1332.218299150467
393.0,6.755716005914117,1825896.0,1825964.0,1611.0,0.8624114516346896,1334.7815570831299
394.0,6.748960289908203,1825778.0,1827249.0,1669.0,0.8622836767589196,1337.2919981479645
395.0,6.742211329618295,1825778.0,1827115.0,1702.0,0.8621557929399297,1339.7492651939392
396.0,6.735469118288676,1825778.0,1826976.0,1679.0,0.862027800103826,1342.2256090641022
397.0,6.728733649170387,1825778.0,1826764.0,1623.0,0.8618996981767034,1344.7013981342316
398.0,6.722004915521216,1825778.0,1827074.0,1641.0,0.8617714870846449,1347.1724569797516
399.0,6.715282910605695,1825778.0,1826762.0,1682.0,0.8616431667537224,1349.675014257431
400.0,6.708567627695089,1825778.0,1827399.0,1658.0,0.8615147371099965,1352.184965133667
401.0,6.701859060067394,1825778.0,1827500.0,1669.0,0.8613861980795162,1354.769546031952
402.0,6.695157201007327,1825778.0,1827430.0,1698.0,0.8612575495883198,1357.4154760837555
403.0,6.68846204380632,1825778.0,1827211.0,1657.0,0.8611287915624342,1360.0330712795258
404.0,6.6817735817625135,1825778.0,1827016.0,1731.0,0.8609999239278756,1362.5303480625153
405.0,6.675091808180751,1825778.0,1826881.0,1663.0,0.8608709466106492,1365.03538107872
406.0,6.66841671637257,1825778.0,1825988.0,1586.0,0.8607418595367494,1367.5319302082062
407.0,6.661748299656197,1825461.0,1825866.0,1679.0,0.8606126626321602,1370.0316543579102
408.0,6.655086551356541,1825461.0,1826130.0,1555.0,0.8604833558228546,1372.5777070522308
409.0,6.648431464805184,1825461.0,1825867.0,1606.0,0.8603539390347954,1375.0566742420197
410.0,6.641783033340379,1825361.0,1825661.0,1707.0,0.860224412193935,1377.544230222702
411.0,6.635141250307038,1825188.0,1825495.0,1642.0,0.8600947752262152,1380.0317301750183
412.0,6.628506109056731,1825188.0,1825682.0,1521.0,0.859965028057568,1382.528841972351
413.0,6.6218776029476745,1825188.0,1825706.0,1596.0,0.8598351706139151,1385.0115373134613
414.0,6.615255725344727,1825188.0,1825763.0,1605.0,0.859705202821168,1387.4959652423859
415.0,6.608640469619382,1825115.0,1825256.0,1540.0,0.8595751246052287,1389.969876050949
416.0,6.602031829149762,1824545.0,1824625.0,1575.0,0.8594449358919888,1392.4576501846313
417.0,6.595429797320612,1824139.0,1824140.0,1556.0,0.8593146366073308,1394.97461104393
418.0,6.588834367523292,1823614.0,1823666.0,1587.0,0.859184226677127,1397.4983632564545
419.0,6.582245533155769,1823243.0,1823591.0,1554.0,0.8590537060272405,1400.0280520915985
420.0,6.575663287622613,1823243.0,1823910.0,1633.0,0.8589230745835249,1402.5221602916718
421.0,6.5690876243349905,1823243.0,1823796.0,1551.0,0.8587923322718244,1404.9916973114014
422.0,6.562518536710655,1823243.0,1823573.0,1619.0,0.8586614790179738,1407.4701282978058
423.0,6.555956018173944,1823243.0,1823552.0,1598.0,0.858530514747799,1409.923236131668
424.0,6.549400062155771,1823073.0,1823535.0,1607.0,0.8583994393871167,1412.3789122104645
425.0,6.542850662093615,1823073.0,1823556.0,1505.0,0.8582682528617347,1414.8848781585693
426.0,6.536307811431522,1822696.0,1822812.0,1528.0,0.8581369550974518,1417.344826221466
427.0,6.529771503620091,1822226.0,1822226.0,1556.0,0.8580055460200582,1419.843542098999
428.0,6.523241732116471,1821434.0,1821626.0,1556.0,0.8578740255553353,1422.348559141159
429.0,6.5167184903843545,1821434.0,1821668.0,1504.0,0.8577423936290561,1424.905149936676
430.0,6.51020177189397,1821374.0,1821517.0,1548.0,0.8576106501669849,1427.3485100269318
431.0,6.5036915701220765,1821023.0,1821213.0,1505.0,0.8574787950948777,1429.7972311973572
432.0,6.497187878551954,1820581.0,1820781.0,1484.0,0.8573468283384823,1432.2724821567535
433.0,6.490690690673402,1820581.0,1820988.0,1600.0,0.8572147498235382,1434.7428851127625
434.0,6.484199999982729,1820581.0,1820746.0,1485.0,0.857082559475777,1437.180524110794
435.0,6.477715799982746,1820437.0,1820509.0,1519.0,0.8569502572209222,1439.5982542037964
436.0,6.471238084182763,1820172.0,1820279.0,1454.0,0.8568178429846894,1442.0451710224152
437.0,6.46476684609858,1819751.0,1819836.0,1549.0,0.8566853166927865,1444.5066702365875
438.0,6.458302079252481,1819514.0,1819570.0,1567.0,0.8565526782709136,1446.9669210910797
439.0,6.451843777173228,1819465.0,1820192.0,1467.0,0.8564199276447634,1449.4096813201904
440.0,6.4453919333960545,1819465.0,1820321.0,1540.0,0.8562870647400209,1451.8437631130219
441.0,6.438946541462658,1819465.0,1819923.0,1478.0,0.8561540894823639,1454.2698912620544
442.0,6.432507594921196,1819127.0,1819139.0,1467.0,0.8560210017974631,1456.6998500823975
443.0,6.426075087326275,1818878.0,1818958.0,1462.0,0.8558878016109814,1459.1524562835693
444.0,6.419649012238949,1818369.0,1818460.0,1425.0,0.8557544888485753,1461.5880641937256
445.0,6.41322936322671,1818317.0,1818781.0,1542.0,0.855621063435894,1464.0395340919495
446.0,6.406816133863484,1818317.0,1818704.0,1459.0,0.8554875252985799,1466.4648342132568
447.0,6.40040931772962,1818317.0,1819097.0,1404.0,0.8553538743622685,1468.8575654029846
448.0,6.394008908411891,1818317.0,1818588.0,1469.0,0.855220110552589,1471.24920129776
449.0,6.387614899503479,1818317.0,1818773.0,1570.0,0.8550862337951637,1473.6420471668243
450.0,6.381227284603975,1818295.0,1818391.0,1458.0,0.8549522440156084,1476.0418121814728
451.0,6.374846057319371,1818023.0,1818308.0,1455.0,0.854818141139533,1478.4275860786438
452.0,6.368471211262052,1817978.0,1818603.0,1489.0,0.8546839250925408,1480.8608322143555
453.0,6.36210274005079,1817978.0,1818935.0,1422.0,0.8545495958002288,1483.2558269500732
454.0,6.355740637310739,1817978.0,1818655.0,1404.0,0.8544151531881884,1485.6389482021332
455.0,6.3493848966734285,1817978.0,1818410.0,1488.0,0.8542805971820048,1488.0223832130432
456.0,6.343035511776755,1817829.0,1818096.0,1460.0,0.8541459277072573,1490.3931090831757
457.0,6.336692476264978,1817788.0,1817839.0,1422.0,0.8540111446895198,1492.803058385849
458.0,6.330355783788713,1817575.0,1817888.0,1424.0,0.8538762480543601,1495.1984751224518
459.0,6.324025428004925,1817422.0,1817469.0,1482.0,0.8537412377273411,1497.5984723567963
460.0,6.31770140257692,1817124.0,1817294.0,1413.0,0.8536061136340197,1499.9835212230682
461.0,6.311383701174343,1816710.0,1817097.0,1465.0,0.853470875699948,1502.41370511055
462.0,6.305072317473169,1816434.0,1817031.0,1459.0,0.8533355238506724,1504.85311627388
463.0,6.2987672451556955,1816434.0,1817110.0,1426.0,0.8532000580117345,1507.222801208496
464.0,6.29246847791054,1816434.0,1816718.0,1505.0,0.8530644781086711,1509.5312452316284
465.0,6.286176009432629,1816225.0,1816372.0,1451.0,0.8529287840670139,1512.124665260315
466.0,6.279889833423196,1815898.0,1815967.0,1367.0,0.8527929758122896,1515.0108861923218
467.0,6.273609943589773,1815690.0,1815764.0,1415.0,0.8526570532700208,1517.4186491966248
468.0,6.267336333646183,1815690.0,1816078.0,1415.0,0.8525210163657251,1519.73606133461
469.0,6.261068997312536,1815690.0,1816106.0,1362.0,0.8523848650249158,1522.0807502269745
470.0,6.254807928315224,1815690.0,1816225.0,1410.0,0.8522485991731021,1524.362374305725
471.0,6.248553120386909,1815690.0,1816517.0,1381.0,0.8521122187357885,1526.6502661705017
472.0,6.242304567266522,1815690.0,1816148.0,1357.0,0.8519757236384757,1528.9360010623932
473.0,6.236062262699255,1815690.0,1816249.0,1394.0,0.8518391138066604,1531.2353479862213
474.0,6.229826200436555,1815690.0,1816408.0,1386.0,0.8517023891658354,1533.515709400177
475.0,6.223596374236119,1815690.0,1816669.0,1357.0,0.8515655496414894,1535.8036410808563
476.0,6.217372777861883,1815690.0,1815763.0,1340.0,0.851428595159108,1538.0773231983185
477.0,6.21115540508402,1815062.0,1815135.0,1345.0,0.8512915256441727,1540.3681600093842
478.0,6.204944249678936,1814534.0,1814615.0,1420.0,0.8511543410221618,1542.7319869995117
479.0,6.198739305429258,1814006.0,1814069.0,1355.0,0.8510170412185503,1545.081493139267
480.0,6.192540566123828,1813763.0,1813930.0,1343.0,0.8508796261588097,1547.4211251735687
481.0,6.186348025557704,1813763.0,1814192.0,1351.0,0.8507420957684088,1549.7250061035156
482.0,6.180161677532147,1813552.0,1813608.0,1417.0,0.850604449972813,1551.9832530021667
483.0,6.1739815158546145,1813303.0,1813437.0,1307.0,0.850466688697485,1554.2490050792694
484.0,6.16780753433876,1813136.0,1813136.0,1364.0,0.8503288118678847,1556.5519533157349
485.0,6.161639726804421,1812832.0,1812843.0,1324.0,0.8501908194094692,1558.8233032226562
486.0,6.155478087077617,1812398.0,1812704.0,1270.0,0.8500527112476931,1561.1399550437927
487.0,6.149322608990539,1812398.0,1812952.0,1325.0,0.8499144873080088,1563.4538922309875
488.0,6.143173286381548,1812158.0,1812232.0,1304.0,0.8497761475158659,1565.7213611602783
489.0,6.137030113095166,1811931.0,1812708.0,1392.0,0.8496376917967122,1568.0079922676086
490.0,6.130893082982071,1811931.0,1812201.0,1322.0,0.8494991200759933,1570.2838490009308
491.0,6.124762189899089,1811931.0,1812151.0,1326.0,0.8493604322791526,1572.548317193985
492.0,6.1186374277091895,1811253.0,1811390.0,1335.0,0.8492216283316317,1574.801283121109
493.0,6.11251879028148,1811253.0,1811709.0,1377.0,0.8490827081588705,1577.1537141799927
494.0,6.106406271491198,1811119.0,1811381.0,1233.0,0.8489436716863075,1579.410856962204
495.0,6.100299865219707,1811058.0,1811317.0,1264.0,0.8488045188393791,1581.675909280777
496.0,6.094199565354487,1810502.0,1810571.0,1247.0,0.8486652495435208,1583.9218020439148
497.0,6.088105365789133,1809661.0,1809673.0,1282.0,0.8485258637241665,1586.2314171791077
498.0,6.082017260423344,1809622.0,1809815.0,1307.0,0.8483863613067489,1588.582776069641
499.0,6.07593524316292,1809622.0,1809829.0,1278.0,0.8482467422167,1590.815701007843
500.0,6.069859307919757,1809622.0,1810180.0,1353.0,0.8481070063794504,1593.057029247284
501.0,6.063789448611837,1809622.0,1810173.0,1299.0,0.8479671537204301,1595.274381160736
502.0,6.057725659163226,1809622.0,1810151.0,1254.0,0.8478271841650682,1597.5183260440826
503.0,6.051667933504063,1809622.0,1810173.0,1241.0,0.8476870976387935,1599.766223192215
504.0,6.045616265570558,1809622.0,1810099.0,1244.0,0.847546894067034,1602.0421073436737
505.0,6.039570649304988,1809622.0,1810292.0,1269.0,0.8474065733752174,1604.282641172409
506.0,6.033531078655683,1809622.0,1810298.0,1241.0,0.8472661354887715,1606.6909182071686
507.0,6.027497547577027,1809622.0,1810756.0,1301.0,0.8471255803331235,1609.0549602508545
508.0,6.02147005002945,1809622.0,1810240.0,1303.0,0.8469849078337007,1611.4410281181335
509.0,6.01544857997942,1809622.0,1809755.0,1256.0,0.8468441179159308,1613.890794992447
510.0,6.009433131399441,1809501.0,1809869.0,1277.0,0.8467032105052414,1616.1439702510834
511.0,6.003423698268041,1809476.0,1809795.0,1223.0,0.8465621855270606,1618.425034046173
512.0,5.997420274569773,1809199.0,1809377.0,1221.0,0.8464210429068169,1620.70942902565
513.0,5.9914228542952035,1808774.0,1809000.0,1223.0,0.8462797825699393,1622.997709274292
514.0,5.985431431440908,1808638.0,1808868.0,1235.0,0.8461384044418577,1625.3158361911774
515.0,5.979446000009467,1808625.0,1808893.0,1205.0,0.8459969084480029,1627.600280046463
516.0,5.973466554009458,1808625.0,1808887.0,1225.0,0.8458552945138063,1629.874596118927
517.0,5.967493087455448,1807632.0,1807642.0,1226.0,0.8457135625647005,1632.1400501728058
518.0,5.961525594367993,1807521.0,1807878.0,1196.0,0.8455717125261195,1634.5158200263977
519.0,5.955564068773625,1807334.0,1807364.0,1296.0,0.8454297443234985,1636.773532152176
520.0,5.949608504704851,1807178.0,1807591.0,1237.0,0.8452876578822739,1639.0300250053406
521.0,5.943658896200146,1807178.0,1807370.0,1175.0,0.845145453127884,1641.2971410751343
522.0,5.937715237303946,1807178.0,1807434.0,1211.0,0.8450031299857688,1643.5461750030518
523.0,5.931777522066642,1807178.0,1807374.0,1217.0,0.8448606883813695,1645.8094940185547
524.0,5.925845744544575,1806840.0,1807040.0,1283.0,0.8447181282401299,1648.0470583438873
525.0,5.91991989880003,1806840.0,1807111.0,1178.0,0.8445754494874957,1650.3250319957733
526.0,5.91399997890123,1806664.0,1806686.0,1203.0,0.8444326520489146,1652.5627391338348
527.0,5.908085978922329,1806559.0,1806672.0,1195.0,0.8442897358498366,1654.8277561664581
528.0,5.902177892943406,1806445.0,1806602.0,1221.0,0.8441467008157142,1657.0885519981384
529.0,5.8962757150504626,1806445.0,1806486.0,1150.0,0.8440035468720025,1659.3316402435303
530.0,5.890379439335412,1806286.0,1806320.0,1208.0,0.8438602739441593,1661.5633380413055
531.0,5.884489059896077,1806237.0,1806770.0,1253.0,0.843716881957645,1663.7933840751648
532.0,5.878604570836181,1806237.0,1806685.0,1195.0,0.843573370837923,1666.0351071357727
533.0,5.872725966265345,1806111.0,1806179.0,1220.0,0.8434297405104599,1668.254387140274
534.0,5.86685324029908,1805635.0,1805635.0,1162.0,0.8432859909007252,1670.6403992176056
535.0,5.860986387058781,1805519.0,1805889.0,1172.0,0.8431421219341919,1672.951375246048
536.0,5.855125400671723,1805251.0,1805260.0,1146.0,0.8429981335363365,1675.4786581993103
537.0,5.849270275271051,1805188.0,1805471.0,1082.0,0.8428540256326386,1677.944223165512
538.0,5.84342100499578,1805188.0,1805681.0,1203.0,0.842709798148582,1680.284645318985
539.0,5.837577583990784,1805188.0,1805627.0,1144.0,0.8425654510096542,1682.6750302314758
540.0,5.831740006406793,1805188.0,1805522.0,1085.0,0.8424209841413463,1685.0904593467712
541.0,5.825908266400386,1805188.0,1805496.0,1119.0,0.8422763974691538,1687.460913181305
542.0,5.820082358133986,1805074.0,1805158.0,1139.0,0.8421316909185765,1689.671361207962
543.0,5.814262275775852,1804615.0,1804626.0,1152.0,0.841986864415118,1691.8841421604156
544.0,5.808448013500076,1804381.0,1804409.0,1111.0,0.8418419178842869,1694.1467752456665
545.0,5.802639565486576,1803907.0,1804214.0,1095.0,0.8416968512515959,1696.383826971054
546.0,5.796836925921089,1803907.0,1804368.0,1167.0,0.8415516644425627,1698.642617225647
547.0,5.791040088995168,1803907.0,1804308.0,1069.0,0.8414063573827099,1700.8341393470764
548.0,5.785249048906173,1803907.0,1804281.0,1148.0,0.8412609299975649,1703.0178623199463
549.0,5.779463799857266,1803907.0,1804865.0,1134.0,0.84111538221266,1705.219169139862
550.0,5.773684336057409,1803907.0,1804626.0,1174.0,0.8409697139535334,1707.4029092788696
551.0,5.767910651721351,1803907.0,1804626.0,1103.0,0.8408239251457278,1709.5882461071014
552.0,5.7621427410696295,1803907.0,1804771.0,1134.0,0.8406780157147921,1711.788966178894
553.0,5.75638059832856,1803907.0,1804190.0,1134.0,0.8405319855862803,1713.9642181396484
554.0,5.750624217730231,1803907.0,1804256.0,1096.0,0.8403858346857526,1716.1593480110168
555.0,5.7448735935125015,1803644.0,1803679.0,1177.0,0.8402395629387746,1718.3312723636627
556.0,5.739128719918989,1803480.0,1803656.0,1078.0,0.8400931702709183,1720.5473442077637
557.0,5.73338959119907,1803112.0,1803120.0,1192.0,0.8399466566077619,1722.747364282608
558.0,5.7276562016078705,1802843.0,1802879.0,1152.0,0.8398000218748894,1724.9682822227478
559.0,5.7219285454062625,1802272.0,1802393.0,1081.0,0.8396532659978918,1727.1758842468262
560.0,5.716206616860856,1802140.0,1802216.0,1167.0,0.8395063889023662,1729.4015769958496
561.0,5.710490410243995,1801920.0,1802031.0,1111.0,0.8393593905139165,1731.5587041378021
562.0,5.704779919833752,1801735.0,1801759.0,1096.0,0.8392122707581536,1733.7513101100922
563.0,5.699075139913918,1801565.0,1801606.0,1038.0,0.8390650295606952,1735.9188132286072
564.0,5.693376064774005,1801372.0,1801430.0,1052.0,0.8389176668471661,1738.143901348114
565.0,5.687682688709231,1800802.0,1800955.0,1054.0,0.8387701825431982,1740.411196231842
566.0,5.6819950060205215,1800802.0,1801333.0,1153.0,0.8386225765744311,1742.714907169342
567.0,5.676313011014501,1800802.0,1801092.0,997.0,0.8384748488665114,1745.0775961875916
568.0,5.670636698003486,1800802.0,1800944.0,1020.0,0.8383269993450937,1747.2282211780548
569.0,5.664966061305483,1800641.0,1800687.0,1181.0,0.8381790279358404,1749.4710302352905
570.0,5.659301095244178,1800530.0,1801273.0,1056.0,0.8380309345644215,1751.621960401535
571.0,5.653641794148934,1800530.0,1801149.0,1087.0,0.8378827191565152,1753.7675421237946
572.0,5.647988152354785,1800530.0,1801213.0,1086.0,0.8377343816378079,1755.9094202518463
573.0,5.642340164202429,1800530.0,1801169.0,1054.0,0.8375859219339943,1758.0368342399597
574.0,5.636697824038227,1800530.0,1800797.0,1109.0,0.8374373399707774,1760.1463129520416
575.0,5.631061126214188,1800530.0,1800918.0,1063.0,0.837288635673869,1762.270931005478
576.0,5.625430065087974,1800530.0,1801057.0,1065.0,0.8371398089689897,1764.3872871398926
577.0,5.619804635022886,1800530.0,1800891.0,1044.0,0.8369908597818684,1766.4892890453339
578.0,5.614184830387863,1800524.0,1800570.0,1072.0,0.8368417880382437,1768.5736870765686
579.0,5.608570645557475,1800454.0,1800690.0,969.0,0.836692593663863,1770.6293001174927
580.0,5.602962074911918,1800346.0,1800497.0,1089.0,0.8365432765844828,1772.7023203372955
581.0,5.597359112837006,1800346.0,1800736.0,1115.0,0.8363938367258695,1774.7790353298187
582.0,5.591761753724169,1800346.0,1800536.0,1047.0,0.8362442740137986,1776.8285629749298
583.0,5.586169991970445,1800277.0,1800585.0,1064.0,0.8360945883740557,1778.883721113205
584.0,5.5805838219784745,1800277.0,1800509.0,1061.0,0.8359447797324359,1780.932314157486
585.0,5.575003238156496,1799589.0,1799803.0,1058.0,0.8357948480147444,1782.9652922153473
586.0,5.569428234918339,1799589.0,1800002.0,1079.0,0.8356447931467965,1785.0665740966797
587.0,5.563858806683421,1799239.0,1799263.0,1056.0,0.835494615054418,1787.095653295517
588.0,5.558294947876738,1799134.0,1799173.0,1010.0,0.8353443136634447,1789.1811482906342
589.0,5.5527366529288615,1798938.0,1799030.0,1035.0,0.8351938888997233,1791.20965218544
590.0,5.547183916275933,1798841.0,1798985.0,977.0,0.835043340689111,1793.254034280777
591.0,5.541636732359657,1798841.0,1799580.0,1002.0,0.8348926689574759,1795.299877166748
592.0,5.536095095627298,1798841.0,1799096.0,1013.0,0.834741873630697,1797.311142206192
593.0,5.53055900053167,1798717.0,1798730.0,961.0,0.8345909546346645,1799.3099682331085
594.0,5.525028441531139,1798637.0,1798845.0,1012.0,0.8344399118952799,1801.3386130332947
595.0,5.519503413089607,1798637.0,1798878.0,983.0,0.834288745338456,1803.3565413951874
596.0,5.513983909676518,1798637.0,1798948.0,996.0,0.8341374548901171,1805.3706340789795
597.0,5.508469925766841,1798637.0,1798789.0,1006.0,0.8339860404761996,1807.373496055603
598.0,5.502961455841074,1798557.0,1798709.0,965.0,0.8338345020226512,1809.377657175064
599.0,5.497458494385233,1798479.0,1798586.0,1024.0,0.8336828394554319,1811.3979692459106
600.0,5.4919610358908475,1798479.0,1798799.0,1012.0,0.8335310527005138,1813.4105353355408
601.0,5.4864690748549565,1798280.0,1798313.0,965.0,0.833379141683881,1815.4333791732788
602.0,5.480982605780102,1797979.0,1798019.0,1020.0,0.8332271063315307,1817.4566271305084
603.0,5.475501623174321,1797736.0,1797886.0,1023.0,0.8330749465694719,1819.539299249649
604.0,5.470026121551147,1797493.0,1797578.0,993.0,0.8329226623237267,1821.6111171245575
605.0,5.464556095429596,1796937.0,1796937.0,981.0,0.8327702535203302,1823.6876883506775
606.0,5.459091539334167,1796618.0,1796759.0,995.0,0.8326177200853302,1825.7834103107452
607.0,5.453632447794832,1796618.0,1796800.0,973.0,0.8324650619447876,1827.8729782104492
608.0,5.448178815347037,1796441.0,1796641.0,1008.0,0.8323122790247772,1829.963216304779
609.0,5.4427306365316905,1796441.0,1796603.0,1004.0,0.8321593712513866,1832.1182479858398
610.0,5.437287905895158,1796134.0,1796334.0,940.0,0.8320063385507173,1834.3376581668854
611.0,5.431850617989263,1796130.0,1796319.0,897.0,0.8318531808488845,1836.403510093689
612.0,5.426418767371274,1795972.0,1796085.0,974.0,0.8316998980720174,1838.4430222511292
613.0,5.420992348603903,1795645.0,1795704.0,903.0,0.8315464901462591,1840.4980113506317
614.0,5.415571356255299,1795316.0,1795339.0,950.0,0.831392956997767,1842.586184978485
615.0,5.410155784899044,1795141.0,1795182.0,998.0,0.8312392985527128,1844.682974100113
616.0,5.404745629114145,1795046.0,1795246.0,896.0,0.8310855147372829,1846.73335313797
617.0,5.3993408834850305,1795046.0,1795516.0,993.0,0.8309316054776779,1848.7956511974335
618.0,5.393941542601546,1795046.0,1795324.0,987.0,0.8307775707001136,1850.9609711170197
619.0,5.388547601058944,1794896.0,1794941.0,923.0,0.8306234103308208,1853.11523103714
620.0,5.383159053457885,1794354.0,1794437.0,930.0,0.830469124296045,1855.1537971496582
621.0,5.377775894404428,1794170.0,1794433.0,971.0,0.8303147125220475,1857.2483532428741
622.0,5.372398118510024,1794170.0,1794680.0,959.0,0.8301601749351045,1859.2849621772766
623.0,5.3670257203915135,1794170.0,1794580.0,967.0,0.8300055114615081,1861.295163154602
624.0,5.361658694671122,1794130.0,1794186.0,877.0,0.829850722027566,1863.3052670955658
625.0,5.356297035976451,1793973.0,1794257.0,1003.0,0.829695806559602,1865.3172092437744
626.0,5.350940738940475,1793908.0,1794013.0,924.0,0.8295407649839552,1867.358950138092
627.0,5.345589798201535,1793400.0,1793432.0,947.0,0.8293855972269819,1869.3716201782227
628.0,5.340244208403333,1793168.0,1793290.0,966.0,0.829230303215054,1871.4724662303925
629.0,5.33490396419493,1792797.0,1792897.0,947.0,0.8290748828745602,1873.680430173874
630.0,5.329569060230735,1792639.0,1792948.0,983.0,0.8289193361319057,1875.7592341899872
631.0,5.324239491170505,1792639.0,1792936.0,899.0,0.8287636629135127,1877.8129122257233
632.0,5.318915251679334,1792639.0,1792819.0,948.0,0.8286078631458199,1879.8441321849823
633.0,5.313596336427654,1792639.0,1793264.0,937.0,0.8284519367552838,1881.8524732589722
634.0,5.308282740091227,1792639.0,1792860.0,893.0,0.8282958836683776,1883.8646621704102
635.0,5.3029744573511355,1792410.0,1792649.0,923.0,0.8281397038115922,1885.8718721866608
636.0,5.297671482893785,1792273.0,1792701.0,920.0,0.827983397111436,1887.9103989601135
637.0,5.292373811410891,1792273.0,1792458.0,984.0,0.8278269634944352,1889.937259197235
638.0,5.28708143759948,1792273.0,1792421.0,932.0,0.8276704028871337,1891.9221591949463
639.0,5.28179435616188,1792072.0,1792184.0,948.0,0.8275137152160936,1893.9038021564484
640.0,5.276512561805718,1791627.0,1791774.0,993.0,0.8273569004078953,1895.9015271663666
641.0,5.271236049243912,1791360.0,1791484.0,949.0,0.8271999583891374,1897.9458661079407
642.0,5.265964813194668,1791035.0,1791198.0,869.0,0.8270428890864373,1899.9883930683136
643.0,5.260698848381474,1790932.0,1791195.0,908.0,0.8268856924264306,1902.0331830978394
644.0,5.255438149533092,1790592.0,1790693.0,890.0,0.8267283683357723,1904.0454840660095
645.0,5.25018271138356,1790592.0,1791084.0,857.0,0.826570916741136,1906.199511051178
646.0,5.244932528672176,1790592.0,1790689.0,849.0,0.8264133375692146,1908.2498922348022
647.0,5.239687596143503,1790197.0,1790338.0,889.0,0.8262556307467205,1910.2241401672363
648.0,5.23444790854736,1790144.0,1790253.0,876.0,0.8260977962003853,1912.252794265747
649.0,5.229213460638813,1789983.0,1790157.0,895.0,0.8259398338569605,1914.2350480556488
650.0,5.2239842471781746,1789730.0,1789761.0,913.0,0.8257817436432171,1916.222831249237
651.0,5.218760262930997,1789671.0,1789771.0,897.0,0.8256235254859465,1918.2418103218079
652.0,5.213541502668066,1789441.0,1789455.0,873.0,0.8254651793119598,1920.2176723480225
653.0,5.208327961165398,1789142.0,1789224.0,876.0,0.8253067050480889,1922.2275021076202
654.0,5.203119633204232,1789024.0,1789153.0,903.0,0.8251481026211855,1924.2224082946777
655.0,5.197916513571028,1789019.0,1789062.0,855.0,0.8249893719581226,1926.2128410339355
656.0,5.192718597057457,1788945.0,1789061.0,848.0,0.8248305129857936,1928.1734941005707
657.0,5.1875258784603995,1788812.0,1788828.0,856.0,0.8246715256311128,1930.1495952606201
658.0,5.182338352581939,1788678.0,1788925.0,871.0,0.8245124098210159,1932.127333164215
659.0,5.177156014229357,1788637.0,1788706.0,850.0,0.8243531654824596,1934.1015980243683
660.0,5.171978858215128,1788483.0,1788565.0,849.0,0.8241937925424223,1936.0486221313477
661.0,5.166806879356913,1788325.0,1788578.0,887.0,0.8240342909279038,1938.022616147995
662.0,5.161640072477556,1788114.0,1788223.0,901.0,0.8238746605659258,1940.0263361930847
663.0,5.156478432405078,1788114.0,1788188.0,879.0,0.8237149013835319,1942.014899969101
664.0,5.151321953972673,1787651.0,1787706.0,855.0,0.8235550133077878,1943.968810081482
665.0,5.1461706320187,1787628.0,1787654.0,828.0,0.8233949962657814,1945.990135192871
666.0,5.141024461386682,1787270.0,1787270.0,794.0,0.8232348501846233,1947.9378571510315
667.0,5.135883436925295,1787186.0,1787260.0,799.0,0.8230745749914463,1949.946890115738
668.0,5.130747553488369,1787079.0,1787375.0,835.0,0.8229141706134064,1952.121853351593
669.0,5.125616805934881,1787079.0,1787349.0,785.0,0.8227536369776822,1954.1589303016663
670.0,5.120491189128946,1787027.0,1787239.0,812.0,0.8225929740114757,1956.09343624115
671.0,5.115370697939817,1787027.0,1787368.0,798.0,0.8224321816420119,1958.0601942539215
672.0,5.110255327241877,1787027.0,1787478.0,801.0,0.8222712597965395,1960.0834312438965
673.0,5.1051450719146345,1787027.0,1787484.0,854.0,0.8221102084023306,1962.1892349720001
674.0,5.10003992684272,1787027.0,1787473.0,796.0,0.8219490273866812,1964.0956392288208
675.0,5.094939886915877,1787027.0,1787281.0,824.0,0.8217877166769113,1966.0206112861633
676.0,5.089844947028961,1786982.0,1787162.0,794.0,0.821626276200365,1967.9491200447083
677.0,5.084755102081933,1786982.0,1787169.0,823.0,0.8214647058844106,1969.8763802051544
678.0,5.07967034697985,1786982.0,1787191.0,855.0,0.8213030056564408,1971.798947095871
679.0,5.07459067663287,1786707.0,1786707.0,830.0,0.8211411754438732,1973.7113270759583
680.0,5.069516085956238,1786576.0,1786611.0,819.0,0.8209792151741502,1975.6611051559448
681.0,5.064446569870282,1786421.0,1786493.0,856.0,0.820817124774739,1977.60782122612
682.0,5.059382123300412,1786388.0,1786688.0,839.0,0.8206549041731319,1979.5505321025848
683.0,5.054322741177112,1786339.0,1786450.0,817.0,0.8204925532968467,1981.466958284378
684.0,5.049268418435934,1786250.0,1786283.0,781.0,0.8203300720734267,1983.3320162296295
685.0,5.044219150017499,1786226.0,1786331.0,855.0,0.8201674604304408,1985.1945612430573
686.0,5.039174930867482,1786086.0,1786151.0,761.0,0.8200047182954837,1987.0770802497864
687.0,5.034135755936615,1785612.0,1785628.0,803.0,0.8198418455961762,1988.9196500778198
688.0,5.029101620180678,1785473.0,1785603.0,738.0,0.8196788422601653,1990.8285419940948
689.0,5.024072518560497,1785473.0,1786019.0,766.0,0.8195157082151243,1992.7127611637115
690.0,5.0190484460419365,1785473.0,1785884.0,791.0,0.8193524433887532,1994.5578351020813
691.0,5.014029397595895,1785473.0,1785766.0,859.0,0.8191890477087787,1996.3932211399078
692.0,5.009015368198299,1785473.0,1785683.0,828.0,0.8190255211029539,1998.2422380447388
693.0,5.004006352830101,1785473.0,1785740.0,817.0,0.8188618634990597,2000.0468201637268
694.0,4.999002346477271,1785351.0,1785431.0,758.0,0.8186980748249039,2001.8980641365051
695.0,4.994003344130793,1784939.0,1784973.0,756.0,0.8185341550083215,2003.7389092445374
696.0,4.989009340786662,1784492.0,1784492.0,699.0,0.8183701039771756,2005.6321363449097
697.0,4.984020331445875,1784248.0,1784400.0,777.0,0.8182059216593567,2007.5429100990295
698.0,4.979036311114429,1783980.0,1784065.0,796.0,0.8180416079827835,2009.4136719703674
699.0,4.9740572748033145,1783921.0,1783987.0,752.0,0.8178771628754025,2011.2806100845337
700.0,4.969083217528511,1783785.0,1783906.0,784.0,0.8177125862651888,2013.1262121200562
701.0,4.964114134310982,1783785.0,1783977.0,723.0,0.8175478780801461,2014.9884061813354
702.0,4.959150020176671,1783740.0,1783910.0,776.0,0.8173830382483063,2016.8090302944183
703.0,4.954190870156494,1783740.0,1784205.0,741.0,0.8172180666977304,2018.6268711090088
704.0,4.949236679286337,1783740.0,1783896.0,787.0,0.8170529633565088,2020.4302372932434
705.0,4.944287442607051,1783740.0,1783901.0,731.0,0.8168877281527603,2022.2361690998077
706.0,4.939343155164444,1783527.0,1783654.0,769.0,0.816722361014634,2024.0594732761383
707.0,4.93440381200928,1783527.0,1783897.0,688.0,0.8165568618703078,2025.9043321609497
708.0,4.929469408197271,1783527.0,1783671.0,778.0,0.8163912306479898,2027.7072401046753
709.0,4.924539938789073,1783461.0,1783629.0,821.0,0.8162254672759178,2029.5106539726257
710.0,4.919615398850285,1783428.0,1783476.0,690.0,0.8160595716823599,2031.3209002017975
711.0,4.914695783451434,1783336.0,1783650.0,765.0,0.8158935437956143,2033.1228442192078
712.0,4.909781087667983,1783336.0,1783796.0,819.0,0.8157273835440099,2034.9472272396088
713.0,4.904871306580315,1783336.0,1783510.0,752.0,0.815561090855906,2036.7379190921783
714.0,4.899966435273734,1783034.0,1783136.0,781.0,0.815394665659693,2038.5191161632538
715.0,4.89506646883846,1782858.0,1782980.0,728.0,0.8152281078837922,2040.362787246704
716.0,4.890171402369622,1782655.0,1782668.0,731.0,0.8150614174566562,2042.1797413825989
717.0,4.885281230967252,1782512.0,1782562.0,728.0,0.8148945943067687,2044.005478143692
718.0,4.880395949736285,1782294.0,1782317.0,727.0,0.8147276383626454,2045.8157992362976
719.0,4.875515553786549,1782255.0,1782484.0,749.0,0.8145605495528334,2047.6343150138855
720.0,4.870640038232763,1782255.0,1782629.0,746.0,0.814393327805912,2049.4382803440094
721.0,4.86576939819453,1782255.0,1782375.0,740.0,0.8142259730504927,2051.2218821048737
722.0,4.860903628796335,1782025.0,1782056.0,677.0,0.8140584852152188,2053.00936126709
723.0,4.856042725167539,1781864.0,1782049.0,709.0,0.8138908642287669,2054.8294472694397
724.0,4.851186682442371,1781864.0,1781864.0,697.0,0.8137231100198457,2056.634524345398
725.0,4.846335495759929,1781728.0,1781794.0,694.0,0.8135552225171967,2058.4042632579803
726.0,4.841489160264169,1781550.0,1781754.0,703.0,0.8133872016495952,2060.2129600048065
727.0,4.836647671103905,1781550.0,1781773.0,701.0,0.8132190473458489,2062.022424221039
728.0,4.8318110234328016,1781319.0,1781350.0,721.0,0.8130507595347994,2063.7925341129303
729.0,4.826979212409369,1781319.0,1781574.0,639.0,0.8128823381453221,2065.611188173294
730.0,4.8221522331969595,1781319.0,1781643.0,759.0,0.8127137831063258,2067.3801259994507
731.0,4.817330080963763,1781319.0,1781507.0,678.0,0.8125450943467534,2069.158127307892
732.0,4.812512750882799,1781038.0,1781041.0,715.0,0.8123762717955822,2070.926927089691
733.0,4.8077002381319165,1780598.0,1780666.0,741.0,0.8122073153818238,2072.713380098343
734.0,4.802892537893785,1780574.0,1780681.0,677.0,0.8120382250345244,2074.5430750846863
735.0,4.7980896453558906,1780393.0,1780616.0,731.0,0.8118690006827648,2076.3029823303223
736.0,4.7932915557105344,1780393.0,1780450.0,673.0,0.811699642255661,2078.190007209778
737.0,4.788498264154824,1780204.0,1780214.0,712.0,0.8115301496823641,2079.988020181656
738.0,4.783709765890669,1780148.0,1780181.0,674.0,0.8113605228920605,2081.8071150779724
739.0,4.778926056124779,1779760.0,1779958.0,680.0,0.8111907618139721,2083.564105987549
740.0,4.774147130068654,1779673.0,1779742.0,621.0,0.8110208663773565,2085.3774802684784
741.0,4.769372982938585,1779275.0,1779314.0,657.0,0.8108508365115074,2087.146677017212
742.0,4.764603609955647,1779275.0,1779309.0,658.0,0.8106806721457543,2088.9430451393127
743.0,4.7598390063456915,1779257.0,1779572.0,690.0,0.8105103732094635,2090.6950051784515
744.0,4.755079167339345,1779257.0,1779370.0,700.0,0.8103399396320374,2092.4445791244507
745.0,4.750324088172006,1779180.0,1779229.0,607.0,0.8101693713429153,2094.1726882457733
746.0,4.745573764083834,1779033.0,1779085.0,675.0,0.8099986682715732,2095.931982278824
747.0,4.74082819031975,1778782.0,1778792.0,697.0,0.8098278303475244,2097.6815481185913
748.0,4.73608736212943,1778252.0,1778273.0,686.0,0.8096568575003191,2099.453467130661
749.0,4.7313512747673006,1777910.0,1777978.0,672.0,0.8094857496595457,2101.2620453834534
750.0,4.7266199234925335,1777910.0,1778061.0,660.0,0.8093145067548295,2103.037799358368
751.0,4.721893303569041,1777910.0,1778101.0,662.0,0.8091431287158343,2104.7700612545013
752.0,4.717171410265472,1777910.0,1778133.0,680.0,0.8089716154722614,2106.500495195389
753.0,4.712454238855206,1777910.0,1778295.0,714.0,0.8087999669538506,2108.243011236191
754.0,4.707741784616351,1777910.0,1777993.0,657.0,0.8086281830903804,2109.9420223236084
755.0,4.703034042831734,1777878.0,1777878.0,668.0,0.8084562638116678,2111.6625270843506
756.0,4.6983310087889025,1777769.0,1777891.0,660.0,0.8082842090475684,2113.3827941417694
757.0,4.693632677780114,1777703.0,1777724.0,628.0,0.8081120187279772,2115.1067793369293
758.0,4.688939045102334,1777451.0,1777512.0,635.0,0.8079396927828284,2116.8298103809357
759.0,4.684250106057232,1777317.0,1777353.0,627.0,0.8077672311420954,2118.5848031044006
760.0,4.679565855951175,1777194.0,1777202.0,692.0,0.8075946337357915,2120.3277821540833
761.0,4.674886290095224,1776990.0,1777071.0,650.0,0.8074219004939699,2122.055367231369
762.0,4.670211403805129,1776984.0,1777072.0,660.0,0.8072490313467235,2123.7962481975555
763.0,4.6655411924013235,1776984.0,1777076.0,615.0,0.807076026224186,2125.5040802955627
764.0,4.660875651208922,1776887.0,1776999.0,666.0,0.8069028850565311,2127.208514213562
765.0,4.6562147755577135,1776748.0,1776780.0,671.0,0.8067296077739733,2128.9256892204285
766.0,4.6515585607821555,1776715.0,1776827.0,622.0,0.806556194306768,2130.6420402526855
767.0,4.646907002221373,1776666.0,1776716.0,650.0,0.8063826445852117,2132.3728671073914
768.0,4.642260095219152,1776639.0,1776645.0,666.0,0.806208958539642,2134.1006371974945
769.0,4.637617835123933,1776398.0,1776463.0,620.0,0.8060351361004381,2135.818414211273
770.0,4.632980217288809,1776264.0,1776360.0,654.0,0.8058611771980209,2137.554693222046
771.0,4.62834723707152,1776227.0,1776264.0,587.0,0.8056870817628531,2139.303911924362
772.0,4.623718889834449,1775936.0,1775936.0,664.0,0.8055128497254394,2141.0183691978455
773.0,4.619095170944615,1775803.0,1776123.0,631.0,0.805338481016327,2142.775370121002
774.0,4.61447607577367,1775803.0,1776062.0,640.0,0.8051639755661053,2144.512643098831
775.0,4.609861599697896,1775803.0,1775918.0,661.0,0.8049893333054068,2146.4193580150604
776.0,4.6052517380981985,1775609.0,1775710.0,597.0,0.8048145541649064,2148.3935511112213
777.0,4.6006464863601,1775533.0,1775551.0,650.0,0.8046396380753226,2150.192181110382
778.0,4.59604583987374,1775513.0,1775613.0,607.0,0.8044645849674168,2152.063243150711
779.0,4.591449794033866,1775277.0,1775359.0,624.0,0.8042893947719941,2153.9482431411743
780.0,4.5868583442398325,1775008.0,1775093.0,641.0,0.8041140674199034,2155.6897790431976
781.0,4.582271485895593,1775008.0,1775090.0,632.0,0.8039386028420374,2157.4487433433533
782.0,4.5776892144096974,1775008.0,1775178.0,604.0,0.8037630009693331,2159.1850912570953
783.0,4.573111525195288,1775008.0,1775158.0,614.0,0.8035872617327716,2160.9184222221375
784.0,4.568538413670093,1775008.0,1775120.0,662.0,0.8034113850633786,2162.6393921375275
785.0,4.563969875256423,1775008.0,1775086.0,607.0,0.8032353708922249,2164.3589231967926
786.0,4.559405905381166,1775008.0,1775277.0,577.0,0.8030592191504259,2166.083544254303
787.0,4.554846499475786,1775008.0,1775270.0,592.0,0.8028829297691422,2167.8090782165527
788.0,4.55029165297631,1775002.0,1775074.0,628.0,0.8027065026795801,2169.5289092063904
789.0,4.5457413613233335,1774992.0,1775159.0,691.0,0.8025299378129913,2171.249302148819
790.0,4.54119561996201,1774992.0,1775223.0,609.0,0.8023532351006732,2172.9579532146454
791.0,4.536654424342048,1774934.0,1774936.0,616.0,0.8021763944739695,2174.7851321697235
792.0,4.532117769917706,1774824.0,1774900.0,630.0,0.8019994158642698,2176.4377012252808
793.0,4.527585652147788,1774824.0,1775041.0,612.0,0.8018222992030106,2178.1952781677246
794.0,4.523058066495641,1774824.0,1774940.0,599.0,0.8016450444216746,2179.9463181495667
795.0,4.518535008429145,1774792.0,1774795.0,617.0,0.8014676514517918,2181.664414167404
796.0,4.514016473420716,1774582.0,1774591.0,622.0,0.8012901202249387,2183.3879523277283
797.0,4.5095024569472955,1774553.0,1774610.0,596.0,0.8011124506727398,2185.1334919929504
798.0,4.504992954490348,1774516.0,1774677.0,598.0,0.8009346427268668,2186.8598022460938
799.0,4.500487961535858,1774516.0,1774524.0,608.0,0.8007566963190389,2188.5676679611206
800.0,4.4959874735743215,1774341.0,1774509.0,624.0,0.8005786113810235,2190.2699179649353
801.0,4.491491486100747,1774341.0,1774529.0,602.0,0.8004003878446363,2191.9866213798523
802.0,4.486999994614647,1774341.0,1774444.0,611.0,0.8002220256417409,2193.680453300476
803.0,4.482512994620032,1774341.0,1774419.0,621.0,0.8000435247042502,2195.370458126068
804.0,4.478030481625412,1774177.0,1774327.0,575.0,0.7998648849641251,2197.0616931915283
805.0,4.473552451143787,1774108.0,1774294.0,600.0,0.799686106353376,2198.782217025757
806.0,4.4690788986926435,1774100.0,1774174.0,625.0,0.7995071888040626,2200.473163127899
807.0,4.464609819793951,1773911.0,1773920.0,633.0,0.7993281322482938,2202.155224084854
808.0,4.460145209974157,1773649.0,1773688.0,604.0,0.7991489366182282,2203.880483150482
809.0,4.455685064764183,1773649.0,1773651.0,590.0,0.7989696018460746,2205.5880031585693
810.0,4.451229379699419,1773426.0,1773444.0,621.0,0.7987901278640914,2207.2445981502533
811.0,4.4467781503197195,1773194.0,1773248.0,575.0,0.7986105146045878,2208.9377171993256
812.0,4.4423313721693996,1773076.0,1773076.0,573.0,0.7984307619999232,2210.677537202835
813.0,4.43788904079723,1772889.0,1773025.0,591.0,0.7982508699825082,2212.4171063899994
814.0,4.433451151756432,1772831.0,1772896.0,537.0,0.7980708384848038,2214.1094269752502
815.0,4.429017700604676,1772779.0,1772790.0,568.0,0.7978906674393227,2215.767638206482
816.0,4.424588682904071,1772768.0,1772795.0,550.0,0.7977103567786289,2217.4127690792084
817.0,4.420164094221167,1772482.0,1772482.0,592.0,0.7975299064353378,2219.0460872650146
818.0,4.415743930126945,1772318.0,1772337.0,545.0,0.797349316342117,2220.710445165634
819.0,4.411328186196818,1772097.0,1772097.0,558.0,0.7971685864316861,2222.3502810001373
820.0,4.4069168580106215,1771858.0,1771891.0,564.0,0.7969877166368169,2224.0124781131744
821.0,4.402509941152611,1771816.0,1771875.0,561.0,0.7968067068903338,2225.6744713783264
822.0,4.398107431211459,1771760.0,1771829.0,573.0,0.7966255571251141,2227.3311879634857
823.0,4.393709323780247,1771760.0,1771946.0,569.0,0.7964442672740877,2228.9957010746
824.0,4.389315614456467,1771559.0,1771559.0,536.0,0.7962628372702382,2230.6167602539062
825.0,4.384926298842011,1771238.0,1771322.0,533.0,0.7960812670466023,2232.2663762569427
826.0,4.380541372543169,1770680.0,1770693.0,542.0,0.7958995565362704,2233.967486143112
827.0,4.376160831170625,1770481.0,1770647.0,548.0,0.7957177056723869,2235.663425207138
828.0,4.371784670339455,1770437.0,1770439.0,546.0,0.7955357143881503,2237.291990041733
829.0,4.367412885669116,1770162.0,1770216.0,546.0,0.7953535826168132,2238.9082491397858
830.0,4.363045472783447,1769860.0,1769860.0,548.0,0.7951713102916831,2240.5422489643097
831.0,4.358682427310663,1769733.0,1769848.0,503.0,0.7949888973461219,2242.1873371601105
832.0,4.354323744883352,1769542.0,1769542.0,573.0,0.7948063437135469,2243.807665348053
833.0,4.349969421138469,1769503.0,1769582.0,532.0,0.7946236493274303,2245.440264225006
834.0,4.34561945171733,1769414.0,1769421.0,485.0,0.7944408141213001,2247.054765224457
835.0,4.341273832265613,1769248.0,1769299.0,502.0,0.7942578380287397,2248.6722362041473
836.0,4.336932558433348,1769131.0,1769372.0,532.0,0.7940747209833886,2250.2952342033386
837.0,4.332595625874914,1769131.0,1769510.0,542.0,0.7938914629189423,2251.90527009964
838.0,4.3282630302490395,1769131.0,1769520.0,535.0,0.7937080637691528,2253.513869047165
839.0,4.32393476721879,1769131.0,1769428.0,561.0,0.7935245234678286,2255.0973970890045
840.0,4.319610832451572,1769131.0,1769328.0,539.0,0.7933408419488354,2256.679127216339
841.0,4.31529122161912,1769127.0,1769211.0,565.0,0.7931570191460953,2258.26261305809
842.0,4.3109759303975,1769101.0,1769101.0,547.0,0.7929730549935882,2259.849616289139
843.0,4.306664954467103,1768690.0,1768699.0,508.0,0.7927889494253516,2261.4436700344086
844.0,4.302358289512636,1768634.0,1768680.0,545.0,0.7926047023754803,2263.109791994095
845.0,4.298055931223123,1768568.0,1768575.0,498.0,0.7924203137781276,2264.71671295166
846.0,4.2937578752919,1768381.0,1768507.0,505.0,0.7922357835675047,2266.310960292816
847.0,4.289464117416608,1768369.0,1768396.0,511.0,0.7920511116778813,2267.9266011714935
848.0,4.285174653299191,1768332.0,1768508.0,520.0,0.7918662980435859,2269.5174372196198
849.0,4.280889478645892,1768332.0,1768535.0,552.0,0.7916813425990059,2271.1106412410736
850.0,4.276608589167246,1768332.0,1768493.0,583.0,0.7914962452785878,2272.7013273239136
851.0,4.272331980578079,1768332.0,1768449.0,549.0,0.7913110060168375,2274.2961661815643
852.0,4.2680596485975,1768279.0,1768284.0,502.0,0.7911256247483205,2275.888530254364
853.0,4.263791588948902,1768042.0,1768088.0,513.0,0.7909401014076622,2277.4815752506256
854.0,4.2595277973599535,1767947.0,1768042.0,514.0,0.7907544359295484,2279.1036791801453
855.0,4.255268269562594,1767886.0,1767886.0,508.0,0.7905686282487246,2280.7010481357574
856.0,4.251013001293031,1767860.0,1767918.0,510.0,0.7903826782999974,2282.2882680892944
857.0,4.246761988291738,1767656.0,1767660.0,534.0,0.790196586018234,2283.8772542476654
858.0,4.242515226303446,1767631.0,1767711.0,524.0,0.7900103513383625,2285.4891772270203
859.0,4.238272711077143,1767384.0,1767402.0,558.0,0.7898239741953728,2287.055009126663
860.0,4.234034438366066,1767384.0,1767572.0,473.0,0.7896374545243156,2288.6480021476746
861.0,4.2298004039277,1767384.0,1767569.0,537.0,0.7894507922603039,2290.190143108368
862.0,4.225570603523773,1767384.0,1767437.0,475.0,0.7892639873385124,2291.73521733284
863.0,4.221345032920249,1767384.0,1767570.0,525.0,0.7890770396941784,2293.3134829998016
864.0,4.217123687887329,1767363.0,1767403.0,477.0,0.7888899492626011,2294.898513317108
865.0,4.212906564199442,1767334.0,1767434.0,521.0,0.7887027159791431,2296.4619121551514
866.0,4.2086936576352425,1767334.0,1767388.0,517.0,0.7885153397792293,2298.02050113678
867.0,4.204484963977607,1767334.0,1767391.0,481.0,0.788327820598348,2299.574874162674
868.0,4.200280479013629,1767284.0,1767378.0,521.0,0.7881401583720514,2301.1256291866302
869.0,4.196080198534616,1767214.0,1767217.0,509.0,0.7879523530359548,2302.6933431625366
870.0,4.191884118336081,1766995.0,1767105.0,557.0,0.7877644045257376,2304.266006231308
871.0,4.187692234217745,1766898.0,1766927.0,498.0,0.7875763127771434,2305.872013092041
872.0,4.1835045419835275,1766898.0,1767150.0,488.0,0.7873880777259801,2307.44113612175
873.0,4.179321037441544,1766898.0,1767060.0,505.0,0.7871996993081204,2309.013798236847
874.0,4.175141716404102,1766721.0,1766745.0,455.0,0.7870111774595019,2310.5578093528748
875.0,4.170966574687698,1766656.0,1766694.0,494.0,0.7868225121161271,2312.1472613811493
876.0,4.16679560811301,1766652.0,1766829.0,490.0,0.7866337032140639,2313.740368127823
877.0,4.162628812504897,1766652.0,1766721.0,488.0,0.7864447506894463,2315.372444152832
878.0,4.158466183692392,1766541.0,1766551.0,463.0,0.7862556544784735,2316.9489901065826
879.0,4.1543077175087,1766375.0,1766375.0,530.0,0.7860664145174113,2318.512976169586
880.0,4.150153409791191,1766130.0,1766202.0,535.0,0.7858770307425915,2320.083824157715
881.0,4.146003256381399,1765765.0,1765802.0,472.0,0.7856875030904129,2321.6633541584015
882.0,4.141857253125018,1765626.0,1765714.0,480.0,0.7854978314973406,2323.2525181770325
883.0,4.137715395871893,1765626.0,1765722.0,465.0,0.7853080158999075,2324.8333513736725
884.0,4.133577680476021,1765577.0,1765599.0,517.0,0.7851180562347133,2326.368156194687
885.0,4.129444102795545,1765387.0,1765403.0,471.0,0.7849279524384254,2327.9052951335907
886.0,4.12531465869275,1765039.0,1765039.0,510.0,0.7847377044477791,2329.473955154419
887.0,4.121189344034057,1764863.0,1765078.0,452.0,0.7845473121995777,2331.0879940986633
888.0,4.117068154690022,1764863.0,1764906.0,456.0,0.7843567756306933,2332.656069278717
889.0,4.1129510865353325,1764660.0,1764660.0,481.0,0.7841660946780658,2334.19149518013
890.0,4.1088381354487975,1764660.0,1764728.0,462.0,0.7839752692787044,2335.7659962177277
891.0,4.104729297313349,1764557.0,1764600.0,430.0,0.7837842993696874,2337.308593273163
892.0,4.100624568016036,1764547.0,1764586.0,432.0,0.7835931848881624,2338.862483024597
893.0,4.09652394344802,1764500.0,1764533.0,480.0,0.7834019257713465,2340.3983590602875
894.0,4.092427419504571,1764467.0,1764511.0,495.0,0.7832105219565266,2341.9338932037354
895.0,4.088334992085067,1764437.0,1764593.0,458.0,0.7830189733810601,2343.450539112091
896.0,4.084246657092982,1764437.0,1764455.0,495.0,0.7828272799823739,2344.9628190994263
897.0,4.080162410435889,1764384.0,1764410.0,450.0,0.7826354416979664,2346.4695131778717
898.0,4.076082248025453,1764310.0,1764455.0,484.0,0.7824434584654063,2347.979658126831
899.0,4.072006165777427,1764275.0,1764307.0,478.0,0.7822513302223336,2349.5048871040344
900.0,4.06793415961165,1764006.0,1764143.0,452.0,0.7820590569064597,2351.0073342323303
901.0,4.063866225452038,1763981.0,1764014.0,449.0,0.7818666384555673,2352.560058116913
902.0,4.059802359226587,1763881.0,1763970.0,418.0,0.7816740748075114,2354.0947761535645
903.0,4.05574255686736,1763839.0,1763857.0,453.0,0.7814813659002187,2355.6178801059723
904.0,4.051686814310492,1763775.0,1763802.0,445.0,0.7812885116716886,2357.132383108139
905.0,4.047635127496181,1763726.0,1763848.0,453.0,0.781095512059993,2358.6487460136414
906.0,4.043587492368685,1763722.0,1763741.0,480.0,0.7809023670032765,2360.1642093658447
907.0,4.039543904876316,1763600.0,1763622.0,477.0,0.7807090764397573,2361.6660113334656
908.0,4.03550436097144,1763494.0,1763502.0,483.0,0.7805156403077267,2363.1933393478394
909.0,4.031468856610468,1763182.0,1763209.0,442.0,0.7803220585455495,2364.73735499382
910.0,4.027437387753857,1763073.0,1763103.0,464.0,0.7801283310916646,2366.306983232498
911.0,4.023409950366103,1763001.0,1763090.0,425.0,0.7799344578845852,2367.8634672164917
912.0,4.019386540415737,1762966.0,1763074.0,446.0,0.7797404388628987,2369.4329521656036
913.0,4.015367153875321,1762875.0,1762960.0,462.0,0.7795462739652673,2371.0011463165283
914.0,4.011351786721446,1762661.0,1762661.0,452.0,0.7793519631304282,2372.566499233246
915.0,4.007340434934724,1762611.0,1762665.0,430.0,0.7791575062971937,2374.140727043152
916.0,4.003333094499789,1762611.0,1762656.0,475.0,0.7789629034044516,2375.6913573741913
917.0,3.999329761405289,1762467.0,1762475.0,456.0,0.7787681543911654,2377.2319350242615
918.0,3.995330431643884,1762321.0,1762369.0,477.0,0.7785732591963747,2378.8034942150116
919.0,3.9913351012122398,1762311.0,1762392.0,428.0,0.778378217759195,2380.3577332496643
920.0,3.9873437661110276,1762120.0,1762129.0,433.0,0.778183030018819,2381.87832403183
921.0,3.9833564223449165,1761842.0,1761911.0,442.0,0.7779876959145156,2383.38583612442
922.0,3.9793730659225717,1761620.0,1761647.0,393.0,0.7777922153856307,2384.8817732334137
923.0,3.975393692856649,1761620.0,1761719.0,429.0,0.7775965883715881,2386.3266050815582
924.0,3.9714182991637923,1761620.0,1761871.0,417.0,0.7774008148118884,2387.7434360980988
925.0,3.9674468808646286,1761620.0,1761820.0,420.0,0.7772048946461105,2389.153230190277
926.0,3.963479433983764,1761620.0,1761754.0,449.0,0.7770088278139113,2390.5545332431793
927.0,3.9595159545497802,1761620.0,1761703.0,393.0,0.7768126142550261,2391.964266061783
928.0,3.9555564385952304,1761616.0,1761626.0,399.0,0.7766162539092688,2393.3786931037903
929.0,3.9516008821566353,1761560.0,1761613.0,443.0,0.776419746716532,2394.7977011203766
930.0,3.9476492812744786,1761521.0,1761620.0,461.0,0.7762230926167877,2396.2037801742554
931.0,3.943701631993204,1761416.0,1761416.0,405.0,0.7760262915500872,2397.6031732559204
932.0,3.9397579303612105,1761313.0,1761313.0,421.0,0.7758293434565614,2399.0391931533813
933.0,3.9358181724308494,1761305.0,1761422.0,433.0,0.7756322482764214,2400.513585329056
934.0,3.9318823542584185,1761293.0,1761344.0,435.0,0.7754350059499584,2401.9475271701813
935.0,3.9279504719041602,1761293.0,1761417.0,412.0,0.7752376164175441,2403.367660045624
936.0,3.924022521432256,1761293.0,1761524.0,453.0,0.7750400796196307,2404.801553249359
937.0,3.9200984989108236,1761293.0,1761749.0,403.0,0.7748423954967518,2406.40723323822
938.0,3.916178400411913,1761293.0,1761513.0,398.0,0.7746445639895223,2408.3279151916504
939.0,3.912262222011501,1761293.0,1761440.0,417.0,0.7744465850386383,2409.9419322013855
940.0,3.9083499597894895,1761256.0,1761262.0,429.0,0.7742484585848779,2411.5746743679047
941.0,3.9044416098297,1761083.0,1761094.0,426.0,0.7740501845691016,2413.1195731163025
942.0,3.9005371682198704,1761046.0,1761147.0,419.0,0.7738517629322519,2414.6032361984253
943.0,3.8966366310516505,1760873.0,1760886.0,394.0,0.773653193615354,2416.0548901557922
944.0,3.892739994420599,1760556.0,1760585.0,393.0,0.7734544765595162,2417.4893152713776
945.0,3.8888472544261785,1760461.0,1760548.0,397.0,0.7732556117059297,2418.978093147278
946.0,3.8849584071717524,1760361.0,1760477.0,402.0,0.7730565989958696,2420.3992471694946
947.0,3.881073448764581,1760272.0,1760332.0,393.0,0.7728574383706944,2421.847353219986
948.0,3.877192375315816,1760193.0,1760315.0,394.0,0.7726581297718467,2423.411632299423
949.0,3.8733151829405004,1760188.0,1760188.0,395.0,0.7724586731408533,2424.923643350601
950.0,3.8694418677575597,1760123.0,1760129.0,426.0,0.7722590684193255,2426.339523077011
951.0,3.8655724258898023,1760085.0,1760163.0,368.0,0.7720593155489598,2427.77090215683
952.0,3.8617068534639127,1760085.0,1760249.0,413.0,0.7718594144715375,2429.1960530281067
953.0,3.857845146610449,1760085.0,1760190.0,400.0,0.7716593651289254,2430.597733259201
954.0,3.8539873014638384,1760085.0,1760225.0,393.0,0.7714591674630757,2432.0154802799225
955.0,3.8501333141623744,1759991.0,1760073.0,401.0,0.771258821416027,2433.4370040893555
956.0,3.846283180848212,1759897.0,1759920.0,430.0,0.7710583269299036,2434.8749661445618
957.0,3.8424368976673637,1759730.0,1759734.0,396.0,0.7708576839469167,2436.3100051879883
958.0,3.8385944607696962,1759504.0,1759504.0,399.0,0.7706568924093641,2437.7505180835724
959.0,3.8347558663089267,1759279.0,1759293.0,435.0,0.7704559522596305,2439.197014093399
960.0,3.8309211104426177,1759065.0,1759065.0,383.0,0.7702548634401881,2440.6454422473907
961.0,3.827090189332175,1758907.0,1759107.0,379.0,0.7700536258935967,2442.0941331386566
962.0,3.8232630991428427,1758779.0,1758797.0,422.0,0.769852239562504,2443.531925201416
963.0,3.8194398360436996,1758744.0,1758753.0,401.0,0.7696507043896458,2444.95810008049
964.0,3.815620396207656,1758656.0,1758673.0,385.0,0.7694490203178461,2446.381684064865
965.0,3.8118047758114484,1758514.0,1758522.0,393.0,0.7692471872900181,2447.806322336197
966.0,3.807992971035637,1758514.0,1758647.0,374.0,0.7690452052491635,2449.241554260254
967.0,3.804184978064601,1758460.0,1758460.0,392.0,0.7688430741383737,2450.668892145157
968.0,3.8003807930865365,1758269.0,1758337.0,388.0,0.7686407939008295,2452.2057201862335
969.0,3.79658041229345,1758203.0,1758247.0,380.0,0.7684383644798014,2453.760708093643
970.0,3.792783831881157,1758203.0,1758347.0,395.0,0.7682357858186503,2455.3549151420593
971.0,3.788991048049276,1758203.0,1758346.0,368.0,0.7680330578608272,2456.8611063957214
972.0,3.785202057001227,1758175.0,1758223.0,414.0,0.7678301805498741,2458.3145711421967
973.0,3.7814168549442257,1757991.0,1758018.0,398.0,0.7676271538294236,2459.795671224594
974.0,3.7776354380892814,1757915.0,1758008.0,356.0,0.7674239776431999,2461.2932040691376
975.0,3.773857802651192,1757911.0,1758028.0,381.0,0.7672206519350186,2462.6817831993103
976.0,3.770083944848541,1757911.0,1757978.0,389.0,0.7670171766487873,2464.0690960884094
977.0,3.766313860903692,1757911.0,1757958.0,378.0,0.7668135517285053,2465.457901239395
978.0,3.7625475470427885,1757843.0,1757943.0,359.0,0.7666097771182648,2466.849258184433
979.0,3.7587849994957456,1757763.0,1757773.0,373.0,0.7664058527622503,2468.2455270290375
980.0,3.75502621449625,1757711.0,1757861.0,357.0,0.7662017786047395,2469.636738061905
981.0,3.7512711882817538,1757711.0,1757891.0,374.0,0.765997554590103,2471.022246360779
982.0,3.747519917093472,1757711.0,1757878.0,356.0,0.7657931806628057,2472.4163012504578
983.0,3.7437723971763783,1757711.0,1757981.0,380.0,0.7655886567674053,2473.7853603363037
984.0,3.740028624779202,1757711.0,1757994.0,404.0,0.7653839828485546,2475.16606426239
985.0,3.7362885961544228,1757711.0,1757983.0,364.0,0.7651791588510001,2476.5342071056366
986.0,3.7325523075582683,1757711.0,1757949.0,344.0,0.7649741847195834,2477.904986143112
987.0,3.72881975525071,1757688.0,1757702.0,374.0,0.764769060399241,2479.2635111808777
988.0,3.7250909354954596,1757496.0,1757526.0,382.0,0.7645637858350046,2480.6346423625946
989.0,3.721365844559964,1757402.0,1757493.0,381.0,0.7643583609720014,2482.0198101997375
990.0,3.717644478715404,1757386.0,1757393.0,381.0,0.7641527857554548,2483.4207973480225
991.0,3.713926834236689,1757340.0,1757455.0,383.0,0.7639470601306838,2484.7775213718414
992.0,3.710212907402452,1757340.0,1757424.0,363.0,0.7637411840431043,2486.148259162903
993.0,3.70650269449505,1757202.0,1757225.0,385.0,0.7635351574382289,2487.502094268799
994.0,3.7027961918005547,1756992.0,1757044.0,349.0,0.7633289802616668,2488.8906722068787
995.0,3.699093395608754,1756981.0,1757087.0,336.0,0.7631226524591253,2490.285653114319
996.0,3.6953943022131455,1756936.0,1757006.0,348.0,0.7629161739764084,2491.6545701026917
997.0,3.6916989079109324,1756936.0,1757062.0,337.0,0.7627095447594187,2493.0114002227783
998.0,3.6880072090030214,1756936.0,1757030.0,377.0,0.7625027647541565,2494.372325181961
999.0,3.6843192017940183,1756871.0,1756871.0,323.0,0.762295833906721,2495.7140140533447
1000.0,3.680634882592224,1756753.0,1756801.0,336.0,0.7620887521633101,2497.0879061222076
1001.0,3.6769542477096318,1756633.0,1756635.0,373.0,0.7618815194702204,2498.462606191635
1002.0,3.673277293461922,1756589.0,1756627.0,329.0,0.7616741357738485,2499.8231801986694
1003.0,3.66960401616846,1756511.0,1756578.0,406.0,0.7614666010206901,2501.161182165146
1004.0,3.6659344121522914,1756459.0,1756472.0,389.0,0.7612589151573413,2502.5429282188416
1005.0,3.662268477740139,1756283.0,1756307.0,358.0,0.7610510781304982,2503.898435115814
1006.0,3.6586062092623988,1756224.0,1756264.0,364.0,0.7608430898869576,2505.2663791179657
1007.0,3.6549476030531363,1756161.0,1756164.0,371.0,0.7606349503736171,2506.7862782478333
1008.0,3.6512926554500833,1755840.0,1755860.0,347.0,0.7604266595374753,2508.1516790390015
1009.0,3.647641362794633,1755692.0,1755793.0,352.0,0.7602182173256327,2509.517405986786
1010.0,3.6439937214318383,1755502.0,1755555.0,363.0,0.7600096236852911,2510.8758573532104
1011.0,3.6403497277104067,1755411.0,1755485.0,372.0,0.7598008785637548,2512.2440502643585
1012.0,3.6367093779826964,1755254.0,1755254.0,338.0,0.7595919819084298,2513.5939819812775
1013.0,3.6330726686047137,1755156.0,1755197.0,336.0,0.7593829336668255,2514.9549140930176
1014.0,3.629439595936109,1755032.0,1755049.0,350.0,0.7591737337865537,2516.319895029068
1015.0,3.625810156340173,1755002.0,1755080.0,362.0,0.7589643822153299,2517.6612832546234
1016.0,3.6221843461838326,1754953.0,1754987.0,348.0,0.7587548789009727,2518.9890081882477
1017.0,3.618562161837649,1754953.0,1755079.0,371.0,0.7585452237914049,2520.33624124527
1018.0,3.614943599675811,1754924.0,1754970.0,343.0,0.7583354168346533,2521.66516828537
1019.0,3.611328656076135,1754852.0,1754855.0,365.0,0.7581254579788493,2522.990602016449
1020.0,3.607717327420059,1754685.0,1754737.0,347.0,0.7579153471722291,2524.332951068878
1021.0,3.604109610092639,1754456.0,1754530.0,338.0,0.7577050843631336,2525.672972202301
1022.0,3.600505500482546,1754402.0,1754439.0,324.0,0.7574946695000094,2527.0335862636566
1023.0,3.5969049949820637,1754151.0,1754199.0,338.0,0.757284102531409,2528.3494741916656
1024.0,3.5933080899870817,1753981.0,1754014.0,374.0,0.7570733834059904,2529.714424133301
1025.0,3.5897147818970945,1753901.0,1753937.0,347.0,0.756862512072518,2531.072219133377
1026.0,3.5861250671151974,1753901.0,1754007.0,345.0,0.7566514884798631,2532.4122381210327
1027.0,3.582538942048082,1753901.0,1753939.0,324.0,0.7564403125770036,2533.713291168213
1028.0,3.578956403106034,1753776.0,1753776.0,340.0,0.7562289843130248,2535.027812242508
1029.0,3.575377446702928,1753613.0,1753684.0,347.0,0.7560175036371193,2536.3685393333435
1030.0,3.571802069256225,1753613.0,1753806.0,328.0,0.7558058704985877,2537.690888404846
1031.0,3.568230267186969,1753613.0,1753812.0,346.0,0.7555940848468388,2539.0095002651215
1032.0,3.5646620369197817,1753613.0,1753741.0,354.0,0.7553821466313895,2540.3219451904297
1033.0,3.561097374882862,1753613.0,1753719.0,338.0,0.7551700558018658,2541.633496284485
1034.0,3.557536277507979,1753613.0,1753811.0,341.0,0.7549578123080026,2542.92937707901
1035.0,3.553978741230471,1753613.0,1753800.0,314.0,0.7547454160996443,2544.2247643470764
1036.0,3.5504247624892407,1753482.0,1753482.0,346.0,0.7545328671267446,2545.5330171585083
1037.0,3.5468743377267513,1753432.0,1753504.0,353.0,0.7543201653393677,2546.832497358322
1038.0,3.5433274633890246,1753432.0,1753519.0,346.0,0.7541073106876879,2548.137848138809
1039.0,3.5397841359256357,1753432.0,1753565.0,317.0,0.7538943031219898,2549.443754196167
1040.0,3.53624435178971,1753432.0,1753511.0,304.0,0.7536811425926693,2550.721610069275
1041.0,3.5327081074379203,1753432.0,1753477.0,338.0,0.7534678290502335,2552.0369231700897
1042.0,3.5291753993304824,1753238.0,1753253.0,312.0,0.7532543624453006,2553.3351402282715
1043.0,3.525646223931152,1753200.0,1753375.0,323.0,0.7530407427286014,2554.6679623126984
1044.0,3.522120577707221,1753128.0,1753149.0,307.0,0.7528269698509784,2555.955926179886
1045.0,3.5185984571295137,1752985.0,1752985.0,314.0,0.7526130437633864,2557.247293949127
1046.0,3.5150798586723844,1752865.0,1752875.0,315.0,0.7523989644168936,2558.5685892105103
1047.0,3.511564778813712,1752630.0,1752645.0,304.0,0.7521847317626807,2559.8647961616516
1048.0,3.5080532140348986,1752559.0,1752594.0,298.0,0.7519703457520422,2561.2035450935364
1049.0,3.5045451608208635,1752367.0,1752467.0,332.0,0.7517558063363861,2562.509505033493
1050.0,3.5010406156600427,1752367.0,1752406.0,300.0,0.7515411134672347,2563.8245770931244
1051.0,3.4975395750443825,1752167.0,1752185.0,305.0,0.7513262670962245,2565.119524240494
1052.0,3.494042035469338,1751956.0,1751967.0,323.0,0.7511112671751068,2566.4994292259216
1053.0,3.490547993433869,1751932.0,1752160.0,280.0,0.7508961136557478,2567.8817751407623
1054.0,3.487057445440435,1751932.0,1752123.0,310.0,0.7506808064901291,2569.166280269623
1055.0,3.483570387994994,1751932.0,1751964.0,352.0,0.7504653456303477,2570.4474301338196
1056.0,3.480086817606999,1751888.0,1751930.0,289.0,0.7502497310286171,2571.7323410511017
1057.0,3.476606730789392,1751790.0,1751829.0,315.0,0.7500339626372665,2573.006434202194
1058.0,3.4731301240586028,1751790.0,1751796.0,287.0,0.749818040408742,2574.3061311244965
1059.0,3.469656993934544,1751685.0,1751693.0,318.0,0.7496019642956067,2575.574686050415
1060.0,3.4661873369406093,1751586.0,1751586.0,292.0,0.7493857342505404,2576.8619482517242
1061.0,3.4627211496036687,1751526.0,1751564.0,314.0,0.7491693502263412,2578.1375670433044
1062.0,3.459258428454065,1751521.0,1751650.0,333.0,0.7489528121759246,2579.4353783130646
1063.0,3.4557991700256108,1751521.0,1751692.0,329.0,0.7487361200523244,2580.697113275528
1064.0,3.4523433708555853,1751521.0,1751557.0,306.0,0.7485192738086928,2581.9616932868958
1065.0,3.4488910274847298,1751509.0,1751531.0,311.0,0.7483022733983012,2583.231178998947
1066.0,3.445442136457245,1751352.0,1751369.0,307.0,0.7480851187745398,2584.4850749969482
1067.0,3.4419966943207876,1751271.0,1751308.0,313.0,0.7478678098909183,2585.7829382419586
1068.0,3.4385546976264667,1751156.0,1751165.0,304.0,0.7476503467010664,2587.062450170517
1069.0,3.43511614292884,1751006.0,1751088.0,297.0,0.747432729158734,2588.351629257202
1070.0,3.4316810267859115,1751006.0,1751162.0,313.0,0.7472149572177912,2589.6458492279053
1071.0,3.4282493457591254,1750994.0,1751034.0,300.0,0.7469970308322288,2590.8974573612213
1072.0,3.4248210964133663,1750947.0,1750992.0,262.0,0.7467789499561591,2592.1621911525726
1073.0,3.421396275316953,1750850.0,1750907.0,286.0,0.7465607145438156,2593.433977127075
1074.0,3.417974879041636,1750806.0,1750821.0,310.0,0.7463423245495534,2594.705914258957
1075.0,3.4145569041625943,1750578.0,1750622.0,263.0,0.74612377992785,2595.9610481262207
1076.0,3.4111423472584317,1750457.0,1750461.0,267.0,0.745905080633305,2597.249451160431
1077.0,3.4077312049111734,1750330.0,1750371.0,279.0,0.7456862266206411,2598.5287702083588
1078.0,3.4043234737062624,1750252.0,1750266.0,289.0,0.7454672178447036,2599.7928252220154
1079.0,3.400919150232556,1750168.0,1750172.0,300.0,0.7452480542604615,2601.056969165802
1080.0,3.3975182310823238,1750043.0,1750051.0,280.0,0.7450287358230075,2602.3011181354523
1081.0,3.3941207128512416,1749934.0,1749977.0,310.0,0.7448092624875584,2603.5794429779053
1082.0,3.3907265921383902,1749880.0,1749880.0,289.0,0.744589634209455,2604.856815099716
1083.0,3.3873358655462518,1749880.0,1750033.0,306.0,0.7443698509441632,2606.114406347275
1084.0,3.3839485296807057,1749880.0,1750094.0,280.0,0.7441499126472737,2607.3662831783295
1085.0,3.380564581151025,1749880.0,1749932.0,332.0,0.7439298192745029,2608.5976231098175
1086.0,3.377184016569874,1749825.0,1749825.0,297.0,0.7437095707816923,2609.8481040000916
1087.0,3.373806832553304,1749686.0,1749692.0,293.0,0.74348916712481,2611.107207298279
1088.0,3.3704330257207507,1749590.0,1749691.0,298.0,0.7432686082599501,2612.452751159668
1089.0,3.3670625926950297,1749526.0,1749533.0,283.0,0.7430478941433336,2613.7509331703186
1090.0,3.363695530102335,1749526.0,1749576.0,307.0,0.7428270247313085,2614.9910850524902
1091.0,3.3603318345722326,1749502.0,1749516.0,305.0,0.7426059999803498,2616.2123532295227
1092.0,3.3569715027376605,1749491.0,1749529.0,257.0,0.7423848198470608,2617.4447979927063
1093.0,3.353614531234923,1749482.0,1749568.0,276.0,0.7421634842881722,2618.6767501831055
1094.0,3.350260916703688,1749453.0,1749467.0,248.0,0.7419419932605436,2619.915628194809
1095.0,3.3469106557869845,1749313.0,1749338.0,284.0,0.7417203467211626,2621.1461851596832
1096.0,3.3435637451311977,1749313.0,1749430.0,313.0,0.7414985446271466,2622.3972091674805
1097.0,3.3402201813860666,1749313.0,1749332.0,289.0,0.7412765869357419,2623.6069712638855
1098.0,3.3368799612046804,1749198.0,1749274.0,279.0,0.7410544736043245,2624.839958190918
1099.0,3.3335430812434756,1749198.0,1749271.0,258.0,0.7408322045904006,2626.0900852680206
1100.0,3.330209538162232,1749123.0,1749197.0,297.0,0.7406097798516065,2627.324341058731
1101.0,3.3268793286240697,1749040.0,1749051.0,306.0,0.7403871993457095,2628.5796060562134
1102.0,3.3235524492954456,1748830.0,1748856.0,269.0,0.7401644630306078,2629.818341255188
1103.0,3.32022889684615,1748763.0,1748822.0,256.0,0.7399415708643309,2631.0640273094177
1104.0,3.3169086679493036,1748678.0,1748689.0,291.0,0.7397185228050401,2632.304352045059
1105.0,3.3135917592813544,1748617.0,1748618.0,254.0,0.7394953188110288,2633.525234937668
1106.0,3.310278167522073,1748580.0,1748671.0,274.0,0.7392719588407226,2634.7542011737823
1107.0,3.3069678893545507,1748580.0,1748660.0,287.0,0.7390484428526799,2635.9864621162415
1108.0,3.303660921465196,1748580.0,1748641.0,268.0,0.7388247708055924,2637.196958065033
1109.0,3.3003572605437306,1748577.0,1748686.0,261.0,0.7386009426582849,2638.425252199173
1110.0,3.297056903283187,1748533.0,1748536.0,280.0,0.7383769583697161,2639.6393342018127
1111.0,3.2937598463799036,1748407.0,1748457.0,286.0,0.7381528178989787,2640.870730161667
1112.0,3.290466086533524,1748407.0,1748598.0,255.0,0.7379285212053,2642.110945224762
1113.0,3.28717562044699,1748407.0,1748548.0,241.0,0.7377040682480417,2643.313933134079
1114.0,3.2838884448265433,1748407.0,1748625.0,281.0,0.737479458986701,2644.528822183609
1115.0,3.2806045563817166,1748407.0,1748573.0,255.0,0.7372546933809104,2645.7280621528625
1116.0,3.277323951825335,1748407.0,1748493.0,266.0,0.7370297713904383,2646.9371609687805
1117.0,3.27404662787351,1748407.0,1748495.0,250.0,0.7368046929751891,2648.1505773067474
1118.0,3.2707725812456365,1748280.0,1748293.0,262.0,0.7365794580952036,2649.3733932971954
1119.0,3.2675018086643908,1748261.0,1748356.0,276.0,0.7363540667106597,2650.597081184387
1120.0,3.2642343068557262,1748261.0,1748465.0,260.0,0.7361285187818722,2651.7990391254425
1121.0,3.2609700725488704,1748261.0,1748361.0,261.0,0.7359028142692937,2652.98086309433
1122.0,3.2577091024763214,1748164.0,1748219.0,282.0,0.7356769531335144,2654.176990032196
1123.0,3.254451393373845,1748164.0,1748232.0,247.0,0.735450935335263,2655.404350042343
1124.0,3.251196941980471,1748139.0,1748142.0,264.0,0.7352247608354062,2656.6001312732697
1125.0,3.2479457450384905,1748130.0,1748224.0,249.0,0.7349984295949503,2657.8017480373383
1126.0,3.2446977992934523,1748130.0,1748187.0,261.0,0.7347719415750403,2658.9897282123566
1127.0,3.2414531014941588,1748130.0,1748232.0,281.0,0.7345452967369612,2660.1798672676086
1128.0,3.2382116483926646,1748130.0,1748141.0,292.0,0.7343184950421376,2661.367811203003
1129.0,3.234973436744272,1748085.0,1748092.0,266.0,0.7340915364521345,2662.545567035675
1130.0,3.231738463307528,1748077.0,1748147.0,278.0,0.7338644209286579,2663.73690700531
1131.0,3.2285067248442205,1748053.0,1748083.0,263.0,0.733637148433554,2664.928915977478
1132.0,3.225278218119376,1747972.0,1747986.0,231.0,0.7334097189288111,2666.1009402275085
1133.0,3.222052939901257,1747832.0,1747832.0,266.0,0.7331821323765588,2667.3108541965485
1134.0,3.2188308869613556,1747743.0,1747784.0,260.0,0.7329543887390689,2668.50643825531
1135.0,3.215612056074394,1747622.0,1747632.0,264.0,0.7327264879787553,2669.710678100586
1136.0,3.21239644401832,1747471.0,1747481.0,251.0,0.732498430058175,2670.9149782657623
1137.0,3.2091840475743014,1747373.0,1747388.0,243.0,0.7322702149400279,2672.11616897583
1138.0,3.2059748635267273,1747276.0,1747281.0,234.0,0.7320418425871573,2673.3136191368103
1139.0,3.2027688886632006,1747257.0,1747316.0,263.0,0.7318133129625505,2674.505248069763
1140.0,3.1995661197745373,1747104.0,1747112.0,250.0,0.7315846260293386,2675.672991037369
1141.0,3.1963665536547627,1747040.0,1747042.0,247.0,0.7313557817507976,2676.868394136429
1142.0,3.193170187101108,1746946.0,1746967.0,270.0,0.731126780090348,2678.057641983032
1143.0,3.1899770169140065,1746897.0,1747023.0,235.0,0.7308976210115558,2679.2430331707
1144.0,3.1867870398970926,1746897.0,1746972.0,275.0,0.7306683044781321,2680.404986143112
1145.0,3.1836002528571954,1746758.0,1746765.0,226.0,0.7304388304539347,2681.5674102306366
1146.0,3.1804166526043383,1746518.0,1746520.0,250.0,0.7302091989029668,2682.756012201309
1147.0,3.177236235951734,1746468.0,1746492.0,242.0,0.7299794097893787,2683.9662053585052
1148.0,3.174058999715782,1746389.0,1746389.0,237.0,0.7297494630774677,2685.1401691436768
1149.0,3.1708849407160664,1746341.0,1746346.0,237.0,0.7295193587316782,2686.322687149048
1150.0,3.1677140557753503,1746308.0,1746317.0,265.0,0.7292890967166024,2687.518732070923
1151.0,3.164546341719575,1746085.0,1746086.0,241.0,0.7290586769969807,2688.687357187271
1152.0,3.1613817953778556,1745901.0,1745901.0,216.0,0.7288280995377016,2689.882791996002
1153.0,3.1582204135824776,1745724.0,1745746.0,252.0,0.7285973643038026,2691.0839762687683
1154.0,3.155062193168895,1745630.0,1745653.0,258.0,0.7283664712604703,2692.27135515213
1155.0,3.1519071309757263,1745452.0,1745491.0,250.0,0.7281354203730406,2693.46209526062
1156.0,3.1487552238447507,1745452.0,1745585.0,235.0,0.7279042116069994,2694.659150123596
1157.0,3.145606468620906,1745443.0,1745467.0,233.0,0.7276728449279827,2695.8342661857605
1158.0,3.142460862152285,1745407.0,1745421.0,234.0,0.7274413203017772,2696.9920201301575
1159.0,3.1393184012901325,1745266.0,1745286.0,274.0,0.7272096376943203,2698.1543402671814
1160.0,3.1361790828888423,1745243.0,1745278.0,233.0,0.7269777970717011,2699.3491411209106
1161.0,3.1330429038059533,1745091.0,1745121.0,225.0,0.7267457984001596,2700.5070390701294
1162.0,3.1299098609021474,1744993.0,1744999.0,237.0,0.7265136416460886,2701.6874051094055
1163.0,3.1267799510412453,1744914.0,1744936.0,247.0,0.7262813267760327,2702.8606531620026
1164.0,3.1236531710902042,1744908.0,1744910.0,231.0,0.7260488537566895,2704.020209312439
1165.0,3.120529517919114,1744764.0,1744787.0,248.0,0.7258162225549095,2705.151710987091
1166.0,3.117408988401195,1744764.0,1744861.0,263.0,0.7255834331376968,2706.3450639247894
1167.0,3.1142915794127934,1744728.0,1744728.0,219.0,0.7253504854722093,2707.4915251731873
1168.0,3.1111772878333808,1744596.0,1744602.0,245.0,0.7251173795257589,2708.6346271038055
1169.0,3.1080661105455474,1744448.0,1744468.0,232.0,0.7248841152658123,2709.82607793808
1170.0,3.104958044435002,1744413.0,1744436.0,229.0,0.7246506926599909,2710.9997482299805
1171.0,3.101853086390567,1744282.0,1744336.0,229.0,0.7244171116760715,2712.1558542251587
1172.0,3.0987512333041765,1744282.0,1744367.0,237.0,0.7241833722819864,2713.3262872695923
1173.0,3.0956524820708724,1744218.0,1744253.0,232.0,0.7239494744458238,2714.458475112915
1174.0,3.0925568295888017,1744139.0,1744170.0,250.0,0.7237154181358287,2715.614908218384
1175.0,3.089464272759213,1744000.0,1744064.0,206.0,0.7234812033204023,2716.762475013733
1176.0,3.086374808486454,1744000.0,1744100.0,264.0,0.7232468299681034,2717.9299190044403
1177.0,3.0832884336779673,1744000.0,1744040.0,202.0,0.7230122980476478,2719.057810306549
1178.0,3.0802051452442893,1744000.0,1744117.0,240.0,0.7227776075279093,2720.198631286621
1179.0,3.0771249400990452,1744000.0,1744038.0,210.0,0.7225427583779201,2721.327909231186
1180.0,3.0740478151589463,1744000.0,1744119.0,234.0,0.7223077505668708,2722.461130142212
1181.0,3.0709737673437876,1744000.0,1744096.0,217.0,0.7220725840641108,2723.582314014435
1182.0,3.067902793576444,1743919.0,1743982.0,203.0,0.721837258839149,2724.7148060798645
1183.0,3.0648348907828673,1743866.0,1743883.0,218.0,0.7216017748616537,2725.8467371463776
1184.0,3.0617700558920844,1743854.0,1743872.0,204.0,0.7213661321014537,2727.005336046219
1185.0,3.0587082858361923,1743649.0,1743674.0,213.0,0.721130330528538,2728.1233563423157
1186.0,3.0556495775503563,1743649.0,1743683.0,224.0,0.7208943701130562,2729.2904510498047
1187.0,3.052593927972806,1743644.0,1743698.0,228.0,0.7206582508253191,2730.4223251342773
1188.0,3.049541334044833,1743588.0,1743589.0,247.0,0.7204219726357993,2731.550159215927
1189.0,3.046491792710788,1743514.0,1743569.0,235.0,0.7201855355151311,2732.6881470680237
1190.0,3.0434453009180773,1743488.0,1743489.0,212.0,0.719948939434111,2733.82559633255
1191.0,3.040401855617159,1743443.0,1743457.0,223.0,0.7197121843636981,2734.9483201503754
1192.0,3.037361453761542,1743443.0,1743500.0,238.0,0.719475270275015,2736.070523262024
1193.0,3.0343240923077803,1743443.0,1743567.0,237.0,0.719238197139347,2737.178125143051
1194.0,3.0312897682154727,1743443.0,1743609.0,220.0,0.7190009649281436,2738.2795572280884
1195.0,3.028258478447257,1743443.0,1743541.0,233.0,0.7187635736130183,2739.3994731903076
1196.0,3.02523021996881,1743428.0,1743454.0,231.0,0.7185260231657491,2740.4933943748474
1197.0,3.022204989748841,1743310.0,1743320.0,212.0,0.718288313558279,2741.608336210251
1198.0,3.019182784759092,1743279.0,1743336.0,215.0,0.7180504447627161,2742.7413680553436
1199.0,3.016163601974333,1743279.0,1743315.0,227.0,0.7178124167513341,2743.860668182373
1200.0,3.013147438372359,1743275.0,1743296.0,191.0,0.717574229496573,2744.992767095566
1201.0,3.0101342909339865,1743139.0,1743142.0,206.0,0.7173358829710388,2746.0970821380615
1202.0,3.0071241566430524,1743117.0,1743134.0,230.0,0.7170973771475045,2747.228374004364
1203.0,3.0041170324864095,1743098.0,1743108.0,207.0,0.7168587119989104,2748.3670992851257
1204.0,3.001112915453923,1742942.0,1742942.0,208.0,0.7166198874983638,2749.4771132469177
1205.0,2.9981118025384688,1742942.0,1742945.0,213.0,0.7163809036191404,2750.6311843395233
1206.0,2.99511369073593,1742859.0,1742873.0,214.0,0.7161417603346839,2751.741847038269
1207.0,2.9921185770451943,1742758.0,1742775.0,244.0,0.7159024576186067,2752.8516521453857
1208.0,2.989126458468149,1742758.0,1742788.0,209.0,0.7156629954446904,2753.9866240024567
1209.0,2.986137332009681,1742592.0,1742622.0,218.0,0.7154233737868856,2755.0821521282196
1210.0,2.983151194677671,1742553.0,1742570.0,235.0,0.7151835926193132,2756.2057962417603
1211.0,2.9801680434829936,1742456.0,1742466.0,245.0,0.714943651916264,2757.3255779743195
1212.0,2.9771878754395105,1742359.0,1742359.0,223.0,0.714703551652199,2758.435112953186
1213.0,2.974210687564071,1742268.0,1742284.0,215.0,0.7144632918017509,2759.570493221283
1214.0,2.971236476876507,1742073.0,1742076.0,229.0,0.7142228723397233,2760.695281267166
1215.0,2.9682652403996306,1742000.0,1742000.0,224.0,0.7139822932410912,2761.8248450756073
1216.0,2.965296975159231,1741862.0,1741872.0,210.0,0.7137415544810022,2762.942666053772
1217.0,2.962331678184072,1741768.0,1741795.0,245.0,0.713500656034776,2764.061376094818
1218.0,2.9593693465058877,1741692.0,1741792.0,229.0,0.7132595978779053,2765.159986257553
1219.0,2.9564099771593817,1741692.0,1741738.0,221.0,0.713018379986056,2766.277539253235
1220.0,2.953453567182222,1741692.0,1741719.0,180.0,0.7127770023350675,2767.363382101059
1221.0,2.95050011361504,1741592.0,1741599.0,217.0,0.7125354649009533,2768.4341881275177
1222.0,2.9475496135014247,1741578.0,1741636.0,203.0,0.7122937676599013,2769.5350699424744
1223.0,2.944602063887923,1741578.0,1741674.0,222.0,0.7120519105882741,2770.6294231414795
1224.0,2.941657461824035,1741571.0,1741607.0,201.0,0.7118098936626094,2771.712502002716
1225.0,2.9387158043622112,1741458.0,1741506.0,201.0,0.7115677168596204,2772.807104110718
1226.0,2.935777088557849,1741393.0,1741416.0,235.0,0.7113253801561963,2773.8937952518463
1227.0,2.932841311469291,1741366.0,1741376.0,185.0,0.7110828835294025,2774.9987721443176
1228.0,2.9299084701578217,1741278.0,1741296.0,210.0,0.7108402269564813,2776.0913002490997
1229.0,2.926978561687664,1741228.0,1741264.0,203.0,0.7105974104148519,2777.1833691596985
1230.0,2.9240515831259764,1741228.0,1741247.0,181.0,0.710354433882111,2778.2772092819214
1231.0,2.9211275315428504,1741156.0,1741175.0,204.0,0.7101112973360328,2779.3563661575317
1232.0,2.9182064040113076,1741153.0,1741182.0,194.0,0.7098680007545705,2780.4419610500336
1233.0,2.915288197607296,1741136.0,1741136.0,203.0,0.7096245441158551,2781.5166490077972
1234.0,2.912372909409689,1741018.0,1741031.0,207.0,0.7093809273981971,2782.588475227356
1235.0,2.909460536500279,1740942.0,1740973.0,195.0,0.7091371505800864,2783.672063112259
1236.0,2.9065510759637787,1740879.0,1740885.0,202.0,0.7088932136401923,2784.7610352039337
1237.0,2.903644524887815,1740761.0,1740780.0,190.0,0.7086491165573648,2785.8486461639404
1238.0,2.900740880362927,1740727.0,1740768.0,196.0,0.708404859310634,2786.9455852508545
1239.0,2.897840139482564,1740727.0,1740860.0,237.0,0.7081604418792112,2788.0128631591797
1240.0,2.894942299343082,1740712.0,1740714.0,214.0,0.7079158642424891,2789.0890901088715
1241.0,2.892047357043739,1740635.0,1740668.0,204.0,0.7076711263800418,2790.154684305191
1242.0,2.889155309686695,1740596.0,1740636.0,208.0,0.7074262282716258,2791.2453923225403
1243.0,2.8862661543770085,1740499.0,1740504.0,216.0,0.7071811698971803,2792.322237253189
1244.0,2.8833798882226316,1740210.0,1740210.0,212.0,0.7069359512368268,2793.4192452430725
1245.0,2.8804965083344087,1739958.0,1739964.0,177.0,0.7066905722708708,2794.5308911800385
1246.0,2.8776160118260745,1739941.0,1739976.0,193.0,0.7064450329798011,2795.654056072235
1247.0,2.8747383958142483,1739925.0,1739937.0,187.0,0.7061993333442905,2796.708007335663
1248.0,2.871863657418434,1739812.0,1739812.0,216.0,0.7059534733451966,2797.7670793533325
1249.0,2.868991793761016,1739762.0,1739820.0,189.0,0.7057074529635619,2798.862569093704
1250.0,2.8661228019672547,1739745.0,1739749.0,190.0,0.7054612721806135,2799.9233951568604
1251.0,2.8632566791652874,1739713.0,1739759.0,230.0,0.705214930977765,2800.9846091270447
1252.0,2.8603934224861223,1739645.0,1739665.0,194.0,0.7049684293366156,2802.0541801452637
1253.0,2.857533029063636,1739562.0,1739575.0,194.0,0.7047217672389511,2803.121194124222
1254.0,2.8546754960345724,1739483.0,1739483.0,186.0,0.7044749446667441,2804.191806077957
1255.0,2.851820820538538,1739372.0,1739458.0,179.0,0.7042279616021544,2805.261382341385
1256.0,2.8489689997179997,1739350.0,1739374.0,176.0,0.7039808180275295,2806.484938144684
1257.0,2.8461200307182817,1739265.0,1739289.0,175.0,0.703733513925405,2807.5511853694916
1258.0,2.8432739106875635,1739177.0,1739177.0,196.0,0.7034860492785047,2808.612271308899
1259.0,2.840430636776876,1739154.0,1739225.0,209.0,0.7032384240697416,2809.6676700115204
1260.0,2.8375902061400993,1739062.0,1739078.0,192.0,0.7029906382822174,2810.7140321731567
1261.0,2.8347526159339593,1738971.0,1739023.0,203.0,0.7027426918992241,2811.7765822410583
1262.0,2.8319178633180253,1738971.0,1739007.0,198.0,0.7024945849042431,2812.846879005432
1263.0,2.8290859454547075,1738927.0,1738931.0,195.0,0.7022463172809466,2813.8880331516266
1264.0,2.826256859509253,1738889.0,1738893.0,186.0,0.7019978890131974,2814.9432570934296
1265.0,2.8234306026497435,1738870.0,1738970.0,162.0,0.7017493000850498,2815.993575334549
1266.0,2.8206071720470938,1738870.0,1738969.0,169.0,0.7015005504807493,2817.02464222908
1267.0,2.8177865648750466,1738870.0,1738985.0,184.0,0.7012516401847338,2818.0561561584473
1268.0,2.814968778310172,1738870.0,1738893.0,182.0,0.7010025691816335,2819.0973722934723
1269.0,2.8121538095318614,1738859.0,1738900.0,189.0,0.7007533374562713,2820.1176891326904
1270.0,2.8093416557223296,1738807.0,1738807.0,180.0,0.7005039449936635,2821.164169073105
1271.0,2.806532314066607,1738740.0,1738759.0,158.0,0.7002543917790199,2822.2124490737915
1272.0,2.8037257817525405,1738726.0,1738853.0,177.0,0.7000046777977444,2823.2571692466736
1273.0,2.800922055970788,1738726.0,1738808.0,208.0,0.6997548030354352,2824.2820131778717
1274.0,2.798121133914817,1738726.0,1738811.0,162.0,0.6995047674778855,2825.319086074829
1275.0,2.7953230127809023,1738715.0,1738723.0,165.0,0.6992545711110835,2826.346449136734
1276.0,2.7925276897681215,1738651.0,1738671.0,169.0,0.6990042139212133,2827.3755280971527
1277.0,2.7897351620783533,1738500.0,1738500.0,190.0,0.6987536958946549,2828.4245431423187
1278.0,2.786945426916275,1738391.0,1738403.0,212.0,0.6985030170179846,2829.4768991470337
1279.0,2.7841584814893587,1738391.0,1738396.0,165.0,0.6982521772779757,2830.5210843086243
1280.0,2.7813743230078694,1738282.0,1738298.0,166.0,0.698001176661599,2831.5414242744446
1281.0,2.7785929486848615,1738210.0,1738257.0,172.0,0.6977500151560224,2832.5896830558777
1282.0,2.7758143557361765,1738210.0,1738235.0,185.0,0.6974986927486122,2833.638202190399
1283.0,2.77303854138044,1738210.0,1738256.0,198.0,0.6972472094269332,2834.6685881614685
1284.0,2.77026550283906,1738210.0,1738281.0,183.0,0.6969955651787488,2835.6934921741486
1285.0,2.7674952373362207,1738210.0,1738261.0,157.0,0.696743759992022,2836.7085502147675
1286.0,2.7647277420988843,1738192.0,1738221.0,192.0,0.6964917938549151,2837.713787317276
1287.0,2.7619630143567853,1738065.0,1738079.0,155.0,0.6962396667557909,2838.74342417717
1288.0,2.7592010513424285,1738027.0,1738029.0,206.0,0.6959873786832123,2839.7731902599335
1289.0,2.756441850291086,1737892.0,1737896.0,173.0,0.6957349296259434,2840.7988002300262
1290.0,2.753685408440795,1737828.0,1737837.0,196.0,0.6954823195729495,2841.851313352585
1291.0,2.750931723032354,1737720.0,1737737.0,182.0,0.6952295485133975,2842.875100374222
1292.0,2.7481807913093217,1737664.0,1737690.0,171.0,0.6949766164366565,2843.9069352149963
1293.0,2.7454326105180122,1737625.0,1737627.0,150.0,0.6947235233322984,2844.9371531009674
1294.0,2.742687177907494,1737508.0,1737516.0,163.0,0.6944702691900975,2845.958983182907
1295.0,2.7399444907295867,1737445.0,1737459.0,170.0,0.6942168540000317,2846.9811642169952
1296.0,2.737204546238857,1737321.0,1737331.0,177.0,0.693963277752283,2848.017256975174
1297.0,2.734467341692618,1737209.0,1737209.0,166.0,0.693709540437237,2849.046258211136
1298.0,2.7317328743509255,1737097.0,1737099.0,182.0,0.6934556420454842,2850.0690491199493
1299.0,2.7290011414765747,1736949.0,1736978.0,186.0,0.6932015825678199,2851.10547208786
1300.0,2.726272140335098,1736910.0,1736914.0,188.0,0.6929473619952451,2852.130266189575
1301.0,2.723545868194763,1736891.0,1736963.0,163.0,0.6926929803189662,2853.1416442394257
1302.0,2.720822322326568,1736891.0,1736985.0,172.0,0.6924384375303962,2854.158319234848
1303.0,2.7181015000042414,1736891.0,1736952.0,173.0,0.6921837336211545,2855.1532742977142
1304.0,2.7153833985042373,1736891.0,1736920.0,156.0,0.6919288685830676,2856.1461861133575
1305.0,2.712668015105733,1736761.0,1736761.0,171.0,0.6916738424081693,2857.144242286682
1306.0,2.7099553470906272,1736673.0,1736710.0,182.0,0.6914186550887016,2858.1831891536713
1307.0,2.7072453917435366,1736644.0,1736716.0,175.0,0.6911633066171146,2859.1973531246185
1308.0,2.7045381463517932,1736644.0,1736697.0,157.0,0.6909077969860669,2860.201430082321
1309.0,2.7018336082054413,1736644.0,1736650.0,144.0,0.6906521261884264,2861.214158296585
1310.0,2.6991317745972356,1736603.0,1736638.0,166.0,0.6903962942172707,2862.2141172885895
1311.0,2.6964326428226384,1736590.0,1736629.0,178.0,0.690140301065887,2863.2204899787903
1312.0,2.6937362101798157,1736476.0,1736483.0,180.0,0.6898841467277729,2864.2126381397247
1313.0,2.691042473969636,1736407.0,1736410.0,166.0,0.689627831196637,2865.2374410629272
1314.0,2.6883514314956662,1736391.0,1736396.0,169.0,0.6893713544663987,2866.2527391910553
1315.0,2.6856630800641708,1736292.0,1736312.0,174.0,0.6891147165311895,2867.252603292465
1316.0,2.6829774169841065,1736201.0,1736241.0,156.0,0.6888579173853522,2868.2403621673584
1317.0,2.680294439567122,1736120.0,1736123.0,183.0,0.6886009570234427,2869.24467921257
1318.0,2.677614145127555,1736040.0,1736044.0,140.0,0.6883438354402294,2870.253962993622
1319.0,2.6749365309824276,1736015.0,1736037.0,151.0,0.6880865526306938,2871.2394852638245
1320.0,2.672261594451445,1736015.0,1736044.0,174.0,0.6878291085900317,2872.2260982990265
1321.0,2.6695893328569937,1735986.0,1735989.0,150.0,0.6875715033136521,2873.21760225296
1322.0,2.6669197435241365,1735859.0,1735862.0,164.0,0.6873137367971792,2874.202372312546
1323.0,2.6642528237806125,1735824.0,1735854.0,156.0,0.6870558090364518,2875.217357158661
1324.0,2.6615885709568317,1735694.0,1735754.0,173.0,0.6867977200275243,2876.206448316574
1325.0,2.658926982385875,1735694.0,1735765.0,150.0,0.6865394697666664,2877.214391231537
1326.0,2.656268055403489,1735694.0,1735798.0,185.0,0.6862810582503642,2878.1968882083893
1327.0,2.6536117873480856,1735694.0,1735782.0,136.0,0.6860224854753207,2879.254667043686
1328.0,2.6509581755607377,1735694.0,1735742.0,156.0,0.6857637514384557,2880.227630138397
1329.0,2.648307217385177,1735612.0,1735612.0,131.0,0.6855048561369059,2881.217179298401
1330.0,2.645658910167792,1735588.0,1735588.0,167.0,0.6852457995680268,2882.211203098297
1331.0,2.643013251257624,1735493.0,1735513.0,142.0,0.6849865817293914,2883.19024515152
1332.0,2.640370238006366,1735392.0,1735400.0,147.0,0.6847272026187917,2884.2018072605133
1333.0,2.6377298677683596,1735277.0,1735277.0,154.0,0.684467662234239,2885.196102142334
1334.0,2.635092137900591,1735241.0,1735247.0,151.0,0.6842079605739637,2886.216995239258
1335.0,2.6324570457626906,1735085.0,1735085.0,162.0,0.6839480976364164,2887.1946952342987
1336.0,2.629824588716928,1735000.0,1735059.0,157.0,0.683688073420268,2888.2191531658173
1337.0,2.6271947641282107,1735000.0,1735028.0,133.0,0.6834278879244103,2889.220737218857
1338.0,2.6245675693640824,1734954.0,1734994.0,170.0,0.6831675411479563,2890.194422006607
1339.0,2.6219430017947185,1734954.0,1734986.0,177.0,0.6829070330902404,2891.188408136368
1340.0,2.6193210587929237,1734940.0,1734983.0,140.0,0.6826463637508193,2892.1648650169373
1341.0,2.6167017377341306,1734915.0,1734947.0,181.0,0.682385533129472,2893.136956214905
1342.0,2.6140850359963963,1734915.0,1734987.0,144.0,0.6821245412262007,2894.1111102104187
1343.0,2.6114709509604,1734892.0,1734902.0,161.0,0.6818633880412306,2895.0877780914307
1344.0,2.6088594800094396,1734867.0,1734901.0,160.0,0.6816020735750108,2896.0895631313324
1345.0,2.6062506205294302,1734867.0,1734913.0,145.0,0.6813405978282145,2897.0879821777344
1346.0,2.603644369908901,1734867.0,1734923.0,160.0,0.6810789608017398,2898.0792162418365
1347.0,2.601040725538992,1734867.0,1734911.0,157.0,0.6808171624967092,2899.145131111145
1348.0,2.598439684813453,1734859.0,1734880.0,140.0,0.6805552029144711,2900.2767119407654
1349.0,2.5958412451286397,1734836.0,1734850.0,155.0,0.6802930820565999,2901.3264603614807
1350.0,2.593245403883511,1734729.0,1734751.0,153.0,0.6800307999248958,2902.3543281555176
1351.0,2.5906521584796276,1734729.0,1734806.0,142.0,0.6797683565213861,2903.3805541992188
1352.0,2.588061506321148,1734729.0,1734747.0,146.0,0.6795057518483252,2904.3688011169434
1353.0,2.5854734448148267,1734678.0,1734689.0,143.0,0.6792429859081948,2905.3516342639923
1354.0,2.582887971370012,1734634.0,1734644.0,147.0,0.6789800587037048,2906.3401012420654
1355.0,2.580305083398642,1734602.0,1734604.0,145.0,0.6787169702377936,2907.3331961631775
1356.0,2.5777247783152433,1734571.0,1734624.0,138.0,0.6784537205136285,2908.328292131424
1357.0,2.575147053536928,1734571.0,1734634.0,147.0,0.6781903095346056,2909.311440229416
1358.0,2.572571906483391,1734532.0,1734537.0,134.0,0.6779267373043513,2910.2822070121765
1359.0,2.5699993345769077,1734459.0,1734467.0,161.0,0.6776630038267216,2911.2602832317352
1360.0,2.567429335242331,1734409.0,1734450.0,130.0,0.6773991091058035,2912.2641773223877
1361.0,2.5648619059070885,1734409.0,1734447.0,133.0,0.6771350531459146,2913.259058237076
1362.0,2.5622970440011814,1734402.0,1734418.0,148.0,0.6768708359516042,2914.224783182144
1363.0,2.5597347469571803,1734329.0,1734342.0,148.0,0.6766064575276535,2915.182594060898
1364.0,2.557175012210223,1734187.0,1734198.0,156.0,0.6763419178790755,2916.1850061416626
1365.0,2.5546178371980126,1734143.0,1734148.0,158.0,0.6760772170111162,2917.1835520267487
1366.0,2.5520632193608144,1734134.0,1734154.0,142.0,0.675812354929255,2918.1587252616882
1367.0,2.5495111561414534,1734090.0,1734111.0,155.0,0.6755473316392042,2919.1211631298065
1368.0,2.546961644985312,1734070.0,1734077.0,125.0,0.6752821471469106,2920.1103723049164
1369.0,2.5444146833403267,1734060.0,1734085.0,137.0,0.6750168014585554,2921.088937997818
1370.0,2.5418702686569863,1734002.0,1734012.0,130.0,0.6747512945805542,2922.045427083969
1371.0,2.5393283983883292,1733933.0,1733933.0,171.0,0.6744856265195582,2923.02645111084
1372.0,2.5367890699899407,1733834.0,1733836.0,141.0,0.6742197972824545,2924.0077650547028
1373.0,2.534252280919951,1733722.0,1733722.0,158.0,0.6739538068763659,2924.9930963516235
1374.0,2.531718028639031,1733702.0,1733702.0,137.0,0.6736876553086519,2925.981784105301
1375.0,2.529186310610392,1733624.0,1733636.0,123.0,0.6734213425869092,2926.9465012550354
1376.0,2.5266571242997813,1733611.0,1733658.0,145.0,0.6731548687189717,2927.920547246933
1377.0,2.5241304671754814,1733581.0,1733594.0,135.0,0.6728882337129111,2928.88068819046
1378.0,2.521606336708306,1733535.0,1733535.0,136.0,0.6726214375770375,2929.84748005867
1379.0,2.5190847303715977,1733430.0,1733433.0,132.0,0.6723544803198999,2930.825343132019
1380.0,2.516565645641226,1733393.0,1733400.0,144.0,0.6720873619502861,2931.79270195961
1381.0,2.514049079995585,1733326.0,1733343.0,157.0,0.6718200824772237,2932.76860332489
1382.0,2.511535030915589,1733292.0,1733298.0,137.0,0.6715526419099802,2933.747145175934
1383.0,2.5090234958846733,1733218.0,1733219.0,125.0,0.6712850402580637,2934.721560239792
1384.0,2.5065144723887887,1733162.0,1733162.0,138.0,0.6710172775312231,2935.685340166092
1385.0,2.5040079579164,1733134.0,1733225.0,129.0,0.6707493537394484,2936.6565251350403
1386.0,2.5015039499584835,1733099.0,1733107.0,108.0,0.6704812688929717,2937.611426115036
1387.0,2.499002446008525,1733099.0,1733119.0,118.0,0.6702130230022671,2938.5631012916565
1388.0,2.4965034435625166,1733088.0,1733105.0,134.0,0.6699446160780513,2939.517749071121
1389.0,2.494006940118954,1732921.0,1732921.0,153.0,0.6696760481312841,2940.458050251007
1390.0,2.491512933178835,1732816.0,1732840.0,138.0,0.6694073191731688,2941.437058210373
1391.0,2.489021420245656,1732816.0,1732910.0,164.0,0.6691384292151524,2942.402060031891
1392.0,2.4865323988254104,1732816.0,1732863.0,118.0,0.6688693782689266,2943.354545354843
1393.0,2.484045866426585,1732749.0,1732789.0,143.0,0.6686001663464277,2944.3024032115936
1394.0,2.4815618205601586,1732744.0,1732771.0,123.0,0.668330793459837,2945.2563982009888
1395.0,2.4790802587395984,1732716.0,1732728.0,136.0,0.668061259621582,2946.20183134079
1396.0,2.4766011784808586,1732706.0,1732728.0,139.0,0.6677915648443358,2947.1402640342712
1397.0,2.4741245773023777,1732590.0,1732601.0,139.0,0.667521709141018,2948.088470220566
1398.0,2.471650452725075,1732515.0,1732519.0,137.0,0.6672516925247958,2949.048538208008
1399.0,2.46917880227235,1732482.0,1732499.0,133.0,0.666981515009083,2950.010327100754
1400.0,2.466709623470078,1732417.0,1732432.0,123.0,0.6667111766075418,2950.9356622695923
1401.0,2.4642429138466078,1732375.0,1732398.0,139.0,0.6664406773340822,2951.893869161606
1402.0,2.461778670932761,1732339.0,1732382.0,147.0,0.6661700172028633,2952.842802286148
1403.0,2.4593168922618283,1732300.0,1732303.0,138.0,0.6658991962282933,2953.778398036957
1404.0,2.4568575753695665,1732222.0,1732236.0,131.0,0.6656282144250297,2954.7290182113647
1405.0,2.454400717794197,1732182.0,1732191.0,138.0,0.6653570718079804,2955.696366071701
1406.0,2.451946317076403,1732149.0,1732149.0,137.0,0.6650857683923034,2956.640767097473
1407.0,2.4494943707593264,1732110.0,1732158.0,120.0,0.6648143041934078,2957.570732116699
1408.0,2.447044876388567,1732057.0,1732098.0,147.0,0.664542679226954,2958.5184099674225
1409.0,2.4445978315121786,1732032.0,1732043.0,113.0,0.664270893508854,2959.467702150345
1410.0,2.4421532336806666,1731959.0,1731976.0,152.0,0.6639989470552724,2960.4083709716797
1411.0,2.439711080446986,1731885.0,1731913.0,131.0,0.6637268398826259,2961.3637981414795
1412.0,2.437271369366539,1731758.0,1731768.0,147.0,0.663454572007585,2962.3084461688995
1413.0,2.4348340979971725,1731684.0,1731684.0,131.0,0.6631821434470727,2963.2592730522156
1414.0,2.432399263899175,1731613.0,1731615.0,136.0,0.662909554218267,2964.1941010951996
1415.0,2.429966864635276,1731551.0,1731551.0,153.0,0.6626368043385997,2965.121911048889
1416.0,2.427536897770641,1731472.0,1731472.0,133.0,0.6623638938257577,2966.067336320877
1417.0,2.42510936087287,1731362.0,1731378.0,106.0,0.6620908226976829,2967.0091919898987
1418.0,2.4226842515119973,1731347.0,1731362.0,131.0,0.6618175909725732,2967.96497631073
1419.0,2.4202615672604852,1731338.0,1731343.0,109.0,0.6615441986688825,2968.8775012493134
1420.0,2.4178413056932246,1731319.0,1731339.0,118.0,0.6612706458053214,2969.8041672706604
1421.0,2.415423464387531,1731280.0,1731287.0,135.0,0.6609969324008572,2970.715831041336
1422.0,2.4130080409231436,1731211.0,1731226.0,129.0,0.6607230584747154,2971.6461791992188
1423.0,2.4105950328822203,1731211.0,1731233.0,125.0,0.6604490240463786,2972.5717990398407
1424.0,2.408184437849338,1731134.0,1731190.0,127.0,0.6601748291355882,2973.493519306183
1425.0,2.4057762534114886,1731134.0,1731169.0,135.0,0.6599004737623446,2974.404116153717
1426.0,2.4033704771580773,1731134.0,1731145.0,121.0,0.6596259579469067,2975.311149120331
1427.0,2.4009671066809193,1731130.0,1731146.0,131.0,0.659351281709794,2976.2120740413666
1428.0,2.398566139574238,1731079.0,1731100.0,141.0,0.6590764450717852,2977.1213870048523
1429.0,2.396167573434664,1731059.0,1731062.0,119.0,0.6588014480539203,2978.031405210495
1430.0,2.393771405861229,1731036.0,1731039.0,143.0,0.6585262906775,2978.9274060726166
1431.0,2.391377634455368,1731026.0,1731040.0,137.0,0.6582509729640864,2979.8506231307983
1432.0,2.3889862568209126,1731026.0,1731055.0,135.0,0.6579754949355036,2980.7644522190094
1433.0,2.3865972705640917,1731026.0,1731113.0,129.0,0.6576998566138379,2981.676586151123
1434.0,2.3842106732935275,1731026.0,1731084.0,108.0,0.6574240580214386,2982.576786994934
1435.0,2.381826462620234,1731026.0,1731058.0,118.0,0.6571480991809178,2983.4705622196198
1436.0,2.3794446361576136,1731026.0,1731096.0,129.0,0.6568719801151518,2984.367166996002
1437.0,2.377065191521456,1731026.0,1731037.0,124.0,0.6565957008472806,2985.264281272888
1438.0,2.3746881263299344,1730894.0,1730896.0,112.0,0.6563192614007088,2986.1638391017914
1439.0,2.3723134382036046,1730893.0,1730927.0,126.0,0.6560426617991063,2987.0897541046143
1440.0,2.369941124765401,1730862.0,1730869.0,117.0,0.6557659020664078,2987.988042116165
1441.0,2.3675711836406355,1730822.0,1730823.0,110.0,0.6554889822268144,2988.9048042297363
1442.0,2.3652036124569946,1730820.0,1730836.0,128.0,0.6552119023047934,2989.8093960285187
1443.0,2.3628384088445378,1730819.0,1730825.0,86.0,0.6549346623250787,2990.694530248642
1444.0,2.3604755704356934,1730706.0,1730721.0,119.0,0.6546572623126716,2991.610140323639
1445.0,2.3581150948652576,1730654.0,1730654.0,105.0,0.6543797022928408,2992.5153641700745
1446.0,2.3557569797703923,1730513.0,1730519.0,139.0,0.6541019822911233,2993.435361146927
1447.0,2.353401222790622,1730474.0,1730474.0,128.0,0.6538241023333246,2994.3687891960144
1448.0,2.351047821567831,1730373.0,1730380.0,102.0,0.6535460624455189,2995.26890707016
1449.0,2.348696773746263,1730258.0,1730266.0,116.0,0.6532678626540503,2996.1815433502197
1450.0,2.3463480769725167,1730258.0,1730302.0,114.0,0.6529895029855326,2997.0963032245636
1451.0,2.3440017288955444,1730233.0,1730245.0,124.0,0.6527109834668494,2997.982964038849
1452.0,2.3416577271666488,1730200.0,1730230.0,129.0,0.6524323041251558,2998.875456094742
1453.0,2.3393160694394823,1730097.0,1730101.0,137.0,0.6521534649878777,2999.7724261283875
1454.0,2.3369767533700427,1729985.0,1729987.0,133.0,0.6518744660827126,3000.6745359897614
1455.0,2.334639776616673,1729961.0,1729988.0,105.0,0.6515953074376302,3001.5918583869934
1456.0,2.332305136840056,1729935.0,1729976.0,124.0,0.6513159890808727,3002.4851610660553
1457.0,2.329972831703216,1729906.0,1729914.0,121.0,0.6510365110409553,3003.377316236496
1458.0,2.3276428588715126,1729872.0,1729889.0,123.0,0.6507568733466667,3004.270612001419
1459.0,2.325315216012641,1729822.0,1729824.0,124.0,0.6504770760270691,3005.1596512794495
1460.0,2.322989900796628,1729728.0,1729762.0,115.0,0.6501971191114995,3006.04066324234
1461.0,2.3206669108958313,1729707.0,1729715.0,107.0,0.6499170026295694,3006.948513031006
1462.0,2.3183462439849354,1729704.0,1729761.0,114.0,0.6496367266111654,3007.830199241638
1463.0,2.3160278977409505,1729704.0,1729721.0,113.0,0.6493562910864501,3008.7033081054688
1464.0,2.3137118698432095,1729689.0,1729692.0,104.0,0.6490756960858617,3009.5767652988434
1465.0,2.3113981579733665,1729630.0,1729639.0,119.0,0.6487949416401154,3010.4583332538605
1466.0,2.309086759815393,1729611.0,1729626.0,107.0,0.6485140277802031,3011.3564171791077
1467.0,2.306777673055578,1729479.0,1729486.0,114.0,0.6482329545373942,3012.2391180992126
1468.0,2.304470895382522,1729410.0,1729411.0,118.0,0.647951721943236,3013.146401166916
1469.0,2.30216642448714,1729353.0,1729364.0,104.0,0.6476703300295541,3014.043123960495
1470.0,2.2998642580626525,1729324.0,1729359.0,104.0,0.6473887788284529,3014.914046049118
1471.0,2.2975643938045898,1729324.0,1729374.0,104.0,0.6471070683723159,3015.80393910408
1472.0,2.295266829410785,1729304.0,1729304.0,105.0,0.6468251986938065,3016.657930135727
1473.0,2.2929715625813745,1729211.0,1729211.0,124.0,0.646543169825868,3017.551591157913
1474.0,2.2906785910187932,1729185.0,1729196.0,115.0,0.6462609818017243,3018.458915233612
1475.0,2.2883879124277744,1729158.0,1729160.0,103.0,0.6459786346548801,3019.341774225235
1476.0,2.286099524515347,1729093.0,1729093.0,114.0,0.6456961284191222,3020.2150931358337
1477.0,2.2838134249908313,1728994.0,1729000.0,114.0,0.6454134631285184,3021.0955142974854
1478.0,2.2815296115658406,1728940.0,1728944.0,108.0,0.6451306388174196,3021.984176158905
1479.0,2.279248081954275,1728890.0,1728890.0,100.0,0.644847655520459,3022.8574872016907
1480.0,2.2769688338723206,1728834.0,1728872.0,104.0,0.6445645132725533,3023.727865219116
1481.0,2.2746918650384482,1728834.0,1728881.0,110.0,0.6442812121089027,3024.603867292404
1482.0,2.2724171731734097,1728834.0,1728925.0,110.0,0.6439977520649915,3025.458353281021
1483.0,2.2701447560002364,1728834.0,1728877.0,101.0,0.643714133176589,3026.3136882781982
1484.0,2.267874611244236,1728834.0,1728868.0,100.0,0.643430355479749,3027.1892812252045
1485.0,2.265606736632992,1728834.0,1728867.0,126.0,0.6431464190108112,3028.049983024597
1486.0,2.263341129896359,1728814.0,1728817.0,108.0,0.6428623238064006,3028.9132182598114
1487.0,2.2610777887664626,1728744.0,1728744.0,108.0,0.6425780699034294,3029.771014213562
1488.0,2.258816710977696,1728684.0,1728687.0,106.0,0.6422936573390958,3030.636554002762
1489.0,2.2565578942667184,1728593.0,1728602.0,100.0,0.6420090861508859,3031.5086719989777
1490.0,2.2543013363724516,1728549.0,1728550.0,114.0,0.6417243563765731,3032.3787891864777
1491.0,2.252047035036079,1728422.0,1728422.0,97.0,0.6414394680542193,3033.2400982379913
1492.0,2.249794988001043,1728380.0,1728380.0,109.0,0.6411544212221744,3034.1346480846405
1493.0,2.2475451930130417,1728327.0,1728371.0,103.0,0.6408692159190781,3034.9992320537567
1494.0,2.2452976478200286,1728316.0,1728327.0,110.0,0.640583852183859,3035.863787174225
1495.0,2.2430523501722086,1728231.0,1728247.0,89.0,0.6402983300557362,3036.7154841423035
1496.0,2.2408092978220364,1728137.0,1728137.0,119.0,0.6400126495742187,3037.578532218933
1497.0,2.2385684885242143,1728129.0,1728129.0,91.0,0.6397268107791064,3038.4682881832123
1498.0,2.2363299200356903,1728053.0,1728081.0,109.0,0.6394408137104909,3039.3307812213898
1499.0,2.2340935901156547,1728033.0,1728044.0,104.0,0.639154658408755,3040.201063156128
1500.0,2.231859496525539,1727975.0,1727975.0,121.0,0.6388683449145739,3041.058678150177
1501.0,2.2296276370290133,1727960.0,1727996.0,108.0,0.6385818732689157,3041.9918241500854
1502.0,2.2273980093919845,1727960.0,1728006.0,113.0,0.6382952435130412,3043.0010130405426
1503.0,2.2251706113825924,1727943.0,1727948.0,112.0,0.638008455688505,3043.8742311000824
1504.0,2.22294544077121,1727873.0,1727875.0,106.0,0.6377215098371554,3044.729885339737
1505.0,2.2207224953304388,1727847.0,1727875.0,101.0,0.6374344060011352,3045.594489097595
1506.0,2.218501772835108,1727847.0,1727849.0,105.0,0.6371471442228824,3046.424733400345
1507.0,2.2162832710622733,1727816.0,1727870.0,101.0,0.6368597245451301,3047.263498067856
1508.0,2.214066987791211,1727816.0,1727863.0,109.0,0.6365721470109067,3048.124571323395
1509.0,2.2118529208034197,1727816.0,1727832.0,117.0,0.6362844116635377,3049.070655107498
1510.0,2.2096410678826164,1727805.0,1727814.0,91.0,0.6359965185466446,3049.9116101264954
1511.0,2.207431426814734,1727735.0,1727735.0,108.0,0.6357084677041464,3050.763508081436
1512.0,2.2052239953879194,1727622.0,1727638.0,106.0,0.6354202591802594,3051.6262731552124
1513.0,2.2030187713925313,1727622.0,1727633.0,122.0,0.6351318930194979,3052.481090068817
1514.0,2.2008157526211387,1727622.0,1727688.0,105.0,0.634843369266675,3053.3144731521606
1515.0,2.1986149368685175,1727622.0,1727703.0,110.0,0.6345546879669022,3054.1494710445404
1516.0,2.196416321931649,1727616.0,1727616.0,108.0,0.6342658491655907,3054.9911901950836
1517.0,2.1942199056097174,1727613.0,1727616.0,93.0,0.6339768529084516,3055.822245121002
1518.0,2.192025685704108,1727597.0,1727597.0,114.0,0.633687699241496,3056.8291451931
1519.0,2.1898336600184036,1727505.0,1727508.0,115.0,0.6333983882110357,3057.6994502544403
1520.0,2.1876438263583853,1727468.0,1727478.0,87.0,0.6331089198636837,3058.556237220764
1521.0,2.185456182532027,1727450.0,1727452.0,108.0,0.6328192942463547,3059.400485277176
1522.0,2.183270726349495,1727385.0,1727387.0,100.0,0.6325295114062653,3060.207636117935
1523.0,2.1810874556231457,1727362.0,1727379.0,92.0,0.6322395713909347,3061.0411472320557
1524.0,2.1789063681675227,1727306.0,1727306.0,96.0,0.6319494742481849,3061.895735025406
1525.0,2.1767274617993553,1727218.0,1727222.0,94.0,0.6316592200261415,3062.76672911644
1526.0,2.174550734337556,1727178.0,1727178.0,117.0,0.6313688087732338,3063.6208939552307
1527.0,2.1723761836032187,1727068.0,1727068.0,94.0,0.6310782405381953,3064.465388059616
1528.0,2.1702038074196155,1727012.0,1727034.0,93.0,0.6307875153700643,3065.3097920417786
1529.0,2.1680336036121957,1727011.0,1727060.0,80.0,0.6304966333181843,3066.14070725441
1530.0,2.1658655700085836,1727011.0,1727031.0,98.0,0.6302055944322045,3066.9469192028046
1531.0,2.163699704438575,1726994.0,1726999.0,112.0,0.6299143987620801,3067.7691493034363
1532.0,2.161536004734136,1726970.0,1727002.0,108.0,0.6296230463580728,3068.588585138321
1533.0,2.159374468729402,1726967.0,1726971.0,106.0,0.6293315372707513,3069.4143421649933
1534.0,2.1572150942606725,1726958.0,1726974.0,95.0,0.6290398715509916,3070.2129900455475
1535.0,2.155057879166412,1726860.0,1726865.0,97.0,0.628748049249978,3071.0523681640625
1536.0,2.1529028212872454,1726820.0,1726839.0,80.0,0.6284560704192024,3071.881518125534
1537.0,2.150749918465958,1726820.0,1726859.0,86.0,0.6281639351104661,3072.6968183517456
1538.0,2.1485991685474923,1726820.0,1726828.0,89.0,0.6278716433758792,3073.493846178055
1539.0,2.1464505693789446,1726816.0,1726835.0,83.0,0.6275791952678617,3074.2893970012665
1540.0,2.1443041188095657,1726816.0,1726832.0,99.0,0.6272865908391436,3075.0942351818085
1541.0,2.142159814690756,1726743.0,1726743.0,102.0,0.6269938301427654,3075.8821630477905
1542.0,2.140017654876065,1726685.0,1726688.0,95.0,0.6267009132320788,3076.6952571868896
1543.0,2.137877637221189,1726621.0,1726656.0,92.0,0.6264078401607468,3077.5108182430267
1544.0,2.135739759583968,1726621.0,1726648.0,99.0,0.6261146109827441,3078.331950187683
1545.0,2.133604019824384,1726603.0,1726603.0,99.0,0.6258212257523581,3079.1241371631622
1546.0,2.1314704158045594,1726535.0,1726582.0,109.0,0.6255276845241888,3079.92707324028
1547.0,2.129338945388755,1726512.0,1726512.0,113.0,0.6252339873531494,3080.717273235321
1548.0,2.1272096064433663,1726448.0,1726478.0,87.0,0.6249401342944669,3081.5208570957184
1549.0,2.125082396836923,1726415.0,1726427.0,100.0,0.6246461254036825,3082.3361961841583
1550.0,2.122957314440086,1726365.0,1726371.0,127.0,0.6243519607366514,3083.1302161216736
1551.0,2.120834357125646,1726360.0,1726428.0,98.0,0.6240576403495448,3083.9428701400757
1552.0,2.11871352276852,1726360.0,1726495.0,103.0,0.6237631642988484,3084.7426722049713
1553.0,2.1165948092457514,1726360.0,1726487.0,83.0,0.6234685326413644,3085.532923221588
1554.0,2.1144782144365055,1726360.0,1726465.0,96.0,0.6231737454342112,3086.3207890987396
1555.0,2.112363736222069,1726360.0,1726445.0,96.0,0.622878802734824,3087.1307582855225
1556.0,2.110251372485847,1726360.0,1726385.0,99.0,0.6225837046009552,3087.946391105652
1557.0,2.108141121113361,1726278.0,1726281.0,80.0,0.6222884510906751,3088.741874217987
1558.0,2.1060329799922477,1726210.0,1726214.0,89.0,0.6219930422623718,3089.5960981845856
1559.0,2.1039269470122552,1726205.0,1726216.0,88.0,0.6216974781747523,3090.4890592098236
1560.0,2.101823020065243,1726159.0,1726187.0,89.0,0.6214017588868425,3091.3352761268616
1561.0,2.0997211970451777,1726159.0,1726184.0,100.0,0.6211058844579879,3092.194760322571
1562.0,2.0976214758481326,1726137.0,1726138.0,92.0,0.6208098549478536,3093.0477912425995
1563.0,2.0955238543722845,1726099.0,1726101.0,91.0,0.6205136704164255,3094.0247333049774
1564.0,2.093428330517912,1726045.0,1726045.0,99.0,0.62021733092401,3095.070538043976
1565.0,2.091334902187394,1726021.0,1726021.0,84.0,0.619920836531235,3096.0001900196075
1566.0,2.0892435672852065,1725985.0,1725989.0,99.0,0.61962418729905,3096.8407990932465
1567.0,2.0871543237179213,1725927.0,1725933.0,96.0,0.6193273832887265,3097.6970942020416
1568.0,2.0850671693942036,1725854.0,1725854.0,86.0,0.6190304245618589,3098.5325701236725
1569.0,2.0829821022248094,1725829.0,1725842.0,95.0,0.6187333111803643,3099.367065191269
1570.0,2.0808991201225844,1725781.0,1725792.0,89.0,0.6184360432064837,3100.1944122314453
1571.0,2.0788182210024617,1725746.0,1725767.0,79.0,0.6181386207027817,3101.02525806427
1572.0,2.076739402781459,1725722.0,1725734.0,99.0,0.6178410437321474,3101.869771003723
1573.0,2.0746626633786778,1725692.0,1725702.0,107.0,0.6175433123577947,3102.699882030487
1574.0,2.072588000715299,1725666.0,1725670.0,86.0,0.6172454266432628,3103.5511333942413
1575.0,2.0705154127145837,1725609.0,1725609.0,103.0,0.6169473866524166,3104.4003043174744
1576.0,2.068444897301869,1725598.0,1725631.0,84.0,0.616649192449447,3105.2136693000793
1577.0,2.066376452404567,1725566.0,1725574.0,101.0,0.6163508440988718,3106.1061120033264
1578.0,2.0643100759521626,1725508.0,1725517.0,98.0,0.6160523416655357,3106.9406971931458
1579.0,2.0622457658762103,1725405.0,1725410.0,107.0,0.6157536852146106,3107.7612631320953
1580.0,2.0601835201103342,1725353.0,1725353.0,86.0,0.615454874811597,3108.591888189316
1581.0,2.058123336590224,1725348.0,1725385.0,105.0,0.615155910522323,3109.462166070938
1582.0,2.0560652132536337,1725348.0,1725402.0,74.0,0.614856792412946,3110.3052921295166
1583.0,2.05400914804038,1725348.0,1725399.0,87.0,0.6145575205499525,3111.121566057205
1584.0,2.05195513889234,1725348.0,1725397.0,100.0,0.6142580950001588,3111.918116092682
1585.0,2.0499031837534476,1725313.0,1725333.0,97.0,0.6139585158307113,3112.718855381012
1586.0,2.047853280569694,1725273.0,1725273.0,95.0,0.6136587831090867,3113.5342090129852
1587.0,2.045805427289124,1725215.0,1725217.0,83.0,0.6133588969030932,3114.3474061489105
1588.0,2.043759621861835,1725213.0,1725222.0,62.0,0.6130588572808702,3115.15407204628
1589.0,2.041715862239973,1725162.0,1725162.0,86.0,0.6127586643108891,3115.962471961975
1590.0,2.0396741463777333,1725082.0,1725084.0,102.0,0.6124583180619535,3116.7735381126404
1591.0,2.0376344722313555,1725000.0,1725000.0,97.0,0.6121578186032001,3117.5882902145386
1592.0,2.0355968377591243,1724985.0,1725014.0,89.0,0.6118571660040983,3118.3971321582794
1593.0,2.0335612409213653,1724985.0,1725004.0,72.0,0.6115563603344518,3119.2179362773895
1594.0,2.031527679680444,1724937.0,1724944.0,75.0,0.6112554016643981,3119.998531103134
1595.0,2.0294961520007635,1724935.0,1724944.0,89.0,0.610954290064409,3120.8086111545563
1596.0,2.027466655848763,1724927.0,1724930.0,90.0,0.610653025605292,3121.5943372249603
1597.0,2.025439189192914,1724903.0,1724929.0,86.0,0.6103516083581892,3122.3839752674103
1598.0,2.0234137500037215,1724903.0,1724908.0,80.0,0.6100500383945795,3123.1939079761505
1599.0,2.0213903362537176,1724858.0,1724859.0,82.0,0.609748315786277,3123.99454331398
1600.0,2.019368945917464,1724740.0,1724740.0,80.0,0.6094464406054336,3124.8093581199646
1601.0,2.0173495769715464,1724686.0,1724686.0,97.0,0.6091444129245379,3125.631603002548
1602.0,2.0153322273945746,1724600.0,1724611.0,85.0,0.608842232816416,3126.434730052948
1603.0,2.01331689516718,1724523.0,1724523.0,71.0,0.6085399003542326,3127.2329800128937
1604.0,2.011303578272013,1724490.0,1724509.0,69.0,0.6082374156114904,3128.0496411323547
1605.0,2.009292274693741,1724449.0,1724473.0,69.0,0.6079347786620312,3128.854820251465
1606.0,2.007282982419047,1724408.0,1724408.0,93.0,0.6076319895800363,3129.642723083496
1607.0,2.005275699436628,1724361.0,1724365.0,96.0,0.6073290484400268,3130.4455811977386
1608.0,2.003270423737191,1724286.0,1724290.0,82.0,0.607025955316864,3131.245194196701
1609.0,2.001267153313454,1724250.0,1724250.0,80.0,0.6067227102857499,3132.053998231888
1610.0,1.9992658861601404,1724185.0,1724198.0,85.0,0.6064193134222278,3132.8402211666107
1611.0,1.9972666202739804,1724185.0,1724229.0,83.0,0.6061157648021822,3133.641678094864
1612.0,1.9952693536537065,1724185.0,1724209.0,86.0,0.6058120645018403,3134.4288940429688
1613.0,1.9932740843000527,1724175.0,1724192.0,80.0,0.605508212597771,3135.213454246521
1614.0,1.9912808102157527,1724167.0,1724167.0,69.0,0.6052042091668864,3136.0009331703186
1615.0,1.9892895294055368,1724071.0,1724071.0,96.0,0.6049000542864422,3136.7927260398865
1616.0,1.9873002398761312,1724048.0,1724050.0,85.0,0.6045957480340375,3137.6019122600555
1617.0,1.9853129396362552,1724010.0,1724011.0,82.0,0.6042912904876157,3138.40514421463
1618.0,1.9833276266966189,1723992.0,1723998.0,79.0,0.6039866817254647,3139.189084291458
1619.0,1.9813442990699222,1723973.0,1723976.0,89.0,0.6036819218262177,3139.964289188385
1620.0,1.9793629547708522,1723918.0,1723918.0,82.0,0.6033770108688535,3140.7494683265686
1621.0,1.9773835918160814,1723861.0,1723864.0,87.0,0.6030719489326966,3141.550137281418
1622.0,1.9754062082242654,1723841.0,1723848.0,71.0,0.6027667360974177,3142.3290841579437
1623.0,1.9734308020160412,1723794.0,1723796.0,78.0,0.6024613724430348,3143.1147603988647
1624.0,1.971457371214025,1723775.0,1723790.0,89.0,0.6021558580499127,3143.9234330654144
1625.0,1.9694859138428111,1723746.0,1723777.0,79.0,0.6018501929987643,3144.7164261341095
1626.0,1.9675164279289683,1723746.0,1723787.0,104.0,0.6015443773706501,3145.489567041397
1627.0,1.9655489115010394,1723732.0,1723734.0,75.0,0.6012384112469796,3146.2539551258087
1628.0,1.9635833625895383,1723654.0,1723668.0,100.0,0.600932294709511,3147.029356241226
1629.0,1.9616197792269487,1723607.0,1723615.0,79.0,0.600626027840352,3147.834456205368
1630.0,1.9596581594477218,1723556.0,1723558.0,73.0,0.6003196107219603,3148.607075214386
1631.0,1.9576985012882742,1723518.0,1723534.0,81.0,0.6000130434371435,3149.395608186722
1632.0,1.9557408027869858,1723501.0,1723506.0,75.0,0.5997063260690602,3150.1818692684174
1633.0,1.9537850619841988,1723413.0,1723422.0,66.0,0.5993994587012199,3150.9857432842255
1634.0,1.9518312769222146,1723413.0,1723435.0,76.0,0.5990924414174841,3151.767863035202
1635.0,1.9498794456452924,1723370.0,1723371.0,70.0,0.5987852743020659,3152.5238740444183
1636.0,1.947929566199647,1723327.0,1723327.0,79.0,0.5984779574395309,3153.294242143631
1637.0,1.9459816366334473,1723271.0,1723280.0,85.0,0.5981704909147976,3154.080752134323
1638.0,1.9440356549968139,1723246.0,1723249.0,74.0,0.5978628748131378,3154.851991176605
1639.0,1.942091619341817,1723238.0,1723255.0,66.0,0.5975551092201772,3155.6078152656555
1640.0,1.9401495277224752,1723205.0,1723214.0,72.0,0.5972471942218952,3156.379707336426
1641.0,1.9382093781947527,1723173.0,1723193.0,71.0,0.5969391299046262,3157.150096178055
1642.0,1.936271168816558,1723165.0,1723168.0,70.0,0.5966309163550593,3157.923718214035
1643.0,1.9343348976477415,1723101.0,1723107.0,77.0,0.5963225536602392,3158.690430164337
1644.0,1.9324005627500938,1723060.0,1723060.0,83.0,0.5960140419075667,3159.4666283130646
1645.0,1.9304681621873436,1723027.0,1723052.0,78.0,0.5957053811847983,3160.224882364273
1646.0,1.9285376940251562,1722968.0,1722968.0,87.0,0.5953965715800477,3160.9838302135468
1647.0,1.926609156331131,1722931.0,1722931.0,76.0,0.5950876131817855,3161.7651522159576
1648.0,1.9246825471748,1722887.0,1722907.0,67.0,0.5947785060788401,3162.5289402008057
1649.0,1.922757864627625,1722845.0,1722848.0,83.0,0.5944692503603977,3163.2980761528015
1650.0,1.9208351067629974,1722816.0,1722819.0,94.0,0.5941598461160027,3164.0909593105316
1651.0,1.9189142716562344,1722782.0,1722784.0,72.0,0.5938502934355592,3164.8417632579803
1652.0,1.9169953573845782,1722757.0,1722763.0,59.0,0.5935405924093295,3165.6019530296326
1653.0,1.9150783620271936,1722723.0,1722746.0,82.0,0.5932307431279363,3166.3627161979675
1654.0,1.9131632836651664,1722717.0,1722734.0,63.0,0.5929207456823622,3167.112804174423
1655.0,1.9112501203815013,1722661.0,1722676.0,61.0,0.5926106001639505,3167.860855102539
1656.0,1.9093388702611198,1722641.0,1722644.0,70.0,0.592300306664405,3168.6203141212463
1657.0,1.9074295313908587,1722611.0,1722611.0,90.0,0.5919898652757916,3169.38409614563
1658.0,1.905522101859468,1722545.0,1722549.0,71.0,0.5916792760905374,3170.14133810997
1659.0,1.9036165797576083,1722475.0,1722480.0,80.0,0.5913685392014322,3170.8986229896545
1660.0,1.9017129631778507,1722432.0,1722434.0,71.0,0.5910576547016281,3171.659846305847
1661.0,1.899811250214673,1722386.0,1722390.0,95.0,0.5907466226846405,3172.4224841594696
1662.0,1.8979114389644582,1722334.0,1722335.0,77.0,0.5904354432443482,3173.1648321151733
1663.0,1.8960135275254937,1722329.0,1722336.0,77.0,0.5901241164749941,3173.94265127182
1664.0,1.8941175139979682,1722260.0,1722273.0,74.0,0.5898126424711851,3174.701434135437
1665.0,1.8922233964839703,1722260.0,1722268.0,74.0,0.5895010213278934,3175.460428237915
1666.0,1.8903311730874863,1722234.0,1722238.0,75.0,0.5891892531404558,3176.195771217346
1667.0,1.8884408419143988,1722199.0,1722236.0,63.0,0.5888773380045752,3176.953518152237
1668.0,1.8865524010724843,1722199.0,1722222.0,66.0,0.5885652760163201,3177.7184352874756
1669.0,1.8846658486714118,1722182.0,1722197.0,76.0,0.5882530672721259,3178.4788172245026
1670.0,1.8827811828227405,1722170.0,1722188.0,57.0,0.5879407118687945,3179.235160112381
1671.0,1.8808984016399177,1722170.0,1722221.0,54.0,0.5876282099034952,3179.980812072754
1672.0,1.8790175032382779,1722170.0,1722175.0,54.0,0.5873155614737652,3180.7189371585846
1673.0,1.8771384857350395,1722142.0,1722151.0,70.0,0.5870027666775093,3181.4590792655945
1674.0,1.8752613472493045,1722115.0,1722127.0,67.0,0.5866898256130014,3182.2015323638916
1675.0,1.8733860859020552,1722114.0,1722131.0,80.0,0.586376738378884,3182.9488871097565
1676.0,1.871512699816153,1722113.0,1722116.0,61.0,0.5860635050741693,3183.6764953136444
1677.0,1.869641187116337,1722092.0,1722103.0,82.0,0.5857501257982388,3184.413864135742
1678.0,1.8677715459292206,1722057.0,1722059.0,60.0,0.5854366006508446,3185.155625104904
1679.0,1.8659037743832914,1722031.0,1722037.0,67.0,0.5851229297321092,3185.9004390239716
1680.0,1.864037870608908,1722019.0,1722025.0,73.0,0.5848091131425263,3186.629578113556
1681.0,1.862173832738299,1721946.0,1721953.0,70.0,0.5844951509829609,3187.3610560894012
1682.0,1.8603116589055608,1721894.0,1721894.0,74.0,0.5841810433546498,3188.118669271469
1683.0,1.8584513472466553,1721802.0,1721822.0,78.0,0.5838667903592023,3188.8509192466736
1684.0,1.8565928958994087,1721784.0,1721791.0,43.0,0.5835523920986001,3189.5929260253906
1685.0,1.8547363030035093,1721747.0,1721747.0,54.0,0.5832378486751982,3190.342222213745
1686.0,1.8528815667005059,1721720.0,1721757.0,68.0,0.5829231601917251,3191.073613166809
1687.0,1.8510286851338054,1721714.0,1721714.0,88.0,0.582608326751283,3191.8014233112335
1688.0,1.8491776564486715,1721659.0,1721663.0,74.0,0.5822933484573486,3192.5401611328125
1689.0,1.8473284787922228,1721622.0,1721638.0,68.0,0.5819782254137733,3193.2742841243744
1690.0,1.8454811503134305,1721580.0,1721581.0,83.0,0.5816629577247836,3194.025318145752
1691.0,1.843635669163117,1721496.0,1721520.0,63.0,0.5813475454949817,3194.7624032497406
1692.0,1.841792033493954,1721496.0,1721514.0,70.0,0.5810319888293456,3195.521879196167
1693.0,1.83995024146046,1721487.0,1721500.0,64.0,0.5807162878332297,3196.2433161735535
1694.0,1.8381102912189995,1721460.0,1721473.0,68.0,0.5804004426123651,3196.9842581748962
1695.0,1.8362721809277804,1721384.0,1721389.0,68.0,0.5800844532728602,3197.719069957733
1696.0,1.8344359087468527,1721381.0,1721399.0,65.0,0.5797683199212011,3198.467303276062
1697.0,1.832601472838106,1721356.0,1721370.0,77.0,0.5794520426642518,3199.18448805809
1698.0,1.830768871365268,1721343.0,1721345.0,57.0,0.5791356216092542,3199.917103290558
1699.0,1.8289381024939027,1721335.0,1721354.0,66.0,0.5788190568638301,3200.6446092128754
1700.0,1.8271091643914088,1721325.0,1721330.0,62.0,0.5785023485359795,3201.367371082306
1701.0,1.8252820552270175,1721289.0,1721289.0,57.0,0.5781854967340824,3202.091117143631
1702.0,1.8234567731717906,1721257.0,1721269.0,60.0,0.5778685015668988,3202.8005192279816
1703.0,1.8216333163986187,1721242.0,1721249.0,80.0,0.5775513631435693,3203.531860113144
1704.0,1.81981168308222,1721212.0,1721212.0,69.0,0.5772340815736149,3204.2529520988464
1705.0,1.8179918713991376,1721201.0,1721250.0,67.0,0.5769166569669383,3204.9842681884766
1706.0,1.8161738795277385,1721152.0,1721165.0,81.0,0.5765990894338234,3205.6993732452393
1707.0,1.8143577056482108,1721152.0,1721161.0,68.0,0.5762813790849366,3206.429042339325
1708.0,1.8125433479425626,1721152.0,1721157.0,70.0,0.5759635260313264,3207.139028072357
1709.0,1.81073080459462,1721129.0,1721137.0,61.0,0.575645530384424,3207.8507492542267
1710.0,1.8089200737900253,1721081.0,1721083.0,67.0,0.5753273922560442,3208.559919118881
1711.0,1.8071111537162352,1721056.0,1721095.0,70.0,0.5750091117583851,3209.306663274765
1712.0,1.8053040425625189,1721056.0,1721072.0,60.0,0.5746906890040292,3210.0171892642975
1713.0,1.8034987385199563,1721034.0,1721036.0,52.0,0.574372124105943,3210.738183259964
1714.0,1.8016952397814363,1720989.0,1720989.0,64.0,0.5740534171774779,3211.4641921520233
1715.0,1.7998935445416548,1720938.0,1720943.0,65.0,0.573734568332371,3212.1886491775513
1716.0,1.7980936509971133,1720892.0,1720898.0,73.0,0.5734155776847445,3212.898737192154
1717.0,1.7962955573461161,1720874.0,1720877.0,67.0,0.5730964453491066,3213.621067047119
1718.0,1.79449926178877,1720869.0,1720893.0,51.0,0.5727771714403521,3214.3464012145996
1719.0,1.7927047625269812,1720852.0,1720853.0,74.0,0.5724577560737628,3215.0539042949677
1720.0,1.7909120577644542,1720807.0,1720809.0,77.0,0.5721381993650071,3215.7670080661774
1721.0,1.7891211457066898,1720771.0,1720789.0,68.0,0.5718185014301416,3216.478342294693
1722.0,1.7873320245609832,1720762.0,1720775.0,71.0,0.5714986623856104,3217.198531150818
1723.0,1.7855446925364222,1720722.0,1720734.0,67.0,0.5711786823482463,3217.9188570976257
1724.0,1.783759147843886,1720671.0,1720680.0,60.0,0.5708585614352707,3218.6415281295776
1725.0,1.781975388696042,1720659.0,1720660.0,64.0,0.5705382997642942,3219.3615942001343
1726.0,1.780193413307346,1720644.0,1720665.0,66.0,0.5702178974533167,3220.064518213272
1727.0,1.7784132198940388,1720637.0,1720663.0,67.0,0.5698973546207287,3220.7668862342834
1728.0,1.7766348066741446,1720621.0,1720640.0,70.0,0.5695766713853102,3221.451750278473
1729.0,1.7748581718674705,1720561.0,1720561.0,63.0,0.5692558478662325,3222.172136068344
1730.0,1.773083313695603,1720547.0,1720551.0,65.0,0.5689348841830576,3222.884236097336
1731.0,1.7713102303819075,1720503.0,1720503.0,57.0,0.5686137804557393,3223.5809710025787
1732.0,1.7695389201515255,1720492.0,1720497.0,51.0,0.568292536804623,3224.30149102211
1733.0,1.767769381231374,1720480.0,1720500.0,47.0,0.5679711533504467,3225.007332086563
1734.0,1.7660016118501425,1720449.0,1720468.0,57.0,0.5676496302143405,3225.6992461681366
1735.0,1.7642356102382923,1720434.0,1720434.0,52.0,0.5673279675178281,3226.4170842170715
1736.0,1.762471374628054,1720407.0,1720407.0,63.0,0.5670061653828263,3227.1224961280823
1737.0,1.760708903253426,1720392.0,1720398.0,51.0,0.5666842239316457,3227.8076181411743
1738.0,1.7589481943501726,1720337.0,1720345.0,59.0,0.5663621432869913,3228.5107572078705
1739.0,1.7571892461558225,1720322.0,1720325.0,61.0,0.5660399235719622,3229.2234539985657
1740.0,1.7554320569096666,1720282.0,1720290.0,54.0,0.565717564910053,3229.924420118332
1741.0,1.7536766248527569,1720267.0,1720277.0,72.0,0.565395067425153,3230.628578186035
1742.0,1.7519229482279042,1720248.0,1720248.0,74.0,0.5650724312415478,3231.3296189308167
1743.0,1.7501710252796763,1720205.0,1720210.0,63.0,0.5647496564839188,3232.03280210495
1744.0,1.7484208542543966,1720140.0,1720147.0,61.0,0.5644267432773438,3232.7183332443237
1745.0,1.7466724334001422,1720140.0,1720152.0,68.0,0.5641036917472976,3233.4229912757874
1746.0,1.7449257609667421,1720093.0,1720110.0,65.0,0.5637805020196519,3234.1069951057434
1747.0,1.7431808352057754,1720084.0,1720084.0,60.0,0.5634571742206763,3234.8046641349792
1748.0,1.7414376543705696,1720048.0,1720060.0,60.0,0.5631337084770385,3235.5002591609955
1749.0,1.7396962167161991,1720005.0,1720018.0,76.0,0.562810104915804,3236.207709312439
1750.0,1.737956520499483,1719919.0,1719927.0,69.0,0.5624863636644375,3236.911796092987
1751.0,1.7362185639789833,1719919.0,1719932.0,71.0,0.5621624848508027,3237.608565092087
1752.0,1.7344823454150045,1719841.0,1719846.0,72.0,0.5618384686031624,3238.3163981437683
1753.0,1.7327478630695894,1719830.0,1719836.0,66.0,0.5615143150501798,3239.010842323303
1754.0,1.7310151152065198,1719772.0,1719780.0,64.0,0.5611900243209178,3239.6920001506805
1755.0,1.7292841000913133,1719710.0,1719710.0,58.0,0.5608655965448403,3240.398997068405
1756.0,1.727554815991222,1719701.0,1719706.0,39.0,0.5605410318518118,3241.111064195633
1757.0,1.7258272611752308,1719692.0,1719710.0,51.0,0.5602163303720984,3241.797338247299
1758.0,1.7241014339140555,1719692.0,1719733.0,64.0,0.5598914922363676,3242.466788291931
1759.0,1.7223773324801415,1719692.0,1719725.0,53.0,0.5595665175756892,3243.154324054718
1760.0,1.7206549551476613,1719663.0,1719666.0,46.0,0.5592414065215353,3243.838799238205
1761.0,1.7189343001925137,1719605.0,1719609.0,62.0,0.558916159205781,3244.5295741558075
1762.0,1.7172153658923213,1719568.0,1719583.0,44.0,0.5585907757607042,3245.2344682216644
1763.0,1.7154981505264288,1719561.0,1719572.0,58.0,0.5582652563189863,3245.9348361492157
1764.0,1.7137826523759023,1719512.0,1719518.0,51.0,0.5579396010137132,3246.6119532585144
1765.0,1.7120688697235265,1719468.0,1719477.0,44.0,0.5576138099783745,3247.296829223633
1766.0,1.7103568008538028,1719406.0,1719406.0,46.0,0.5572878833468644,3248.0065741539
1767.0,1.708646444052949,1719365.0,1719370.0,61.0,0.5569618212534824,3248.703105211258
1768.0,1.706937797608896,1719364.0,1719371.0,61.0,0.5566356238329331,3249.391129255295
1769.0,1.705230859811287,1719312.0,1719314.0,60.0,0.5563092912203268,3250.0586330890656
1770.0,1.7035256289514757,1719266.0,1719276.0,52.0,0.55598282355118,3250.7438201904297
1771.0,1.7018221033225243,1719164.0,1719168.0,78.0,0.5556562209614156,3251.4238011837006
1772.0,1.7001202812192018,1719130.0,1719132.0,51.0,0.5553294835873631,3252.1237230300903
1773.0,1.6984201609379825,1719124.0,1719132.0,48.0,0.5550026115657593,3252.8063571453094
1774.0,1.6967217407770445,1719092.0,1719096.0,50.0,0.5546756050337484,3253.4788122177124
1775.0,1.6950250190362675,1719036.0,1719054.0,52.0,0.5543484641288824,3254.1569261550903
1776.0,1.6933299940172313,1719010.0,1719010.0,48.0,0.5540211889891218,3254.8414793014526
1777.0,1.691636664023214,1718984.0,1718986.0,47.0,0.5536937797528352,3255.5328299999237
1778.0,1.689945027359191,1718949.0,1718959.0,67.0,0.5533662365588006,3256.189290046692
1779.0,1.6882550823318319,1718903.0,1718910.0,55.0,0.5530385595462047,3256.874490261078
1780.0,1.6865668272495,1718893.0,1718895.0,45.0,0.5527107488546446,3257.5481021404266
1781.0,1.6848802604222506,1718876.0,1718882.0,56.0,0.5523828046241264,3258.199486017227
1782.0,1.6831953801618282,1718869.0,1718886.0,59.0,0.5520547269950672,3258.8766100406647
1783.0,1.6815121847816663,1718854.0,1718859.0,56.0,0.5517265161082946,3259.53777718544
1784.0,1.6798306725968846,1718822.0,1718823.0,56.0,0.5513981721050473,3260.198144197464
1785.0,1.6781508419242877,1718763.0,1718765.0,53.0,0.5510696951269751,3260.873377084732
1786.0,1.6764726910823633,1718723.0,1718723.0,59.0,0.5507410853161397,3261.5404040813446
1787.0,1.674796218391281,1718718.0,1718718.0,59.0,0.550412342815015,3262.216693162918
1788.0,1.6731214221728898,1718676.0,1718683.0,60.0,0.550083467766487,3262.883056163788
1789.0,1.671448300750717,1718641.0,1718644.0,60.0,0.5497544603138546,3263.5511853694916
1790.0,1.6697768524499663,1718603.0,1718606.0,56.0,0.5494253206008296,3264.207745075226
1791.0,1.6681070755975163,1718590.0,1718598.0,56.0,0.5490960487715376,3264.8877460956573
1792.0,1.6664389685219188,1718585.0,1718605.0,54.0,0.5487666449705179,3265.55833029747
1793.0,1.6647725295533968,1718547.0,1718550.0,50.0,0.5484371093427236,3266.217439174652
1794.0,1.6631077570238435,1718543.0,1718546.0,54.0,0.5481074420335226,3266.881753206253
1795.0,1.6614446492668196,1718519.0,1718522.0,60.0,0.5477776431886973,3267.531389951706
1796.0,1.6597832046175527,1718483.0,1718490.0,45.0,0.5474477129544454,3268.207412004471
1797.0,1.6581234214129352,1718464.0,1718467.0,55.0,0.5471176514773803,3268.8466522693634
1798.0,1.6564652979915222,1718436.0,1718436.0,47.0,0.5467874589045308,3269.5106341838837
1799.0,1.6548088326935306,1718401.0,1718403.0,54.0,0.5464571353833422,3270.1667342185974
1800.0,1.653154023860837,1718363.0,1718364.0,58.0,0.546126681061676,3270.825632095337
1801.0,1.6515008698369762,1718315.0,1718320.0,39.0,0.5457960960878105,3271.5047101974487
1802.0,1.6498493689671392,1718313.0,1718321.0,47.0,0.5454653806104416,3272.2026641368866
1803.0,1.648199519598172,1718270.0,1718270.0,51.0,0.5451345347786822,3272.855558156967
1804.0,1.6465513200785737,1718235.0,1718248.0,59.0,0.5448035587420632,3273.515127182007
1805.0,1.6449047687584952,1718190.0,1718190.0,47.0,0.5444724526505337,3274.1907591819763
1806.0,1.6432598639897367,1718172.0,1718175.0,48.0,0.544141216654461,3274.861706018448
1807.0,1.641616604125747,1718130.0,1718130.0,49.0,0.5438098509046316,3275.5068743228912
1808.0,1.6399749875216212,1718127.0,1718129.0,46.0,0.543478355552251,3276.2156081199646
1809.0,1.6383350125340996,1718099.0,1718101.0,53.0,0.543146730748944,3276.8618450164795
1810.0,1.6366966775215654,1718067.0,1718075.0,53.0,0.5428149766467554,3277.520529270172
1811.0,1.6350599808440438,1718067.0,1718111.0,62.0,0.5424830933981497,3278.2065892219543
1812.0,1.6334249208631997,1718067.0,1718083.0,55.0,0.5421510811560124,3278.863574028015
1813.0,1.6317914959423365,1718064.0,1718064.0,63.0,0.5418189400736495,3279.499460220337
1814.0,1.6301597044463942,1718022.0,1718022.0,41.0,0.5414866703047881,3280.1317722797394
1815.0,1.6285295447419479,1717988.0,1717988.0,43.0,0.5411542720035766,3280.7869760990143
1816.0,1.6269010151972059,1717963.0,1717980.0,58.0,0.5408217453245852,3281.4512751102448
1817.0,1.6252741141820086,1717963.0,1717966.0,47.0,0.5404890904228059,3282.1067070961
1818.0,1.6236488400678266,1717931.0,1717936.0,53.0,0.5401563074536538,3282.737918138504
1819.0,1.6220251912277588,1717894.0,1717896.0,69.0,0.5398233965729659,3283.392456293106
1820.0,1.620403166036531,1717892.0,1717905.0,53.0,0.5394903579370024,3284.0314462184906
1821.0,1.6187827628704945,1717886.0,1717887.0,47.0,0.5391571917024471,3284.6709592342377
1822.0,1.617163980107624,1717830.0,1717832.0,47.0,0.5388238980264071,3285.3150992393494
1823.0,1.6155468161275164,1717809.0,1717809.0,45.0,0.5384904770664135,3285.9469680786133
1824.0,1.613931269311389,1717768.0,1717782.0,43.0,0.5381569289804217,3286.5896410942078
1825.0,1.6123173380420777,1717759.0,1717771.0,50.0,0.5378232539268117,3287.23265004158
1826.0,1.6107050207040357,1717714.0,1717714.0,52.0,0.5374894520643885,3287.8635652065277
1827.0,1.6090943156833317,1717700.0,1717700.0,56.0,0.5371555235523817,3288.5033202171326
1828.0,1.6074852213676485,1717677.0,1717684.0,45.0,0.5368214685504472,3289.146897315979
1829.0,1.6058777361462808,1717653.0,1717657.0,47.0,0.5364872872186661,3289.788315296173
1830.0,1.6042718584101345,1717633.0,1717643.0,46.0,0.5361529797175459,3290.434386253357
1831.0,1.6026675865517244,1717616.0,1717616.0,55.0,0.5358185462080203,3291.073393344879
1832.0,1.6010649189651727,1717612.0,1717622.0,62.0,0.5354839868514499,3291.7083389759064
1833.0,1.5994638540462074,1717591.0,1717592.0,59.0,0.5351493018096223,3292.330999135971
1834.0,1.5978643901921612,1717559.0,1717559.0,40.0,0.5348144912447523,3292.954609155655
1835.0,1.596266525801969,1717525.0,1717525.0,48.0,0.5344795553194825,3293.5926892757416
1836.0,1.594670259276167,1717523.0,1717539.0,51.0,0.5341444941968833,3294.2478811740875
1837.0,1.5930755890168908,1717486.0,1717486.0,46.0,0.5338093080404532,3294.869204044342
1838.0,1.5914825134278738,1717445.0,1717450.0,58.0,0.5334739970141193,3295.528136253357
1839.0,1.589891030914446,1717437.0,1717444.0,42.0,0.533138561282238,3296.1545391082764
1840.0,1.5883011398835316,1717391.0,1717391.0,50.0,0.532803001009594,3296.79035615921
1841.0,1.586712838743648,1717382.0,1717382.0,45.0,0.5324673163614019,3297.436942100525
1842.0,1.5851261259049043,1717370.0,1717405.0,41.0,0.532131507503306,3298.0720913410187
1843.0,1.5835409997789993,1717370.0,1717380.0,47.0,0.5317955746013803,3298.7058622837067
1844.0,1.5819574587792202,1717370.0,1717396.0,50.0,0.5314595178221294,3299.3356001377106
1845.0,1.580375501320441,1717358.0,1717358.0,53.0,0.5311233373324885,3299.9504902362823
1846.0,1.5787951258191206,1717323.0,1717323.0,51.0,0.5307870332998234,3300.5734362602234
1847.0,1.5772163306933016,1717269.0,1717274.0,33.0,0.530450605891931,3301.2047822475433
1848.0,1.5756391143626083,1717250.0,1717255.0,48.0,0.5301140552770403,3301.8400073051453
1849.0,1.5740634752482456,1717217.0,1717217.0,45.0,0.529777381623811,3302.4709193706512
1850.0,1.5724894117729973,1717179.0,1717180.0,57.0,0.5294405851013358,3303.113515138626
1851.0,1.5709169223612243,1717144.0,1717146.0,54.0,0.5291036658791392,3303.7410311698914
1852.0,1.569346005438863,1717110.0,1717111.0,45.0,0.5287666241271782,3304.3824870586395
1853.0,1.5677766594334241,1717103.0,1717110.0,37.0,0.5284294600158431,3305.0085232257843
1854.0,1.5662088827739906,1717103.0,1717118.0,52.0,0.5280921737159567,3305.6350481510162
1855.0,1.5646426738912167,1717067.0,1717067.0,53.0,0.527754765398776,3306.2499442100525
1856.0,1.5630780312173256,1716986.0,1716986.0,60.0,0.527417235235991,3306.8635993003845
1857.0,1.5615149531861083,1716937.0,1716937.0,48.0,0.5270795833997262,3307.5117762088776
1858.0,1.5599534382329223,1716927.0,1716941.0,42.0,0.5267418100625398,3308.134471178055
1859.0,1.5583934847946894,1716927.0,1716936.0,48.0,0.5264039153974253,3308.7592923641205
1860.0,1.5568350913098947,1716901.0,1716907.0,29.0,0.5260658995778102,3309.3668460845947
1861.0,1.5552782562185847,1716889.0,1716892.0,46.0,0.5257277627775578,3309.9775083065033
1862.0,1.5537229779623662,1716879.0,1716879.0,55.0,0.5253895051709662,3310.592230319977
1863.0,1.552169254984404,1716865.0,1716867.0,50.0,0.5250511269327693,3311.210565328598
1864.0,1.5506170857294195,1716814.0,1716818.0,49.0,0.5247126282381371,3311.8226952552795
1865.0,1.5490664686436901,1716785.0,1716785.0,53.0,0.5243740092626755,3312.462320327759
1866.0,1.5475174021750464,1716750.0,1716753.0,48.0,0.5240352701824268,3313.06830906868
1867.0,1.5459698847728713,1716731.0,1716732.0,41.0,0.5236964111738702,3313.6682782173157
1868.0,1.5444239148880985,1716693.0,1716697.0,56.0,0.5233574324139219,3314.2774410247803
1869.0,1.5428794909732104,1716667.0,1716671.0,38.0,0.5230183340799349,3314.90630030632
1870.0,1.541336611482237,1716667.0,1716674.0,31.0,0.5226791163497001,3315.5306770801544
1871.0,1.5397952748707548,1716665.0,1716673.0,56.0,0.5223397794014459,3316.147218942642
1872.0,1.538255479595884,1716630.0,1716635.0,43.0,0.5220003234138391,3316.7782411575317
1873.0,1.536717224116288,1716588.0,1716588.0,39.0,0.521660748565984,3317.3848531246185
1874.0,1.5351805068921718,1716539.0,1716546.0,40.0,0.5213210550374243,3318.012323141098
1875.0,1.5336453263852796,1716524.0,1716528.0,45.0,0.5209812430081419,3318.623955965042
1876.0,1.5321116810588944,1716496.0,1716500.0,53.0,0.5206413126585578,3319.240774154663
1877.0,1.5305795693778355,1716485.0,1716496.0,47.0,0.5203012641695326,3319.8589062690735
1878.0,1.5290489898084576,1716451.0,1716452.0,51.0,0.5199610977223659,3320.4671502113342
1879.0,1.527519940818649,1716430.0,1716446.0,42.0,0.5196208134987977,3321.0939412117004
1880.0,1.5259924208778304,1716430.0,1716430.0,45.0,0.5192804116810076,3321.6984100341797
1881.0,1.5244664284569525,1716392.0,1716393.0,39.0,0.5189398924516154,3322.303614139557
1882.0,1.5229419620284954,1716354.0,1716358.0,43.0,0.5185992559936821,3322.907970190048
1883.0,1.521419020066467,1716354.0,1716359.0,24.0,0.5182585024907087,3323.5265893936157
1884.0,1.5198976010464005,1716351.0,1716353.0,47.0,0.5179176321266377,3324.120443344116
1885.0,1.518377703445354,1716338.0,1716338.0,50.0,0.5175766450858527,3324.7295622825623
1886.0,1.5168593257419087,1716317.0,1716322.0,38.0,0.5172355415531787,3325.339679002762
1887.0,1.5153424664161668,1716311.0,1716338.0,31.0,0.5168943217138828,3325.9387180805206
1888.0,1.5138271239497505,1716311.0,1716317.0,46.0,0.5165529857536738,3326.5411632061005
1889.0,1.5123132968258008,1716298.0,1716299.0,49.0,0.5162115338587028,3327.135691165924
1890.0,1.510800983528975,1716256.0,1716256.0,44.0,0.5158699662155632,3327.7321541309357
1891.0,1.5092901825454461,1716233.0,1716233.0,38.0,0.5155282830112916,3328.3394372463226
1892.0,1.5077808923629006,1716208.0,1716208.0,37.0,0.515186484433367,3328.9379720687866
1893.0,1.5062731114705377,1716190.0,1716190.0,44.0,0.5148445706697118,3329.538113117218
1894.0,1.504766838359067,1716176.0,1716189.0,44.0,0.5145025419086919,3330.137605190277
1895.0,1.5032620715207081,1716174.0,1716178.0,35.0,0.5141603983391166,3330.7322101593018
1896.0,1.5017588094491874,1716145.0,1716145.0,43.0,0.5138181401502394,3331.3165781497955
1897.0,1.5002570506397381,1716107.0,1716109.0,37.0,0.5134757675317574,3331.9250571727753
1898.0,1.4987567935890984,1716090.0,1716090.0,30.0,0.5131332806738125,3332.533101081848
1899.0,1.4972580367955093,1716036.0,1716036.0,48.0,0.5127906797669908,3333.130535364151
1900.0,1.4957607787587137,1716032.0,1716039.0,38.0,0.5124479650023234,3333.732866048813
1901.0,1.494265017979955,1716016.0,1716017.0,43.0,0.5121051365712863,3334.3268072605133
1902.0,1.4927707529619751,1716015.0,1716020.0,33.0,0.5117621946658008,3334.9224619865417
1903.0,1.4912779822090132,1715987.0,1715990.0,48.0,0.5114191394782333,3335.5079221725464
1904.0,1.4897867042268043,1715979.0,1715982.0,42.0,0.5110759712013963,3336.107817173004
1905.0,1.4882969175225775,1715938.0,1715940.0,42.0,0.5107326900285479,3336.710636138916
1906.0,1.486808620605055,1715909.0,1715915.0,48.0,0.5103892961533923,3337.3155341148376
1907.0,1.48532181198445,1715898.0,1715904.0,29.0,0.5100457897700802,3337.9012212753296
1908.0,1.4838364901724657,1715881.0,1715911.0,46.0,0.5097021710732085,3338.4993731975555
1909.0,1.4823526536822933,1715875.0,1715875.0,40.0,0.5093584402578211,3339.0880892276764
1910.0,1.480870301028611,1715862.0,1715866.0,42.0,0.5090145975194085,3339.6745212078094
1911.0,1.4793894307275826,1715840.0,1715840.0,45.0,0.5086706430539087,3340.261044025421
1912.0,1.4779100412968549,1715840.0,1715881.0,44.0,0.5083265770577071,3340.8497321605682
1913.0,1.476432131255558,1715833.0,1715833.0,50.0,0.5079823997276361,3341.428714990616
1914.0,1.4749556991243025,1715795.0,1715795.0,35.0,0.5076381112609765,3341.9954130649567
1915.0,1.4734807434251782,1715765.0,1715765.0,41.0,0.5072937118554567,3342.6105563640594
1916.0,1.472007262681753,1715765.0,1715775.0,39.0,0.5069492017092533,3343.2024190425873
1917.0,1.4705352554190714,1715765.0,1715776.0,50.0,0.5066045810209914,3343.783580303192
1918.0,1.4690647201636522,1715757.0,1715757.0,36.0,0.5062598499897445,3344.3612911701202
1919.0,1.4675956554434886,1715726.0,1715726.0,45.0,0.5059150088150351,3344.9384372234344
1920.0,1.466128059788045,1715714.0,1715730.0,62.0,0.5055700576968345,3345.5367431640625
1921.0,1.464661931728257,1715699.0,1715702.0,35.0,0.5052249968355631,3346.124813079834
1922.0,1.4631972697965288,1715681.0,1715681.0,28.0,0.5048798264320906,3346.7064111232758
1923.0,1.4617340725267323,1715668.0,1715686.0,44.0,0.5045345466877367,3347.3093099594116
1924.0,1.4602723384542056,1715668.0,1715685.0,40.0,0.5041891578042702,3347.8830461502075
1925.0,1.4588120661157513,1715656.0,1715663.0,52.0,0.5038436599839102,3348.457972049713
1926.0,1.4573532540496357,1715626.0,1715626.0,41.0,0.5034980534293259,3349.0342242717743
1927.0,1.455895900795586,1715613.0,1715617.0,30.0,0.5031523383436366,3349.616959095001
1928.0,1.4544400048947905,1715570.0,1715570.0,50.0,0.5028065149304122,3350.195382118225
1929.0,1.4529855648898957,1715518.0,1715519.0,42.0,0.5024605833936733,3350.787079334259
1930.0,1.4515325793250058,1715497.0,1715501.0,36.0,0.5021145439378913,3351.3731122016907
1931.0,1.4500810467456808,1715423.0,1715423.0,51.0,0.5017683967679887,3351.9582850933075
1932.0,1.4486309656989351,1715393.0,1715396.0,30.0,0.5014221420893389,3352.551948070526
1933.0,1.4471823347332362,1715349.0,1715357.0,41.0,0.5010757801077671,3353.122469186783
1934.0,1.445735152398503,1715306.0,1715318.0,44.0,0.5007293110295498,3353.6961150169373
1935.0,1.4442894172461045,1715306.0,1715313.0,39.0,0.5003827350614152,3354.2812139987946
1936.0,1.4428451278288583,1715282.0,1715282.0,36.0,0.5000360524105436,3354.833036184311
1937.0,1.4414022827010295,1715249.0,1715251.0,39.0,0.4996892632845672,3355.407478094101
1938.0,1.4399608804183286,1715216.0,1715219.0,36.0,0.49934236789157055,3355.9830992221832
1939.0,1.4385209195379103,1715177.0,1715179.0,47.0,0.4989953664400905,3356.5619611740112
1940.0,1.4370823986183723,1715160.0,1715168.0,40.0,0.49864825913911653,3357.12588429451
1941.0,1.435645316219754,1715160.0,1715174.0,36.0,0.4983010461980909,3357.685382127762
1942.0,1.4342096709035344,1715150.0,1715153.0,30.0,0.4979537278269088,3358.2414121627808
1943.0,1.4327754612326309,1715144.0,1715150.0,28.0,0.49760630423591834,3358.79438328743
1944.0,1.4313426857713982,1715137.0,1715163.0,45.0,0.49725877563592086,3359.3459861278534
1945.0,1.4299113430856267,1715134.0,1715135.0,35.0,0.49691114223817134,3359.914704322815
1946.0,1.4284814317425412,1715114.0,1715114.0,32.0,0.4965634042543781,3360.472328186035
1947.0,1.4270529503107987,1715090.0,1715090.0,41.0,0.49621556189670313,3361.0349991321564
1948.0,1.4256258973604878,1715041.0,1715041.0,43.0,0.4958676153777623,3361.621194124222
1949.0,1.4242002714631274,1715006.0,1715006.0,44.0,0.49551956491062565,3362.1864182949066
1950.0,1.4227760711916644,1714970.0,1714973.0,35.0,0.49517141070881715,3362.7598061561584
1951.0,1.4213532951204728,1714957.0,1714957.0,31.0,0.4948231529863152,3363.3372390270233
1952.0,1.4199319418253524,1714955.0,1714955.0,41.0,0.49447479195755256,3363.8860323429108
1953.0,1.418512009883527,1714922.0,1714924.0,39.0,0.49412632783741667,3364.4468500614166
1954.0,1.4170934978736436,1714885.0,1714888.0,46.0,0.4937777608412497,3365.019646167755
1955.0,1.41567640437577,1714856.0,1714859.0,34.0,0.4934290911848487,3365.601990222931
1956.0,1.4142607279713941,1714819.0,1714819.0,32.0,0.4930803190844657,3366.169447183609
1957.0,1.4128464672434227,1714770.0,1714770.0,42.0,0.49273144475680797,3366.7330391407013
1958.0,1.4114336207761793,1714742.0,1714748.0,42.0,0.49238246841903804,3367.2851581573486
1959.0,1.410022187155403,1714705.0,1714707.0,33.0,0.4920333902887739,3367.8508081436157
1960.0,1.4086121649682477,1714680.0,1714697.0,48.0,0.4916842105840891,3368.4138000011444
1961.0,1.4072035528032794,1714659.0,1714677.0,33.0,0.491334929523513,3368.9693529605865
1962.0,1.4057963492504761,1714652.0,1714652.0,39.0,0.4909855473260305,3369.5511631965637
1963.0,1.4043905529012257,1714632.0,1714646.0,32.0,0.4906360642110828,3370.085181951523
1964.0,1.4029861623483244,1714613.0,1714631.0,41.0,0.4902864803985671,3370.6385881900787
1965.0,1.401583176185976,1714613.0,1714614.0,42.0,0.48993679610883667,3371.194743156433
1966.0,1.40018159300979,1714598.0,1714601.0,36.0,0.48958701156270135,3371.7525310516357
1967.0,1.3987814114167803,1714538.0,1714538.0,46.0,0.4892371269814273,3372.3115389347076
1968.0,1.3973826300053636,1714527.0,1714530.0,39.0,0.4888871425867374,3372.8695340156555
1969.0,1.3959852473753582,1714512.0,1714515.0,37.0,0.48853705860081104,3373.436452150345
1970.0,1.394589262127983,1714480.0,1714482.0,29.0,0.48818687524628473,3373.998127222061
1971.0,1.393194672865855,1714454.0,1714454.0,39.0,0.48783659274625163,3374.548135280609
1972.0,1.3918014781929893,1714438.0,1714438.0,38.0,0.4874862113242621,3375.084700345993
1973.0,1.3904096767147962,1714409.0,1714411.0,30.0,0.48713573120432374,3375.633510351181
1974.0,1.3890192670380814,1714379.0,1714379.0,33.0,0.48678515261090133,3376.196477174759
1975.0,1.3876302477710434,1714377.0,1714383.0,45.0,0.486434475768917,3376.762930393219
1976.0,1.3862426175232723,1714373.0,1714381.0,29.0,0.4860837009037506,3377.310000181198
1977.0,1.384856374905749,1714339.0,1714340.0,39.0,0.48573282824123937,3377.864790201187
1978.0,1.3834715185308433,1714312.0,1714319.0,42.0,0.48538185800767836,3378.4229073524475
1979.0,1.3820880470123125,1714295.0,1714295.0,37.0,0.4850307904298204,3378.990258216858
1980.0,1.3807059589653001,1714275.0,1714289.0,27.0,0.4846796257348763,3379.5390400886536
1981.0,1.379325253006335,1714263.0,1714263.0,31.0,0.4843283641505147,3380.087115049362
1982.0,1.3779459277533286,1714240.0,1714247.0,32.0,0.4839770059048627,3380.640209197998
1983.0,1.3765679818255752,1714234.0,1714234.0,30.0,0.4836255512265053,3381.193805217743
1984.0,1.3751914138437495,1714226.0,1714243.0,38.0,0.4832740003444858,3381.734181165695
1985.0,1.3738162224299058,1714220.0,1714221.0,46.0,0.48292235348830614,3382.2604701519012
1986.0,1.3724424062074758,1714166.0,1714166.0,40.0,0.48257061088792647,3382.79270195961
1987.0,1.3710699638012684,1714144.0,1714160.0,40.0,0.48221877277376585,3383.3583900928497
1988.0,1.3696988938374672,1714144.0,1714146.0,33.0,0.48186683937670155,3383.907824277878
1989.0,1.3683291949436298,1714130.0,1714134.0,25.0,0.48151481092807,3384.4445431232452
1990.0,1.3669608657486862,1714113.0,1714120.0,36.0,0.4811626876596662,3384.9721491336823
1991.0,1.3655939048829375,1714084.0,1714088.0,28.0,0.48081046980374414,3385.5121142864227
1992.0,1.3642283109780546,1714075.0,1714077.0,26.0,0.4804581575930168,3386.069133043289
1993.0,1.3628640826670766,1714059.0,1714062.0,43.0,0.48010575126065613,3386.631092071533
1994.0,1.3615012185844095,1714043.0,1714059.0,34.0,0.47975325104029354,3387.1596863269806
1995.0,1.3601397173658252,1714031.0,1714032.0,34.0,0.47940065716601926,3387.694458246231
1996.0,1.3587795776484592,1713982.0,1713982.0,40.0,0.479047969872383,3388.2223811149597
1997.0,1.3574207980708108,1713969.0,1713973.0,29.0,0.4786951893943938,3388.7718942165375
1998.0,1.35606337727274,1713962.0,1713962.0,30.0,0.4783423159675202,3389.3148653507233
1999.0,1.3547073138954673,1713937.0,1713943.0,33.0,0.4779893498276901,3389.85090303421
2000.0,1.3533526065815717,1713931.0,1713940.0,29.0,0.47763629121129103,3390.3897993564606
2001.0,1.35199925397499,1713931.0,1713946.0,23.0,0.4772831403551701,3390.9076039791107
2002.0,1.350647254721015,1713925.0,1713935.0,33.0,0.4769298974966343,3391.4510390758514
2003.0,1.349296607466294,1713922.0,1713923.0,27.0,0.47657656287345,3391.9897911548615
2004.0,1.3479473108588278,1713882.0,1713887.0,35.0,0.47622313672384375,3392.5228831768036
2005.0,1.346599363547969,1713882.0,1713887.0,35.0,0.4758696192865017,3393.062923192978
2006.0,1.345252764184421,1713861.0,1713861.0,36.0,0.4755160108005699,3393.6021032333374
2007.0,1.3439075114202366,1713850.0,1713853.0,32.0,0.47516231150565447,3394.133424282074
2008.0,1.3425636039088162,1713834.0,1713839.0,32.0,0.4748085216418215,3394.6662499904633
2009.0,1.3412210403049074,1713789.0,1713790.0,35.0,0.4744546414495973,3395.2066349983215
2010.0,1.3398798192646024,1713773.0,1713773.0,46.0,0.474100671169968,3395.746704339981
2011.0,1.338539939445338,1713749.0,1713759.0,35.0,0.4737466110443801,3396.2985610961914
2012.0,1.3372013995058925,1713730.0,1713753.0,37.0,0.47339246131474005,3396.816292285919
2013.0,1.3358641981063866,1713730.0,1713742.0,25.0,0.47303822222341485,3397.3405582904816
2014.0,1.33452833390828,1713718.0,1713718.0,30.0,0.4726838940132315,3397.858227968216
2015.0,1.3331938055743717,1713664.0,1713664.0,39.0,0.4723294769274775,3398.3809332847595
2016.0,1.3318606117687974,1713647.0,1713647.0,33.0,0.47197497120990056,3398.9159212112427
2017.0,1.3305287511570287,1713630.0,1713630.0,30.0,0.4716203771047088,3399.46329498291
2018.0,1.3291982224058716,1713593.0,1713593.0,36.0,0.47126569485657066,3399.9783113002777
2019.0,1.3278690241834656,1713556.0,1713556.0,31.0,0.47091092471061524,3400.5253381729126
2020.0,1.3265411551592823,1713525.0,1713525.0,34.0,0.470556066912432,3401.040533065796
2021.0,1.325214614004123,1713506.0,1713506.0,34.0,0.4702011217080707,3401.580807209015
2022.0,1.3238893993901188,1713475.0,1713475.0,33.0,0.4698460893440419,3402.1037242412567
2023.0,1.3225655099907287,1713461.0,1713478.0,35.0,0.4694909700673163,3402.632823228836
2024.0,1.321242944480738,1713435.0,1713435.0,40.0,0.4691357641253257,3403.156004190445
2025.0,1.3199217015362574,1713418.0,1713422.0,32.0,0.46878047176596194,3403.682720184326
2026.0,1.3186017798347212,1713402.0,1713402.0,34.0,0.46842509323757775,3404.213079214096
2027.0,1.3172831780548864,1713387.0,1713388.0,30.0,0.4680696287889863,3404.7313680648804
2028.0,1.3159658948768316,1713387.0,1713402.0,34.0,0.46771407866946146,3405.2455492019653
2029.0,1.3146499289819547,1713371.0,1713373.0,34.0,0.46735844312873764,3405.781899213791
2030.0,1.3133352790529726,1713345.0,1713347.0,32.0,0.46700272241700996,3406.340227127075
2031.0,1.3120219437739198,1713322.0,1713322.0,26.0,0.4666469167849341,3406.901635169983
2032.0,1.310709921830146,1713310.0,1713311.0,34.0,0.4662910264836263,3407.4191460609436
2033.0,1.3093992119083158,1713283.0,1713287.0,36.0,0.46593505176466365,3407.9303863048553
2034.0,1.3080898126964073,1713275.0,1713286.0,37.0,0.46557899288008353,3408.4663212299347
2035.0,1.3067817228837109,1713245.0,1713248.0,40.0,0.46522285008238423,3408.9874951839447
2036.0,1.305474941160827,1713225.0,1713230.0,32.0,0.46486662362452463,3409.5116772651672
2037.0,1.3041694662196663,1713220.0,1713230.0,31.0,0.46451031375992413,3410.0326380729675
2038.0,1.3028652967534466,1713198.0,1713205.0,33.0,0.4641539207424627,3410.561956167221
2039.0,1.3015624314566931,1713194.0,1713194.0,30.0,0.463797444826481,3411.095937013626
2040.0,1.3002608690252364,1713175.0,1713180.0,33.0,0.4634408862667802,3411.617606163025
2041.0,1.2989606081562113,1713164.0,1713170.0,28.0,0.4630842453186222,3412.122346162796
2042.0,1.2976616475480551,1713144.0,1713147.0,32.0,0.46272752223772917,3412.628590106964
2043.0,1.2963639859005072,1713131.0,1713131.0,24.0,0.46237071728028395,3413.144242286682
2044.0,1.2950676219146067,1713114.0,1713114.0,39.0,0.4620138307029299,3413.659222126007
2045.0,1.2937725542926921,1713092.0,1713092.0,39.0,0.4616568627627709,3414.1805000305176
2046.0,1.2924787817383994,1713074.0,1713074.0,29.0,0.46129981371737117,3414.698569059372
2047.0,1.291186302956661,1713063.0,1713069.0,31.0,0.4609426838247554,3415.222306251526
2048.0,1.2898951166537043,1713051.0,1713053.0,38.0,0.4605854733434087,3415.751382112503
2049.0,1.2886052215370505,1713048.0,1713048.0,39.0,0.46022818253227654,3416.2623591423035
2050.0,1.2873166163155134,1713018.0,1713022.0,23.0,0.45987081165076477,3416.7850000858307
2051.0,1.286029299699198,1712986.0,1712988.0,25.0,0.4595133609587395,3417.2974741458893
2052.0,1.2847432703994988,1712978.0,1712978.0,29.0,0.45915583071652694,3417.8109650611877
2053.0,1.2834585271290992,1712952.0,1712952.0,42.0,0.45879822118491376,3418.3196663856506
2054.0,1.2821750686019702,1712944.0,1712946.0,33.0,0.45844053262514667,3418.8291041851044
2055.0,1.280892893533368,1712934.0,1712934.0,29.0,0.4580827652989325,3419.3467280864716
2056.0,1.2796120006398348,1712920.0,1712921.0,24.0,0.45772491946843824,3419.8579652309418
2057.0,1.278332388639195,1712880.0,1712882.0,35.0,0.45736699539629094,3420.3613381385803
2058.0,1.277054056250556,1712862.0,1712868.0,29.0,0.4570089933455774,3420.88264131546
2059.0,1.2757770021943053,1712834.0,1712834.0,31.0,0.45665091357984455,3421.40717625618
2060.0,1.274501225192111,1712814.0,1712818.0,27.0,0.45629275636309924,3421.9157321453094
2061.0,1.273226723966919,1712799.0,1712800.0,34.0,0.45593452195980794,3422.4238562583923
2062.0,1.271953497242952,1712783.0,1712784.0,32.0,0.455576210634897,3422.9476022720337
2063.0,1.270681543745709,1712773.0,1712775.0,26.0,0.45521782265375244,3423.4545941352844
2064.0,1.2694108622019633,1712745.0,1712749.0,36.0,0.45485935828221985,3423.9693751335144
2065.0,1.2681414513397613,1712716.0,1712716.0,34.0,0.45450081778660456,3424.4835062026978
2066.0,1.2668733098884215,1712702.0,1712702.0,26.0,0.4541422014336712,3424.9876651763916
2067.0,1.2656064365785331,1712701.0,1712701.0,29.0,0.4537835094906439,3425.4988882541656
2068.0,1.2643408301419545,1712684.0,1712688.0,40.0,0.45342474222520607,3426.000143289566
2069.0,1.2630764893118125,1712684.0,1712694.0,40.0,0.4530658999055005,3426.5324652194977
2070.0,1.2618134128225007,1712679.0,1712683.0,31.0,0.4527069828001291,3427.096177339554
2071.0,1.260551599409678,1712678.0,1712681.0,22.0,0.45234799117815294,3427.6597571372986
2072.0,1.2592910478102683,1712659.0,1712659.0,34.0,0.4519889253090921,3428.150290966034
2073.0,1.2580317567624582,1712651.0,1712655.0,37.0,0.45162978546292565,3428.6654431819916
2074.0,1.2567737250056956,1712627.0,1712627.0,34.0,0.45127057191009134,3429.152705192566
2075.0,1.2555169512806899,1712617.0,1712617.0,24.0,0.450911284921486,3429.674912214279
2076.0,1.2542614343294092,1712614.0,1712617.0,29.0,0.450551924768465,3430.1733152866364
2077.0,1.2530071728950798,1712567.0,1712567.0,38.0,0.45019249172284215,3430.6671249866486
2078.0,1.2517541657221847,1712553.0,1712557.0,28.0,0.4498329860568899,3431.1752791404724
2079.0,1.2505024115564625,1712550.0,1712564.0,27.0,0.4494734080433392,3431.6645982265472
2080.0,1.249251909144906,1712543.0,1712545.0,32.0,0.44911375795537906,3432.1532661914825
2081.0,1.248002657235761,1712531.0,1712541.0,23.0,0.4487540360666568,3432.6450011730194
2082.0,1.2467546545785253,1712529.0,1712529.0,36.0,0.448394242651278,3433.1378660202026
2083.0,1.2455078999239468,1712507.0,1712510.0,28.0,0.4480343779838059,3433.638035058975
2084.0,1.2442623920240228,1712484.0,1712486.0,30.0,0.44767444233926174,3434.1308171749115
2085.0,1.2430181296319986,1712474.0,1712474.0,22.0,0.4473144359931246,3434.6324779987335
2086.0,1.2417751115023667,1712446.0,1712446.0,32.0,0.4469543592213313,3435.123714208603
2087.0,1.2405333363908644,1712397.0,1712397.0,27.0,0.44659421230027585,3435.6052780151367
2088.0,1.2392928030544734,1712366.0,1712366.0,28.0,0.4462339955068099,3436.0936620235443
2089.0,1.238053510251419,1712349.0,1712362.0,34.0,0.4458737091182426,3436.6643600463867
2090.0,1.2368154567411676,1712349.0,1712352.0,13.0,0.4455133534123397,3437.1713910102844
2091.0,1.2355786412844263,1712327.0,1712330.0,28.0,0.4451529286673246,3437.674289226532
2092.0,1.234343062643142,1712303.0,1712303.0,21.0,0.4447924351618773,3438.2826392650604
2093.0,1.2331087195804988,1712292.0,1712299.0,29.0,0.4444318731751345,3438.839524269104
2094.0,1.2318756108609183,1712286.0,1712286.0,25.0,0.4440712429866898,3439.365498304367
2095.0,1.2306437352500574,1712275.0,1712280.0,31.0,0.4437105448765933,3439.9127082824707
2096.0,1.2294130915148074,1712251.0,1712256.0,25.0,0.4433497791253512,3440.419512271881
2097.0,1.2281836784232925,1712242.0,1712248.0,29.0,0.4429889460139262,3440.9519193172455
2098.0,1.226955494744869,1712223.0,1712223.0,31.0,0.4426280458237371,3441.4669802188873
2099.0,1.2257285392501243,1712204.0,1712205.0,26.0,0.44226707883665867,3442.002293109894
2100.0,1.2245028107108742,1712178.0,1712178.0,25.0,0.4419060453350213,3442.556129217148
2101.0,1.2232783079001632,1712161.0,1712165.0,22.0,0.44154494560161117,3443.0839381217957
2102.0,1.222055029592263,1712148.0,1712148.0,32.0,0.44118377991966995,3443.595235109329
2103.0,1.2208329745626707,1712120.0,1712120.0,28.0,0.44082254857289477,3444.1380562782288
2104.0,1.219612141588108,1712077.0,1712077.0,32.0,0.4404612518454378,3444.6467599868774
2105.0,1.2183925294465199,1712070.0,1712080.0,34.0,0.4400998900219063,3445.1503303050995
2106.0,1.2171741369170734,1712048.0,1712050.0,26.0,0.4397384633873625,3445.645067214966
2107.0,1.2159569627801563,1712048.0,1712054.0,27.0,0.43937697222732325,3446.126263141632
2108.0,1.2147410058173762,1712030.0,1712030.0,26.0,0.4390154168277599,3446.6036763191223
2109.0,1.2135262648115588,1711993.0,1711993.0,29.0,0.4386537974750984,3447.125461101532
2110.0,1.2123127385467471,1711958.0,1711958.0,28.0,0.4382921144562187,3447.634147167206
2111.0,1.2111004258082003,1711932.0,1711932.0,33.0,0.4379303680584549,3448.230886220932
2112.0,1.2098893253823921,1711912.0,1711912.0,34.0,0.437568558569595,3448.821754217148
2113.0,1.2086794360570097,1711891.0,1711897.0,31.0,0.4372066862778804,3449.55513715744
2114.0,1.2074707566209526,1711877.0,1711877.0,22.0,0.4368447514720064,3450.144616127014
2115.0,1.2062632858643316,1711860.0,1711867.0,26.0,0.43648275444112145,3450.634107351303
2116.0,1.2050570225784674,1711849.0,1711849.0,25.0,0.4361206954748271,3451.1738381385803
2117.0,1.2038519655558888,1711835.0,1711842.0,35.0,0.43575857486317787,3451.691738128662
2118.0,1.2026481135903329,1711822.0,1711822.0,21.0,0.4353963928966811,3452.1812670230865
2119.0,1.2014454654767426,1711775.0,1711777.0,33.0,0.4350341498662966,3452.670594215393
2120.0,1.2002440200112658,1711751.0,1711751.0,23.0,0.4346718460634367,3453.1638762950897
2121.0,1.1990437759912547,1711718.0,1711718.0,25.0,0.4343094817799657,3453.673977136612
2122.0,1.1978447322152634,1711662.0,1711668.0,28.0,0.43394705730820005,3454.174482345581
2123.0,1.1966468874830483,1711635.0,1711635.0,28.0,0.4335845729409078,3454.710493326187
2124.0,1.1954502405955652,1711627.0,1711627.0,24.0,0.4332220289713088,3455.1952493190765
2125.0,1.1942547903549696,1711619.0,1711625.0,29.0,0.432859425693074,3455.6893792152405
2126.0,1.1930605355646147,1711609.0,1711610.0,21.0,0.4324967634003258,3456.2114119529724
2127.0,1.19186747502905,1711584.0,1711588.0,33.0,0.4321340423876372,3456.7432079315186
2128.0,1.190675607554021,1711584.0,1711597.0,18.0,0.4317712629500321,3457.251454114914
2129.0,1.189484931946467,1711584.0,1711584.0,28.0,0.431408425382985,3457.7688071727753
2130.0,1.1882954470145206,1711555.0,1711555.0,22.0,0.4310455299824204,3458.303065299988
2131.0,1.187107151567506,1711544.0,1711544.0,18.0,0.4306825770447131,3458.849096298218
2132.0,1.1859200444159386,1711512.0,1711512.0,20.0,0.43031956686668765,3459.3318552970886
2133.0,1.1847341243715226,1711506.0,1711506.0,22.0,0.4299564997456182,3459.8540432453156
2134.0,1.183549390247151,1711497.0,1711503.0,16.0,0.4295933759792283,3460.342865228653
2135.0,1.1823658408569038,1711485.0,1711485.0,33.0,0.4292301958656906,3460.824310064316
2136.0,1.1811834750160468,1711449.0,1711449.0,36.0,0.42886695970362676,3461.3242523670197
2137.0,1.1800022915410309,1711419.0,1711419.0,34.0,0.42850366779210697,3461.84987616539
2138.0,1.1788222892494897,1711402.0,1711402.0,21.0,0.42814032043064987,3462.3417830467224
2139.0,1.1776434669602402,1711386.0,1711388.0,22.0,0.42777691791922234,3462.819192171097
2140.0,1.17646582349328,1711363.0,1711369.0,26.0,0.4274134605582392,3463.3017842769623
2141.0,1.175289357669787,1711347.0,1711347.0,33.0,0.42704994864856294,3463.797728061676
2142.0,1.1741140683121172,1711308.0,1711309.0,39.0,0.4266863824915035,3464.2735900878906
2143.0,1.172939954243805,1711303.0,1711307.0,27.0,0.4263227623888178,3464.758173942566
2144.0,1.1717670142895613,1711296.0,1711296.0,22.0,0.4259590886427101,3465.2405512332916
2145.0,1.1705952472752716,1711286.0,1711286.0,30.0,0.42559536155583094,3465.7261362075806
2146.0,1.1694246520279963,1711264.0,1711264.0,30.0,0.42523158143127754,3466.220581293106
2147.0,1.1682552273759683,1711243.0,1711243.0,24.0,0.4248677485725932,3466.6987493038177
2148.0,1.1670869721485924,1711217.0,1711217.0,32.0,0.4245038632837668,3467.175618171692
2149.0,1.1659198851764438,1711199.0,1711199.0,29.0,0.4241399258692334,3467.6464772224426
2150.0,1.1647539652912675,1711171.0,1711174.0,25.0,0.42377593663387275,3468.1254811286926
2151.0,1.1635892113259763,1711157.0,1711157.0,25.0,0.42341189588301015,3468.606905221939
2152.0,1.1624256221146503,1711140.0,1711141.0,23.0,0.4230478039224154,3469.082111120224
2153.0,1.1612631964925357,1711122.0,1711123.0,19.0,0.422683661058303,3469.5346472263336
2154.0,1.1601019332960432,1711104.0,1711104.0,22.0,0.4223194675973316,3470.019909143448
2155.0,1.158941831362747,1711080.0,1711080.0,27.0,0.42195522384660356,3470.4890019893646
2156.0,1.1577828895313844,1711060.0,1711060.0,34.0,0.4215909301136652,3471.008814096451
2157.0,1.1566251066418531,1711035.0,1711035.0,21.0,0.4212265867065062,3471.5045630931854
2158.0,1.1554684815352112,1711011.0,1711011.0,13.0,0.42086219393355895,3471.971563100815
2159.0,1.154313013053676,1710985.0,1710994.0,27.0,0.420497752103699,3472.4637291431427
2160.0,1.1531587000406225,1710979.0,1710981.0,21.0,0.42013326152624414,3472.9859080314636
2161.0,1.1520055413405819,1710965.0,1710965.0,25.0,0.4197687225109543,3473.4713110923767
2162.0,1.1508535357992413,1710945.0,1710948.0,33.0,0.41940413536803145,3473.920445203781
2163.0,1.1497026822634422,1710934.0,1710951.0,37.0,0.419039500408119,3474.391219139099
2164.0,1.1485529795811786,1710927.0,1710930.0,22.0,0.4186748179423015,3474.856261253357
2165.0,1.1474044266015975,1710925.0,1710925.0,28.0,0.41831008828210464,3475.3496530056
2166.0,1.146257022174996,1710912.0,1710913.0,21.0,0.4179453117394947,3475.800196170807
2167.0,1.145110765152821,1710909.0,1710911.0,16.0,0.4175804886268781,3476.264543056488
2168.0,1.1439656543876682,1710889.0,1710889.0,28.0,0.4172156192571013,3476.7241113185883
2169.0,1.1428216887332805,1710865.0,1710865.0,27.0,0.41685070394345053,3477.195636034012
2170.0,1.1416788670445472,1710850.0,1710852.0,30.0,0.4164857429996512,3477.6694252490997
2171.0,1.1405371881775026,1710806.0,1710807.0,40.0,0.4161207367398677,3478.123706102371
2172.0,1.1393966509893252,1710793.0,1710794.0,23.0,0.4157556854787034,3478.5919060707092
2173.0,1.1382572543383358,1710764.0,1710764.0,24.0,0.4153905895311995,3479.066316127777
2174.0,1.1371189970839974,1710754.0,1710754.0,19.0,0.41502544921283563,3479.540840148926
2175.0,1.1359818780869135,1710739.0,1710739.0,27.0,0.4146602648395289,3479.978845357895
2176.0,1.1348458962088266,1710724.0,1710726.0,29.0,0.4142950367276337,3480.4447412490845
2177.0,1.1337110503126178,1710691.0,1710691.0,26.0,0.4139297651939414,3480.896707057953
2178.0,1.132577339262305,1710677.0,1710685.0,26.0,0.41356445055568014,3481.3846051692963
2179.0,1.1314447619230428,1710658.0,1710658.0,31.0,0.4131990931305142,3481.8234601020813
2180.0,1.1303133171611197,1710639.0,1710642.0,24.0,0.4128336932365437,3482.2856781482697
2181.0,1.1291830038439585,1710609.0,1710611.0,29.0,0.41246825119230446,3482.7292931079865
2182.0,1.1280538208401145,1710596.0,1710596.0,14.0,0.4121027673167674,3483.187071084976
2183.0,1.1269257670192745,1710576.0,1710576.0,22.0,0.4117372419293385,3483.6461210250854
2184.0,1.1257988412522553,1710546.0,1710550.0,19.0,0.41137167534985797,3484.103615999222
2185.0,1.124673042411003,1710540.0,1710540.0,18.0,0.41100606789860006,3484.56334900856
2186.0,1.123548369368592,1710525.0,1710531.0,26.0,0.41064041989627303,3484.99809217453
2187.0,1.1224248209992234,1710511.0,1710513.0,29.0,0.4102747316640184,3485.454046010971
2188.0,1.121302396178224,1710510.0,1710514.0,28.0,0.4099090035234105,3485.8946492671967
2189.0,1.1201810937820458,1710510.0,1710520.0,22.0,0.40954323579645646,3486.3326132297516
2190.0,1.1190609126882638,1710504.0,1710504.0,18.0,0.4091774288055957,3486.776174068451
2191.0,1.1179418517755755,1710502.0,1710507.0,19.0,0.4088115828736993,3487.2353711128235
2192.0,1.1168239099238,1710469.0,1710469.0,26.0,0.40844569832406985,3487.6940281391144
2193.0,1.1157070860138762,1710433.0,1710433.0,24.0,0.40807977548044094,3488.1545872688293
2194.0,1.1145913789278623,1710414.0,1710414.0,27.0,0.407713814666977,3488.6029641628265
2195.0,1.1134767875489344,1710393.0,1710393.0,25.0,0.40734781620827254,3489.0504660606384
2196.0,1.1123633107613855,1710385.0,1710385.0,19.0,0.4069817804293521,3489.5121190547943
2197.0,1.111250947450624,1710379.0,1710388.0,22.0,0.4066157076556697,3489.94868516922
2198.0,1.1101396965031733,1710378.0,1710378.0,22.0,0.40624959821310813,3490.397108078003
2199.0,1.1090295568066701,1710363.0,1710365.0,29.0,0.4058834524279793,3490.8308622837067
2200.0,1.1079205272498636,1710359.0,1710359.0,30.0,0.4055172706270231,3491.2813971042633
2201.0,1.1068126067226136,1710347.0,1710349.0,17.0,0.40515105313740707,3491.717960357666
2202.0,1.105705794115891,1710332.0,1710332.0,20.0,0.40478480028672664,3492.152734041214
2203.0,1.104600088321775,1710322.0,1710325.0,20.0,0.4044185124030039,3492.6156442165375
2204.0,1.1034954882334533,1710313.0,1710318.0,31.0,0.4040521898146876,3493.0559632778168
2205.0,1.10239199274522,1710292.0,1710292.0,34.0,0.4036858328506527,3493.4987971782684
2206.0,1.1012896007524746,1710270.0,1710273.0,20.0,0.4033194418401997,3493.952474117279
2207.0,1.100188311151722,1710261.0,1710270.0,23.0,0.40295301711305465,3494.400295972824
2208.0,1.0990881228405704,1710245.0,1710248.0,28.0,0.40258655899936835,3494.853422164917
2209.0,1.09798903471773,1710230.0,1710230.0,20.0,0.4022200678297159,3495.3068091869354
2210.0,1.096891045683012,1710218.0,1710218.0,24.0,0.40185354393509665,3495.7520570755005
2211.0,1.095794154637329,1710194.0,1710194.0,23.0,0.40148698764693325,3496.2010312080383
2212.0,1.0946983604826919,1710175.0,1710175.0,26.0,0.4011203992970716,3496.6523611545563
2213.0,1.0936036621222092,1710168.0,1710174.0,21.0,0.40075377921778005,3497.101785182953
2214.0,1.0925100584600869,1710151.0,1710151.0,22.0,0.4003871277417494,3497.551309108734
2215.0,1.0914175484016269,1710131.0,1710136.0,21.0,0.40002044520209207,3498.004464149475
2216.0,1.0903261308532253,1710124.0,1710124.0,15.0,0.39965373193234177,3498.4514021873474
2217.0,1.089235804722372,1710092.0,1710093.0,21.0,0.3992869882664529,3498.897434234619
2218.0,1.0881465689176497,1710072.0,1710074.0,25.0,0.39892021453880055,3499.341863155365
2219.0,1.087058422348732,1710064.0,1710075.0,29.0,0.39855341108417947,3499.7870721817017
2220.0,1.0859713639263833,1710064.0,1710068.0,21.0,0.39818657823780373,3500.2241501808167
2221.0,1.0848853925624569,1710058.0,1710060.0,17.0,0.3978197163353066,3500.645800113678
2222.0,1.0838005071698944,1710007.0,1710008.0,26.0,0.39745282571273977,3501.0818960666656
2223.0,1.0827167066627246,1709991.0,1709993.0,30.0,0.3970859067065728,3501.535854101181
2224.0,1.0816339899560619,1709972.0,1709972.0,21.0,0.39671895965369297,3501.9767360687256
2225.0,1.0805523559661059,1709961.0,1709976.0,22.0,0.39635198489140433,3502.4044971466064
2226.0,1.0794718036101398,1709922.0,1709922.0,28.0,0.3959849827574278,3502.8334290981293
2227.0,1.0783923318065296,1709922.0,1709930.0,25.0,0.39561795358989993,3503.2779462337494
2228.0,1.077313939474723,1709912.0,1709912.0,23.0,0.3952508977273734,3503.7007501125336
2229.0,1.0762366255352485,1709898.0,1709901.0,22.0,0.39488381550881546,3504.143099308014
2230.0,1.0751603889097132,1709883.0,1709883.0,17.0,0.39451670727360816,3504.5740790367126
2231.0,1.0740852285208036,1709882.0,1709886.0,10.0,0.39414957336154754,3505.0022740364075
2232.0,1.0730111432922829,1709853.0,1709853.0,26.0,0.3937824141128433,3505.4377999305725
2233.0,1.0719381321489905,1709816.0,1709818.0,21.0,0.39341522986811805,3505.868114233017
2234.0,1.0708661940168416,1709816.0,1709817.0,23.0,0.3930480209684072,3506.303243160248
2235.0,1.0697953278228247,1709784.0,1709786.0,19.0,0.39268078775515775,3506.745885372162
2236.0,1.0687255324950018,1709764.0,1709764.0,27.0,0.3923135305702286,3507.189409017563
2237.0,1.0676568069625068,1709746.0,1709746.0,18.0,0.3919462497558895,3507.6156282424927
2238.0,1.0665891501555442,1709707.0,1709707.0,30.0,0.3915789456548207,3508.0409321784973
2239.0,1.0655225610053887,1709699.0,1709701.0,20.0,0.3912116186101123,3508.497598171234
2240.0,1.0644570384443832,1709692.0,1709695.0,25.0,0.39084426896526386,3508.9169552326202
2241.0,1.0633925814059388,1709663.0,1709663.0,22.0,0.39047689706418387,3509.343420267105
2242.0,1.062329188824533,1709643.0,1709643.0,19.0,0.39010950325118915,3509.77526307106
2243.0,1.0612668596357084,1709636.0,1709637.0,16.0,0.38974208787100423,3510.213881254196
2244.0,1.0602055927760727,1709612.0,1709615.0,31.0,0.389374651268761,3510.640799999237
2245.0,1.0591453871832968,1709603.0,1709604.0,25.0,0.38900719378999793,3511.073136329651
2246.0,1.0580862417961134,1709595.0,1709596.0,20.0,0.3886397157806598,3511.504075050354
2247.0,1.0570281555543173,1709576.0,1709576.0,9.0,0.38827221758709696,3511.925544977188
2248.0,1.0559711273987629,1709556.0,1709563.0,27.0,0.3879046995560647,3512.337573289871
2249.0,1.0549151562713641,1709556.0,1709559.0,30.0,0.3875371620347231,3512.765286207199
2250.0,1.0538602411150928,1709541.0,1709541.0,22.0,0.387169605370636,3513.180707216263
2251.0,1.0528063808739776,1709528.0,1709528.0,10.0,0.3868020299117704,3513.599991083145
2252.0,1.0517535744931037,1709513.0,1709513.0,12.0,0.3864344360064966,3514.023702144623
2253.0,1.0507018209186105,1709503.0,1709505.0,21.0,0.38606682400358666,3514.4389741420746
2254.0,1.0496511190976918,1709484.0,1709484.0,23.0,0.3856991942522146,3514.8685309886932
2255.0,1.0486014679785942,1709470.0,1709470.0,23.0,0.38533154710195555,3515.297154188156
2256.0,1.0475528665106155,1709458.0,1709461.0,15.0,0.3849638829027849,3515.7276260852814
2257.0,1.046505313644105,1709450.0,1709450.0,16.0,0.3845962020050782,3516.1460452079773
2258.0,1.0454588083304608,1709425.0,1709426.0,26.0,0.38422850475961035,3516.568728208542
2259.0,1.0444133495221304,1709409.0,1709411.0,24.0,0.38386079151755476,3517.002793073654
2260.0,1.0433689361726082,1709380.0,1709380.0,24.0,0.3834930626304833,3517.427349090576
2261.0,1.0423255672364355,1709369.0,1709369.0,16.0,0.3831253184503652,3517.8607442379
2262.0,1.041283241669199,1709359.0,1709364.0,24.0,0.38275755932956673,3518.283033132553
2263.0,1.0402419584275298,1709350.0,1709355.0,23.0,0.3823897856208506,3518.684970140457
2264.0,1.0392017164691023,1709350.0,1709353.0,11.0,0.3820219976773752,3519.0977761745453
2265.0,1.0381625147526332,1709322.0,1709327.0,21.0,0.38165419585269406,3519.5089552402496
2266.0,1.0371243522378806,1709319.0,1709319.0,22.0,0.38128638050075536,3519.9291813373566
2267.0,1.0360872278856428,1709315.0,1709316.0,18.0,0.380918551975901,3520.346615076065
2268.0,1.0350511406577572,1709313.0,1709313.0,26.0,0.3805507106328665,3520.7615442276
2269.0,1.0340160895170993,1709295.0,1709295.0,27.0,0.38018285682677977,3521.1771483421326
2270.0,1.0329820734275823,1709271.0,1709271.0,21.0,0.37981499091316095,3521.5931100845337
2271.0,1.0319490913541547,1709259.0,1709259.0,22.0,0.37944711324792163,3521.9987032413483
2272.0,1.0309171422628005,1709252.0,1709254.0,18.0,0.37907922418736417,3522.4199542999268
2273.0,1.0298862251205376,1709249.0,1709251.0,14.0,0.3787113240881811,3522.8302052021027
2274.0,1.028856338895417,1709232.0,1709242.0,26.0,0.3783434133074545,3523.254864215851
2275.0,1.0278274825565217,1709224.0,1709225.0,26.0,0.3779754922026554,3523.676619052887
2276.0,1.026799655073965,1709205.0,1709205.0,25.0,0.37760756113164307,3524.0932080745697
2277.0,1.0257728554188912,1709193.0,1709193.0,12.0,0.37723962045266435,3524.516086101532
2278.0,1.0247470825634724,1709173.0,1709173.0,17.0,0.376871670524353,3524.9305050373077
2279.0,1.0237223354809089,1709149.0,1709149.0,18.0,0.37650371170572916,3525.339541196823
2280.0,1.0226986131454279,1709131.0,1709131.0,16.0,0.3761357443561987,3525.764736175537
2281.0,1.0216759145322825,1709112.0,1709118.0,18.0,0.37576776883555235,3526.174482345581
2282.0,1.0206542386177502,1709101.0,1709101.0,18.0,0.3753997855039653,3526.5983941555023
2283.0,1.0196335843791324,1709087.0,1709092.0,22.0,0.37503179472199627,3527.0028972625732
2284.0,1.0186139507947534,1709061.0,1709061.0,25.0,0.37466379685058704,3527.409192085266
2285.0,1.0175953368439585,1709044.0,1709046.0,20.0,0.37429579225106174,3527.8100910186768
2286.0,1.0165777415071147,1709038.0,1709038.0,16.0,0.3739277812851262,3528.2191112041473
2287.0,1.0155611637656075,1709014.0,1709014.0,24.0,0.3735597643148671,3528.6289422512054
2288.0,1.0145456026018418,1708995.0,1708995.0,16.0,0.3731917417027515,3529.035732984543
2289.0,1.01353105699924,1708973.0,1708973.0,14.0,0.37282371381162593,3529.4517152309418
2290.0,1.0125175259422408,1708946.0,1708946.0,20.0,0.3724556810047161,3529.862701177597
2291.0,1.0115050084162984,1708930.0,1708933.0,23.0,0.3720876436456257,3530.2711522579193
2292.0,1.0104935034078821,1708921.0,1708923.0,20.0,0.3717196020983361,3530.7014462947845
2293.0,1.0094830099044743,1708904.0,1708904.0,21.0,0.3713515567272054,3531.088163137436
2294.0,1.0084735268945697,1708892.0,1708895.0,20.0,0.3709835078969678,3531.5131542682648
2295.0,1.0074650533676752,1708881.0,1708881.0,22.0,0.3706154559727332,3531.9127712249756
2296.0,1.0064575883143076,1708856.0,1708856.0,20.0,0.3702474013199859,3532.3170561790466
2297.0,1.0054511307259932,1708842.0,1708842.0,11.0,0.3698793443045843,3532.7296850681305
2298.0,1.0044456795952672,1708830.0,1708830.0,20.0,0.36951128529276017,3533.1248083114624
2299.0,1.003441233915672,1708817.0,1708817.0,22.0,0.3691432246511178,3533.531845331192
2300.0,1.0024377926817563,1708781.0,1708781.0,27.0,0.36877516274663336,3533.926343202591
2301.0,1.0014353548890744,1708758.0,1708758.0,18.0,0.36840709994665405,3534.3381922245026
2302.0,1.0004339195341854,1708758.0,1708762.0,16.0,0.36803903661889764,3534.7484390735626
2303.0,0.9994334856146512,1708756.0,1708759.0,20.0,0.3676709731314514,3535.1533641815186
2304.0,0.9984340521290366,1708751.0,1708751.0,12.0,0.3673029098527718,3535.5483112335205
2305.0,0.9974356180769075,1708724.0,1708733.0,21.0,0.36693484715168306,3535.95335316658
2306.0,0.9964381824588306,1708705.0,1708707.0,24.0,0.36656678539737725,3536.3559901714325
2307.0,0.9954417442763718,1708697.0,1708701.0,14.0,0.366198724959413,3536.7676112651825
2308.0,0.9944463025320954,1708696.0,1708700.0,19.0,0.365830666207715,3537.1690711975098
2309.0,0.9934518562295633,1708677.0,1708677.0,25.0,0.365462609512573,3537.571029186249
2310.0,0.9924584043733338,1708671.0,1708676.0,16.0,0.36509455524464113,3537.9744992256165
2311.0,0.9914659459689604,1708660.0,1708664.0,20.0,0.36472650377493765,3538.3690571784973
2312.0,0.9904744800229914,1708657.0,1708657.0,13.0,0.36435845547484336,3538.764792203903
2313.0,0.9894840055429684,1708642.0,1708642.0,20.0,0.3639904107161014,3539.176500082016
2314.0,0.9884945215374255,1708636.0,1708640.0,19.0,0.36362236987081614,3539.5827600955963
2315.0,0.9875060270158881,1708627.0,1708627.0,14.0,0.36325433331145296,3539.976781129837
2316.0,0.9865185209888722,1708606.0,1708606.0,14.0,0.36288630141083666,3540.37926030159
2317.0,0.9855320024678833,1708590.0,1708594.0,23.0,0.36251827454215146,3540.781779050827
2318.0,0.9845464704654154,1708569.0,1708573.0,20.0,0.3621502530789396,3541.19726228714
2319.0,0.98356192399495,1708559.0,1708559.0,15.0,0.3617822373951011,3541.6007821559906
2320.0,0.9825783620709551,1708541.0,1708544.0,14.0,0.36141422786489263,3542.004110097885
2321.0,0.9815957837088841,1708528.0,1708528.0,20.0,0.3610462248629266,3542.4056782722473
2322.0,0.9806141879251752,1708507.0,1708507.0,15.0,0.36067822876417094,3542.8097500801086
2323.0,0.97963357373725,1708483.0,1708483.0,19.0,0.3603102399439475,3543.2230541706085
2324.0,0.9786539401635128,1708472.0,1708474.0,20.0,0.3599422587779321,3543.620851993561
2325.0,0.9776752862233493,1708454.0,1708454.0,16.0,0.359574285642153,3544.0252323150635
2326.0,0.9766976109371259,1708441.0,1708444.0,18.0,0.3592063209129903,3544.4238481521606
2327.0,0.9757209133261888,1708441.0,1708447.0,7.0,0.35883836496717564,3544.8305101394653
2328.0,0.9747451924128626,1708429.0,1708429.0,16.0,0.3584704181817906,3545.22953915596
2329.0,0.9737704472204497,1708420.0,1708420.0,18.0,0.35810248093426644,3545.6221191883087
2330.0,0.9727966767732292,1708407.0,1708407.0,13.0,0.3577345536023829,3546.017435312271
2331.0,0.971823880096456,1708400.0,1708400.0,16.0,0.35736663656426776,3546.4251301288605
2332.0,0.9708520562163596,1708384.0,1708384.0,20.0,0.3569987301983957,3546.823387145996
2333.0,0.9698812041601432,1708376.0,1708378.0,10.0,0.3566308348835875,3547.216466188431
2334.0,0.968911322955983,1708346.0,1708347.0,22.0,0.3562629509990095,3547.622430086136
2335.0,0.9679424116330271,1708325.0,1708325.0,22.0,0.35589507892417244,3548.0404002666473
2336.0,0.9669744692213941,1708315.0,1708315.0,16.0,0.35552721903893053,3548.4357903003693
2337.0,0.9660074947521726,1708302.0,1708302.0,14.0,0.3551593717234811,3548.8344719409943
2338.0,0.9650414872574204,1708296.0,1708302.0,20.0,0.3547915373583634,3549.2428290843964
2339.0,0.964076445770163,1708291.0,1708291.0,22.0,0.35442371632445746,3549.651690006256
2340.0,0.9631123693243929,1708269.0,1708271.0,24.0,0.354055909002984,3550.057362318039
2341.0,0.9621492569550685,1708255.0,1708255.0,17.0,0.35368811577550285,3550.458207130432
2342.0,0.9611871076981134,1708227.0,1708227.0,18.0,0.3533203370239126,3550.880079269409
2343.0,0.9602259205904153,1708218.0,1708220.0,18.0,0.3529525731304492,3551.2942950725555
2344.0,0.9592656946698249,1708205.0,1708208.0,24.0,0.3525848244776858,3551.699090242386
2345.0,0.9583064289751551,1708202.0,1708209.0,16.0,0.35221709144853114,3552.1112372875214
2346.0,0.9573481225461798,1708202.0,1708210.0,21.0,0.3518493744262291,3552.5137441158295
2347.0,0.9563907744236336,1708199.0,1708199.0,13.0,0.3514816737943579,3552.9134950637817
2348.0,0.95543438364921,1708183.0,1708183.0,15.0,0.3511139899368288,3553.306035041809
2349.0,0.9544789492655608,1708165.0,1708170.0,24.0,0.35074632323788557,3553.7176830768585
2350.0,0.9535244703162952,1708150.0,1708152.0,18.0,0.35037867408210355,3554.0967030525208
2351.0,0.9525709458459789,1708133.0,1708133.0,13.0,0.3500110428543886,3554.502592086792
2352.0,0.9516183749001329,1708124.0,1708126.0,25.0,0.34964342993997644,3554.908946275711
2353.0,0.9506667565252328,1708112.0,1708112.0,14.0,0.34927583572443127,3555.3198630809784
2354.0,0.9497160897687076,1708100.0,1708101.0,12.0,0.34890826059364566,3555.7347609996796
2355.0,0.9487663736789389,1708085.0,1708085.0,12.0,0.3485407049338388,3556.117266178131
2356.0,0.94781760730526,1708082.0,1708082.0,10.0,0.34817316913155627,3556.519570350647
2357.0,0.9468697896979548,1708055.0,1708055.0,21.0,0.3478056535736686,3556.9263820648193
2358.0,0.9459229199082568,1708044.0,1708044.0,17.0,0.3474381586473707,3557.330633163452
2359.0,0.9449769969883486,1708018.0,1708018.0,15.0,0.3470706847401808,3557.7506511211395
2360.0,0.9440320199913602,1708008.0,1708008.0,15.0,0.34670323223993954,3558.1403551101685
2361.0,0.9430879879713688,1707981.0,1707983.0,25.0,0.3463358015348091,3558.5476841926575
2362.0,0.9421448999833975,1707961.0,1707961.0,21.0,0.34596839301327215,3558.9561841487885
2363.0,0.9412027550834141,1707960.0,1707962.0,16.0,0.34560100706413094,3559.3734159469604
2364.0,0.9402615523283306,1707949.0,1707949.0,11.0,0.3452336440765065,3559.776431322098
2365.0,0.9393212907760023,1707919.0,1707919.0,24.0,0.34486630443983746,3560.1749601364136
2366.0,0.9383819694852263,1707902.0,1707903.0,24.0,0.34449898854387956,3560.5861361026764
2367.0,0.9374435875157411,1707901.0,1707901.0,14.0,0.344131696778704,3560.990565299988
2368.0,0.9365061439282253,1707890.0,1707891.0,23.0,0.34376442953469705,3561.4007561206818
2369.0,0.935569637784297,1707874.0,1707878.0,25.0,0.3433971872025589,3561.8201143741608
2370.0,0.9346340681465127,1707869.0,1707869.0,19.0,0.3430299701733028,3562.226237297058
2371.0,0.9336994340783662,1707852.0,1707852.0,13.0,0.3426627788382538,3562.631736278534
2372.0,0.9327657346442878,1707852.0,1707856.0,15.0,0.34229561358904825,3563.0350861549377
2373.0,0.9318329689096435,1707837.0,1707837.0,20.0,0.34192847481763233,3563.4263331890106
2374.0,0.9309011359407339,1707826.0,1707826.0,15.0,0.3415613629162615,3563.83771109581
2375.0,0.9299702348047931,1707806.0,1707807.0,14.0,0.34119427827749926,3564.2322959899902
2376.0,0.9290402645699883,1707803.0,1707805.0,12.0,0.34082722129421633,3564.641172170639
2377.0,0.9281112243054184,1707793.0,1707793.0,22.0,0.3404601923595894,3565.0373203754425
2378.0,0.9271831130811129,1707775.0,1707775.0,17.0,0.3400931918671006,3565.43950009346
2379.0,0.9262559299680317,1707759.0,1707759.0,19.0,0.339726220210536,3565.8581511974335
2380.0,0.9253296740380638,1707734.0,1707734.0,21.0,0.339359277783985,3566.2561831474304
2381.0,0.9244043443640257,1707713.0,1707713.0,18.0,0.3389923649818392,3566.657501935959
2382.0,0.9234799400196617,1707705.0,1707708.0,18.0,0.3386254821987912,3567.065105199814
2383.0,0.9225564600796421,1707679.0,1707680.0,18.0,0.33825862982983396,3567.4798362255096
2384.0,0.9216339036195624,1707651.0,1707652.0,27.0,0.33789180827025955,3567.8818612098694
2385.0,0.9207122697159429,1707648.0,1707648.0,12.0,0.33752501791565825,3568.2790372371674
2386.0,0.919791557446227,1707638.0,1707641.0,27.0,0.3371582591619174,3568.6839871406555
2387.0,0.9188717658887807,1707617.0,1707619.0,26.0,0.3367915324052205,3569.0857479572296
2388.0,0.9179528941228919,1707615.0,1707615.0,9.0,0.33642483804204604,3569.4884951114655
2389.0,0.917034941228769,1707606.0,1707607.0,12.0,0.33605817646916686,3569.875316143036
2390.0,0.9161179062875403,1707584.0,1707584.0,21.0,0.3356915480836486,3570.278818130493
2391.0,0.9152017883812528,1707578.0,1707578.0,12.0,0.33532495328284895,3570.69318318367
2392.0,0.9142865865928715,1707573.0,1707574.0,16.0,0.3349583924644166,3571.106078147888
2393.0,0.9133723000062787,1707557.0,1707558.0,19.0,0.33459186602629026,3571.515248298645
2394.0,0.9124589277062723,1707545.0,1707549.0,20.0,0.3342253743666973,3571.9284002780914
2395.0,0.911546468778566,1707516.0,1707516.0,20.0,0.3338589178841533,3572.3377401828766
2396.0,0.9106349223097875,1707506.0,1707507.0,21.0,0.33349249697746014,3572.7654752731323
2397.0,0.9097242873874777,1707488.0,1707488.0,21.0,0.3331261120457058,3573.150712251663
2398.0,0.9088145631000902,1707486.0,1707487.0,22.0,0.33275976348826297,3573.5572669506073
2399.0,0.9079057485369901,1707467.0,1707470.0,13.0,0.3323934517047876,3573.9612312316895
2400.0,0.9069978427884532,1707466.0,1707467.0,15.0,0.33202717709521845,3574.371808052063
2401.0,0.9060908449456647,1707457.0,1707457.0,17.0,0.33166094005977587,3574.7718341350555
2402.0,0.9051847541007191,1707442.0,1707444.0,21.0,0.3312947409989603,3575.181410074234
2403.0,0.9042795693466184,1707415.0,1707417.0,20.0,0.3309285803135517,3575.5821912288666
2404.0,0.9033752897772718,1707412.0,1707413.0,22.0,0.3305624584046083,3575.990326166153
2405.0,0.9024719144874945,1707383.0,1707383.0,20.0,0.3301963756734654,3576.3904101848602
2406.0,0.9015694425730071,1707368.0,1707368.0,18.0,0.32983033252173455,3576.7843782901764
2407.0,0.9006678731304341,1707363.0,1707363.0,19.0,0.329464329351302,3577.183258295059
2408.0,0.8997672052573036,1707345.0,1707345.0,17.0,0.3290983665643281,3577.588462114334
2409.0,0.8988674380520463,1707335.0,1707335.0,21.0,0.32873244456324613,3577.992854118347
2410.0,0.8979685706139943,1707312.0,1707312.0,16.0,0.32836656375076084,3578.396718263626
2411.0,0.8970706020433803,1707295.0,1707296.0,20.0,0.32800072452984763,3578.817340373993
2412.0,0.8961735314413369,1707284.0,1707284.0,13.0,0.32763492730375154,3579.209316253662
2413.0,0.8952773579098956,1707263.0,1707263.0,10.0,0.3272691724759856,3579.611265182495
2414.0,0.8943820805519856,1707246.0,1707246.0,18.0,0.32690346045033053,3580.0131571292877
2415.0,0.8934876984714336,1707232.0,1707232.0,14.0,0.326537791630833,3580.426450252533
2416.0,0.8925942107729622,1707214.0,1707216.0,23.0,0.32617216642180485,3580.817505121231
2417.0,0.8917016165621893,1707206.0,1707206.0,22.0,0.32580658522782147,3581.2314281463623
2418.0,0.8908099149456271,1707190.0,1707190.0,14.0,0.32544104845372146,3581.629094362259
2419.0,0.8899191050306815,1707175.0,1707175.0,20.0,0.3250755565046046,3582.039495229721
2420.0,0.8890291859256508,1707163.0,1707164.0,19.0,0.32471010978583154,3582.4516050815582
2421.0,0.8881401567397251,1707143.0,1707144.0,14.0,0.3243447087030221,3582.8618261814117
2422.0,0.8872520165829854,1707133.0,1707134.0,12.0,0.32397935366205444,3583.256370306015
2423.0,0.8863647645664023,1707123.0,1707123.0,21.0,0.3236140450690637,3583.641680240631
2424.0,0.885478399801836,1707111.0,1707113.0,13.0,0.3232487833304409,3584.04727602005
2425.0,0.8845929214020342,1707105.0,1707107.0,15.0,0.32288356885283187,3584.4459471702576
2426.0,0.8837083284806321,1707089.0,1707097.0,15.0,0.32251840204313603,3584.8483180999756
2427.0,0.8828246201521515,1707074.0,1707074.0,18.0,0.3221532833085053,3585.2479979991913
2428.0,0.8819417955319994,1707063.0,1707067.0,18.0,0.3217882130563428,3585.6334133148193
2429.0,0.8810598537364673,1707048.0,1707048.0,14.0,0.3214231916943019,3586.0256912708282
2430.0,0.8801787938827309,1707026.0,1707027.0,15.0,0.32105821963028464,3586.4478600025177
2431.0,0.8792986150888482,1707009.0,1707010.0,17.0,0.32069329727244117,3586.8515651226044
2432.0,0.8784193164737594,1707000.0,1707000.0,15.0,0.3203284250291679,3587.25834608078
2433.0,0.8775408971572856,1706992.0,1706992.0,17.0,0.31996360330910684,3587.655497074127
2434.0,0.8766633562601283,1706984.0,1706988.0,19.0,0.31959883252114424,3588.05194234848
2435.0,0.8757866929038681,1706978.0,1706979.0,14.0,0.3192341130744092,3588.4590861797333
2436.0,0.8749109062109642,1706965.0,1706967.0,12.0,0.31886944537827283,3588.856005191803
2437.0,0.8740359953047533,1706933.0,1706933.0,20.0,0.31850482984234674,3589.269453048706
2438.0,0.8731619593094485,1706928.0,1706930.0,9.0,0.31814026687648206,3589.665992975235
2439.0,0.8722887973501391,1706921.0,1706921.0,19.0,0.3177757568907682,3590.0700421333313
2440.0,0.871416508552789,1706917.0,1706920.0,13.0,0.3174113002955315,3590.471343278885
2441.0,0.8705450920442361,1706905.0,1706907.0,15.0,0.31704689750133397,3590.8762171268463
2442.0,0.8696745469521919,1706903.0,1706911.0,13.0,0.31668254891897263,3591.2824652194977
2443.0,0.8688048724052397,1706895.0,1706896.0,17.0,0.31631825495947746,3591.6880111694336
2444.0,0.8679360675328345,1706894.0,1706897.0,12.0,0.3159540160341109,3592.0865621566772
2445.0,0.8670681314653016,1706888.0,1706888.0,13.0,0.3155898325543661,3592.492594242096
2446.0,0.8662010633338363,1706876.0,1706878.0,17.0,0.3152257049319661,3592.908492088318
2447.0,0.8653348622705025,1706868.0,1706869.0,10.0,0.3148616335788624,3593.3025500774384
2448.0,0.864469527408232,1706862.0,1706862.0,13.0,0.31449761890723354,3593.7081282138824
2449.0,0.8636050578808238,1706857.0,1706860.0,16.0,0.31413366132948417,3594.113753080368
2450.0,0.8627414528229429,1706854.0,1706855.0,12.0,0.3137697612582438,3594.511820077896
2451.0,0.86187871137012,1706842.0,1706842.0,15.0,0.3134059191063654,3594.9157843589783
2452.0,0.8610168326587498,1706811.0,1706812.0,25.0,0.313042135286924,3595.3309092521667
2453.0,0.8601558158260911,1706798.0,1706799.0,15.0,0.31267841021321596,3595.747439146042
2454.0,0.859295660010265,1706784.0,1706786.0,15.0,0.3123147442987571,3596.150204181671
2455.0,0.8584363643502547,1706772.0,1706772.0,13.0,0.31195113795728185,3596.563814163208
2456.0,0.8575779279859045,1706753.0,1706753.0,15.0,0.311587591602742,3596.947853088379
2457.0,0.8567203500579186,1706742.0,1706742.0,14.0,0.31122410564930497,3597.3451342582703
2458.0,0.8558636297078607,1706726.0,1706726.0,18.0,0.3108606805113531,3597.746555328369
2459.0,0.8550077660781528,1706721.0,1706721.0,14.0,0.3104973166034822,3598.147420167923
2460.0,0.8541527583120746,1706701.0,1706707.0,15.0,0.3101340143404999,3598.5545201301575
2461.0,0.8532986055537626,1706693.0,1706693.0,12.0,0.30977077413742515,3598.956654071808
2462.0,0.8524453069482089,1706671.0,1706671.0,19.0,0.3094075964094859,3599.360711336136
2463.0,0.8515928616412607,1706658.0,1706659.0,22.0,0.3090444815721187,3599.7624881267548
